City,YEAR,MO,DY,ALLSKY_SFC_SW_DWN,T2M,RH2M,WS10M
Bengaluru,2018,1,1,5.6362,19.98,73.07,1.48
Bengaluru,2018,1,2,5.4194,20.0,74.26,2.03
Bengaluru,2018,1,3,4.6123,20.18,73.81,2.1
Bengaluru,2018,1,4,4.639,19.48,75.11,2.93
Bengaluru,2018,1,5,5.1734,18.11,71.16,2.93
Bengaluru,2018,1,6,5.0076,17.38,68.3,2.45
Bengaluru,2018,1,7,4.8437,17.64,64.28,2.53
Bengaluru,2018,1,8,5.5334,17.29,69.5,3.4
Bengaluru,2018,1,9,5.0246,19.01,75.96,3.71
Bengaluru,2018,1,10,4.3277,20.94,79.14,4.3
Bengaluru,2018,1,11,4.5374,22.02,78.5,3.45
Bengaluru,2018,1,12,4.0418,21.99,72.87,3.51
Bengaluru,2018,1,13,5.6566,20.57,71.2,3.13
Bengaluru,2018,1,14,6.0763,20.2,69.15,3.48
Bengaluru,2018,1,15,5.9086,21.11,68.7,3.62
Bengaluru,2018,1,16,4.5658,21.05,70.8,2.55
Bengaluru,2018,1,17,4.8458,20.06,67.42,3.08
Bengaluru,2018,1,18,6.1296,18.84,65.43,3.61
Bengaluru,2018,1,19,5.9789,18.35,66.76,3.34
Bengaluru,2018,1,20,6.0948,18.61,65.27,2.62
Bengaluru,2018,1,21,6.0214,18.84,64.87,3.21
Bengaluru,2018,1,22,5.9782,19.52,64.24,2.38
Bengaluru,2018,1,23,5.6095,20.62,69.62,2.05
Bengaluru,2018,1,24,4.5401,21.1,67.84,2.32
Bengaluru,2018,1,25,5.1343,20.44,57.04,2.79
Bengaluru,2018,1,26,5.6323,19.99,61.9,2.67
Bengaluru,2018,1,27,5.2954,20.24,66.14,2.36
Bengaluru,2018,1,28,5.4864,20.22,61.98,2.93
Bengaluru,2018,1,29,6.0732,20.11,62.19,3.72
Bengaluru,2018,1,30,6.1774,19.96,61.9,3.62
Bengaluru,2018,1,31,6.5335,19.81,57.64,3.44
Bengaluru,2018,2,1,6.7483,19.9,46.39,3.46
Bengaluru,2018,2,2,6.6199,20.0,47.66,3.22
Bengaluru,2018,2,3,6.7006,19.38,51.82,3.64
Bengaluru,2018,2,4,6.7567,18.78,55.39,3.28
Bengaluru,2018,2,5,6.6626,20.58,53.72,3.28
Bengaluru,2018,2,6,6.0965,22.64,62.7,2.77
Bengaluru,2018,2,7,4.0846,21.61,80.01,2.58
Bengaluru,2018,2,8,4.6454,22.2,62.74,1.57
Bengaluru,2018,2,9,5.2927,22.77,68.79,1.61
Bengaluru,2018,2,10,5.3482,22.02,67.04,2.71
Bengaluru,2018,2,11,6.0768,22.62,64.12,3.81
Bengaluru,2018,2,12,5.7538,22.73,62.15,3.53
Bengaluru,2018,2,13,5.783,21.96,63.46,3.35
Bengaluru,2018,2,14,6.3612,22.05,61.38,4.44
Bengaluru,2018,2,15,6.427,19.99,65.49,4.05
Bengaluru,2018,2,16,6.8153,21.28,55.86,3.47
Bengaluru,2018,2,17,6.6946,21.84,56.16,2.83
Bengaluru,2018,2,18,6.8345,22.13,53.24,3.23
Bengaluru,2018,2,19,6.9158,21.97,53.98,3.17
Bengaluru,2018,2,20,6.8352,22.39,56.38,3.64
Bengaluru,2018,2,21,6.9533,22.12,52.06,4.26
Bengaluru,2018,2,22,6.9578,22.62,47.27,3.64
Bengaluru,2018,2,23,7.1436,22.1,47.27,4.12
Bengaluru,2018,2,24,7.2881,21.67,48.04,3.79
Bengaluru,2018,2,25,7.3164,22.5,50.8,4.05
Bengaluru,2018,2,26,7.369,22.87,42.32,3.48
Bengaluru,2018,2,27,7.2482,23.05,40.36,4.48
Bengaluru,2018,2,28,7.1285,23.69,32.5,4.61
Bengaluru,2018,3,1,7.3807,23.37,38.11,4.07
Bengaluru,2018,3,2,7.4117,23.95,34.72,4.36
Bengaluru,2018,3,3,7.4664,24.29,29.88,3.49
Bengaluru,2018,3,4,7.4462,24.27,29.78,3.75
Bengaluru,2018,3,5,7.2516,24.46,28.28,3.95
Bengaluru,2018,3,6,7.5955,24.5,32.64,3.68
Bengaluru,2018,3,7,7.4323,24.63,36.14,4.11
Bengaluru,2018,3,8,7.2137,25.12,33.59,4.28
Bengaluru,2018,3,9,6.8894,25.48,36.34,4.17
Bengaluru,2018,3,10,6.2244,25.87,38.2,4.4
Bengaluru,2018,3,11,7.0039,25.74,39.51,5.07
Bengaluru,2018,3,12,6.8938,25.48,44.21,5.33
Bengaluru,2018,3,13,5.8973,25.5,55.99,4.96
Bengaluru,2018,3,14,5.4331,25.5,55.75,4.05
Bengaluru,2018,3,15,5.6172,25.47,56.87,1.82
Bengaluru,2018,3,16,4.9416,25.06,67.08,1.34
Bengaluru,2018,3,17,5.0686,24.81,67.49,2.64
Bengaluru,2018,3,18,5.453,24.61,66.79,2.64
Bengaluru,2018,3,19,6.9468,25.2,53.76,3.98
Bengaluru,2018,3,20,7.2905,25.7,47.74,3.53
Bengaluru,2018,3,21,6.9749,26.14,48.21,2.01
Bengaluru,2018,3,22,6.0854,27.52,47.38,2.27
Bengaluru,2018,3,23,6.7411,27.68,40.02,3.42
Bengaluru,2018,3,24,5.8327,27.94,45.99,3.54
Bengaluru,2018,3,25,6.479,27.99,42.85,4.84
Bengaluru,2018,3,26,6.4428,27.48,38.43,4.51
Bengaluru,2018,3,27,6.7939,27.7,36.82,2.55
Bengaluru,2018,3,28,6.4843,28.67,45.66,2.37
Bengaluru,2018,3,29,5.9122,28.7,43.57,1.62
Bengaluru,2018,3,30,5.8678,29.18,44.51,1.8
Bengaluru,2018,3,31,6.3432,27.37,54.25,2.62
Bengaluru,2018,4,1,6.413,28.54,47.31,2.49
Bengaluru,2018,4,2,6.0852,28.45,46.97,3.66
Bengaluru,2018,4,3,6.2162,28.83,44.32,3.31
Bengaluru,2018,4,4,6.7747,28.76,42.24,3.98
Bengaluru,2018,4,5,7.068,27.88,46.54,4.47
Bengaluru,2018,4,6,6.7661,27.24,43.98,3.23
Bengaluru,2018,4,7,6.677,28.27,42.38,3.96
Bengaluru,2018,4,8,7.2739,27.71,48.48,4.85
Bengaluru,2018,4,9,7.1909,27.59,48.21,4.4
Bengaluru,2018,4,10,7.3282,28.07,47.09,4.23
Bengaluru,2018,4,11,6.6528,28.42,48.24,2.77
Bengaluru,2018,4,12,6.631,29.18,47.71,3.72
Bengaluru,2018,4,13,6.5686,29.05,47.7,4.07
Bengaluru,2018,4,14,6.9614,29.82,45.86,3.97
Bengaluru,2018,4,15,6.1963,29.82,49.53,4.5
Bengaluru,2018,4,16,5.9395,30.18,46.64,3.58
Bengaluru,2018,4,17,6.7642,30.16,44.6,4.09
Bengaluru,2018,4,18,6.5134,30.42,39.46,3.67
Bengaluru,2018,4,19,5.8154,29.69,44.83,2.48
Bengaluru,2018,4,20,6.0216,28.74,48.25,2.6
Bengaluru,2018,4,21,6.1927,28.12,57.28,2.29
Bengaluru,2018,4,22,6.2333,28.72,54.28,3.19
Bengaluru,2018,4,23,6.6077,28.66,56.21,2.49
Bengaluru,2018,4,24,6.2566,28.3,50.88,2.32
Bengaluru,2018,4,25,6.7723,28.19,56.17,2.46
Bengaluru,2018,4,26,6.3451,28.53,53.52,2.65
Bengaluru,2018,4,27,6.7692,28.33,51.97,3.75
Bengaluru,2018,4,28,6.7598,28.73,51.78,4.03
Bengaluru,2018,4,29,6.5755,30.44,44.33,2.28
Bengaluru,2018,4,30,6.4308,29.48,50.63,3.44
Bengaluru,2018,5,1,5.4482,28.7,59.75,2.62
Bengaluru,2018,5,2,5.9683,28.58,59.96,2.3
Bengaluru,2018,5,3,5.7612,28.42,61.41,2.72
Bengaluru,2018,5,4,6.4874,26.69,66.49,3.12
Bengaluru,2018,5,5,6.5789,27.15,59.41,3.37
Bengaluru,2018,5,6,6.1476,27.78,58.69,3.3
Bengaluru,2018,5,7,6.3799,27.79,61.24,3.32
Bengaluru,2018,5,8,5.5078,26.59,65.77,2.92
Bengaluru,2018,5,9,5.237,25.2,70.73,2.87
Bengaluru,2018,5,10,6.4061,25.65,68.37,1.91
Bengaluru,2018,5,11,6.823,25.83,72.99,2.12
Bengaluru,2018,5,12,6.6586,26.13,70.97,1.94
Bengaluru,2018,5,13,6.2136,26.31,68.36,1.93
Bengaluru,2018,5,14,5.8987,23.97,76.81,2.11
Bengaluru,2018,5,15,6.5714,25.28,63.8,2.77
Bengaluru,2018,5,16,6.4356,26.08,62.31,1.96
Bengaluru,2018,5,17,5.945,26.78,65.0,1.81
Bengaluru,2018,5,18,5.1233,25.43,73.14,2.88
Bengaluru,2018,5,19,5.8574,26.77,66.72,1.95
Bengaluru,2018,5,20,6.1488,26.61,69.62,2.52
Bengaluru,2018,5,21,5.9426,26.33,68.48,2.06
Bengaluru,2018,5,22,6.1354,26.23,69.7,2.45
Bengaluru,2018,5,23,5.4365,27.64,61.35,1.65
Bengaluru,2018,5,24,5.9117,26.68,68.51,3.2
Bengaluru,2018,5,25,3.515,25.62,75.11,3.18
Bengaluru,2018,5,26,5.1142,25.86,72.9,2.89
Bengaluru,2018,5,27,5.9688,25.65,73.88,3.53
Bengaluru,2018,5,28,6.5078,26.11,71.66,2.02
Bengaluru,2018,5,29,6.5388,26.12,72.09,4.5
Bengaluru,2018,5,30,5.3407,25.63,78.73,3.32
Bengaluru,2018,5,31,5.6482,25.95,78.29,2.24
Bengaluru,2018,6,1,4.9416,24.99,81.1,2.01
Bengaluru,2018,6,2,4.8353,25.28,74.37,1.58
Bengaluru,2018,6,3,5.3561,24.01,82.92,3.08
Bengaluru,2018,6,4,5.257,23.81,82.82,2.98
Bengaluru,2018,6,5,5.8022,24.91,72.43,4.4
Bengaluru,2018,6,6,6.1202,25.06,70.47,5.14
Bengaluru,2018,6,7,4.9476,23.6,79.4,6.85
Bengaluru,2018,6,8,3.0746,23.42,77.87,8.34
Bengaluru,2018,6,9,3.4718,23.29,76.37,9.18
Bengaluru,2018,6,10,4.2787,24.24,77.86,7.98
Bengaluru,2018,6,11,3.8957,24.64,79.27,7.67
Bengaluru,2018,6,12,4.4926,24.65,78.68,7.22
Bengaluru,2018,6,13,4.7364,24.66,78.4,6.81
Bengaluru,2018,6,14,3.678,24.46,70.04,5.89
Bengaluru,2018,6,15,5.7634,24.46,69.1,5.07
Bengaluru,2018,6,16,6.0929,23.55,63.8,5.92
Bengaluru,2018,6,17,5.3717,23.22,67.28,6.08
Bengaluru,2018,6,18,6.0586,23.15,72.61,6.38
Bengaluru,2018,6,19,5.7286,23.91,77.62,6.63
Bengaluru,2018,6,20,5.2886,23.95,77.89,6.49
Bengaluru,2018,6,21,4.9968,24.09,75.01,6.04
Bengaluru,2018,6,22,4.5401,23.4,74.32,5.78
Bengaluru,2018,6,23,4.771,23.39,77.34,5.07
Bengaluru,2018,6,24,5.2637,23.21,72.03,5.75
Bengaluru,2018,6,25,5.0242,22.89,70.68,5.92
Bengaluru,2018,6,26,5.0102,23.17,74.39,6.85
Bengaluru,2018,6,27,3.6053,23.52,78.46,6.53
Bengaluru,2018,6,28,4.2362,23.44,77.71,5.95
Bengaluru,2018,6,29,4.855,23.65,73.2,4.74
Bengaluru,2018,6,30,5.8025,23.83,66.08,4.13
Bengaluru,2018,7,1,5.5598,24.26,68.32,3.53
Bengaluru,2018,7,2,6.0142,23.7,73.49,4.87
Bengaluru,2018,7,3,5.4682,22.72,77.81,4.26
Bengaluru,2018,7,4,5.5802,24.05,72.97,5.41
Bengaluru,2018,7,5,6.6924,24.19,71.0,6.31
Bengaluru,2018,7,6,4.2382,23.52,76.58,6.04
Bengaluru,2018,7,7,3.1032,22.91,78.98,5.74
Bengaluru,2018,7,8,3.3118,23.33,75.7,6.46
Bengaluru,2018,7,9,4.6138,23.76,75.52,6.25
Bengaluru,2018,7,10,3.9382,23.26,73.86,6.43
Bengaluru,2018,7,11,3.7656,23.05,79.96,7.63
Bengaluru,2018,7,12,4.1059,23.79,75.65,8.52
Bengaluru,2018,7,13,4.0502,23.02,79.41,7.29
Bengaluru,2018,7,14,3.967,23.41,79.0,7.45
Bengaluru,2018,7,15,4.5593,24.05,74.59,8.36
Bengaluru,2018,7,16,4.0512,22.78,77.77,8.56
Bengaluru,2018,7,17,4.1897,23.7,74.1,8.75
Bengaluru,2018,7,18,4.7995,23.76,75.14,7.35
Bengaluru,2018,7,19,3.4128,24.58,74.64,7.09
Bengaluru,2018,7,20,3.9658,24.17,74.61,7.95
Bengaluru,2018,7,21,3.4495,23.91,75.11,7.54
Bengaluru,2018,7,22,4.5924,24.76,70.41,7.46
Bengaluru,2018,7,23,4.1155,24.49,73.7,6.88
Bengaluru,2018,7,24,4.3498,23.98,76.85,6.3
Bengaluru,2018,7,25,4.5358,24.45,74.43,6.1
Bengaluru,2018,7,26,4.2485,24.85,72.1,5.83
Bengaluru,2018,7,27,4.0718,24.49,72.47,6.21
Bengaluru,2018,7,28,4.1717,24.58,73.18,5.75
Bengaluru,2018,7,29,4.0262,24.43,74.29,5.37
Bengaluru,2018,7,30,4.6793,24.27,74.92,5.21
Bengaluru,2018,7,31,3.947,23.33,79.31,5.91
Bengaluru,2018,8,1,4.4899,23.59,76.81,5.85
Bengaluru,2018,8,2,5.022,24.04,73.62,5.48
Bengaluru,2018,8,3,4.3212,23.42,72.98,5.97
Bengaluru,2018,8,4,4.7198,23.22,75.12,5.87
Bengaluru,2018,8,5,4.7098,24.21,71.19,6.37
Bengaluru,2018,8,6,5.2678,23.9,71.98,7.45
Bengaluru,2018,8,7,3.8006,22.86,75.97,7.43
Bengaluru,2018,8,8,4.321,23.63,75.63,6.87
Bengaluru,2018,8,9,5.0189,23.81,73.59,6.68
Bengaluru,2018,8,10,3.9293,22.83,78.16,5.86
Bengaluru,2018,8,11,2.8817,23.45,74.99,7.79
Bengaluru,2018,8,12,3.4003,22.24,78.69,7.63
Bengaluru,2018,8,13,3.7553,22.97,71.62,8.56
Bengaluru,2018,8,14,3.5657,22.57,81.91,7.55
Bengaluru,2018,8,15,3.6158,23.29,83.4,6.89
Bengaluru,2018,8,16,3.3806,23.46,76.91,8.89
Bengaluru,2018,8,17,4.0334,24.51,71.87,8.94
Bengaluru,2018,8,18,4.0846,24.07,72.26,7.74
Bengaluru,2018,8,19,3.5366,24.59,69.7,7.49
Bengaluru,2018,8,20,4.3541,23.87,71.55,7.58
Bengaluru,2018,8,21,4.999,24.46,69.62,6.89
Bengaluru,2018,8,22,5.1019,24.15,69.13,6.01
Bengaluru,2018,8,23,4.8758,24.41,71.71,5.56
Bengaluru,2018,8,24,4.8149,23.73,75.28,5.2
Bengaluru,2018,8,25,4.9306,23.62,75.23,4.71
Bengaluru,2018,8,26,4.5958,24.03,72.47,5.34
Bengaluru,2018,8,27,3.3838,23.82,73.01,5.98
Bengaluru,2018,8,28,4.7146,23.69,73.34,5.3
Bengaluru,2018,8,29,4.3702,23.96,72.7,5.06
Bengaluru,2018,8,30,4.9301,24.49,72.65,5.06
Bengaluru,2018,8,31,5.1845,24.46,71.66,5.31
Bengaluru,2018,9,1,5.4478,23.91,72.74,3.71
Bengaluru,2018,9,2,5.3474,24.95,66.87,4.33
Bengaluru,2018,9,3,7.0262,23.22,69.67,3.67
Bengaluru,2018,9,4,7.2401,24.93,65.54,3.93
Bengaluru,2018,9,5,6.2153,24.05,67.84,4.4
Bengaluru,2018,9,6,5.7614,24.44,66.49,5.19
Bengaluru,2018,9,7,5.76,24.33,66.33,5.22
Bengaluru,2018,9,8,6.3974,24.73,65.75,4.58
Bengaluru,2018,9,9,6.5568,25.37,66.03,2.09
Bengaluru,2018,9,10,4.2362,24.91,69.43,1.88
Bengaluru,2018,9,11,5.8572,25.98,68.42,1.56
Bengaluru,2018,9,12,6.2635,24.05,75.29,2.55
Bengaluru,2018,9,13,5.4698,25.91,62.4,2.05
Bengaluru,2018,9,14,5.959,25.77,63.7,1.5
Bengaluru,2018,9,15,5.5548,24.67,74.0,2.07
Bengaluru,2018,9,16,5.4826,23.88,80.16,2.88
Bengaluru,2018,9,17,5.1017,23.21,79.95,4.31
Bengaluru,2018,9,18,6.0355,23.66,75.89,4.25
Bengaluru,2018,9,19,4.8358,22.71,73.37,4.97
Bengaluru,2018,9,20,5.8949,22.96,76.54,3.78
Bengaluru,2018,9,21,5.4012,23.09,78.94,3.74
Bengaluru,2018,9,22,6.6199,23.84,67.34,3.07
Bengaluru,2018,9,23,5.256,24.19,75.87,1.48
Bengaluru,2018,9,24,5.4053,23.46,82.35,1.8
Bengaluru,2018,9,25,5.9227,24.35,77.37,1.49
Bengaluru,2018,9,26,5.5807,24.22,79.58,2.56
Bengaluru,2018,9,27,5.0897,24.59,75.41,2.43
Bengaluru,2018,9,28,5.3191,24.33,78.52,2.65
Bengaluru,2018,9,29,5.3138,24.83,74.97,3.26
Bengaluru,2018,9,30,6.168,25.49,72.01,3.11
Bengaluru,2018,10,1,6.3941,25.23,72.35,3.87
Bengaluru,2018,10,2,5.8838,25.07,71.94,3.21
Bengaluru,2018,10,3,6.1577,24.39,75.13,3.08
Bengaluru,2018,10,4,2.8375,23.2,79.07,3.91
Bengaluru,2018,10,5,3.7452,22.72,82.44,4.52
Bengaluru,2018,10,6,3.3917,23.09,82.04,4.34
Bengaluru,2018,10,7,6.3317,23.9,76.06,3.04
Bengaluru,2018,10,8,5.2344,24.36,70.86,2.55
Bengaluru,2018,10,9,5.329,23.59,73.44,2.21
Bengaluru,2018,10,10,5.7612,23.28,62.06,3.45
Bengaluru,2018,10,11,5.8375,24.08,50.49,2.61
Bengaluru,2018,10,12,5.8747,24.14,66.05,2.67
Bengaluru,2018,10,13,5.8375,25.29,59.17,1.09
Bengaluru,2018,10,14,4.3368,24.53,74.67,1.33
Bengaluru,2018,10,15,4.6176,23.98,79.33,1.88
Bengaluru,2018,10,16,4.8437,23.61,79.63,2.23
Bengaluru,2018,10,17,5.1281,22.26,83.48,2.04
Bengaluru,2018,10,18,5.1994,22.49,78.33,1.22
Bengaluru,2018,10,19,4.3987,23.25,76.3,2.23
Bengaluru,2018,10,20,5.7953,23.01,65.69,2.89
Bengaluru,2018,10,21,4.4678,23.55,68.88,2.85
Bengaluru,2018,10,22,6.4769,22.68,61.35,3.35
Bengaluru,2018,10,23,6.0938,22.87,61.66,3.26
Bengaluru,2018,10,24,6.4013,22.59,64.41,3.51
Bengaluru,2018,10,25,5.724,22.83,64.74,4.29
Bengaluru,2018,10,26,5.8932,23.14,66.57,4.38
Bengaluru,2018,10,27,6.2885,22.76,61.97,4.01
Bengaluru,2018,10,28,6.457,21.98,60.78,4.41
Bengaluru,2018,10,29,6.3142,21.74,49.63,3.73
Bengaluru,2018,10,30,6.4087,22.37,52.88,3.27
Bengaluru,2018,10,31,5.5445,23.83,69.78,3.92
Bengaluru,2018,11,1,4.2883,24.09,73.04,3.91
Bengaluru,2018,11,2,3.9396,23.15,77.86,4.04
Bengaluru,2018,11,3,3.7205,23.5,76.73,4.43
Bengaluru,2018,11,4,4.7827,23.91,72.03,4.42
Bengaluru,2018,11,5,6.0058,24.39,65.66,4.46
Bengaluru,2018,11,6,5.2246,22.87,68.37,3.35
Bengaluru,2018,11,7,5.9035,22.57,58.65,3.88
Bengaluru,2018,11,8,4.9493,22.51,59.15,3.63
Bengaluru,2018,11,9,6.0799,23.31,62.15,3.82
Bengaluru,2018,11,10,6.0466,22.85,61.87,3.13
Bengaluru,2018,11,11,5.5546,22.56,60.55,3.01
Bengaluru,2018,11,12,5.1691,22.17,52.5,3.15
Bengaluru,2018,11,13,5.6292,21.75,40.71,2.68
Bengaluru,2018,11,14,6.3103,21.98,37.35,2.64
Bengaluru,2018,11,15,4.6843,22.24,61.92,4.39
Bengaluru,2018,11,16,2.9585,22.9,78.38,5.29
Bengaluru,2018,11,17,5.369,24.09,71.72,3.17
Bengaluru,2018,11,18,4.7995,24.72,70.78,3.06
Bengaluru,2018,11,19,4.4676,25.16,66.15,3.72
Bengaluru,2018,11,20,5.3782,24.08,66.14,4.37
Bengaluru,2018,11,21,3.2318,21.32,78.8,5.03
Bengaluru,2018,11,22,1.9723,21.72,81.47,5.03
Bengaluru,2018,11,23,2.5858,22.68,81.55,3.99
Bengaluru,2018,11,24,4.2754,23.58,70.01,3.43
Bengaluru,2018,11,25,4.3306,23.5,67.52,3.03
Bengaluru,2018,11,26,4.9992,22.22,64.59,3.4
Bengaluru,2018,11,27,5.7166,20.43,63.92,3.52
Bengaluru,2018,11,28,5.8183,21.0,67.27,3.97
Bengaluru,2018,11,29,3.5244,22.45,71.51,3.78
Bengaluru,2018,11,30,4.8938,22.78,67.0,3.24
Bengaluru,2018,12,1,4.9046,22.0,64.51,3.32
Bengaluru,2018,12,2,5.7739,21.66,65.63,3.43
Bengaluru,2018,12,3,4.6586,22.72,65.92,3.88
Bengaluru,2018,12,4,2.9578,21.18,82.9,2.93
Bengaluru,2018,12,5,4.5079,23.11,76.96,1.86
Bengaluru,2018,12,6,4.6361,24.41,66.24,3.37
Bengaluru,2018,12,7,4.4266,23.73,65.33,3.86
Bengaluru,2018,12,8,4.7419,23.43,67.43,4.18
Bengaluru,2018,12,9,5.3465,23.18,63.51,3.71
Bengaluru,2018,12,10,4.6375,23.51,63.67,2.29
Bengaluru,2018,12,11,4.2948,23.26,62.18,2.65
Bengaluru,2018,12,12,4.3666,23.6,61.74,2.0
Bengaluru,2018,12,13,3.6838,23.47,62.48,2.6
Bengaluru,2018,12,14,4.9058,23.17,57.02,3.87
Bengaluru,2018,12,15,5.0981,21.94,62.83,5.19
Bengaluru,2018,12,16,4.002,20.43,62.34,4.45
Bengaluru,2018,12,17,4.0342,21.07,53.66,3.77
Bengaluru,2018,12,18,5.6354,20.96,41.97,3.27
Bengaluru,2018,12,19,4.1702,19.26,62.05,2.32
Bengaluru,2018,12,20,4.8859,21.6,60.99,2.62
Bengaluru,2018,12,21,4.4045,23.34,61.32,2.44
Bengaluru,2018,12,22,4.5655,23.87,61.12,3.52
Bengaluru,2018,12,23,4.003,24.33,63.69,4.09
Bengaluru,2018,12,24,4.2362,24.54,59.08,3.58
Bengaluru,2018,12,25,5.1103,24.17,56.54,3.32
Bengaluru,2018,12,26,5.5039,23.86,54.42,2.4
Bengaluru,2018,12,27,4.5962,23.88,54.58,2.64
Bengaluru,2018,12,28,4.1266,22.97,57.72,2.34
Bengaluru,2018,12,29,3.5983,22.65,56.31,3.84
Bengaluru,2018,12,30,4.1731,20.91,57.29,4.08
Bengaluru,2018,12,31,5.3292,20.9,52.87,3.87
Bengaluru,2019,1,1,6.0528,19.39,47.59,3.79
Bengaluru,2019,1,2,6.0701,19.22,49.99,4.26
Bengaluru,2019,1,3,6.012,19.63,49.04,4.09
Bengaluru,2019,1,4,6.0348,19.57,51.83,4.66
Bengaluru,2019,1,5,6.1406,19.89,52.66,3.56
Bengaluru,2019,1,6,5.8553,20.9,52.72,3.16
Bengaluru,2019,1,7,5.9726,21.08,51.33,3.56
Bengaluru,2019,1,8,5.9674,21.1,45.71,3.38
Bengaluru,2019,1,9,6.0674,21.1,45.27,3.51
Bengaluru,2019,1,10,6.036,21.26,49.96,3.46
Bengaluru,2019,1,11,5.9666,21.44,51.42,2.82
Bengaluru,2019,1,12,5.2538,21.56,53.2,3.41
Bengaluru,2019,1,13,5.8834,21.27,46.41,3.03
Bengaluru,2019,1,14,5.8483,20.96,46.86,3.41
Bengaluru,2019,1,15,5.4348,20.81,40.55,4.11
Bengaluru,2019,1,16,6.1013,21.07,49.88,3.85
Bengaluru,2019,1,17,5.665,21.62,54.83,3.88
Bengaluru,2019,1,18,5.6474,21.4,54.26,4.06
Bengaluru,2019,1,19,6.0946,21.18,48.29,4.04
Bengaluru,2019,1,20,5.375,20.87,46.93,3.86
Bengaluru,2019,1,21,5.5894,21.09,46.58,3.7
Bengaluru,2019,1,22,6.0343,21.51,49.54,2.1
Bengaluru,2019,1,23,5.9203,22.62,54.38,2.37
Bengaluru,2019,1,24,5.807,23.27,54.09,3.05
Bengaluru,2019,1,25,5.1362,24.02,57.45,4.0
Bengaluru,2019,1,26,4.4585,24.74,59.07,3.49
Bengaluru,2019,1,27,4.4333,23.85,64.32,3.5
Bengaluru,2019,1,28,4.4242,23.08,66.06,3.18
Bengaluru,2019,1,29,5.1739,21.44,67.19,3.79
Bengaluru,2019,1,30,5.7641,21.44,59.51,3.69
Bengaluru,2019,1,31,5.7912,20.89,55.22,3.88
Bengaluru,2019,2,1,5.7806,21.46,58.57,3.28
Bengaluru,2019,2,2,5.6537,22.51,55.15,3.28
Bengaluru,2019,2,3,6.1123,23.25,55.21,3.3
Bengaluru,2019,2,4,6.3456,24.19,54.52,4.25
Bengaluru,2019,2,5,4.9658,23.45,54.81,3.87
Bengaluru,2019,2,6,6.019,24.28,48.04,3.31
Bengaluru,2019,2,7,5.4425,25.01,51.73,3.68
Bengaluru,2019,2,8,5.9033,25.99,51.21,2.55
Bengaluru,2019,2,9,4.9248,25.92,55.73,2.54
Bengaluru,2019,2,10,4.8583,22.89,77.58,3.12
Bengaluru,2019,2,11,5.429,23.8,66.81,5.1
Bengaluru,2019,2,12,6.4673,23.04,60.17,5.46
Bengaluru,2019,2,13,6.6058,22.92,58.2,4.65
Bengaluru,2019,2,14,6.57,23.71,57.93,4.31
Bengaluru,2019,2,15,6.0072,24.88,58.93,2.29
Bengaluru,2019,2,16,5.7305,25.62,55.77,2.69
Bengaluru,2019,2,17,6.4502,25.73,49.13,2.99
Bengaluru,2019,2,18,6.8705,25.46,35.37,1.94
Bengaluru,2019,2,19,5.8001,27.0,55.5,4.31
Bengaluru,2019,2,20,6.6202,26.0,52.57,5.11
Bengaluru,2019,2,21,6.9526,24.59,50.06,4.95
Bengaluru,2019,2,22,7.2026,24.11,38.78,4.98
Bengaluru,2019,2,23,7.3085,24.77,29.76,4.86
Bengaluru,2019,2,24,7.2946,25.2,32.28,4.69
Bengaluru,2019,2,25,7.2631,25.26,32.77,3.13
Bengaluru,2019,2,26,6.9566,25.89,37.6,2.55
Bengaluru,2019,2,27,6.2786,27.58,44.95,2.73
Bengaluru,2019,2,28,6.6288,27.18,37.1,2.72
Bengaluru,2019,3,1,6.5345,28.17,49.33,2.95
Bengaluru,2019,3,2,5.6122,27.78,51.76,4.54
Bengaluru,2019,3,3,5.623,27.36,50.39,2.8
Bengaluru,2019,3,4,6.492,28.5,45.33,2.69
Bengaluru,2019,3,5,5.8946,30.15,34.61,2.13
Bengaluru,2019,3,6,6.7663,29.71,29.14,2.33
Bengaluru,2019,3,7,7.219,29.69,23.99,2.23
Bengaluru,2019,3,8,7.0735,29.33,34.2,2.55
Bengaluru,2019,3,9,6.0084,29.17,44.65,3.71
Bengaluru,2019,3,10,6.0242,29.63,42.87,3.63
Bengaluru,2019,3,11,6.7082,28.86,38.47,4.69
Bengaluru,2019,3,12,7.2264,27.44,36.17,4.25
Bengaluru,2019,3,13,6.9617,26.95,30.31,4.96
Bengaluru,2019,3,14,7.2888,27.01,29.49,5.09
Bengaluru,2019,3,15,7.363,27.0,30.3,4.69
Bengaluru,2019,3,16,7.3459,26.5,34.67,4.65
Bengaluru,2019,3,17,7.4683,26.16,36.41,3.7
Bengaluru,2019,3,18,7.237,27.1,46.42,3.45
Bengaluru,2019,3,19,6.9595,28.42,45.32,3.43
Bengaluru,2019,3,20,6.5566,28.45,42.4,4.59
Bengaluru,2019,3,21,6.9979,28.18,37.47,3.34
Bengaluru,2019,3,22,6.965,28.47,38.41,2.9
Bengaluru,2019,3,23,6.8854,29.53,40.52,2.86
Bengaluru,2019,3,24,6.8436,30.09,31.9,4.07
Bengaluru,2019,3,25,7.3013,29.12,35.09,4.37
Bengaluru,2019,3,26,7.4179,28.71,35.38,4.31
Bengaluru,2019,3,27,7.3426,28.8,30.99,4.15
Bengaluru,2019,3,28,7.5811,29.07,32.74,4.16
Bengaluru,2019,3,29,6.7963,29.96,25.75,3.12
Bengaluru,2019,3,30,7.1561,29.76,28.82,3.75
Bengaluru,2019,3,31,7.2372,29.99,28.85,3.07
Bengaluru,2019,4,1,7.241,30.39,26.92,3.76
Bengaluru,2019,4,2,6.437,30.11,33.38,3.55
Bengaluru,2019,4,3,6.9518,29.93,35.5,4.67
Bengaluru,2019,4,4,7.5756,28.76,34.85,4.51
Bengaluru,2019,4,5,7.1842,29.49,39.08,3.78
Bengaluru,2019,4,6,7.3658,29.47,32.64,3.96
Bengaluru,2019,4,7,6.889,29.43,33.61,3.81
Bengaluru,2019,4,8,6.8647,29.83,42.81,3.59
Bengaluru,2019,4,9,6.113,29.94,44.05,3.21
Bengaluru,2019,4,10,6.9125,30.74,38.23,4.48
Bengaluru,2019,4,11,6.9917,29.09,39.5,2.73
Bengaluru,2019,4,12,7.2154,30.47,31.0,3.36
Bengaluru,2019,4,13,7.5554,29.62,34.78,3.95
Bengaluru,2019,4,14,7.4347,29.81,28.78,4.69
Bengaluru,2019,4,15,7.6754,29.21,25.55,3.28
Bengaluru,2019,4,16,7.4719,30.22,34.87,3.18
Bengaluru,2019,4,17,5.7324,29.01,49.81,2.67
Bengaluru,2019,4,18,6.5635,29.4,48.32,2.96
Bengaluru,2019,4,19,6.7178,29.3,51.72,2.1
Bengaluru,2019,4,20,6.3998,27.12,62.65,2.75
Bengaluru,2019,4,21,6.5837,27.73,59.89,2.37
Bengaluru,2019,4,22,6.2179,28.29,54.86,2.87
Bengaluru,2019,4,23,6.5909,26.47,57.91,3.43
Bengaluru,2019,4,24,7.224,28.55,44.22,3.92
Bengaluru,2019,4,25,6.8635,28.61,37.87,3.41
Bengaluru,2019,4,26,6.1378,29.78,41.16,4.25
Bengaluru,2019,4,27,6.1351,29.8,38.71,3.73
Bengaluru,2019,4,28,4.8638,30.09,41.63,3.66
Bengaluru,2019,4,29,5.3647,30.09,40.32,2.74
Bengaluru,2019,4,30,5.28,29.22,55.06,3.79
Bengaluru,2019,5,1,4.5468,26.95,65.41,4.88
Bengaluru,2019,5,2,6.4025,27.7,55.45,5.17
Bengaluru,2019,5,3,7.0238,28.06,55.63,4.33
Bengaluru,2019,5,4,6.5066,27.8,52.89,3.0
Bengaluru,2019,5,5,6.5436,28.99,54.3,1.91
Bengaluru,2019,5,6,6.8304,29.32,54.01,1.82
Bengaluru,2019,5,7,5.4624,28.0,59.92,3.73
Bengaluru,2019,5,8,5.8327,25.87,71.34,4.65
Bengaluru,2019,5,9,6.143,27.74,60.19,3.59
Bengaluru,2019,5,10,6.7176,28.93,54.59,3.12
Bengaluru,2019,5,11,6.222,28.89,55.87,2.04
Bengaluru,2019,5,12,6.0134,29.02,57.21,1.67
Bengaluru,2019,5,13,6.1742,28.8,58.32,1.91
Bengaluru,2019,5,14,6.3727,28.12,58.69,2.86
Bengaluru,2019,5,15,6.0,27.98,63.19,2.51
Bengaluru,2019,5,16,6.4524,28.95,58.54,2.07
Bengaluru,2019,5,17,6.072,27.67,63.83,1.66
Bengaluru,2019,5,18,6.7872,28.2,60.42,2.18
Bengaluru,2019,5,19,7.0157,29.95,52.18,2.33
Bengaluru,2019,5,20,6.8467,29.38,50.65,2.74
Bengaluru,2019,5,21,6.821,29.47,44.78,2.88
Bengaluru,2019,5,22,6.4687,28.14,60.99,2.25
Bengaluru,2019,5,23,5.7468,27.82,63.8,1.71
Bengaluru,2019,5,24,6.2602,28.73,61.78,1.98
Bengaluru,2019,5,25,6.6226,27.45,67.34,4.09
Bengaluru,2019,5,26,6.948,27.23,70.72,3.32
Bengaluru,2019,5,27,7.0174,28.51,64.19,2.53
Bengaluru,2019,5,28,6.4368,29.42,57.83,2.01
Bengaluru,2019,5,29,6.5774,25.79,74.72,3.7
Bengaluru,2019,5,30,6.2378,26.34,69.01,3.02
Bengaluru,2019,5,31,6.1138,25.04,77.79,3.55
Bengaluru,2019,6,1,6.3084,26.51,70.54,3.53
Bengaluru,2019,6,2,5.1773,28.06,67.29,3.11
Bengaluru,2019,6,3,5.4965,25.65,73.9,3.62
Bengaluru,2019,6,4,6.2563,26.68,71.67,2.91
Bengaluru,2019,6,5,5.5483,26.2,73.97,2.32
Bengaluru,2019,6,6,6.625,26.7,72.44,2.22
Bengaluru,2019,6,7,5.5123,26.88,71.73,1.46
Bengaluru,2019,6,8,5.5762,26.03,71.51,3.35
Bengaluru,2019,6,9,6.6722,26.85,63.42,5.23
Bengaluru,2019,6,10,5.215,25.51,67.58,5.03
Bengaluru,2019,6,11,5.2313,25.89,66.14,7.06
Bengaluru,2019,6,12,3.9348,26.27,67.78,7.65
Bengaluru,2019,6,13,4.9843,25.17,69.13,7.19
Bengaluru,2019,6,14,5.537,25.47,63.51,6.74
Bengaluru,2019,6,15,7.0068,26.52,64.54,5.7
Bengaluru,2019,6,16,6.7903,26.74,64.81,5.27
Bengaluru,2019,6,17,5.9844,26.15,65.73,5.52
Bengaluru,2019,6,18,5.5543,26.41,65.7,5.0
Bengaluru,2019,6,19,6.5938,27.34,64.34,5.55
Bengaluru,2019,6,20,6.2986,26.21,61.81,6.37
Bengaluru,2019,6,21,4.7218,24.85,66.74,5.08
Bengaluru,2019,6,22,5.4341,24.8,71.34,5.71
Bengaluru,2019,6,23,4.8394,24.43,72.17,5.24
Bengaluru,2019,6,24,5.431,25.39,67.82,4.85
Bengaluru,2019,6,25,5.5745,25.7,64.34,4.73
Bengaluru,2019,6,26,4.752,24.57,73.57,4.55
Bengaluru,2019,6,27,5.5615,25.55,71.08,5.76
Bengaluru,2019,6,28,6.7193,25.2,70.39,6.42
Bengaluru,2019,6,29,5.8886,24.7,71.39,6.49
Bengaluru,2019,6,30,4.8502,24.8,71.32,6.51
Bengaluru,2019,7,1,5.8519,26.44,66.56,6.39
Bengaluru,2019,7,2,5.7761,25.66,69.93,6.32
Bengaluru,2019,7,3,5.4576,25.8,68.97,6.73
Bengaluru,2019,7,4,5.1264,25.68,69.94,7.01
Bengaluru,2019,7,5,4.319,25.02,73.9,7.4
Bengaluru,2019,7,6,4.6469,24.49,74.91,7.63
Bengaluru,2019,7,7,5.5762,24.98,70.3,7.46
Bengaluru,2019,7,8,5.4574,25.36,68.88,7.64
Bengaluru,2019,7,9,4.8977,24.3,75.0,6.42
Bengaluru,2019,7,10,4.9164,24.65,67.56,7.09
Bengaluru,2019,7,11,5.1816,23.95,69.44,6.09
Bengaluru,2019,7,12,5.8006,25.63,64.16,3.29
Bengaluru,2019,7,13,4.854,25.54,66.39,4.17
Bengaluru,2019,7,14,5.9203,24.73,75.26,3.96
Bengaluru,2019,7,15,5.898,24.86,68.37,4.42
Bengaluru,2019,7,16,5.1401,24.43,69.76,4.44
Bengaluru,2019,7,17,4.8902,23.89,70.55,4.95
Bengaluru,2019,7,18,5.0962,21.57,80.68,5.36
Bengaluru,2019,7,19,4.6639,22.87,79.49,4.65
Bengaluru,2019,7,20,4.241,24.3,74.05,5.72
Bengaluru,2019,7,21,4.429,24.64,73.42,7.07
Bengaluru,2019,7,22,3.2417,23.42,78.97,6.52
Bengaluru,2019,7,23,4.4222,23.17,75.84,6.44
Bengaluru,2019,7,24,5.7067,23.78,75.32,5.63
Bengaluru,2019,7,25,4.6241,24.26,72.59,5.24
Bengaluru,2019,7,26,2.7324,23.28,75.93,5.82
Bengaluru,2019,7,27,5.0167,23.72,73.14,6.05
Bengaluru,2019,7,28,5.1007,24.06,72.85,6.72
Bengaluru,2019,7,29,4.5271,24.02,74.56,6.16
Bengaluru,2019,7,30,4.105,23.79,69.86,6.44
Bengaluru,2019,7,31,5.9664,24.43,67.31,5.93
Bengaluru,2019,8,1,6.0024,25.67,67.37,6.06
Bengaluru,2019,8,2,4.0642,24.27,69.55,7.28
Bengaluru,2019,8,3,4.8218,23.82,73.98,7.08
Bengaluru,2019,8,4,4.3421,23.43,66.71,7.24
Bengaluru,2019,8,5,3.7949,22.36,80.28,8.01
Bengaluru,2019,8,6,2.8121,23.11,75.53,8.38
Bengaluru,2019,8,7,3.2587,23.68,75.88,9.63
Bengaluru,2019,8,8,2.7955,23.89,77.24,10.18
Bengaluru,2019,8,9,3.1082,24.17,74.34,9.64
Bengaluru,2019,8,10,3.2138,24.02,71.62,9.05
Bengaluru,2019,8,11,4.2703,24.36,71.46,6.94
Bengaluru,2019,8,12,4.6555,23.76,73.24,6.59
Bengaluru,2019,8,13,4.6646,24.54,71.96,6.0
Bengaluru,2019,8,14,4.6894,24.2,75.73,5.27
Bengaluru,2019,8,15,4.6464,24.03,75.6,5.39
Bengaluru,2019,8,16,4.1472,23.9,77.52,5.02
Bengaluru,2019,8,17,2.7948,23.36,80.64,5.26
Bengaluru,2019,8,18,2.7619,22.39,85.36,4.33
Bengaluru,2019,8,19,5.8495,23.65,82.15,2.64
Bengaluru,2019,8,20,3.7591,23.17,86.54,3.35
Bengaluru,2019,8,21,4.3759,21.88,87.52,5.26
Bengaluru,2019,8,22,3.6492,21.83,84.84,4.96
Bengaluru,2019,8,23,4.8382,22.1,84.0,6.0
Bengaluru,2019,8,24,4.7714,22.54,81.37,5.34
Bengaluru,2019,8,25,5.1653,22.46,79.44,5.69
Bengaluru,2019,8,26,4.9375,23.29,76.13,5.85
Bengaluru,2019,8,27,5.6124,23.24,76.33,5.04
Bengaluru,2019,8,28,5.4566,23.04,78.47,5.12
Bengaluru,2019,8,29,5.2903,23.66,79.89,4.77
Bengaluru,2019,8,30,5.3942,23.09,78.8,6.18
Bengaluru,2019,8,31,3.7051,23.45,77.84,6.08
Bengaluru,2019,9,1,3.9943,22.41,81.9,5.47
Bengaluru,2019,9,2,3.8633,22.88,79.99,5.79
Bengaluru,2019,9,3,3.96,23.2,79.63,6.14
Bengaluru,2019,9,4,3.8998,22.22,79.46,6.82
Bengaluru,2019,9,5,4.3414,23.13,77.7,7.22
Bengaluru,2019,9,6,4.386,23.6,80.14,6.94
Bengaluru,2019,9,7,4.9296,23.98,76.91,7.15
Bengaluru,2019,9,8,4.6946,23.8,77.31,6.57
Bengaluru,2019,9,9,4.8281,23.25,78.79,6.02
Bengaluru,2019,9,10,5.2289,24.65,77.27,4.75
Bengaluru,2019,9,11,4.1736,24.34,78.91,4.49
Bengaluru,2019,9,12,5.544,23.02,83.37,4.53
Bengaluru,2019,9,13,5.6491,23.25,80.99,4.06
Bengaluru,2019,9,14,5.6758,23.87,78.78,3.71
Bengaluru,2019,9,15,4.9426,23.96,78.29,3.57
Bengaluru,2019,9,16,4.1347,23.65,78.65,5.0
Bengaluru,2019,9,17,4.1688,22.65,85.31,3.78
Bengaluru,2019,9,18,4.3927,22.83,85.46,3.79
Bengaluru,2019,9,19,4.9879,22.15,87.2,3.52
Bengaluru,2019,9,20,5.0683,23.15,78.25,2.76
Bengaluru,2019,9,21,6.6715,24.73,76.81,2.09
Bengaluru,2019,9,22,4.3368,22.44,91.09,2.14
Bengaluru,2019,9,23,5.7082,23.09,86.71,2.49
Bengaluru,2019,9,24,5.2344,21.82,92.87,2.59
Bengaluru,2019,9,25,4.8974,22.41,91.34,3.58
Bengaluru,2019,9,26,5.0606,22.35,85.8,5.01
Bengaluru,2019,9,27,5.7317,22.82,83.16,2.06
Bengaluru,2019,9,28,5.7031,22.96,83.7,2.76
Bengaluru,2019,9,29,6.2405,22.73,82.23,3.23
Bengaluru,2019,9,30,5.3484,21.79,84.1,3.11
Bengaluru,2019,10,1,5.5339,23.19,80.56,1.82
Bengaluru,2019,10,2,6.3787,23.68,82.53,1.71
Bengaluru,2019,10,3,6.1735,23.66,84.2,1.78
Bengaluru,2019,10,4,5.8481,23.31,85.89,1.71
Bengaluru,2019,10,5,5.8548,22.51,90.29,2.02
Bengaluru,2019,10,6,5.2793,22.68,86.84,2.22
Bengaluru,2019,10,7,5.3477,22.86,86.5,1.47
Bengaluru,2019,10,8,5.8968,23.64,84.61,1.12
Bengaluru,2019,10,9,5.4876,23.14,88.95,1.04
Bengaluru,2019,10,10,4.8216,23.0,85.55,1.64
Bengaluru,2019,10,11,5.2058,23.05,86.44,2.33
Bengaluru,2019,10,12,5.4833,23.29,84.7,2.79
Bengaluru,2019,10,13,5.5776,23.48,84.7,2.6
Bengaluru,2019,10,14,6.108,23.5,85.57,2.73
Bengaluru,2019,10,15,4.8523,22.96,87.76,3.11
Bengaluru,2019,10,16,4.5617,22.43,86.39,3.46
Bengaluru,2019,10,17,3.8986,22.23,86.35,3.07
Bengaluru,2019,10,18,4.1004,22.43,88.37,3.51
Bengaluru,2019,10,19,4.9406,22.53,86.89,3.49
Bengaluru,2019,10,20,4.2043,22.25,87.89,3.33
Bengaluru,2019,10,21,3.8882,21.85,88.43,2.34
Bengaluru,2019,10,22,3.2974,22.47,87.67,2.43
Bengaluru,2019,10,23,4.8797,21.9,87.22,3.65
Bengaluru,2019,10,24,4.8197,21.56,87.02,4.61
Bengaluru,2019,10,25,4.056,21.62,87.01,4.03
Bengaluru,2019,10,26,4.4897,22.03,87.17,3.2
Bengaluru,2019,10,27,4.7748,22.13,85.24,1.69
Bengaluru,2019,10,28,4.7294,22.14,87.29,3.33
Bengaluru,2019,10,29,3.5299,20.13,87.02,4.13
Bengaluru,2019,10,30,3.5412,21.51,90.7,4.56
Bengaluru,2019,10,31,3.8345,21.83,89.22,5.0
Bengaluru,2019,11,1,6.0218,22.09,85.33,2.39
Bengaluru,2019,11,2,5.4173,22.38,86.11,2.66
Bengaluru,2019,11,3,5.5654,22.07,84.52,2.56
Bengaluru,2019,11,4,5.9935,21.91,80.53,2.37
Bengaluru,2019,11,5,5.934,22.56,79.07,2.17
Bengaluru,2019,11,6,5.3422,23.0,78.29,1.77
Bengaluru,2019,11,7,4.717,22.68,82.16,1.42
Bengaluru,2019,11,8,4.0238,22.64,87.98,1.77
Bengaluru,2019,11,9,4.5406,22.58,88.71,2.24
Bengaluru,2019,11,10,4.6865,22.72,84.1,2.13
Bengaluru,2019,11,11,4.3435,21.5,81.84,2.66
Bengaluru,2019,11,12,5.3923,21.45,83.66,3.19
Bengaluru,2019,11,13,5.6755,21.13,83.7,3.57
Bengaluru,2019,11,14,3.9312,21.85,87.44,3.56
Bengaluru,2019,11,15,3.9794,22.33,85.87,2.99
Bengaluru,2019,11,16,4.5384,22.46,84.5,3.54
Bengaluru,2019,11,17,5.5025,21.26,80.22,3.04
Bengaluru,2019,11,18,4.368,22.32,86.49,3.84
Bengaluru,2019,11,19,5.3916,22.74,83.0,2.25
Bengaluru,2019,11,20,3.9617,22.3,88.28,3.17
Bengaluru,2019,11,21,3.792,22.29,86.31,4.0
Bengaluru,2019,11,22,3.5446,20.59,83.03,4.26
Bengaluru,2019,11,23,5.5462,19.88,82.21,3.94
Bengaluru,2019,11,24,5.4026,20.6,83.27,3.85
Bengaluru,2019,11,25,4.4402,20.91,82.63,4.28
Bengaluru,2019,11,26,5.813,20.44,82.43,4.61
Bengaluru,2019,11,27,3.2671,21.38,85.63,4.45
Bengaluru,2019,11,28,3.3737,21.97,85.81,5.0
Bengaluru,2019,11,29,3.2599,22.12,84.76,4.43
Bengaluru,2019,11,30,2.8169,22.27,86.67,4.84
Bengaluru,2019,12,1,2.3028,22.16,87.65,5.0
Bengaluru,2019,12,2,2.7305,21.21,86.76,4.11
Bengaluru,2019,12,3,2.7662,20.92,84.75,4.7
Bengaluru,2019,12,4,4.2569,21.1,82.37,5.23
Bengaluru,2019,12,5,4.3882,20.49,80.91,5.0
Bengaluru,2019,12,6,3.8453,19.91,78.65,4.65
Bengaluru,2019,12,7,3.7567,20.81,82.29,4.3
Bengaluru,2019,12,8,2.8495,21.47,80.75,4.22
Bengaluru,2019,12,9,5.2723,20.85,78.64,4.29
Bengaluru,2019,12,10,5.2198,20.8,78.37,3.58
Bengaluru,2019,12,11,5.1691,21.24,76.79,2.98
Bengaluru,2019,12,12,5.3011,21.39,75.28,2.63
Bengaluru,2019,12,13,5.1132,22.17,78.39,3.23
Bengaluru,2019,12,14,2.4288,21.67,83.11,3.93
Bengaluru,2019,12,15,4.6054,21.46,78.76,4.01
Bengaluru,2019,12,16,5.161,21.58,79.13,3.85
Bengaluru,2019,12,17,3.9307,21.11,77.04,4.75
Bengaluru,2019,12,18,4.3565,21.3,76.76,4.54
Bengaluru,2019,12,19,3.2707,21.26,75.44,4.66
Bengaluru,2019,12,20,4.1393,20.97,76.17,3.7
Bengaluru,2019,12,21,4.5269,21.14,79.4,3.35
Bengaluru,2019,12,22,4.867,22.05,74.85,3.36
Bengaluru,2019,12,23,4.225,21.52,72.46,3.19
Bengaluru,2019,12,24,4.1256,21.87,72.9,3.17
Bengaluru,2019,12,25,2.5464,22.78,76.42,3.43
Bengaluru,2019,12,26,4.6762,23.64,69.89,2.46
Bengaluru,2019,12,27,4.9793,22.82,69.06,3.15
Bengaluru,2019,12,28,5.2058,22.07,73.57,3.55
Bengaluru,2019,12,29,4.7326,22.21,71.97,3.7
Bengaluru,2019,12,30,4.9562,22.15,72.31,3.31
Bengaluru,2019,12,31,4.4822,22.7,73.87,3.47
Bengaluru,2020,1,1,3.2345,22.9,74.47,3.41
Bengaluru,2020,1,2,4.0279,23.45,73.02,3.31
Bengaluru,2020,1,3,4.9488,23.88,72.03,2.72
Bengaluru,2020,1,4,4.745,24.38,72.06,2.04
Bengaluru,2020,1,5,4.6673,24.15,74.21,2.63
Bengaluru,2020,1,6,3.7903,23.64,72.34,4.55
Bengaluru,2020,1,7,4.9126,22.47,70.75,4.36
Bengaluru,2020,1,8,5.6791,22.33,69.04,2.82
Bengaluru,2020,1,9,5.4005,22.58,69.05,2.56
Bengaluru,2020,1,10,5.5524,21.96,71.28,4.44
Bengaluru,2020,1,11,6.0418,21.19,65.59,4.24
Bengaluru,2020,1,12,5.4324,21.36,68.71,3.89
Bengaluru,2020,1,13,5.1994,21.96,68.12,1.9
Bengaluru,2020,1,14,5.7816,21.46,63.42,2.89
Bengaluru,2020,1,15,5.9974,20.44,60.38,3.52
Bengaluru,2020,1,16,5.9659,20.43,64.36,3.36
Bengaluru,2020,1,17,5.8462,21.52,66.75,3.71
Bengaluru,2020,1,18,4.3253,23.1,71.85,4.33
Bengaluru,2020,1,19,5.0335,23.48,68.94,3.46
Bengaluru,2020,1,20,5.8985,23.02,61.73,4.01
Bengaluru,2020,1,21,6.1747,21.87,59.43,4.22
Bengaluru,2020,1,22,6.1577,21.97,64.36,4.73
Bengaluru,2020,1,23,6.0622,22.6,62.42,4.38
Bengaluru,2020,1,24,6.3374,22.12,56.4,3.85
Bengaluru,2020,1,25,6.4589,21.42,50.77,3.33
Bengaluru,2020,1,26,6.4049,22.09,54.92,3.19
Bengaluru,2020,1,27,6.1754,22.83,54.76,3.07
Bengaluru,2020,1,28,5.9141,23.76,56.05,3.32
Bengaluru,2020,1,29,6.2148,23.81,56.6,2.84
Bengaluru,2020,1,30,6.2995,24.26,55.7,2.26
Bengaluru,2020,1,31,6.3,24.1,56.0,3.18
Bengaluru,2020,2,1,5.8836,23.78,60.85,4.82
Bengaluru,2020,2,2,5.9791,23.64,58.44,4.84
Bengaluru,2020,2,3,6.4126,23.56,55.58,4.11
Bengaluru,2020,2,4,6.3211,23.61,57.31,4.07
Bengaluru,2020,2,5,5.4391,23.76,57.31,3.69
Bengaluru,2020,2,6,5.6782,24.04,54.94,3.1
Bengaluru,2020,2,7,5.3182,24.51,56.61,3.74
Bengaluru,2020,2,8,5.8445,25.4,51.98,2.75
Bengaluru,2020,2,9,5.4271,24.3,58.96,4.58
Bengaluru,2020,2,10,5.7974,24.52,55.74,5.19
Bengaluru,2020,2,11,6.5021,24.09,55.04,5.51
Bengaluru,2020,2,12,5.7079,23.36,52.52,4.79
Bengaluru,2020,2,13,6.575,23.71,50.17,3.77
Bengaluru,2020,2,14,6.4553,24.31,48.29,2.59
Bengaluru,2020,2,15,6.6122,24.72,39.26,2.66
Bengaluru,2020,2,16,6.8246,24.08,37.45,3.98
Bengaluru,2020,2,17,7.0543,23.31,36.45,3.88
Bengaluru,2020,2,18,7.0087,23.72,45.81,4.32
Bengaluru,2020,2,19,6.5297,24.3,52.06,3.77
Bengaluru,2020,2,20,6.9444,24.14,46.66,4.42
Bengaluru,2020,2,21,7.0771,23.92,44.1,4.33
Bengaluru,2020,2,22,6.84,24.36,52.06,4.39
Bengaluru,2020,2,23,6.1128,25.06,49.12,4.18
Bengaluru,2020,2,24,5.2531,25.39,50.2,4.23
Bengaluru,2020,2,25,6.7718,25.86,49.88,3.09
Bengaluru,2020,2,26,6.2582,26.47,52.76,3.94
Bengaluru,2020,2,27,5.3878,25.84,55.98,3.65
Bengaluru,2020,2,28,5.447,26.17,52.54,4.47
Bengaluru,2020,2,29,6.1402,26.53,50.11,3.82
Bengaluru,2020,3,1,6.161,26.96,49.61,3.77
Bengaluru,2020,3,2,4.2005,26.22,52.17,2.31
Bengaluru,2020,3,3,5.651,27.66,47.46,2.23
Bengaluru,2020,3,4,5.3194,27.98,47.82,1.39
Bengaluru,2020,3,5,5.7499,27.55,50.19,3.95
Bengaluru,2020,3,6,5.5457,27.23,52.74,3.38
Bengaluru,2020,3,7,5.0498,25.12,64.66,3.49
Bengaluru,2020,3,8,5.7888,27.45,56.57,3.39
Bengaluru,2020,3,9,5.6388,27.77,51.25,3.36
Bengaluru,2020,3,10,6.5527,27.82,41.35,3.8
Bengaluru,2020,3,11,6.6698,27.55,45.62,3.4
Bengaluru,2020,3,12,6.8359,27.49,38.87,3.69
Bengaluru,2020,3,13,7.1986,26.77,37.82,4.27
Bengaluru,2020,3,14,7.3507,27.04,46.07,4.01
Bengaluru,2020,3,15,7.1602,27.67,48.5,4.27
Bengaluru,2020,3,16,7.051,27.78,47.28,4.45
Bengaluru,2020,3,17,7.4098,27.15,44.42,5.09
Bengaluru,2020,3,18,7.5163,26.86,39.12,4.3
Bengaluru,2020,3,19,7.2842,27.67,36.58,2.98
Bengaluru,2020,3,20,5.5891,27.68,41.86,2.96
Bengaluru,2020,3,21,6.6432,28.43,38.96,2.59
Bengaluru,2020,3,22,6.5832,29.08,39.06,2.54
Bengaluru,2020,3,23,5.2282,28.9,40.77,3.49
Bengaluru,2020,3,24,6.7022,28.3,39.59,3.96
Bengaluru,2020,3,25,6.0314,27.52,46.03,4.21
Bengaluru,2020,3,26,6.7706,27.58,44.67,4.73
Bengaluru,2020,3,27,7.1666,26.97,45.85,4.39
Bengaluru,2020,3,28,7.4393,26.95,36.73,4.15
Bengaluru,2020,3,29,7.5754,27.1,32.77,3.99
Bengaluru,2020,3,30,7.644,27.53,32.87,4.73
Bengaluru,2020,3,31,7.5634,27.62,34.73,4.49
Bengaluru,2020,4,1,7.5744,28.3,37.97,4.14
Bengaluru,2020,4,2,7.321,29.21,38.23,4.02
Bengaluru,2020,4,3,7.3682,28.88,39.58,4.57
Bengaluru,2020,4,4,7.6745,28.27,41.6,3.85
Bengaluru,2020,4,5,7.2406,29.15,47.38,3.98
Bengaluru,2020,4,6,5.9726,28.42,53.76,2.53
Bengaluru,2020,4,7,4.3315,24.66,64.53,2.69
Bengaluru,2020,4,8,6.0852,27.53,53.9,1.25
Bengaluru,2020,4,9,6.3835,26.7,61.57,3.08
Bengaluru,2020,4,10,6.0046,26.86,55.4,3.79
Bengaluru,2020,4,11,7.0644,26.52,55.21,4.05
Bengaluru,2020,4,12,7.278,27.21,47.92,3.83
Bengaluru,2020,4,13,7.3046,27.78,41.07,4.66
Bengaluru,2020,4,14,7.7126,27.54,35.37,5.29
Bengaluru,2020,4,15,7.7942,27.19,38.87,3.94
Bengaluru,2020,4,16,7.4592,28.34,45.84,4.12
Bengaluru,2020,4,17,7.0402,29.48,46.87,4.39
Bengaluru,2020,4,18,6.6456,29.78,45.41,4.85
Bengaluru,2020,4,19,7.0226,29.34,46.8,5.14
Bengaluru,2020,4,20,7.5646,28.78,45.44,4.84
Bengaluru,2020,4,21,7.5672,28.88,39.62,3.35
Bengaluru,2020,4,22,6.6914,29.84,46.22,3.3
Bengaluru,2020,4,23,6.5873,30.2,47.33,2.8
Bengaluru,2020,4,24,5.1761,28.8,55.44,2.37
Bengaluru,2020,4,25,5.5548,27.87,62.28,2.28
Bengaluru,2020,4,26,5.6143,28.37,56.88,4.01
Bengaluru,2020,4,27,5.5222,27.47,60.22,2.72
Bengaluru,2020,4,28,5.7866,26.61,71.49,2.93
Bengaluru,2020,4,29,3.0828,23.42,79.26,3.56
Bengaluru,2020,4,30,6.9223,27.24,60.38,2.97
Bengaluru,2020,5,1,6.5638,27.99,60.05,2.57
Bengaluru,2020,5,2,6.0583,28.72,57.0,2.34
Bengaluru,2020,5,3,6.4217,28.56,55.36,2.84
Bengaluru,2020,5,4,7.0392,29.79,49.48,3.07
Bengaluru,2020,5,5,6.9972,29.44,50.8,3.22
Bengaluru,2020,5,6,6.0559,28.44,55.64,3.07
Bengaluru,2020,5,7,5.755,28.37,59.4,1.97
Bengaluru,2020,5,8,6.0317,28.37,57.61,2.84
Bengaluru,2020,5,9,7.2509,29.52,49.17,4.02
Bengaluru,2020,5,10,6.8566,28.75,49.7,4.43
Bengaluru,2020,5,11,5.9592,28.58,49.49,4.32
Bengaluru,2020,5,12,6.3485,27.77,53.57,3.62
Bengaluru,2020,5,13,6.1896,29.06,39.19,3.02
Bengaluru,2020,5,14,6.5933,29.42,46.45,3.53
Bengaluru,2020,5,15,6.3679,30.03,39.97,3.54
Bengaluru,2020,5,16,5.1895,30.25,40.33,3.96
Bengaluru,2020,5,17,5.4322,28.65,54.06,3.06
Bengaluru,2020,5,18,5.0626,25.75,70.22,7.26
Bengaluru,2020,5,19,5.5555,27.45,61.87,7.48
Bengaluru,2020,5,20,6.1322,28.54,57.06,5.9
Bengaluru,2020,5,21,6.667,28.75,55.83,4.87
Bengaluru,2020,5,22,6.456,28.85,49.33,5.08
Bengaluru,2020,5,23,6.2522,30.62,42.06,2.43
Bengaluru,2020,5,24,6.7138,30.82,45.97,3.32
Bengaluru,2020,5,25,6.6365,28.98,61.46,2.11
Bengaluru,2020,5,26,6.6386,28.8,64.73,2.39
Bengaluru,2020,5,27,5.9909,27.39,73.56,2.63
Bengaluru,2020,5,28,6.6722,27.16,71.57,2.63
Bengaluru,2020,5,29,6.8846,24.53,80.29,3.46
Bengaluru,2020,5,30,5.6004,25.68,72.94,1.9
Bengaluru,2020,5,31,6.1913,26.36,70.31,3.32
Bengaluru,2020,6,1,5.7701,25.15,77.56,3.35
Bengaluru,2020,6,2,5.6009,25.15,72.43,4.22
Bengaluru,2020,6,3,5.4535,24.3,77.64,4.88
Bengaluru,2020,6,4,5.5493,24.02,78.72,4.83
Bengaluru,2020,6,5,6.0542,25.25,71.74,4.64
Bengaluru,2020,6,6,5.9801,24.44,75.63,4.44
Bengaluru,2020,6,7,5.5471,25.87,66.94,5.2
Bengaluru,2020,6,8,6.5184,25.05,65.29,5.84
Bengaluru,2020,6,9,6.091,25.28,60.98,5.5
Bengaluru,2020,6,10,5.3026,25.65,69.2,6.42
Bengaluru,2020,6,11,4.2274,23.66,79.47,6.47
Bengaluru,2020,6,12,4.4018,23.45,74.27,7.75
Bengaluru,2020,6,13,5.04,24.58,67.73,7.46
Bengaluru,2020,6,14,5.4034,24.0,70.56,8.04
Bengaluru,2020,6,15,5.6966,25.78,69.53,6.74
Bengaluru,2020,6,16,5.1852,25.49,71.59,6.63
Bengaluru,2020,6,17,4.1702,24.61,75.14,6.0
Bengaluru,2020,6,18,4.1693,24.59,71.15,6.16
Bengaluru,2020,6,19,5.6662,24.38,70.6,5.54
Bengaluru,2020,6,20,5.6314,24.55,68.52,5.54
Bengaluru,2020,6,21,5.694,25.11,69.26,5.4
Bengaluru,2020,6,22,5.8495,24.33,70.86,5.9
Bengaluru,2020,6,23,6.1884,24.07,66.03,5.18
Bengaluru,2020,6,24,6.3497,24.52,71.79,3.92
Bengaluru,2020,6,25,5.7286,23.82,81.57,1.95
Bengaluru,2020,6,26,5.3011,24.3,80.08,2.77
Bengaluru,2020,6,27,5.5315,23.79,84.36,3.41
Bengaluru,2020,6,28,4.8202,23.98,85.66,4.0
Bengaluru,2020,6,29,4.6474,23.74,86.5,3.33
Bengaluru,2020,6,30,5.6047,23.74,83.26,4.05
Bengaluru,2020,7,1,5.0206,23.0,81.09,5.02
Bengaluru,2020,7,2,3.8534,22.14,82.79,6.41
Bengaluru,2020,7,3,4.9865,22.49,84.76,5.96
Bengaluru,2020,7,4,4.513,23.18,79.35,7.29
Bengaluru,2020,7,5,4.0426,22.36,79.64,6.55
Bengaluru,2020,7,6,4.3253,23.37,79.56,5.95
Bengaluru,2020,7,7,5.3359,23.2,80.51,6.03
Bengaluru,2020,7,8,4.7712,22.58,87.31,3.42
Bengaluru,2020,7,9,5.7799,22.4,87.5,3.11
Bengaluru,2020,7,10,4.4544,22.89,82.82,3.51
Bengaluru,2020,7,11,5.8025,22.67,83.92,3.18
Bengaluru,2020,7,12,6.1562,23.64,83.22,3.68
Bengaluru,2020,7,13,5.2937,22.78,84.59,3.72
Bengaluru,2020,7,14,4.0553,22.95,85.22,4.37
Bengaluru,2020,7,15,3.5616,22.87,83.14,5.51
Bengaluru,2020,7,16,3.5496,22.76,83.55,5.37
Bengaluru,2020,7,17,3.5664,22.76,83.34,4.56
Bengaluru,2020,7,18,4.6315,23.48,82.59,2.93
Bengaluru,2020,7,19,5.1804,23.63,81.2,2.57
Bengaluru,2020,7,20,5.4648,23.17,87.36,2.95
Bengaluru,2020,7,21,6.78,23.83,81.11,2.53
Bengaluru,2020,7,22,5.839,23.77,82.51,3.02
Bengaluru,2020,7,23,5.4989,23.25,85.64,1.25
Bengaluru,2020,7,24,3.9386,23.35,83.97,2.76
Bengaluru,2020,7,25,5.4946,22.66,83.72,2.34
Bengaluru,2020,7,26,5.2961,22.35,83.94,4.02
Bengaluru,2020,7,27,5.9297,23.24,80.8,4.48
Bengaluru,2020,7,28,5.8102,23.29,84.96,3.7
Bengaluru,2020,7,29,3.366,22.27,88.98,3.49
Bengaluru,2020,7,30,5.2687,22.73,90.38,3.06
Bengaluru,2020,7,31,5.2519,23.08,85.49,3.17
Bengaluru,2020,8,1,4.5209,22.58,87.63,4.25
Bengaluru,2020,8,2,4.9162,22.03,89.32,5.54
Bengaluru,2020,8,3,3.6432,22.73,85.0,6.84
Bengaluru,2020,8,4,3.0629,22.3,83.42,8.47
Bengaluru,2020,8,5,3.7222,22.59,83.12,9.82
Bengaluru,2020,8,6,4.3046,23.96,81.94,7.89
Bengaluru,2020,8,7,4.0361,23.56,83.79,7.01
Bengaluru,2020,8,8,4.1198,22.51,84.63,6.41
Bengaluru,2020,8,9,3.4442,21.87,86.26,5.87
Bengaluru,2020,8,10,4.3457,22.33,86.08,4.59
Bengaluru,2020,8,11,4.1762,22.97,83.58,5.36
Bengaluru,2020,8,12,4.0426,22.65,84.96,5.47
Bengaluru,2020,8,13,4.9558,22.65,84.07,5.3
Bengaluru,2020,8,14,3.8268,22.6,83.16,5.82
Bengaluru,2020,8,15,3.791,22.95,81.8,6.05
Bengaluru,2020,8,16,2.4701,23.08,83.38,5.38
Bengaluru,2020,8,17,3.7464,23.19,83.77,5.02
Bengaluru,2020,8,18,4.2571,23.43,83.48,5.03
Bengaluru,2020,8,19,3.9821,23.23,83.9,4.97
Bengaluru,2020,8,20,3.8623,23.11,83.62,5.06
Bengaluru,2020,8,21,4.6135,23.48,83.13,4.56
Bengaluru,2020,8,22,5.4228,23.57,84.3,3.93
Bengaluru,2020,8,23,4.717,23.27,85.14,3.12
Bengaluru,2020,8,24,5.3743,23.91,81.95,2.52
Bengaluru,2020,8,25,6.7898,24.36,78.41,2.43
Bengaluru,2020,8,26,5.3866,23.34,83.14,2.5
Bengaluru,2020,8,27,5.6844,23.27,81.86,3.03
Bengaluru,2020,8,28,6.9991,23.72,77.83,3.36
Bengaluru,2020,8,29,6.9439,24.32,78.54,3.35
Bengaluru,2020,8,30,6.2784,23.94,82.97,2.61
Bengaluru,2020,8,31,5.6227,23.69,84.14,2.83
Bengaluru,2020,9,1,5.1396,22.44,89.98,4.31
Bengaluru,2020,9,2,3.3914,22.4,91.18,4.29
Bengaluru,2020,9,3,4.4666,22.88,87.99,2.88
Bengaluru,2020,9,4,5.3242,23.86,84.27,2.41
Bengaluru,2020,9,5,4.4822,24.15,83.49,2.56
Bengaluru,2020,9,6,4.9126,23.79,86.35,2.21
Bengaluru,2020,9,7,5.2342,23.32,87.11,3.41
Bengaluru,2020,9,8,5.603,23.73,82.57,2.0
Bengaluru,2020,9,9,4.9075,23.29,86.64,2.93
Bengaluru,2020,9,10,4.6118,22.0,89.57,2.47
Bengaluru,2020,9,11,4.0985,21.92,88.22,5.49
Bengaluru,2020,9,12,3.4114,21.25,88.17,5.26
Bengaluru,2020,9,13,2.9513,20.61,86.31,5.58
Bengaluru,2020,9,14,3.7538,21.65,82.84,6.25
Bengaluru,2020,9,15,4.1633,22.46,84.51,5.16
Bengaluru,2020,9,16,4.4275,22.9,85.4,4.86
Bengaluru,2020,9,17,5.0448,22.86,84.72,4.7
Bengaluru,2020,9,18,4.6742,22.39,86.2,5.75
Bengaluru,2020,9,19,3.6154,22.23,87.62,5.75
Bengaluru,2020,9,20,2.6986,20.89,87.42,7.74
Bengaluru,2020,9,21,4.0522,20.96,84.69,8.04
Bengaluru,2020,9,22,3.7769,20.78,81.51,7.0
Bengaluru,2020,9,23,5.3971,21.84,81.49,5.43
Bengaluru,2020,9,24,5.3213,22.16,82.21,4.38
Bengaluru,2020,9,25,5.4247,21.62,87.8,2.56
Bengaluru,2020,9,26,3.4838,20.56,90.92,4.37
Bengaluru,2020,9,27,4.8427,21.91,86.51,3.09
Bengaluru,2020,9,28,5.5474,23.13,84.05,2.83
Bengaluru,2020,9,29,4.783,22.87,88.84,3.5
Bengaluru,2020,9,30,4.5739,21.98,89.06,3.82
Bengaluru,2020,10,1,5.8486,21.7,83.0,4.37
Bengaluru,2020,10,2,5.3808,22.67,83.55,2.66
Bengaluru,2020,10,3,5.3964,22.32,87.43,4.28
Bengaluru,2020,10,4,4.3543,21.21,88.17,4.15
Bengaluru,2020,10,5,5.5855,22.19,83.11,3.94
Bengaluru,2020,10,6,6.1733,22.85,83.22,2.94
Bengaluru,2020,10,7,5.6129,23.07,85.24,3.02
Bengaluru,2020,10,8,5.574,22.61,83.94,2.06
Bengaluru,2020,10,9,4.6536,23.04,82.39,1.18
Bengaluru,2020,10,10,5.2008,22.27,92.1,2.94
Bengaluru,2020,10,11,3.2066,21.59,89.92,4.07
Bengaluru,2020,10,12,2.9688,21.72,89.01,5.17
Bengaluru,2020,10,13,2.669,21.1,92.11,5.38
Bengaluru,2020,10,14,3.895,21.4,86.4,6.56
Bengaluru,2020,10,15,4.9582,21.76,87.14,4.92
Bengaluru,2020,10,16,5.939,22.2,85.7,3.06
Bengaluru,2020,10,17,5.0064,21.89,80.82,1.89
Bengaluru,2020,10,18,4.0944,22.34,86.43,1.85
Bengaluru,2020,10,19,4.0258,22.12,90.27,2.22
Bengaluru,2020,10,20,2.7972,22.16,89.89,2.28
Bengaluru,2020,10,21,3.6094,22.28,89.87,2.4
Bengaluru,2020,10,22,4.3627,22.08,89.96,2.17
Bengaluru,2020,10,23,3.8369,22.14,90.8,2.02
Bengaluru,2020,10,24,3.9502,22.48,88.97,1.91
Bengaluru,2020,10,25,4.6457,22.88,82.45,1.27
Bengaluru,2020,10,26,5.7588,22.66,83.5,1.9
Bengaluru,2020,10,27,5.5627,21.55,84.09,2.75
Bengaluru,2020,10,28,5.7504,21.29,84.62,3.0
Bengaluru,2020,10,29,4.8434,20.89,86.68,3.03
Bengaluru,2020,10,30,5.569,21.39,82.93,2.68
Bengaluru,2020,10,31,5.4931,21.95,78.4,2.1
Bengaluru,2020,11,1,5.4089,22.27,79.5,1.73
Bengaluru,2020,11,2,4.7222,22.58,83.66,1.95
Bengaluru,2020,11,3,4.7863,22.59,84.78,2.62
Bengaluru,2020,11,4,4.3217,22.92,86.05,2.6
Bengaluru,2020,11,5,4.6877,22.52,85.14,3.05
Bengaluru,2020,11,6,5.4072,22.45,84.81,2.82
Bengaluru,2020,11,7,5.6978,22.78,86.83,3.09
Bengaluru,2020,11,8,4.2113,22.39,87.45,3.88
Bengaluru,2020,11,9,5.4926,21.04,84.98,3.25
Bengaluru,2020,11,10,6.2038,18.78,80.12,3.3
Bengaluru,2020,11,11,5.352,19.53,87.42,3.78
Bengaluru,2020,11,12,4.2662,21.62,90.33,3.82
Bengaluru,2020,11,13,2.6472,21.97,88.69,4.11
Bengaluru,2020,11,14,4.7666,21.82,87.42,4.36
Bengaluru,2020,11,15,2.9342,22.17,89.26,4.43
Bengaluru,2020,11,16,2.7199,21.84,90.03,4.27
Bengaluru,2020,11,17,3.5964,21.55,88.11,4.34
Bengaluru,2020,11,18,4.1693,21.71,87.6,3.52
Bengaluru,2020,11,19,4.8626,21.53,86.34,3.8
Bengaluru,2020,11,20,5.8433,20.59,83.11,3.44
Bengaluru,2020,11,21,6.2138,19.0,77.15,2.77
Bengaluru,2020,11,22,5.6837,18.12,75.36,2.83
Bengaluru,2020,11,23,4.757,18.26,81.3,2.95
Bengaluru,2020,11,24,4.0668,20.32,87.02,3.47
Bengaluru,2020,11,25,3.1382,21.03,88.48,5.05
Bengaluru,2020,11,26,0.9077,19.14,94.28,8.63
Bengaluru,2020,11,27,4.0039,19.59,89.7,5.48
Bengaluru,2020,11,28,3.5779,20.54,87.51,3.32
Bengaluru,2020,11,29,2.7113,20.98,87.76,3.72
Bengaluru,2020,11,30,4.1129,20.7,86.76,4.18
Bengaluru,2020,12,1,5.3174,19.59,82.3,3.72
Bengaluru,2020,12,2,4.3392,19.78,83.6,4.27
Bengaluru,2020,12,3,2.0633,19.92,91.82,5.14
Bengaluru,2020,12,4,1.962,20.71,91.11,5.02
Bengaluru,2020,12,5,2.5867,21.06,87.34,4.4
Bengaluru,2020,12,6,2.6088,21.54,88.1,4.92
Bengaluru,2020,12,7,2.897,21.78,88.47,4.85
Bengaluru,2020,12,8,3.1066,21.34,88.22,4.54
Bengaluru,2020,12,9,3.8134,21.25,87.39,3.88
Bengaluru,2020,12,10,5.6719,19.48,79.21,2.72
Bengaluru,2020,12,11,5.7552,18.85,78.66,2.6
Bengaluru,2020,12,12,5.4924,18.4,79.62,2.64
Bengaluru,2020,12,13,5.1953,18.5,79.33,2.36
Bengaluru,2020,12,14,5.3928,18.94,81.44,2.81
Bengaluru,2020,12,15,5.3371,18.89,81.72,3.55
Bengaluru,2020,12,16,3.3924,20.52,85.5,3.85
Bengaluru,2020,12,17,2.5212,20.94,86.22,4.15
Bengaluru,2020,12,18,5.478,19.42,86.32,3.77
Bengaluru,2020,12,19,4.4191,19.85,85.2,4.23
Bengaluru,2020,12,20,4.0308,19.09,82.98,4.29
Bengaluru,2020,12,21,5.7746,17.2,81.97,3.65
Bengaluru,2020,12,22,5.2901,18.04,79.68,2.99
Bengaluru,2020,12,23,4.3637,19.19,79.83,2.72
Bengaluru,2020,12,24,4.7278,20.14,81.48,2.62
Bengaluru,2020,12,25,5.0695,20.11,82.8,3.1
Bengaluru,2020,12,26,5.6431,18.68,80.49,3.25
Bengaluru,2020,12,27,5.815,18.28,79.97,2.97
Bengaluru,2020,12,28,5.0088,18.67,74.68,2.19
Bengaluru,2020,12,29,5.0254,19.89,78.82,3.33
Bengaluru,2020,12,30,4.7885,21.09,84.03,4.04
Bengaluru,2020,12,31,2.5745,21.08,84.78,4.93
Bengaluru,2021,1,1,4.9915,18.87,81.29,4.29
Bengaluru,2021,1,2,4.0044,19.86,84.14,3.93
Bengaluru,2021,1,3,3.0974,20.95,82.54,4.2
Bengaluru,2021,1,4,2.0726,21.01,80.6,4.69
Bengaluru,2021,1,5,3.9046,20.98,86.53,3.74
Bengaluru,2021,1,6,2.7034,21.7,86.4,3.33
Bengaluru,2021,1,7,2.8642,21.16,87.96,3.29
Bengaluru,2021,1,8,3.1774,22.02,85.13,3.4
Bengaluru,2021,1,9,2.2937,22.21,83.32,3.86
Bengaluru,2021,1,10,3.8933,21.39,82.98,3.79
Bengaluru,2021,1,11,2.826,20.86,82.66,3.65
Bengaluru,2021,1,12,2.5402,20.05,82.01,4.62
Bengaluru,2021,1,13,4.6414,20.66,77.67,4.7
Bengaluru,2021,1,14,3.5726,20.41,79.63,4.08
Bengaluru,2021,1,15,4.506,21.23,76.72,3.85
Bengaluru,2021,1,16,4.7546,21.45,72.58,3.49
Bengaluru,2021,1,17,5.1989,21.12,74.65,3.43
Bengaluru,2021,1,18,6.0936,20.16,73.55,3.83
Bengaluru,2021,1,19,5.8133,20.17,74.28,3.33
Bengaluru,2021,1,20,5.6604,20.87,71.24,2.13
Bengaluru,2021,1,21,5.7002,22.27,71.25,1.53
Bengaluru,2021,1,22,4.9126,22.55,72.91,2.76
Bengaluru,2021,1,23,5.3772,21.83,71.33,2.76
Bengaluru,2021,1,24,5.8553,21.05,69.06,2.67
Bengaluru,2021,1,25,6.2026,19.72,66.74,3.22
Bengaluru,2021,1,26,6.425,19.64,61.53,3.26
Bengaluru,2021,1,27,6.2021,19.19,65.51,3.51
Bengaluru,2021,1,28,6.0614,20.04,68.92,4.09
Bengaluru,2021,1,29,5.6035,21.06,69.02,3.65
Bengaluru,2021,1,30,5.4228,21.74,67.06,2.89
Bengaluru,2021,1,31,6.0684,21.63,62.62,4.02
Bengaluru,2021,2,1,6.3682,20.36,60.89,4.33
Bengaluru,2021,2,2,6.2227,20.87,66.47,4.33
Bengaluru,2021,2,3,5.4521,21.49,68.2,3.99
Bengaluru,2021,2,4,6.1925,21.07,63.85,3.38
Bengaluru,2021,2,5,6.2719,20.61,63.04,2.98
Bengaluru,2021,2,6,6.4274,20.6,60.9,3.72
Bengaluru,2021,2,7,6.7142,20.16,50.85,4.47
Bengaluru,2021,2,8,6.7346,19.81,58.62,4.36
Bengaluru,2021,2,9,6.5561,19.69,61.61,4.26
Bengaluru,2021,2,10,6.888,19.5,55.57,3.38
Bengaluru,2021,2,11,6.7908,20.07,58.48,3.47
Bengaluru,2021,2,12,6.9007,20.3,57.87,3.49
Bengaluru,2021,2,13,6.8033,20.54,57.24,3.2
Bengaluru,2021,2,14,6.7879,20.8,55.54,2.39
Bengaluru,2021,2,15,6.5141,21.85,55.69,2.19
Bengaluru,2021,2,16,5.8013,22.52,57.46,2.8
Bengaluru,2021,2,17,5.363,22.71,56.9,3.75
Bengaluru,2021,2,18,4.9469,22.23,60.86,4.71
Bengaluru,2021,2,19,4.6246,22.06,62.7,3.84
Bengaluru,2021,2,20,4.3603,21.47,73.36,4.39
Bengaluru,2021,2,21,3.9626,20.95,74.29,5.11
Bengaluru,2021,2,22,5.8202,22.36,63.27,3.13
Bengaluru,2021,2,23,6.7205,23.46,61.13,3.39
Bengaluru,2021,2,24,6.8302,23.55,57.56,2.76
Bengaluru,2021,2,25,6.869,23.98,54.32,2.8
Bengaluru,2021,2,26,6.8443,23.89,50.27,2.75
Bengaluru,2021,2,27,6.6626,24.5,49.84,3.07
Bengaluru,2021,2,28,6.8414,24.14,48.03,4.15
Bengaluru,2021,3,1,7.104,23.39,50.3,3.36
Bengaluru,2021,3,2,6.6662,23.94,51.82,4.13
Bengaluru,2021,3,3,7.0452,23.73,45.48,4.63
Bengaluru,2021,3,4,7.4069,22.64,48.88,4.85
Bengaluru,2021,3,5,7.4606,23.17,47.2,3.23
Bengaluru,2021,3,6,7.3567,24.47,46.94,3.05
Bengaluru,2021,3,7,7.2336,24.6,49.87,3.32
Bengaluru,2021,3,8,7.4503,24.44,49.27,4.09
Bengaluru,2021,3,9,7.4508,24.54,48.44,4.52
Bengaluru,2021,3,10,7.206,25.74,53.42,3.01
Bengaluru,2021,3,11,6.965,26.65,51.34,3.94
Bengaluru,2021,3,12,7.1318,25.5,45.2,3.97
Bengaluru,2021,3,13,7.5545,24.75,45.44,3.8
Bengaluru,2021,3,14,7.5072,25.4,47.05,4.02
Bengaluru,2021,3,15,7.0687,25.79,43.48,3.02
Bengaluru,2021,3,16,7.2629,26.34,41.85,3.5
Bengaluru,2021,3,17,6.7318,26.25,38.61,4.05
Bengaluru,2021,3,18,6.4022,25.43,46.56,4.29
Bengaluru,2021,3,19,7.2113,25.29,41.81,4.34
Bengaluru,2021,3,20,6.7099,25.85,36.75,4.33
Bengaluru,2021,3,21,7.1621,26.3,37.38,3.97
Bengaluru,2021,3,22,7.2072,27.02,38.25,4.0
Bengaluru,2021,3,23,7.2185,27.4,42.89,4.05
Bengaluru,2021,3,24,6.9242,27.75,43.64,4.22
Bengaluru,2021,3,25,6.0886,27.68,40.0,3.8
Bengaluru,2021,3,26,6.9454,28.31,39.19,4.51
Bengaluru,2021,3,27,6.534,26.96,47.38,4.2
Bengaluru,2021,3,28,5.0798,26.84,46.37,3.31
Bengaluru,2021,3,29,5.4106,28.28,41.15,3.72
Bengaluru,2021,3,30,6.2359,29.12,37.04,3.98
Bengaluru,2021,3,31,6.6084,30.7,29.83,3.52
Bengaluru,2021,4,1,7.3726,29.02,30.24,4.39
Bengaluru,2021,4,2,7.6781,28.95,30.31,3.7
Bengaluru,2021,4,3,6.961,30.67,31.43,2.49
Bengaluru,2021,4,4,6.3509,30.1,32.16,3.58
Bengaluru,2021,4,5,6.3437,30.06,38.93,3.9
Bengaluru,2021,4,6,6.415,28.84,44.42,4.51
Bengaluru,2021,4,7,7.0306,29.07,38.33,3.91
Bengaluru,2021,4,8,6.0689,28.62,31.95,4.44
Bengaluru,2021,4,9,6.5467,28.41,37.74,4.41
Bengaluru,2021,4,10,6.7781,28.21,44.51,5.15
Bengaluru,2021,4,11,6.2314,28.45,47.89,4.22
Bengaluru,2021,4,12,5.7744,28.5,50.64,4.2
Bengaluru,2021,4,13,5.7048,27.98,51.56,3.71
Bengaluru,2021,4,14,4.9174,26.99,57.58,2.18
Bengaluru,2021,4,15,5.6194,24.89,73.13,2.01
Bengaluru,2021,4,16,6.3461,26.11,63.5,3.05
Bengaluru,2021,4,17,6.155,26.98,59.81,2.58
Bengaluru,2021,4,18,6.3823,27.32,56.76,2.93
Bengaluru,2021,4,19,6.2316,27.3,60.5,2.01
Bengaluru,2021,4,20,5.291,26.79,61.44,2.04
Bengaluru,2021,4,21,6.0094,26.57,66.22,1.77
Bengaluru,2021,4,22,6.0653,27.07,61.35,1.46
Bengaluru,2021,4,23,5.5466,25.97,66.39,1.53
Bengaluru,2021,4,24,5.837,26.57,65.13,1.55
Bengaluru,2021,4,25,5.9386,27.16,59.96,3.35
Bengaluru,2021,4,26,6.4481,25.62,65.95,2.84
Bengaluru,2021,4,27,6.0593,26.66,61.03,2.54
Bengaluru,2021,4,28,6.5498,27.07,58.54,2.76
Bengaluru,2021,4,29,6.3072,27.76,55.64,2.69
Bengaluru,2021,4,30,5.7686,26.77,61.4,2.85
Bengaluru,2021,5,1,6.3624,26.69,64.91,3.49
Bengaluru,2021,5,2,5.8303,26.86,62.4,2.57
Bengaluru,2021,5,3,5.5788,27.28,60.82,2.94
Bengaluru,2021,5,4,5.2742,27.55,61.03,3.02
Bengaluru,2021,5,5,6.5052,28.23,58.02,3.11
Bengaluru,2021,5,6,6.126,28.07,57.91,3.84
Bengaluru,2021,5,7,5.735,27.79,59.65,4.02
Bengaluru,2021,5,8,5.7732,27.96,57.84,3.78
Bengaluru,2021,5,9,6.768,28.64,56.78,2.94
Bengaluru,2021,5,10,5.0777,28.4,59.52,2.63
Bengaluru,2021,5,11,5.9186,27.27,66.44,2.06
Bengaluru,2021,5,12,4.9356,27.02,70.17,1.81
Bengaluru,2021,5,13,5.8541,26.0,75.75,1.82
Bengaluru,2021,5,14,6.4253,27.2,65.0,4.82
Bengaluru,2021,5,15,3.0389,24.81,75.47,6.3
Bengaluru,2021,5,16,4.0442,25.6,74.03,5.9
Bengaluru,2021,5,17,6.4078,26.98,67.47,3.59
Bengaluru,2021,5,18,6.9132,26.55,68.18,3.6
Bengaluru,2021,5,19,6.6475,25.33,80.84,3.75
Bengaluru,2021,5,20,4.981,24.37,79.53,3.51
Bengaluru,2021,5,21,5.1454,23.76,80.22,3.76
Bengaluru,2021,5,22,5.8598,24.23,78.4,4.19
Bengaluru,2021,5,23,6.2494,24.76,76.87,4.63
Bengaluru,2021,5,24,6.6427,23.97,75.43,4.6
Bengaluru,2021,5,25,5.419,23.04,85.96,4.62
Bengaluru,2021,5,26,5.8411,24.1,76.2,6.66
Bengaluru,2021,5,27,6.7754,24.33,74.16,5.22
Bengaluru,2021,5,28,7.2319,25.25,70.03,5.35
Bengaluru,2021,5,29,7.2041,25.36,70.37,4.41
Bengaluru,2021,5,30,7.1364,25.2,72.95,4.55
Bengaluru,2021,5,31,7.2026,25.59,73.43,4.4
Bengaluru,2021,6,1,6.6458,25.85,74.98,3.31
Bengaluru,2021,6,2,6.5155,25.23,77.55,2.56
Bengaluru,2021,6,3,5.365,24.72,79.01,0.92
Bengaluru,2021,6,4,4.6975,23.61,86.32,3.32
Bengaluru,2021,6,5,4.7431,22.23,84.36,2.76
Bengaluru,2021,6,6,5.9938,24.09,72.91,2.9
Bengaluru,2021,6,7,7.1978,23.23,78.89,3.72
Bengaluru,2021,6,8,7.0994,24.83,72.28,4.42
Bengaluru,2021,6,9,6.1188,24.15,77.55,5.27
Bengaluru,2021,6,10,5.723,24.29,74.73,5.7
Bengaluru,2021,6,11,5.3808,23.32,77.79,5.77
Bengaluru,2021,6,12,4.8626,22.52,75.53,7.5
Bengaluru,2021,6,13,4.6423,22.95,72.7,7.52
Bengaluru,2021,6,14,3.9641,22.68,77.64,8.66
Bengaluru,2021,6,15,4.284,22.59,79.81,7.15
Bengaluru,2021,6,16,4.4213,23.88,75.01,7.31
Bengaluru,2021,6,17,5.3688,23.84,78.15,6.92
Bengaluru,2021,6,18,4.6267,23.1,78.68,6.7
Bengaluru,2021,6,19,5.2733,23.52,79.59,6.26
Bengaluru,2021,6,20,5.8351,23.76,76.14,5.14
Bengaluru,2021,6,21,5.929,24.33,74.53,4.7
Bengaluru,2021,6,22,5.2855,24.13,75.69,4.02
Bengaluru,2021,6,23,5.6885,24.49,75.38,4.01
Bengaluru,2021,6,24,5.8682,24.26,74.27,4.93
Bengaluru,2021,6,25,6.6238,23.58,74.05,5.17
Bengaluru,2021,6,26,4.2926,23.69,74.48,5.49
Bengaluru,2021,6,27,3.8467,21.82,74.63,5.12
Bengaluru,2021,6,28,5.3671,24.15,68.14,2.68
Bengaluru,2021,6,29,6.3917,25.75,70.26,2.68
Bengaluru,2021,6,30,6.5964,25.61,76.84,2.73
Bengaluru,2021,7,1,3.3391,23.77,87.65,2.87
Bengaluru,2021,7,2,5.6177,23.53,84.52,3.67
Bengaluru,2021,7,3,5.1084,23.68,80.84,2.79
Bengaluru,2021,7,4,5.5973,23.3,83.4,2.72
Bengaluru,2021,7,5,6.3557,24.04,79.99,2.37
Bengaluru,2021,7,6,5.7619,23.77,84.16,2.51
Bengaluru,2021,7,7,4.9903,23.06,86.64,3.03
Bengaluru,2021,7,8,6.0353,23.18,85.38,3.61
Bengaluru,2021,7,9,5.1504,23.25,84.45,4.7
Bengaluru,2021,7,10,4.3805,21.77,82.02,5.73
Bengaluru,2021,7,11,4.1513,21.44,82.45,6.2
Bengaluru,2021,7,12,4.488,21.76,81.82,6.56
Bengaluru,2021,7,13,3.5772,23.28,81.39,6.81
Bengaluru,2021,7,14,2.9892,22.86,84.45,6.85
Bengaluru,2021,7,15,2.6532,22.54,83.56,6.38
Bengaluru,2021,7,16,4.842,23.49,82.08,5.01
Bengaluru,2021,7,17,4.661,22.87,86.8,4.73
Bengaluru,2021,7,18,3.1682,22.52,88.74,6.31
Bengaluru,2021,7,19,4.3361,23.4,81.26,6.33
Bengaluru,2021,7,20,5.279,23.27,80.76,7.42
Bengaluru,2021,7,21,2.9873,23.1,80.93,7.14
Bengaluru,2021,7,22,2.6215,22.42,83.54,8.87
Bengaluru,2021,7,23,2.5178,23.44,79.71,7.6
Bengaluru,2021,7,24,4.7614,23.8,80.99,6.21
Bengaluru,2021,7,25,5.0815,22.95,84.99,6.22
Bengaluru,2021,7,26,4.9579,22.92,83.06,5.94
Bengaluru,2021,7,27,5.371,23.17,80.97,5.95
Bengaluru,2021,7,28,5.6258,23.61,78.15,6.41
Bengaluru,2021,7,29,5.3669,23.23,79.96,6.2
Bengaluru,2021,7,30,5.3597,22.82,82.26,5.86
Bengaluru,2021,7,31,4.8667,23.24,80.53,5.86
Bengaluru,2021,8,1,4.6745,23.3,79.24,5.97
Bengaluru,2021,8,2,5.1634,23.14,76.92,6.27
Bengaluru,2021,8,3,4.4971,23.27,79.09,5.7
Bengaluru,2021,8,4,3.9372,23.44,79.82,6.26
Bengaluru,2021,8,5,4.1294,23.58,79.41,6.28
Bengaluru,2021,8,6,4.7016,23.92,79.98,5.95
Bengaluru,2021,8,7,5.484,24.01,81.77,5.01
Bengaluru,2021,8,8,6.0499,24.11,80.69,3.15
Bengaluru,2021,8,9,5.8111,24.12,81.35,3.28
Bengaluru,2021,8,10,4.127,22.65,86.33,4.55
Bengaluru,2021,8,11,4.8962,23.5,82.8,3.58
Bengaluru,2021,8,12,3.563,22.74,85.15,4.66
Bengaluru,2021,8,13,4.6555,23.14,82.43,4.82
Bengaluru,2021,8,14,5.2872,22.52,83.69,4.77
Bengaluru,2021,8,15,4.6128,22.19,81.94,5.23
Bengaluru,2021,8,16,4.3922,22.87,79.91,4.55
Bengaluru,2021,8,17,4.4309,23.51,78.24,4.16
Bengaluru,2021,8,18,4.824,22.99,77.37,4.57
Bengaluru,2021,8,19,4.9817,22.29,77.31,5.54
Bengaluru,2021,8,20,5.813,22.36,79.88,3.67
Bengaluru,2021,8,21,4.4621,22.4,81.17,2.38
Bengaluru,2021,8,22,5.7125,23.2,79.65,1.85
Bengaluru,2021,8,23,5.0496,23.02,85.11,1.7
Bengaluru,2021,8,24,6.0187,23.54,80.21,2.66
Bengaluru,2021,8,25,5.7538,23.62,80.26,3.56
Bengaluru,2021,8,26,6.21,24.0,82.53,2.03
Bengaluru,2021,8,27,4.9428,23.41,86.0,3.39
Bengaluru,2021,8,28,4.2442,22.79,83.01,4.61
Bengaluru,2021,8,29,3.5102,22.48,77.98,5.46
Bengaluru,2021,8,30,4.469,22.0,80.41,5.28
Bengaluru,2021,8,31,5.497,23.3,77.63,4.05
Bengaluru,2021,9,1,5.2596,23.25,80.0,2.66
Bengaluru,2021,9,2,4.0392,22.49,87.06,2.5
Bengaluru,2021,9,3,4.003,22.6,80.97,3.89
Bengaluru,2021,9,4,3.6026,22.14,86.15,4.38
Bengaluru,2021,9,5,4.351,22.58,83.12,5.46
Bengaluru,2021,9,6,4.812,21.93,80.18,6.55
Bengaluru,2021,9,7,4.2259,22.02,81.85,5.92
Bengaluru,2021,9,8,4.7215,22.68,83.53,5.43
Bengaluru,2021,9,9,5.4166,23.0,81.33,4.7
Bengaluru,2021,9,10,5.1502,22.98,82.59,4.72
Bengaluru,2021,9,11,4.969,22.93,83.35,5.2
Bengaluru,2021,9,12,4.7962,23.13,82.17,6.2
Bengaluru,2021,9,13,4.3231,23.1,83.4,6.63
Bengaluru,2021,9,14,4.9406,23.62,82.0,4.89
Bengaluru,2021,9,15,5.3777,23.5,82.63,3.88
Bengaluru,2021,9,16,5.7838,23.54,82.44,3.8
Bengaluru,2021,9,17,6.6881,23.87,79.02,3.23
Bengaluru,2021,9,18,5.9998,24.22,76.14,2.55
Bengaluru,2021,9,19,6.0173,23.56,82.01,2.08
Bengaluru,2021,9,20,4.8094,23.36,85.24,2.25
Bengaluru,2021,9,21,5.9503,23.07,83.55,3.66
Bengaluru,2021,9,22,4.9217,23.12,83.0,3.62
Bengaluru,2021,9,23,4.9896,23.03,83.65,2.96
Bengaluru,2021,9,24,5.4504,23.78,82.11,2.71
Bengaluru,2021,9,25,4.6298,23.18,85.86,2.89
Bengaluru,2021,9,26,4.9788,21.95,86.96,4.02
Bengaluru,2021,9,27,4.643,22.83,82.78,5.47
Bengaluru,2021,9,28,4.4962,21.58,84.45,5.14
Bengaluru,2021,9,29,5.2126,22.27,81.71,4.17
Bengaluru,2021,9,30,5.586,23.26,78.63,1.99
Bengaluru,2021,10,1,4.2794,23.7,82.97,2.36
Bengaluru,2021,10,2,4.6603,23.33,85.5,2.92
Bengaluru,2021,10,3,4.7945,23.14,83.19,3.2
Bengaluru,2021,10,4,5.4202,22.97,85.5,2.46
Bengaluru,2021,10,5,3.6346,23.05,87.12,2.2
Bengaluru,2021,10,6,3.4462,22.78,87.53,2.39
Bengaluru,2021,10,7,5.6971,24.06,81.66,2.11
Bengaluru,2021,10,8,4.5924,23.33,88.97,2.82
Bengaluru,2021,10,9,3.2652,22.96,88.74,3.74
Bengaluru,2021,10,10,5.4329,22.77,87.04,3.27
Bengaluru,2021,10,11,4.7558,23.23,84.75,2.15
Bengaluru,2021,10,12,4.9682,22.59,87.1,2.29
Bengaluru,2021,10,13,4.7009,22.56,87.22,3.5
Bengaluru,2021,10,14,5.293,23.36,82.94,2.23
Bengaluru,2021,10,15,4.0649,23.4,86.61,1.27
Bengaluru,2021,10,16,4.4722,23.58,87.46,2.46
Bengaluru,2021,10,17,4.0879,22.22,90.53,2.62
Bengaluru,2021,10,18,3.5426,23.13,87.69,3.36
Bengaluru,2021,10,19,5.2997,22.87,84.43,1.89
Bengaluru,2021,10,20,3.7586,23.16,86.4,2.01
Bengaluru,2021,10,21,4.9613,22.99,89.36,1.7
Bengaluru,2021,10,22,5.4372,23.17,86.9,2.18
Bengaluru,2021,10,23,5.1478,22.89,86.19,2.24
Bengaluru,2021,10,24,5.5769,22.46,85.0,1.6
Bengaluru,2021,10,25,3.8482,22.13,86.76,2.64
Bengaluru,2021,10,26,3.9588,22.41,85.3,2.14
Bengaluru,2021,10,27,3.8105,21.92,84.5,2.84
Bengaluru,2021,10,28,4.1246,21.65,82.91,2.98
Bengaluru,2021,10,29,3.6852,21.39,87.46,3.2
Bengaluru,2021,10,30,4.0531,22.05,87.82,3.77
Bengaluru,2021,10,31,3.9818,22.04,88.62,3.26
Bengaluru,2021,11,1,3.6523,21.71,89.69,3.36
Bengaluru,2021,11,2,3.4872,21.42,88.4,4.69
Bengaluru,2021,11,3,3.5174,21.73,87.75,3.59
Bengaluru,2021,11,4,4.0723,22.05,88.06,2.75
Bengaluru,2021,11,5,3.919,22.22,85.96,1.45
Bengaluru,2021,11,6,4.4467,21.69,88.94,2.38
Bengaluru,2021,11,7,3.3211,21.56,90.23,3.51
Bengaluru,2021,11,8,2.0652,20.57,93.34,3.04
Bengaluru,2021,11,9,3.9665,20.54,89.66,2.52
Bengaluru,2021,11,10,2.6122,19.8,86.38,3.08
Bengaluru,2021,11,11,2.0419,18.65,90.86,5.9
Bengaluru,2021,11,12,1.8554,19.87,92.88,5.6
Bengaluru,2021,11,13,2.31,22.57,84.72,1.24
Bengaluru,2021,11,14,3.4291,22.32,90.28,1.88
Bengaluru,2021,11,15,3.8275,22.98,88.16,1.93
Bengaluru,2021,11,16,3.521,22.48,89.35,3.31
Bengaluru,2021,11,17,4.0231,22.08,89.94,2.67
Bengaluru,2021,11,18,0.96,19.7,92.65,5.03
Bengaluru,2021,11,19,2.3006,21.89,93.42,5.46
Bengaluru,2021,11,20,3.1109,22.08,91.97,3.81
Bengaluru,2021,11,21,4.2996,21.76,82.52,2.77
Bengaluru,2021,11,22,3.7742,21.55,87.6,2.37
Bengaluru,2021,11,23,5.0179,22.13,88.97,2.65
Bengaluru,2021,11,24,4.6042,21.98,86.12,2.84
Bengaluru,2021,11,25,4.1134,21.12,88.19,3.78
Bengaluru,2021,11,26,3.2292,21.29,87.03,4.19
Bengaluru,2021,11,27,2.2764,20.8,89.97,4.6
Bengaluru,2021,11,28,2.6657,20.03,91.44,4.53
Bengaluru,2021,11,29,2.2615,20.25,90.37,4.56
Bengaluru,2021,11,30,3.8858,21.02,88.26,3.98
Bengaluru,2021,12,1,3.4258,21.71,87.75,4.57
Bengaluru,2021,12,2,3.294,21.8,85.94,3.13
Bengaluru,2021,12,3,3.7639,21.18,84.92,1.92
Bengaluru,2021,12,4,3.9031,21.72,80.07,1.02
Bengaluru,2021,12,5,4.1981,22.22,82.17,1.83
Bengaluru,2021,12,6,3.3298,21.46,86.94,2.01
Bengaluru,2021,12,7,3.7644,21.62,85.32,3.19
Bengaluru,2021,12,8,5.1072,20.68,82.77,3.12
Bengaluru,2021,12,9,3.1114,21.88,85.37,2.52
Bengaluru,2021,12,10,5.5123,20.57,85.14,3.9
Bengaluru,2021,12,11,3.6218,20.82,87.6,4.22
Bengaluru,2021,12,12,3.5129,20.66,87.26,4.57
Bengaluru,2021,12,13,3.2383,20.9,87.83,4.19
Bengaluru,2021,12,14,3.4613,20.11,87.69,4.34
Bengaluru,2021,12,15,3.2666,20.14,85.28,3.94
Bengaluru,2021,12,16,4.663,19.96,84.29,3.72
Bengaluru,2021,12,17,5.1302,19.69,82.23,2.99
Bengaluru,2021,12,18,4.9493,18.22,80.39,3.44
Bengaluru,2021,12,19,5.3734,17.08,79.4,3.45
Bengaluru,2021,12,20,5.5649,17.15,81.45,3.11
Bengaluru,2021,12,21,5.2625,18.15,74.0,1.7
Bengaluru,2021,12,22,4.8286,17.69,78.01,2.36
Bengaluru,2021,12,23,5.0614,17.96,76.31,2.23
Bengaluru,2021,12,24,5.3522,17.61,73.09,2.42
Bengaluru,2021,12,25,5.477,18.31,77.05,2.49
Bengaluru,2021,12,26,5.3986,18.7,80.71,2.73
Bengaluru,2021,12,27,5.6186,18.48,81.15,3.09
Bengaluru,2021,12,28,5.4958,18.48,82.94,3.33
Bengaluru,2021,12,29,5.2567,18.96,82.45,3.35
Bengaluru,2021,12,30,4.4986,19.49,83.39,3.94
Bengaluru,2021,12,31,2.7641,20.63,86.54,5.22
Bengaluru,2022,1,1,3.5268,20.72,85.66,4.83
Bengaluru,2022,1,2,5.2426,20.2,83.39,4.33
Bengaluru,2022,1,3,5.2183,19.63,78.96,3.2
Bengaluru,2022,1,4,5.2294,19.48,81.36,3.14
Bengaluru,2022,1,5,5.3335,19.59,77.66,1.75
Bengaluru,2022,1,6,5.3654,19.83,80.79,2.87
Bengaluru,2022,1,7,4.7546,20.39,81.7,3.29
Bengaluru,2022,1,8,4.2442,20.76,81.81,2.88
Bengaluru,2022,1,9,4.8134,20.89,80.97,3.0
Bengaluru,2022,1,10,4.9646,20.22,77.92,3.18
Bengaluru,2022,1,11,5.4473,20.61,77.77,3.06
Bengaluru,2022,1,12,4.7006,21.12,80.29,2.98
Bengaluru,2022,1,13,5.2094,21.43,79.51,2.89
Bengaluru,2022,1,14,5.0172,21.59,78.49,2.35
Bengaluru,2022,1,15,5.3712,22.13,73.33,1.41
Bengaluru,2022,1,16,4.674,21.72,78.88,3.53
Bengaluru,2022,1,17,4.9822,21.22,78.42,3.94
Bengaluru,2022,1,18,5.0851,20.6,75.65,3.18
Bengaluru,2022,1,19,5.687,20.16,72.14,2.77
Bengaluru,2022,1,20,5.9009,20.17,63.92,2.22
Bengaluru,2022,1,21,5.9647,21.21,63.12,2.06
Bengaluru,2022,1,22,6.143,20.62,65.11,2.64
Bengaluru,2022,1,23,6.1901,20.01,69.45,2.65
Bengaluru,2022,1,24,6.3115,20.13,62.8,2.18
Bengaluru,2022,1,25,5.5433,20.92,71.47,1.54
Bengaluru,2022,1,26,4.7976,21.42,81.19,2.83
Bengaluru,2022,1,27,4.5398,21.49,75.83,3.91
Bengaluru,2022,1,28,3.7793,20.75,73.84,4.69
Bengaluru,2022,1,29,4.4222,21.24,74.44,4.12
Bengaluru,2022,1,30,5.0426,22.71,71.88,1.35
Bengaluru,2022,1,31,5.6866,23.6,69.69,1.81
Bengaluru,2022,2,1,5.3765,23.02,70.03,2.51
Bengaluru,2022,2,2,5.7886,22.24,65.8,2.47
Bengaluru,2022,2,3,4.8977,21.57,69.01,2.72
Bengaluru,2022,2,4,6.3701,22.14,63.54,2.8
Bengaluru,2022,2,5,6.1272,22.14,66.78,2.84
Bengaluru,2022,2,6,4.8401,22.92,71.58,3.79
Bengaluru,2022,2,7,5.3405,22.54,69.43,2.39
Bengaluru,2022,2,8,5.471,22.43,66.73,2.39
Bengaluru,2022,2,9,6.0715,21.81,66.42,3.72
Bengaluru,2022,2,10,6.2914,21.45,57.94,3.49
Bengaluru,2022,2,11,6.4018,21.69,56.93,5.02
Bengaluru,2022,2,12,6.2873,22.06,63.41,4.31
Bengaluru,2022,2,13,6.0274,21.41,61.85,3.78
Bengaluru,2022,2,14,5.3316,21.72,63.43,2.95
Bengaluru,2022,2,15,5.0004,22.15,66.03,3.02
Bengaluru,2022,2,16,5.3117,22.76,62.5,2.14
Bengaluru,2022,2,17,5.9364,22.68,62.15,2.65
Bengaluru,2022,2,18,6.3096,22.71,61.18,4.11
Bengaluru,2022,2,19,6.5026,22.97,58.34,4.28
Bengaluru,2022,2,20,6.6029,23.8,55.62,1.95
Bengaluru,2022,2,21,6.4308,24.62,60.03,2.09
Bengaluru,2022,2,22,5.5358,24.97,56.08,3.63
Bengaluru,2022,2,23,6.6211,23.45,58.48,4.74
Bengaluru,2022,2,24,7.0562,22.54,54.16,3.51
Bengaluru,2022,2,25,6.8947,22.44,49.27,4.04
Bengaluru,2022,2,26,7.3152,21.63,54.72,3.9
Bengaluru,2022,2,27,7.1381,23.31,58.58,3.45
Bengaluru,2022,2,28,7.3008,22.87,53.38,3.17
Bengaluru,2022,3,1,7.14,23.43,49.46,4.09
Bengaluru,2022,3,2,6.4236,22.92,38.76,4.57
Bengaluru,2022,3,3,6.8455,22.8,40.86,5.12
Bengaluru,2022,3,4,7.0046,23.39,36.74,5.05
Bengaluru,2022,3,5,7.0596,23.82,45.38,5.07
Bengaluru,2022,3,6,6.4162,23.9,52.91,5.55
Bengaluru,2022,3,7,4.1146,23.23,54.4,5.28
Bengaluru,2022,3,8,6.7735,24.97,49.96,4.2
Bengaluru,2022,3,9,6.6766,25.82,45.63,3.6
Bengaluru,2022,3,10,7.0646,25.83,40.23,4.72
Bengaluru,2022,3,11,6.9007,25.63,32.85,5.22
Bengaluru,2022,3,12,7.2238,25.81,30.83,5.05
Bengaluru,2022,3,13,6.8018,25.37,34.05,4.79
Bengaluru,2022,3,14,6.575,26.4,37.56,3.65
Bengaluru,2022,3,15,5.9398,26.72,35.25,3.0
Bengaluru,2022,3,16,6.1219,26.47,36.02,3.58
Bengaluru,2022,3,17,5.9064,27.12,30.23,3.85
Bengaluru,2022,3,18,6.168,27.81,33.16,2.83
Bengaluru,2022,3,19,5.8178,28.46,35.43,2.58
Bengaluru,2022,3,20,4.8415,26.19,57.19,2.45
Bengaluru,2022,3,21,5.9177,26.76,58.02,1.84
Bengaluru,2022,3,22,4.8502,26.26,62.97,2.28
Bengaluru,2022,3,23,4.9973,27.65,54.59,2.68
Bengaluru,2022,3,24,4.8478,27.35,56.16,1.79
Bengaluru,2022,3,25,4.6968,27.88,49.84,2.86
Bengaluru,2022,3,26,5.6491,28.27,49.76,3.32
Bengaluru,2022,3,27,6.0137,28.81,48.62,4.58
Bengaluru,2022,3,28,6.2642,28.85,47.73,3.95
Bengaluru,2022,3,29,6.1651,29.64,43.4,3.36
Bengaluru,2022,3,30,5.8032,30.0,40.22,3.16
Bengaluru,2022,3,31,6.1174,30.16,38.39,3.35
Bengaluru,2022,4,1,5.2836,29.91,38.47,4.01
Bengaluru,2022,4,2,5.8104,28.72,43.09,4.16
Bengaluru,2022,4,3,6.5561,28.59,44.73,4.83
Bengaluru,2022,4,4,6.6389,28.61,46.34,4.75
Bengaluru,2022,4,5,6.7867,28.07,44.87,5.26
Bengaluru,2022,4,6,6.9869,28.11,40.52,4.69
Bengaluru,2022,4,7,6.9281,27.39,48.96,4.67
Bengaluru,2022,4,8,6.1442,28.1,52.25,4.34
Bengaluru,2022,4,9,6.191,27.96,53.89,3.82
Bengaluru,2022,4,10,4.5398,28.56,44.78,4.43
Bengaluru,2022,4,11,6.2246,27.88,47.5,3.73
Bengaluru,2022,4,12,5.531,29.05,44.14,4.0
Bengaluru,2022,4,13,4.0855,27.56,56.46,3.64
Bengaluru,2022,4,14,4.6085,25.23,62.32,2.81
Bengaluru,2022,4,15,6.876,27.76,56.89,1.23
Bengaluru,2022,4,16,6.9562,28.72,54.39,2.43
Bengaluru,2022,4,17,6.5347,26.82,65.49,2.73
Bengaluru,2022,4,18,6.0984,26.48,60.74,3.53
Bengaluru,2022,4,19,6.1814,26.05,66.78,2.78
Bengaluru,2022,4,20,6.7738,28.1,55.37,3.1
Bengaluru,2022,4,21,7.1846,27.45,59.52,3.71
Bengaluru,2022,4,22,6.8038,26.78,61.66,3.64
Bengaluru,2022,4,23,5.496,25.93,65.9,3.57
Bengaluru,2022,4,24,6.4428,27.73,52.58,2.97
Bengaluru,2022,4,25,7.0882,27.65,53.84,2.98
Bengaluru,2022,4,26,7.1462,28.44,46.97,3.23
Bengaluru,2022,4,27,7.385,28.83,50.75,3.93
Bengaluru,2022,4,28,7.2876,29.18,49.88,3.53
Bengaluru,2022,4,29,6.7858,29.94,47.9,4.45
Bengaluru,2022,4,30,6.6233,29.98,49.96,2.63
Bengaluru,2022,5,1,6.1174,30.31,52.38,2.08
Bengaluru,2022,5,2,6.8995,28.76,62.16,2.72
Bengaluru,2022,5,3,6.8794,27.77,63.48,2.62
Bengaluru,2022,5,4,6.1505,28.44,60.84,2.88
Bengaluru,2022,5,5,5.2037,27.11,65.39,2.32
Bengaluru,2022,5,6,6.4536,27.4,62.09,1.75
Bengaluru,2022,5,7,6.0329,27.35,64.03,2.24
Bengaluru,2022,5,8,5.4852,27.81,62.57,2.47
Bengaluru,2022,5,9,4.6522,27.31,65.58,2.9
Bengaluru,2022,5,10,2.1125,26.4,68.95,5.35
Bengaluru,2022,5,11,3.7409,25.2,73.35,7.33
Bengaluru,2022,5,12,1.7938,24.54,76.26,5.8
Bengaluru,2022,5,13,3.7313,25.61,73.96,4.22
Bengaluru,2022,5,14,4.4462,25.35,76.35,3.31
Bengaluru,2022,5,15,5.4336,24.21,84.68,3.28
Bengaluru,2022,5,16,3.0094,25.13,81.11,3.34
Bengaluru,2022,5,17,4.2245,25.1,71.44,1.67
Bengaluru,2022,5,18,3.583,24.38,79.89,2.12
Bengaluru,2022,5,19,2.3282,22.64,87.21,4.99
Bengaluru,2022,5,20,4.8797,22.05,82.12,6.37
Bengaluru,2022,5,21,4.9402,23.51,75.97,5.97
Bengaluru,2022,5,22,4.8965,24.39,77.29,6.0
Bengaluru,2022,5,23,6.6266,25.31,75.7,4.67
Bengaluru,2022,5,24,7.1232,26.15,73.19,3.62
Bengaluru,2022,5,25,6.1416,26.3,71.36,2.38
Bengaluru,2022,5,26,6.2177,25.46,73.94,3.4
Bengaluru,2022,5,27,7.0229,24.38,76.25,4.34
Bengaluru,2022,5,28,7.2216,24.5,73.33,4.82
Bengaluru,2022,5,29,7.3958,24.83,69.24,4.22
Bengaluru,2022,5,30,6.2436,25.28,71.11,3.61
Bengaluru,2022,5,31,5.8433,23.55,78.83,4.02
Bengaluru,2022,6,1,6.0283,23.49,79.46,4.75
Bengaluru,2022,6,2,6.1488,25.09,73.28,3.04
Bengaluru,2022,6,3,6.7824,24.96,74.95,2.91
Bengaluru,2022,6,4,6.7843,24.32,75.55,3.5
Bengaluru,2022,6,5,6.3965,24.87,76.26,2.17
Bengaluru,2022,6,6,5.9563,24.37,76.62,2.16
Bengaluru,2022,6,7,4.518,24.71,76.44,3.78
Bengaluru,2022,6,8,6.7205,24.56,75.07,5.01
Bengaluru,2022,6,9,6.4265,25.28,70.31,5.2
Bengaluru,2022,6,10,6.0514,24.79,72.59,5.73
Bengaluru,2022,6,11,6.245,24.6,70.64,5.31
Bengaluru,2022,6,12,6.2458,23.66,71.84,4.66
Bengaluru,2022,6,13,6.0929,24.04,73.8,3.49
Bengaluru,2022,6,14,6.8002,24.15,78.12,3.78
Bengaluru,2022,6,15,4.8967,23.32,80.65,3.65
Bengaluru,2022,6,16,5.9342,23.18,84.05,2.02
Bengaluru,2022,6,17,6.0821,21.74,84.67,2.22
Bengaluru,2022,6,18,5.3758,22.02,86.81,2.33
Bengaluru,2022,6,19,5.7353,23.17,86.05,2.95
Bengaluru,2022,6,20,5.3738,23.2,79.53,4.37
Bengaluru,2022,6,21,4.8444,23.01,81.91,4.72
Bengaluru,2022,6,22,3.9394,22.32,85.63,3.64
Bengaluru,2022,6,23,4.4534,23.15,80.31,4.34
Bengaluru,2022,6,24,6.0874,22.26,84.76,5.66
Bengaluru,2022,6,25,3.9571,22.67,81.21,5.92
Bengaluru,2022,6,26,5.2819,23.12,79.43,6.37
Bengaluru,2022,6,27,4.843,23.81,76.61,6.0
Bengaluru,2022,6,28,5.1413,23.95,77.12,4.89
Bengaluru,2022,6,29,5.5906,24.13,79.52,4.35
Bengaluru,2022,6,30,4.4868,23.57,82.75,5.0
Bengaluru,2022,7,1,4.8552,23.2,84.03,5.05
Bengaluru,2022,7,2,4.7966,22.83,84.87,4.94
Bengaluru,2022,7,3,4.0721,23.52,81.4,5.73
Bengaluru,2022,7,4,3.8208,22.44,83.42,6.84
Bengaluru,2022,7,5,3.5762,22.37,84.1,6.51
Bengaluru,2022,7,6,2.635,22.56,81.81,6.09
Bengaluru,2022,7,7,3.1642,22.55,83.8,6.35
Bengaluru,2022,7,8,3.9317,22.27,82.37,6.99
Bengaluru,2022,7,9,3.1046,22.61,83.41,7.02
Bengaluru,2022,7,10,3.5081,22.93,80.17,7.33
Bengaluru,2022,7,11,2.8495,23.11,80.01,6.97
Bengaluru,2022,7,12,4.7652,22.79,80.38,8.08
Bengaluru,2022,7,13,3.7022,22.87,78.86,9.72
Bengaluru,2022,7,14,3.4697,22.43,78.31,10.31
Bengaluru,2022,7,15,4.0687,23.32,76.98,8.17
Bengaluru,2022,7,16,3.9778,23.57,80.63,6.66
Bengaluru,2022,7,17,4.1066,23.09,81.89,7.05
Bengaluru,2022,7,18,3.397,22.68,82.1,5.59
Bengaluru,2022,7,19,5.963,22.95,82.54,3.4
Bengaluru,2022,7,20,5.4278,23.77,81.67,2.94
Bengaluru,2022,7,21,5.0395,23.26,84.52,3.28
Bengaluru,2022,7,22,3.7154,22.51,86.68,3.87
Bengaluru,2022,7,23,4.1777,22.84,82.61,4.59
Bengaluru,2022,7,24,4.1309,22.99,80.88,4.79
Bengaluru,2022,7,25,5.3834,22.91,80.91,3.77
Bengaluru,2022,7,26,4.7441,22.22,84.1,3.92
Bengaluru,2022,7,27,4.7338,22.88,85.09,2.95
Bengaluru,2022,7,28,5.7974,24.1,78.61,1.81
Bengaluru,2022,7,29,5.9801,23.39,80.18,1.8
Bengaluru,2022,7,30,5.9842,24.39,76.57,1.27
Bengaluru,2022,7,31,4.9865,24.02,84.58,1.79
Bengaluru,2022,8,1,5.6124,23.93,84.35,2.77
Bengaluru,2022,8,2,4.5526,23.89,83.76,2.34
Bengaluru,2022,8,3,3.2885,22.77,83.4,2.71
Bengaluru,2022,8,4,2.3064,22.06,85.69,1.78
Bengaluru,2022,8,5,3.012,22.62,84.42,7.65
Bengaluru,2022,8,6,3.3806,22.5,84.33,7.87
Bengaluru,2022,8,7,3.1507,22.28,86.36,7.41
Bengaluru,2022,8,8,3.4805,22.39,85.48,8.11
Bengaluru,2022,8,9,3.852,22.49,81.48,8.81
Bengaluru,2022,8,10,4.9406,22.1,81.41,8.01
Bengaluru,2022,8,11,4.6963,22.64,82.13,6.88
Bengaluru,2022,8,12,4.6507,22.86,81.25,6.2
Bengaluru,2022,8,13,5.5267,22.2,82.48,5.01
Bengaluru,2022,8,14,4.6058,22.82,78.98,5.46
Bengaluru,2022,8,15,5.1346,23.63,78.49,4.2
Bengaluru,2022,8,16,6.3144,24.23,76.83,2.38
Bengaluru,2022,8,17,5.9726,24.05,79.47,3.32
Bengaluru,2022,8,18,5.0671,22.91,86.48,4.46
Bengaluru,2022,8,19,4.7652,23.02,84.18,5.1
Bengaluru,2022,8,20,4.8173,22.87,83.98,4.9
Bengaluru,2022,8,21,4.5955,22.87,85.15,5.05
Bengaluru,2022,8,22,4.3805,22.83,85.48,5.55
Bengaluru,2022,8,23,5.5862,23.28,83.66,4.95
Bengaluru,2022,8,24,4.343,22.86,84.98,4.57
Bengaluru,2022,8,25,3.9221,22.28,86.29,4.12
Bengaluru,2022,8,26,4.3651,22.0,90.52,3.42
Bengaluru,2022,8,27,4.2254,22.02,89.28,4.0
Bengaluru,2022,8,28,5.4823,22.53,86.92,3.68
Bengaluru,2022,8,29,3.9293,22.84,89.66,2.69
Bengaluru,2022,8,30,5.5318,23.67,86.74,2.77
Bengaluru,2022,8,31,4.9387,22.53,90.56,2.65
Bengaluru,2022,9,1,3.2592,23.1,83.85,1.56
Bengaluru,2022,9,2,5.0748,23.3,85.24,2.39
Bengaluru,2022,9,3,5.6035,24.24,82.53,1.29
Bengaluru,2022,9,4,5.4401,23.57,89.64,1.84
Bengaluru,2022,9,5,5.8433,24.12,83.96,1.22
Bengaluru,2022,9,6,4.8178,23.13,86.43,1.96
Bengaluru,2022,9,7,4.374,22.26,88.64,2.15
Bengaluru,2022,9,8,2.8634,22.06,89.52,3.94
Bengaluru,2022,9,9,4.4225,22.3,90.33,4.33
Bengaluru,2022,9,10,3.8506,22.27,88.73,5.45
Bengaluru,2022,9,11,3.9451,21.95,88.36,6.13
Bengaluru,2022,9,12,5.0959,22.07,86.68,6.84
Bengaluru,2022,9,13,4.5883,22.48,87.81,4.84
Bengaluru,2022,9,14,4.963,22.21,88.65,3.76
Bengaluru,2022,9,15,5.0366,21.9,88.61,3.83
Bengaluru,2022,9,16,5.2495,22.62,87.24,3.93
Bengaluru,2022,9,17,6.0192,22.37,87.76,3.48
Bengaluru,2022,9,18,5.6083,22.75,86.23,3.71
Bengaluru,2022,9,19,5.1706,22.52,86.55,4.41
Bengaluru,2022,9,20,5.4958,21.41,82.76,4.18
Bengaluru,2022,9,21,5.5558,22.02,84.6,3.92
Bengaluru,2022,9,22,6.3554,22.14,81.47,4.23
Bengaluru,2022,9,23,6.0329,21.42,84.75,3.71
Bengaluru,2022,9,24,5.622,22.26,84.27,3.87
Bengaluru,2022,9,25,6.0154,22.68,82.71,3.46
Bengaluru,2022,9,26,4.5874,23.04,86.46,3.4
Bengaluru,2022,9,27,4.523,22.21,87.8,3.12
Bengaluru,2022,9,28,4.2722,22.47,85.5,3.38
Bengaluru,2022,9,29,4.5475,21.87,87.46,3.3
Bengaluru,2022,9,30,4.0219,21.27,89.82,4.24
Bengaluru,2022,10,1,3.3346,21.54,87.97,4.85
Bengaluru,2022,10,2,3.9888,21.43,86.06,4.64
Bengaluru,2022,10,3,3.6454,22.07,86.38,4.7
Bengaluru,2022,10,4,4.7705,22.02,88.88,3.86
Bengaluru,2022,10,5,4.0678,21.64,91.06,3.4
Bengaluru,2022,10,6,3.5292,21.97,87.63,3.29
Bengaluru,2022,10,7,5.9002,22.16,85.87,2.6
Bengaluru,2022,10,8,5.105,21.47,87.17,2.62
Bengaluru,2022,10,9,3.1147,22.0,89.22,2.79
Bengaluru,2022,10,10,3.2402,23.23,88.5,3.0
Bengaluru,2022,10,11,3.4406,22.98,89.62,3.13
Bengaluru,2022,10,12,3.7709,22.99,88.71,2.22
Bengaluru,2022,10,13,4.6682,22.91,88.68,1.74
Bengaluru,2022,10,14,4.7856,23.62,84.27,1.81
Bengaluru,2022,10,15,4.0493,22.98,88.47,1.99
Bengaluru,2022,10,16,4.0459,23.36,88.52,2.9
Bengaluru,2022,10,17,4.7184,23.43,89.33,2.94
Bengaluru,2022,10,18,4.8494,23.19,87.66,2.15
Bengaluru,2022,10,19,5.0278,23.06,85.27,1.59
Bengaluru,2022,10,20,5.1739,22.95,86.27,2.46
Bengaluru,2022,10,21,4.5305,22.45,87.28,2.84
Bengaluru,2022,10,22,5.1178,21.98,87.45,3.12
Bengaluru,2022,10,23,5.9285,20.94,83.79,2.88
Bengaluru,2022,10,24,6.2114,18.96,76.05,3.64
Bengaluru,2022,10,25,6.6293,19.07,70.96,2.75
Bengaluru,2022,10,26,6.4344,19.7,71.17,2.11
Bengaluru,2022,10,27,6.4078,19.66,78.36,2.77
Bengaluru,2022,10,28,4.165,20.95,86.9,3.22
Bengaluru,2022,10,29,3.9089,21.67,87.82,3.58
Bengaluru,2022,10,30,3.5419,21.64,86.69,3.29
Bengaluru,2022,10,31,5.4024,20.31,88.26,2.93
Bengaluru,2022,11,1,2.9849,20.21,93.18,3.41
Bengaluru,2022,11,2,2.6011,20.12,89.63,3.53
Bengaluru,2022,11,3,2.9981,20.3,85.56,3.65
Bengaluru,2022,11,4,3.8054,20.56,86.1,3.76
Bengaluru,2022,11,5,5.2735,20.62,84.18,3.45
Bengaluru,2022,11,6,3.8446,20.77,88.35,3.3
Bengaluru,2022,11,7,5.7938,20.02,82.15,3.18
Bengaluru,2022,11,8,5.3198,20.75,87.6,3.3
Bengaluru,2022,11,9,5.0839,21.37,84.77,2.92
Bengaluru,2022,11,10,5.3381,21.39,84.91,3.51
Bengaluru,2022,11,11,1.2696,20.02,88.59,5.26
Bengaluru,2022,11,12,1.4719,20.35,91.92,4.41
Bengaluru,2022,11,13,2.9081,20.77,89.24,3.78
Bengaluru,2022,11,14,4.5689,21.33,88.72,2.55
Bengaluru,2022,11,15,4.3997,21.59,87.62,2.35
Bengaluru,2022,11,16,5.0131,20.8,86.23,2.63
Bengaluru,2022,11,17,5.3782,18.65,78.06,3.14
Bengaluru,2022,11,18,5.7118,17.62,75.28,3.08
Bengaluru,2022,11,19,5.1041,17.79,79.84,3.25
Bengaluru,2022,11,20,4.6306,17.37,77.83,2.67
Bengaluru,2022,11,21,5.4324,16.92,87.67,2.81
Bengaluru,2022,11,22,2.3455,20.16,89.71,2.53
Bengaluru,2022,11,23,2.621,21.37,89.41,2.58
Bengaluru,2022,11,24,1.8593,21.63,87.46,3.39
Bengaluru,2022,11,25,4.5974,21.4,86.21,3.11
Bengaluru,2022,11,26,5.1242,21.57,84.52,2.6
Bengaluru,2022,11,27,4.1122,21.94,83.69,1.81
Bengaluru,2022,11,28,3.3878,22.06,85.45,1.89
Bengaluru,2022,11,29,3.5573,21.26,83.85,2.91
Bengaluru,2022,11,30,5.1139,18.66,78.73,2.92
Bengaluru,2022,12,1,3.4111,20.8,87.83,3.09
Bengaluru,2022,12,2,4.3243,21.93,86.09,3.05
Bengaluru,2022,12,3,5.1905,21.77,85.71,3.41
Bengaluru,2022,12,4,5.034,21.29,86.33,3.49
Bengaluru,2022,12,5,4.0178,20.85,87.18,3.36
Bengaluru,2022,12,6,3.2738,20.64,84.93,2.81
Bengaluru,2022,12,7,3.9799,19.11,80.51,3.41
Bengaluru,2022,12,8,3.7375,17.31,77.64,3.45
Bengaluru,2022,12,9,2.4468,17.79,83.38,5.11
Bengaluru,2022,12,10,1.5281,19.26,93.76,7.41
Bengaluru,2022,12,11,1.9121,21.04,90.83,4.44
Bengaluru,2022,12,12,2.6482,20.8,92.76,4.25
Bengaluru,2022,12,13,3.367,21.12,89.84,4.43
Bengaluru,2022,12,14,3.8078,20.79,86.79,3.46
Bengaluru,2022,12,15,5.8819,20.03,79.32,3.1
Bengaluru,2022,12,16,5.8961,19.25,76.11,3.15
Bengaluru,2022,12,17,5.2687,19.9,84.12,3.15
Bengaluru,2022,12,18,4.1582,20.55,86.92,3.81
Bengaluru,2022,12,19,5.2879,17.88,84.75,3.48
Bengaluru,2022,12,20,5.1331,18.84,81.31,2.87
Bengaluru,2022,12,21,5.4612,18.39,75.49,3.04
Bengaluru,2022,12,22,5.8138,17.5,77.37,3.55
Bengaluru,2022,12,23,5.5642,19.35,84.27,3.17
Bengaluru,2022,12,24,5.6129,20.47,83.55,3.06
Bengaluru,2022,12,25,2.4022,21.29,87.92,4.54
Bengaluru,2022,12,26,2.9023,21.19,87.28,4.5
Bengaluru,2022,12,27,2.8742,21.09,87.3,3.77
Bengaluru,2022,12,28,5.2877,21.5,85.92,3.09
Bengaluru,2022,12,29,5.6518,20.79,82.26,3.05
Bengaluru,2022,12,30,5.8915,19.25,78.02,2.81
Bengaluru,2022,12,31,5.9016,18.84,73.82,2.17
Bengaluru,2023,1,1,5.7029,18.53,76.63,2.72
Bengaluru,2023,1,2,5.8274,18.57,81.34,3.68
Bengaluru,2023,1,3,5.2486,18.94,80.9,3.24
Bengaluru,2023,1,4,5.4226,19.22,80.99,3.47
Bengaluru,2023,1,5,4.123,18.78,81.13,4.28
Bengaluru,2023,1,6,4.7527,18.89,83.05,4.64
Bengaluru,2023,1,7,4.7933,19.36,82.9,4.05
Bengaluru,2023,1,8,4.8257,19.3,80.76,3.11
Bengaluru,2023,1,9,5.7802,18.05,71.84,3.02
Bengaluru,2023,1,10,6.0768,16.62,74.99,3.71
Bengaluru,2023,1,11,6.15,17.17,71.12,2.69
Bengaluru,2023,1,12,6.2726,17.92,65.4,2.44
Bengaluru,2023,1,13,5.2858,18.12,71.58,2.2
Bengaluru,2023,1,14,6.0014,17.89,68.49,2.29
Bengaluru,2023,1,15,6.2244,17.84,68.45,2.24
Bengaluru,2023,1,16,6.131,18.39,68.26,2.49
Bengaluru,2023,1,17,6.2244,18.05,70.56,2.28
Bengaluru,2023,1,18,6.2028,18.29,73.7,2.92
Bengaluru,2023,1,19,6.3518,18.23,70.27,3.25
Bengaluru,2023,1,20,5.6059,18.16,79.29,3.49
Bengaluru,2023,1,21,4.9771,19.34,76.61,3.32
Bengaluru,2023,1,22,5.531,18.87,70.86,3.67
Bengaluru,2023,1,23,4.6157,20.13,79.09,3.85
Bengaluru,2023,1,24,3.8263,20.98,75.82,3.18
Bengaluru,2023,1,25,5.7528,19.7,72.94,3.2
Bengaluru,2023,1,26,6.0672,19.3,70.88,3.19
Bengaluru,2023,1,27,6.1668,18.98,67.89,3.62
Bengaluru,2023,1,28,6.2993,18.54,63.64,3.92
Bengaluru,2023,1,29,6.0355,19.14,67.93,4.16
Bengaluru,2023,1,30,4.2458,20.89,76.99,3.48
Bengaluru,2023,1,31,5.0597,21.23,70.23,3.74
Bengaluru,2023,2,1,5.347,21.21,65.42,4.06
Bengaluru,2023,2,2,4.085,20.91,66.39,4.33
Bengaluru,2023,2,3,2.609,21.8,68.59,4.19
Bengaluru,2023,2,4,6.2198,22.43,66.01,4.4
Bengaluru,2023,2,5,6.3878,22.26,59.22,3.19
Bengaluru,2023,2,6,6.023,21.4,63.84,2.85
Bengaluru,2023,2,7,6.2628,21.2,63.89,1.71
Bengaluru,2023,2,8,6.0336,22.06,61.95,3.18
Bengaluru,2023,2,9,6.3113,21.74,61.56,3.42
Bengaluru,2023,2,10,6.2729,21.82,62.36,3.46
Bengaluru,2023,2,11,6.0737,21.94,56.14,3.55
Bengaluru,2023,2,12,6.7478,22.52,51.88,3.69
Bengaluru,2023,2,13,6.8412,21.99,49.12,4.2
Bengaluru,2023,2,14,6.9161,21.57,54.11,3.35
Bengaluru,2023,2,15,6.9379,21.49,53.67,3.32
Bengaluru,2023,2,16,6.7296,21.76,52.86,4.26
Bengaluru,2023,2,17,6.8825,21.42,57.93,3.72
Bengaluru,2023,2,18,6.9046,21.63,58.81,3.26
Bengaluru,2023,2,19,6.7764,22.06,59.3,3.19
Bengaluru,2023,2,20,6.8902,22.33,53.76,2.61
Bengaluru,2023,2,21,6.9132,22.52,52.44,3.04
Bengaluru,2023,2,22,6.7018,22.47,52.07,4.11
Bengaluru,2023,2,23,7.2785,21.61,51.75,4.43
Bengaluru,2023,2,24,7.356,21.69,47.05,3.78
Bengaluru,2023,2,25,7.3694,22.58,39.21,4.36
Bengaluru,2023,2,26,7.0548,22.51,43.36,4.75
Bengaluru,2023,2,27,7.326,21.53,50.01,4.64
Bengaluru,2023,2,28,6.7126,22.07,51.97,4.19
Bengaluru,2023,3,1,6.1747,23.85,56.23,4.51
Bengaluru,2023,3,2,7.3762,22.13,45.57,5.12
Bengaluru,2023,3,3,7.4138,22.1,43.88,5.47
Bengaluru,2023,3,4,7.2722,22.63,38.93,5.39
Bengaluru,2023,3,5,7.2682,22.93,39.07,5.1
Bengaluru,2023,3,6,7.3735,23.01,38.91,5.19
Bengaluru,2023,3,7,5.988,23.21,39.53,5.07
Bengaluru,2023,3,8,7.2466,23.36,44.32,5.04
Bengaluru,2023,3,9,5.6316,22.66,46.32,4.31
Bengaluru,2023,3,10,6.1956,23.39,46.29,4.85
Bengaluru,2023,3,11,7.0786,24.05,49.61,4.94
Bengaluru,2023,3,12,7.3025,24.13,50.79,4.94
Bengaluru,2023,3,13,6.876,25.23,49.79,4.47
Bengaluru,2023,3,14,6.6473,25.92,42.04,3.3
Bengaluru,2023,3,15,6.4027,26.64,46.19,3.63
Bengaluru,2023,3,16,5.2111,26.32,55.69,2.63
Bengaluru,2023,3,17,5.6059,24.0,70.81,2.89
Bengaluru,2023,3,18,5.8128,24.65,71.42,3.76
Bengaluru,2023,3,19,6.1104,24.85,67.81,2.61
Bengaluru,2023,3,20,6.5107,24.89,57.62,3.03
Bengaluru,2023,3,21,7.2398,24.04,47.21,2.98
Bengaluru,2023,3,22,6.8911,24.77,47.31,1.96
Bengaluru,2023,3,23,6.6185,26.83,52.1,1.88
Bengaluru,2023,3,24,6.0437,26.81,57.34,2.41
Bengaluru,2023,3,25,5.4372,25.7,67.57,2.88
Bengaluru,2023,3,26,5.3275,25.73,65.58,1.86
Bengaluru,2023,3,27,6.7082,26.6,58.1,2.4
Bengaluru,2023,3,28,6.9396,27.5,53.03,2.48
Bengaluru,2023,3,29,5.6146,27.77,55.6,2.87
Bengaluru,2023,3,30,5.6237,27.29,55.19,1.51
Bengaluru,2023,3,31,6.5534,27.59,50.58,1.65
Bengaluru,2023,4,1,5.9962,27.12,53.43,1.99
Bengaluru,2023,4,2,6.1418,27.67,53.21,2.28
Bengaluru,2023,4,3,6.4822,28.34,48.42,2.32
Bengaluru,2023,4,4,4.535,26.26,62.97,2.13
Bengaluru,2023,4,5,5.7758,27.05,59.49,2.4
Bengaluru,2023,4,6,6.2448,27.19,52.24,3.26
Bengaluru,2023,4,7,6.8515,26.87,52.28,4.13
Bengaluru,2023,4,8,7.4998,26.54,50.93,5.07
Bengaluru,2023,4,9,7.5518,26.71,48.02,4.23
Bengaluru,2023,4,10,7.4578,27.36,46.57,4.42
Bengaluru,2023,4,11,7.6774,27.58,34.86,3.75
Bengaluru,2023,4,12,7.7203,27.02,33.87,3.62
Bengaluru,2023,4,13,7.823,28.88,27.2,3.98
Bengaluru,2023,4,14,7.5041,28.34,28.79,3.76
Bengaluru,2023,4,15,6.4903,28.42,30.05,3.42
Bengaluru,2023,4,16,7.2031,27.88,33.91,3.63
Bengaluru,2023,4,17,7.4945,28.3,31.27,4.35
Bengaluru,2023,4,18,7.7304,28.72,33.73,4.04
Bengaluru,2023,4,19,7.5569,29.02,35.1,2.98
Bengaluru,2023,4,20,7.2298,30.24,34.99,2.26
Bengaluru,2023,4,21,6.5254,30.16,41.28,2.73
Bengaluru,2023,4,22,5.905,29.62,46.07,2.4
Bengaluru,2023,4,23,6.2388,28.42,54.25,2.54
Bengaluru,2023,4,24,6.6379,28.21,52.99,4.56
Bengaluru,2023,4,25,6.0353,27.88,49.99,3.38
Bengaluru,2023,4,26,5.6023,28.07,51.17,3.24
Bengaluru,2023,4,27,5.8138,28.51,49.52,3.39
Bengaluru,2023,4,28,6.3278,29.09,46.23,4.34
Bengaluru,2023,4,29,5.3393,27.96,56.71,3.65
Bengaluru,2023,4,30,5.9381,26.51,67.15,2.65
Bengaluru,2023,5,1,4.5295,24.41,78.9,2.77
Bengaluru,2023,5,2,5.8598,25.42,73.04,1.56
Bengaluru,2023,5,3,4.8034,25.56,73.72,2.9
Bengaluru,2023,5,4,5.4343,24.75,75.59,1.55
Bengaluru,2023,5,5,5.0974,23.04,84.99,2.31
Bengaluru,2023,5,6,5.0362,23.83,80.99,2.06
Bengaluru,2023,5,7,3.817,24.48,80.3,2.74
Bengaluru,2023,5,8,4.5732,24.6,79.76,2.26
Bengaluru,2023,5,9,6.2863,26.62,71.52,2.1
Bengaluru,2023,5,10,6.4846,27.29,65.02,2.77
Bengaluru,2023,5,11,5.8642,27.79,63.65,2.34
Bengaluru,2023,5,12,5.7077,28.05,63.55,2.48
Bengaluru,2023,5,13,5.0808,27.4,65.87,4.37
Bengaluru,2023,5,14,6.7879,28.21,64.77,4.42
Bengaluru,2023,5,15,7.2259,28.35,62.61,3.74
Bengaluru,2023,5,16,7.314,28.66,59.2,3.0
Bengaluru,2023,5,17,6.7517,29.4,48.21,1.3
Bengaluru,2023,5,18,6.0106,29.29,52.95,2.61
Bengaluru,2023,5,19,6.5434,27.4,64.8,2.06
Bengaluru,2023,5,20,6.6142,27.63,65.0,2.91
Bengaluru,2023,5,21,6.4462,27.7,67.02,1.77
Bengaluru,2023,5,22,6.4027,28.0,63.47,2.44
Bengaluru,2023,5,23,6.5326,27.18,64.86,2.19
Bengaluru,2023,5,24,6.5801,26.34,67.66,2.74
Bengaluru,2023,5,25,6.5818,26.66,68.18,2.76
Bengaluru,2023,5,26,6.7606,27.38,64.95,3.18
Bengaluru,2023,5,27,7.1863,27.63,63.38,3.06
Bengaluru,2023,5,28,6.588,27.92,60.34,2.84
Bengaluru,2023,5,29,6.0206,28.34,58.54,2.75
Bengaluru,2023,5,30,5.2992,26.22,70.95,2.44
Bengaluru,2023,5,31,5.9885,26.78,66.95,1.16
Bengaluru,2023,6,1,5.9275,26.1,70.34,2.85
Bengaluru,2023,6,2,5.9592,25.76,65.18,3.32
Bengaluru,2023,6,3,6.3384,28.04,63.65,3.72
Bengaluru,2023,6,4,5.3239,27.85,64.81,3.49
Bengaluru,2023,6,5,6.5095,26.24,71.14,3.91
Bengaluru,2023,6,6,7.0961,27.02,69.33,4.07
Bengaluru,2023,6,7,6.6794,26.66,70.21,4.51
Bengaluru,2023,6,8,6.798,25.07,74.53,4.15
Bengaluru,2023,6,9,6.8674,26.07,69.63,4.96
Bengaluru,2023,6,10,6.5873,25.97,67.01,6.52
Bengaluru,2023,6,11,5.85,26.26,66.54,5.82
Bengaluru,2023,6,12,6.4565,25.89,73.9,5.14
Bengaluru,2023,6,13,6.7867,26.43,69.74,5.1
Bengaluru,2023,6,14,6.535,26.15,69.55,5.85
Bengaluru,2023,6,15,6.5539,27.04,65.7,5.21
Bengaluru,2023,6,16,7.2182,27.25,64.4,5.12
Bengaluru,2023,6,17,6.0216,26.7,66.91,4.86
Bengaluru,2023,6,18,3.7478,25.18,72.95,4.97
Bengaluru,2023,6,19,4.061,24.95,74.63,4.41
Bengaluru,2023,6,20,2.9738,24.58,77.28,2.94
Bengaluru,2023,6,21,3.7366,23.83,80.71,2.86
Bengaluru,2023,6,22,5.7542,25.19,72.44,3.4
Bengaluru,2023,6,23,5.4026,24.35,70.19,4.68
Bengaluru,2023,6,24,4.3886,23.46,80.66,4.86
Bengaluru,2023,6,25,5.3198,23.97,79.43,4.38
Bengaluru,2023,6,26,4.506,24.06,69.79,5.46
Bengaluru,2023,6,27,5.1209,24.13,69.59,5.2
Bengaluru,2023,6,28,5.0429,24.59,67.44,5.63
Bengaluru,2023,6,29,4.644,24.14,73.18,5.39
Bengaluru,2023,6,30,5.9441,24.74,68.23,5.9
Bengaluru,2023,7,1,5.7271,24.36,69.36,5.73
Bengaluru,2023,7,2,4.2305,23.45,78.99,5.85
Bengaluru,2023,7,3,5.2601,23.74,79.68,5.95
Bengaluru,2023,7,4,3.4733,23.55,81.15,6.64
Bengaluru,2023,7,5,3.7082,22.76,78.77,7.27
Bengaluru,2023,7,6,3.7759,23.17,74.78,7.98
Bengaluru,2023,7,7,4.116,24.12,75.76,5.98
Bengaluru,2023,7,8,3.7586,23.91,75.39,5.39
Bengaluru,2023,7,9,4.4234,24.37,74.53,4.8
Bengaluru,2023,7,10,4.0423,23.88,77.24,4.28
Bengaluru,2023,7,11,3.4778,24.05,72.74,5.98
Bengaluru,2023,7,12,5.4216,23.94,70.69,5.91
Bengaluru,2023,7,13,4.6517,23.93,72.57,5.73
Bengaluru,2023,7,14,4.9118,23.93,75.52,5.76
Bengaluru,2023,7,15,5.2253,24.2,73.86,5.37
Bengaluru,2023,7,16,4.5708,24.78,74.88,4.92
Bengaluru,2023,7,17,4.8931,24.72,74.93,5.87
Bengaluru,2023,7,18,5.2358,25.01,71.83,7.34
Bengaluru,2023,7,19,4.0546,24.22,74.78,8.67
Bengaluru,2023,7,20,5.0158,24.37,73.51,9.02
Bengaluru,2023,7,21,3.931,23.92,78.03,8.83
Bengaluru,2023,7,22,3.3271,24.12,74.01,8.6
Bengaluru,2023,7,23,3.1944,24.13,74.91,8.14
Bengaluru,2023,7,24,2.8824,23.11,82.1,7.15
Bengaluru,2023,7,25,2.6203,22.19,83.33,7.02
Bengaluru,2023,7,26,2.8092,22.54,83.91,7.39
Bengaluru,2023,7,27,4.1527,22.44,79.91,8.0
Bengaluru,2023,7,28,4.3313,24.12,74.43,7.49
Bengaluru,2023,7,29,4.6901,24.68,72.27,7.5
Bengaluru,2023,7,30,5.7288,25.12,70.97,6.85
Bengaluru,2023,7,31,5.1163,25.44,70.58,6.36
Bengaluru,2023,8,1,5.0902,24.98,71.59,7.04
Bengaluru,2023,8,2,5.3441,24.9,70.25,7.29
Bengaluru,2023,8,3,5.3246,25.23,70.11,6.85
Bengaluru,2023,8,4,5.0957,25.23,70.8,6.12
Bengaluru,2023,8,5,5.1053,25.21,69.67,6.04
Bengaluru,2023,8,6,5.3249,25.2,72.48,4.95
Bengaluru,2023,8,7,5.4132,25.48,68.55,4.84
Bengaluru,2023,8,8,5.069,25.42,69.1,4.03
Bengaluru,2023,8,9,5.5442,25.69,69.25,3.5
Bengaluru,2023,8,10,5.4612,24.72,75.78,3.06
Bengaluru,2023,8,11,5.0342,24.78,75.53,2.54
Bengaluru,2023,8,12,4.1976,24.95,72.26,3.7
Bengaluru,2023,8,13,5.778,25.38,68.72,3.97
Bengaluru,2023,8,14,5.555,24.76,68.83,3.61
Bengaluru,2023,8,15,6.7279,25.05,69.23,3.08
Bengaluru,2023,8,16,6.8606,25.83,67.96,3.46
Bengaluru,2023,8,17,5.9405,25.63,67.5,4.87
Bengaluru,2023,8,18,4.8977,24.88,69.41,5.81
Bengaluru,2023,8,19,4.332,25.06,70.47,6.1
Bengaluru,2023,8,20,5.0448,25.73,68.72,5.09
Bengaluru,2023,8,21,6.2714,26.15,65.07,4.26
Bengaluru,2023,8,22,5.4826,25.78,70.76,2.24
Bengaluru,2023,8,23,5.6544,25.72,70.03,2.54
Bengaluru,2023,8,24,6.0115,25.7,66.44,3.61
Bengaluru,2023,8,25,6.3418,26.59,65.04,2.92
Bengaluru,2023,8,26,5.995,24.83,74.07,3.12
Bengaluru,2023,8,27,5.2138,25.34,71.7,2.79
Bengaluru,2023,8,28,6.2222,26.0,65.56,3.57
Bengaluru,2023,8,29,5.6503,26.2,65.39,3.65
Bengaluru,2023,8,30,6.2851,26.3,69.32,3.74
Bengaluru,2023,8,31,4.8826,24.33,78.26,2.49
Bengaluru,2023,9,1,5.8205,24.07,85.11,2.04
Bengaluru,2023,9,2,5.1139,23.26,83.89,4.04
Bengaluru,2023,9,3,5.5742,23.12,79.31,3.99
Bengaluru,2023,9,4,4.1539,22.15,78.67,6.24
Bengaluru,2023,9,5,4.0738,23.34,78.72,5.37
Bengaluru,2023,9,6,4.4597,23.08,80.92,4.6
Bengaluru,2023,9,7,4.8653,23.22,77.75,5.4
Bengaluru,2023,9,8,4.9495,23.62,76.77,5.79
Bengaluru,2023,9,9,6.0307,23.68,76.62,5.36
Bengaluru,2023,9,10,5.5183,24.0,77.58,4.99
Bengaluru,2023,9,11,4.5161,23.54,79.91,5.24
Bengaluru,2023,9,12,5.5428,24.02,76.38,5.13
Bengaluru,2023,9,13,5.1931,24.45,72.22,5.6
Bengaluru,2023,9,14,4.5266,24.24,74.66,5.11
Bengaluru,2023,9,15,4.7122,23.3,76.84,5.5
Bengaluru,2023,9,16,4.4875,24.14,77.79,5.26
Bengaluru,2023,9,17,4.6802,24.23,79.41,4.17
Bengaluru,2023,9,18,5.2526,23.93,81.3,3.97
Bengaluru,2023,9,19,5.9942,24.37,78.67,3.97
Bengaluru,2023,9,20,5.6381,23.65,82.25,3.38
Bengaluru,2023,9,21,4.7813,22.21,87.94,2.35
Bengaluru,2023,9,22,5.8013,24.01,83.03,2.16
Bengaluru,2023,9,23,5.6866,23.3,87.69,2.62
Bengaluru,2023,9,24,5.556,22.78,88.99,3.47
Bengaluru,2023,9,25,4.7494,21.94,88.87,3.85
Bengaluru,2023,9,26,5.5946,23.29,84.1,3.04
Bengaluru,2023,9,27,5.2157,23.42,80.3,4.0
Bengaluru,2023,9,28,4.5271,22.35,85.74,3.96
Bengaluru,2023,9,29,4.6721,22.86,84.89,4.74
Bengaluru,2023,9,30,4.0836,22.5,78.31,5.58
Bengaluru,2023,10,1,4.2302,23.34,79.94,5.9
Bengaluru,2023,10,2,5.1854,23.5,78.2,5.44
Bengaluru,2023,10,3,6.2395,23.81,76.74,3.71
Bengaluru,2023,10,4,6.295,24.2,74.55,2.29
Bengaluru,2023,10,5,5.927,23.68,82.26,2.84
Bengaluru,2023,10,6,4.8036,23.46,81.41,2.07
Bengaluru,2023,10,7,4.3272,24.45,79.65,1.71
Bengaluru,2023,10,8,4.2598,24.43,76.24,1.25
Bengaluru,2023,10,9,4.2154,24.19,84.04,1.54
Bengaluru,2023,10,10,4.8055,23.86,86.72,1.05
Bengaluru,2023,10,11,4.1837,23.17,86.39,3.02
Bengaluru,2023,10,12,4.8533,22.99,77.04,3.23
Bengaluru,2023,10,13,6.4325,22.71,72.33,3.08
Bengaluru,2023,10,14,5.5495,22.82,76.59,2.64
Bengaluru,2023,10,15,4.9279,23.45,76.4,2.57
Bengaluru,2023,10,16,4.5686,23.08,83.74,2.75
Bengaluru,2023,10,17,5.2608,23.9,78.52,2.28
Bengaluru,2023,10,18,5.6674,23.39,77.75,2.74
Bengaluru,2023,10,19,5.5567,23.58,72.69,2.92
Bengaluru,2023,10,20,5.7401,23.84,74.35,3.01
Bengaluru,2023,10,21,5.0554,23.92,75.04,3.24
Bengaluru,2023,10,22,5.2879,23.93,72.35,2.92
Bengaluru,2023,10,23,5.0347,23.34,62.23,2.82
Bengaluru,2023,10,24,6.0686,22.58,54.78,2.51
Bengaluru,2023,10,25,6.0418,22.76,65.71,2.3
Bengaluru,2023,10,26,5.7178,22.9,66.52,2.41
Bengaluru,2023,10,27,5.2224,23.76,70.61,3.07
Bengaluru,2023,10,28,5.0208,24.11,74.2,3.11
Bengaluru,2023,10,29,4.6678,23.96,78.45,3.07
Bengaluru,2023,10,30,3.9946,22.43,84.5,3.35
Bengaluru,2023,10,31,3.9187,22.52,80.85,2.56
Bengaluru,2023,11,1,4.6082,23.75,71.07,2.84
Bengaluru,2023,11,2,4.5722,24.33,75.63,3.07
Bengaluru,2023,11,3,4.9548,24.67,75.46,3.39
Bengaluru,2023,11,4,4.0858,23.59,80.72,2.85
Bengaluru,2023,11,5,4.133,23.38,80.82,4.15
Bengaluru,2023,11,6,4.4671,22.57,84.05,1.77
Bengaluru,2023,11,7,4.3015,22.92,87.44,2.58
Bengaluru,2023,11,8,4.0548,23.21,83.33,2.52
Bengaluru,2023,11,9,3.9648,21.91,82.61,3.43
Bengaluru,2023,11,10,4.015,22.32,80.06,3.18
Bengaluru,2023,11,11,5.7122,22.73,70.21,3.8
Bengaluru,2023,11,12,5.2006,21.8,72.96,4.06
Bengaluru,2023,11,13,5.201,22.17,75.51,4.01
Bengaluru,2023,11,14,2.4343,21.24,74.86,4.04
Bengaluru,2023,11,15,4.4009,22.41,74.97,2.93
Bengaluru,2023,11,16,4.2127,23.53,68.97,2.08
Bengaluru,2023,11,17,4.5041,23.99,72.46,2.68
Bengaluru,2023,11,18,4.6318,24.23,69.92,3.86
Bengaluru,2023,11,19,5.5805,23.69,71.31,4.56
Bengaluru,2023,11,20,5.2898,23.29,73.29,4.04
Bengaluru,2023,11,21,4.201,23.3,81.16,4.15
Bengaluru,2023,11,22,3.5585,23.81,82.39,3.59
Bengaluru,2023,11,23,3.3595,23.1,79.89,3.88
Bengaluru,2023,11,24,3.8023,23.59,80.53,3.43
Bengaluru,2023,11,25,3.4529,23.2,80.64,4.01
Bengaluru,2023,11,26,3.9814,22.95,75.62,5.13
Bengaluru,2023,11,27,4.5108,23.29,76.21,4.1
Bengaluru,2023,11,28,4.2965,23.55,74.94,3.49
Bengaluru,2023,11,29,3.8786,23.02,79.49,3.68
Bengaluru,2023,11,30,3.3142,22.83,78.56,3.61
Bengaluru,2023,12,1,2.6602,23.01,77.08,3.1
Bengaluru,2023,12,2,4.1887,23.1,76.81,4.67
Bengaluru,2023,12,3,2.7982,22.99,83.8,5.4
Bengaluru,2023,12,4,2.0162,22.51,80.6,5.72
Bengaluru,2023,12,5,3.8194,22.96,74.96,4.54
Bengaluru,2023,12,6,4.9594,23.94,69.85,1.92
Bengaluru,2023,12,7,4.2156,24.4,75.7,1.23
Bengaluru,2023,12,8,3.2693,22.91,83.37,2.68
Bengaluru,2023,12,9,3.2666,22.14,79.77,3.74
Bengaluru,2023,12,10,4.2269,23.37,71.79,3.36
Bengaluru,2023,12,11,4.1201,22.86,70.75,2.71
Bengaluru,2023,12,12,3.7735,22.07,70.08,3.14
Bengaluru,2023,12,13,4.3351,20.93,69.8,3.41
Bengaluru,2023,12,14,4.789,20.79,68.88,3.54
Bengaluru,2023,12,15,4.2142,22.24,74.55,3.42
Bengaluru,2023,12,16,3.6168,23.62,76.17,4.6
Bengaluru,2023,12,17,2.4715,22.44,76.16,4.94
Bengaluru,2023,12,18,2.2968,21.89,76.92,4.81
Bengaluru,2023,12,19,5.1031,21.65,70.29,5.0
Bengaluru,2023,12,20,3.359,21.8,69.16,4.25
Bengaluru,2023,12,21,4.2046,22.6,71.23,3.21
Bengaluru,2023,12,22,4.6356,22.57,66.5,2.68
Bengaluru,2023,12,23,5.1521,20.65,63.98,3.22
Bengaluru,2023,12,24,5.5066,21.33,69.65,3.77
Bengaluru,2023,12,25,3.5414,22.57,69.52,4.38
Bengaluru,2023,12,26,5.8891,21.15,64.59,4.13
Bengaluru,2023,12,27,6.0295,21.1,65.59,4.18
Bengaluru,2023,12,28,4.6913,21.81,71.73,4.59
Bengaluru,2023,12,29,3.3857,22.39,71.92,4.56
Bengaluru,2023,12,30,5.0501,22.3,64.82,4.12
Bengaluru,2023,12,31,5.4226,21.19,64.84,3.91
Bengaluru,2024,1,1,4.6692,21.79,66.01,2.64
Bengaluru,2024,1,2,4.3968,22.42,65.44,3.18
Bengaluru,2024,1,3,2.9746,22.27,67.87,3.01
Bengaluru,2024,1,4,2.4643,21.31,76.24,3.06
Bengaluru,2024,1,5,3.2774,22.83,71.45,3.07
Bengaluru,2024,1,6,4.6908,22.68,63.46,3.94
Bengaluru,2024,1,7,4.3327,22.07,69.71,4.92
Bengaluru,2024,1,8,2.1046,22.07,76.51,5.78
Bengaluru,2024,1,9,2.7516,21.82,73.88,5.31
Bengaluru,2024,1,10,3.7015,22.03,64.75,4.98
Bengaluru,2024,1,11,5.6186,22.2,61.36,4.48
Bengaluru,2024,1,12,5.8423,21.92,67.84,5.17
Bengaluru,2024,1,13,4.7328,23.11,65.34,3.92
Bengaluru,2024,1,14,5.2022,23.01,62.41,3.56
Bengaluru,2024,1,15,5.3981,22.66,62.3,2.91
Bengaluru,2024,1,16,5.3585,22.47,63.77,2.42
Bengaluru,2024,1,17,5.6052,22.64,62.55,3.06
Bengaluru,2024,1,18,5.2102,22.87,60.5,2.78
Bengaluru,2024,1,19,5.2651,23.26,59.9,3.03
Bengaluru,2024,1,20,5.381,24.38,61.49,2.68
Bengaluru,2024,1,21,5.9309,24.3,55.99,2.92
Bengaluru,2024,1,22,5.8181,24.69,56.86,2.97
Bengaluru,2024,1,23,5.7302,24.02,58.65,2.96
Bengaluru,2024,1,24,4.8415,24.67,58.14,3.06
Bengaluru,2024,1,25,4.8574,24.33,58.3,3.87
Bengaluru,2024,1,26,6.0598,23.48,55.6,4.33
Bengaluru,2024,1,27,5.898,23.4,57.28,4.85
Bengaluru,2024,1,28,5.027,23.36,57.43,4.73
Bengaluru,2024,1,29,5.7353,23.32,50.92,4.04
Bengaluru,2024,1,30,5.8188,23.19,49.81,2.19
Bengaluru,2024,1,31,6.1066,24.46,53.75,2.25
Bengaluru,2024,2,1,5.8817,24.97,50.47,1.94
Bengaluru,2024,2,2,4.9577,25.87,58.5,2.42
Bengaluru,2024,2,3,4.7189,26.01,59.42,4.23
Bengaluru,2024,2,4,6.1826,24.62,54.71,4.01
Bengaluru,2024,2,5,6.4555,24.4,52.11,4.39
Bengaluru,2024,2,6,6.5568,24.68,50.93,4.19
Bengaluru,2024,2,7,6.7406,24.82,47.97,3.81
Bengaluru,2024,2,8,6.0986,25.54,43.08,3.73
Bengaluru,2024,2,9,6.5364,24.94,50.18,4.0
Bengaluru,2024,2,10,6.391,24.8,54.69,4.99
Bengaluru,2024,2,11,6.5136,24.37,53.62,4.84
Bengaluru,2024,2,12,6.8712,23.72,49.69,4.8
Bengaluru,2024,2,13,6.7421,23.64,54.16,4.44
Bengaluru,2024,2,14,6.4478,25.01,54.3,4.93
Bengaluru,2024,2,15,6.6646,24.36,48.11,5.01
Bengaluru,2024,2,16,6.7742,23.95,48.35,5.43
Bengaluru,2024,2,17,6.8369,24.41,43.7,4.31
Bengaluru,2024,2,18,6.7915,24.82,40.29,2.61
Bengaluru,2024,2,19,6.6053,25.16,46.88,3.0
Bengaluru,2024,2,20,6.4495,25.94,47.8,3.08
Bengaluru,2024,2,21,5.7509,26.83,43.26,2.77
Bengaluru,2024,2,22,6.2122,26.81,37.48,2.45
Bengaluru,2024,2,23,6.5249,27.94,41.9,2.13
Bengaluru,2024,2,24,5.2898,27.94,50.85,3.94
Bengaluru,2024,2,25,5.7096,27.01,53.84,5.19
Bengaluru,2024,2,26,6.4426,25.77,53.68,5.81
Bengaluru,2024,2,27,6.845,26.26,51.5,5.19
Bengaluru,2024,2,28,7.1026,26.17,43.44,4.23
Bengaluru,2024,2,29,7.2878,25.22,37.74,4.68
Bengaluru,2024,3,1,7.1021,25.11,44.27,4.97
Bengaluru,2024,3,2,6.217,26.16,34.8,3.85
Bengaluru,2024,3,3,6.8525,26.53,37.82,2.44
Bengaluru,2024,3,4,6.9146,27.48,42.52,2.66
Bengaluru,2024,3,5,7.0296,27.79,39.04,3.3
Bengaluru,2024,3,6,5.957,27.96,34.72,2.48
Bengaluru,2024,3,7,6.8724,27.51,32.7,2.86
Bengaluru,2024,3,8,6.0439,28.38,33.42,2.8
Bengaluru,2024,3,9,6.1651,28.7,36.9,3.45
Bengaluru,2024,3,10,6.2098,28.17,42.9,4.51
Bengaluru,2024,3,11,6.1051,27.71,46.56,3.85
Bengaluru,2024,3,12,6.4613,27.92,42.51,3.3
Bengaluru,2024,3,13,6.0422,28.33,36.4,2.67
Bengaluru,2024,3,14,5.7499,29.15,35.74,1.98
Bengaluru,2024,3,15,5.7254,29.74,32.72,3.9
Bengaluru,2024,3,16,6.228,28.32,39.85,4.36
Bengaluru,2024,3,17,6.9787,27.58,41.89,4.66
Bengaluru,2024,3,18,6.9415,27.58,35.71,3.18
Bengaluru,2024,3,19,7.1261,27.92,35.08,3.65
Bengaluru,2024,3,20,7.1129,27.99,39.81,3.39
Bengaluru,2024,3,21,6.8477,27.62,48.86,4.35
Bengaluru,2024,3,22,5.7528,28.26,47.77,3.5
Bengaluru,2024,3,23,6.8602,28.7,45.02,4.04
Bengaluru,2024,3,24,7.0406,28.52,37.38,4.1
Bengaluru,2024,3,25,7.183,28.14,37.94,4.55
Bengaluru,2024,3,26,7.2991,28.38,32.0,4.86
Bengaluru,2024,3,27,7.7232,27.77,24.91,4.74
Bengaluru,2024,3,28,7.4462,28.3,28.23,4.11
Bengaluru,2024,3,29,7.1597,28.96,35.78,4.7
Bengaluru,2024,3,30,7.3193,28.97,32.79,4.63
Bengaluru,2024,3,31,7.6843,28.01,34.86,3.49
Bengaluru,2024,4,1,7.2989,28.77,43.72,2.62
Bengaluru,2024,4,2,7.3301,29.86,42.01,3.77
Bengaluru,2024,4,3,7.0728,29.63,34.74,4.08
Bengaluru,2024,4,4,7.5499,29.91,37.18,4.75
Bengaluru,2024,4,5,7.0831,30.47,34.14,4.34
Bengaluru,2024,4,6,7.0584,30.22,29.35,4.57
Bengaluru,2024,4,7,7.3908,30.1,29.66,4.84
Bengaluru,2024,4,8,7.5859,29.83,33.49,4.27
Bengaluru,2024,4,9,7.4282,28.98,45.72,5.32
Bengaluru,2024,4,10,7.4993,29.14,44.24,4.61
Bengaluru,2024,4,11,7.362,29.5,45.52,4.56
Bengaluru,2024,4,12,6.1975,29.38,48.41,5.13
Bengaluru,2024,4,13,6.3487,28.89,45.34,4.57
Bengaluru,2024,4,14,7.231,29.35,42.68,4.34
Bengaluru,2024,4,15,7.393,29.46,40.4,4.71
Bengaluru,2024,4,16,7.4837,29.86,41.01,4.39
Bengaluru,2024,4,17,6.1531,31.1,39.48,3.68
Bengaluru,2024,4,18,5.8142,32.38,35.6,3.42
Bengaluru,2024,4,19,5.8274,32.25,38.4,3.17
Bengaluru,2024,4,20,5.0369,32.29,35.34,3.55
Bengaluru,2024,4,21,7.0224,31.51,36.31,4.06
Bengaluru,2024,4,22,7.1218,31.04,38.53,4.16
Bengaluru,2024,4,23,7.5835,30.74,36.86,4.86
Bengaluru,2024,4,24,7.3574,30.14,34.09,4.39
Bengaluru,2024,4,25,6.6355,30.56,35.82,4.09
Bengaluru,2024,4,26,7.2494,30.35,37.95,4.37
Bengaluru,2024,4,27,7.6658,30.17,36.2,4.42
Bengaluru,2024,4,28,7.6094,31.01,33.9,4.37
Bengaluru,2024,4,29,7.6421,31.13,34.72,3.86
Bengaluru,2024,4,30,7.1923,31.18,33.28,3.75
Bengaluru,2024,5,1,6.6912,32.19,40.26,2.18
Bengaluru,2024,5,2,6.3149,31.55,46.53,1.51
Bengaluru,2024,5,3,4.7026,32.08,46.05,3.51
Bengaluru,2024,5,4,6.631,30.68,53.19,3.1
Bengaluru,2024,5,5,7.1302,31.51,45.24,2.98
Bengaluru,2024,5,6,6.8162,31.11,50.47,3.15
Bengaluru,2024,5,7,6.5136,29.33,61.21,2.79
Bengaluru,2024,5,8,6.0266,27.81,67.26,2.1
Bengaluru,2024,5,9,5.5752,27.9,65.0,2.34
Bengaluru,2024,5,10,5.7286,27.24,66.12,2.05
Bengaluru,2024,5,11,5.8742,27.78,62.43,2.84
Bengaluru,2024,5,12,5.399,27.58,66.51,2.04
Bengaluru,2024,5,13,4.8948,26.59,72.13,3.02
Bengaluru,2024,5,14,5.1497,26.72,67.12,2.77
Bengaluru,2024,5,15,5.5126,27.93,59.1,3.64
Bengaluru,2024,5,16,4.2886,26.27,67.07,2.8
Bengaluru,2024,5,17,3.9274,27.07,62.09,1.56
Bengaluru,2024,5,18,4.8763,26.35,72.27,1.93
Bengaluru,2024,5,19,3.846,25.47,77.32,2.94
Bengaluru,2024,5,20,4.2406,24.26,74.87,2.37
Bengaluru,2024,5,21,4.2142,25.3,75.09,2.46
Bengaluru,2024,5,22,5.371,27.22,66.64,3.08
Bengaluru,2024,5,23,5.3381,27.76,66.14,3.0
Bengaluru,2024,5,24,4.4227,27.48,68.09,2.51
Bengaluru,2024,5,25,3.931,23.97,78.53,5.83
Bengaluru,2024,5,26,4.3222,25.76,72.11,6.79
Bengaluru,2024,5,27,5.3162,26.18,71.83,6.25
Bengaluru,2024,5,28,5.2099,26.91,67.32,6.34
Bengaluru,2024,5,29,5.579,26.38,70.88,6.23
Bengaluru,2024,5,30,6.1001,26.81,73.37,4.05
Bengaluru,2024,5,31,6.515,27.73,69.5,4.5
Bengaluru,2024,6,1,4.9337,26.79,76.94,4.13
Bengaluru,2024,6,2,6.221,25.43,76.2,2.57
Bengaluru,2024,6,3,5.328,25.77,75.81,2.11
Bengaluru,2024,6,4,5.7775,25.52,80.04,2.22
Bengaluru,2024,6,5,5.6239,25.08,81.88,2.74
Bengaluru,2024,6,6,5.2913,24.8,79.55,3.37
Bengaluru,2024,6,7,5.4223,24.39,79.88,3.63
Bengaluru,2024,6,8,5.7374,24.68,76.33,5.72
Bengaluru,2024,6,9,5.2565,24.1,77.24,7.05
Bengaluru,2024,6,10,5.3798,23.85,77.15,7.41
Bengaluru,2024,6,11,5.3789,23.05,75.23,6.96
Bengaluru,2024,6,12,4.6418,23.19,76.47,6.79
Bengaluru,2024,6,13,5.3717,23.52,70.07,6.68
Bengaluru,2024,6,14,5.9542,23.26,67.88,5.5
Bengaluru,2024,6,15,6.4594,24.43,75.55,4.67
Bengaluru,2024,6,16,6.1063,24.99,70.76,5.37
Bengaluru,2024,6,17,6.3233,24.99,70.14,3.9
Bengaluru,2024,6,18,5.1504,24.54,74.7,4.68
Bengaluru,2024,6,19,5.406,23.9,75.73,5.47
Bengaluru,2024,6,20,5.2378,24.04,76.7,6.03
Bengaluru,2024,6,21,5.4437,23.39,78.43,6.14
Bengaluru,2024,6,22,5.6326,23.53,77.45,5.25
Bengaluru,2024,6,23,4.8228,23.14,80.35,5.89
Bengaluru,2024,6,24,4.9061,23.15,79.01,6.7
Bengaluru,2024,6,25,4.5324,22.96,76.03,8.05
Bengaluru,2024,6,26,4.2209,22.6,72.34,8.86
Bengaluru,2024,6,27,3.0864,21.71,75.45,8.41
Bengaluru,2024,6,28,4.8686,23.17,70.67,6.48
Bengaluru,2024,6,29,5.3093,24.5,75.07,5.98
Bengaluru,2024,6,30,3.893,24.12,74.09,5.39
Bengaluru,2024,7,1,3.3629,22.67,79.96,6.47
Bengaluru,2024,7,2,4.5718,24.44,68.84,6.31
Bengaluru,2024,7,3,4.9879,24.21,77.65,5.86
Bengaluru,2024,7,4,4.5924,25.0,72.65,5.85
Bengaluru,2024,7,5,5.0263,23.21,76.78,5.74
Bengaluru,2024,7,6,3.8333,23.3,81.21,6.88
Bengaluru,2024,7,7,4.7374,24.09,74.45,6.32
Bengaluru,2024,7,8,3.8256,23.61,76.58,5.92
Bengaluru,2024,7,9,4.1878,23.33,79.82,5.54
Bengaluru,2024,7,10,5.8958,23.77,78.23,4.53
Bengaluru,2024,7,11,5.2073,24.59,72.48,5.44
Bengaluru,2024,7,12,5.2298,23.68,74.28,5.68
Bengaluru,2024,7,13,4.2062,23.06,77.05,7.26
Bengaluru,2024,7,14,3.0418,23.54,77.38,7.96
Bengaluru,2024,7,15,2.2373,23.41,83.47,7.75
Bengaluru,2024,7,16,2.975,23.28,83.89,8.22
Bengaluru,2024,7,17,3.7022,23.16,81.76,8.08
Bengaluru,2024,7,18,3.0355,22.87,82.43,9.21
Bengaluru,2024,7,19,2.5894,23.41,81.24,9.39
Bengaluru,2024,7,20,3.9629,23.5,79.93,8.24
Bengaluru,2024,7,21,3.5292,23.95,77.52,8.56
Bengaluru,2024,7,22,4.0994,23.87,74.93,8.69
Bengaluru,2024,7,23,3.9326,23.7,74.24,8.84
Bengaluru,2024,7,24,3.6749,23.28,77.29,8.81
Bengaluru,2024,7,25,3.7349,23.47,76.68,9.78
Bengaluru,2024,7,26,3.5234,23.74,76.51,9.19
Bengaluru,2024,7,27,4.596,23.92,74.42,8.55
Bengaluru,2024,7,28,3.0718,24.11,75.17,8.3
Bengaluru,2024,7,29,3.6389,24.83,76.06,7.77
Bengaluru,2024,7,30,3.785,23.67,80.98,6.19
Bengaluru,2024,7,31,4.0807,24.15,80.81,5.77
Bengaluru,2024,8,1,4.1508,24.59,78.23,6.52
Bengaluru,2024,8,2,4.1182,23.9,76.65,6.77
Bengaluru,2024,8,3,4.6001,23.11,78.88,5.75
Bengaluru,2024,8,4,5.4679,22.97,80.31,5.19
Bengaluru,2024,8,5,4.703,24.2,76.69,3.6
Bengaluru,2024,8,6,4.0838,23.47,84.08,3.92
Bengaluru,2024,8,7,4.0524,23.06,84.39,3.98
Bengaluru,2024,8,8,3.5794,23.87,78.59,4.0
Bengaluru,2024,8,9,4.8062,24.52,78.73,3.21
Bengaluru,2024,8,10,5.143,24.24,80.97,3.29
Bengaluru,2024,8,11,5.1197,24.13,82.21,3.75
Bengaluru,2024,8,12,5.1118,23.47,89.22,3.24
Bengaluru,2024,8,13,6.0463,25.07,81.26,2.36
Bengaluru,2024,8,14,6.3823,25.2,80.58,1.79
Bengaluru,2024,8,15,5.7458,25.11,78.63,2.33
Bengaluru,2024,8,16,4.9596,25.21,80.85,2.39
Bengaluru,2024,8,17,5.8039,24.68,86.66,3.32
Bengaluru,2024,8,18,5.3393,24.71,79.4,2.31
Bengaluru,2024,8,19,5.1338,24.44,81.31,2.41
Bengaluru,2024,8,20,5.3897,24.65,81.28,2.4
Bengaluru,2024,8,21,5.1982,24.22,83.68,4.02
Bengaluru,2024,8,22,5.9407,23.63,84.28,4.29
Bengaluru,2024,8,23,6.2597,23.9,81.4,4.36
Bengaluru,2024,8,24,5.3467,23.08,81.14,5.86
Bengaluru,2024,8,25,4.8571,23.04,83.49,5.7
Bengaluru,2024,8,26,4.8214,23.74,78.99,6.4
Bengaluru,2024,8,27,4.5864,22.98,84.27,4.95
Bengaluru,2024,8,28,3.9751,22.7,82.71,5.16
Bengaluru,2024,8,29,3.2242,23.53,82.54,5.43
Bengaluru,2024,8,30,4.4923,22.87,86.58,5.68
Bengaluru,2024,8,31,3.8071,22.57,83.17,6.45
Bengaluru,2024,9,1,5.4158,22.91,78.88,7.02
Bengaluru,2024,9,2,4.8168,22.85,78.69,6.22
Bengaluru,2024,9,3,4.7786,23.73,80.39,5.01
Bengaluru,2024,9,4,5.0194,23.5,83.56,4.97
Bengaluru,2024,9,5,5.2807,23.42,84.37,4.67
Bengaluru,2024,9,6,4.099,23.44,83.69,5.25
Bengaluru,2024,9,7,4.2391,23.32,83.74,4.94
Bengaluru,2024,9,8,4.4544,23.43,81.96,5.31
Bengaluru,2024,9,9,4.4131,24.06,79.45,6.01
Bengaluru,2024,9,10,5.2572,23.99,80.44,6.17
Bengaluru,2024,9,11,5.279,23.94,78.03,5.59
Bengaluru,2024,9,12,5.1542,23.36,79.58,4.99
Bengaluru,2024,9,13,5.6174,24.15,75.02,4.53
Bengaluru,2024,9,14,5.604,24.32,73.26,4.58
Bengaluru,2024,9,15,5.4986,24.25,73.69,5.25
Bengaluru,2024,9,16,5.743,23.91,75.21,5.19
Bengaluru,2024,9,17,5.9345,24.21,73.5,5.02
Bengaluru,2024,9,18,6.9492,23.71,71.61,4.15
Bengaluru,2024,9,19,6.2434,24.46,70.36,3.4
Bengaluru,2024,9,20,6.079,24.51,73.93,2.68
Bengaluru,2024,9,21,5.3299,24.91,73.99,4.13
Bengaluru,2024,9,22,4.7395,24.12,77.18,4.25
Bengaluru,2024,9,23,4.3846,23.66,80.93,3.98
Bengaluru,2024,9,24,3.7939,23.96,82.0,4.79
Bengaluru,2024,9,25,4.1765,24.05,80.65,5.12
Bengaluru,2024,9,26,3.661,23.34,78.1,4.26
Bengaluru,2024,9,27,4.8583,24.03,75.84,3.5
Bengaluru,2024,9,28,5.0258,24.43,77.61,2.05
Bengaluru,2024,9,29,5.2058,24.86,77.25,2.31
Bengaluru,2024,9,30,5.6525,24.85,74.34,2.42
Bengaluru,2024,10,1,5.7065,25.23,71.0,2.42
Bengaluru,2024,10,2,5.8078,25.74,74.57,1.86
Bengaluru,2024,10,3,4.9044,24.24,86.78,2.68
Bengaluru,2024,10,4,4.9637,23.56,88.22,2.14
Bengaluru,2024,10,5,4.2322,23.64,85.88,2.42
Bengaluru,2024,10,6,4.3555,21.57,88.67,2.99
Bengaluru,2024,10,7,4.6642,22.77,80.49,3.16
Bengaluru,2024,10,8,5.1617,23.56,83.42,3.44
Bengaluru,2024,10,9,5.2709,23.68,84.71,3.38
Bengaluru,2024,10,10,4.7846,23.55,84.57,3.08
Bengaluru,2024,10,11,4.4441,23.34,86.63,3.08
Bengaluru,2024,10,12,4.4498,22.71,88.12,3.04
Bengaluru,2024,10,13,4.3073,22.95,87.62,3.13
Bengaluru,2024,10,14,3.0667,22.56,86.91,2.83
Bengaluru,2024,10,15,1.7501,22.27,90.86,2.66
Bengaluru,2024,10,16,2.9335,22.09,92.1,2.81
Bengaluru,2024,10,17,4.0884,23.47,89.62,3.11
Bengaluru,2024,10,18,4.9718,22.53,83.82,3.04
Bengaluru,2024,10,19,2.9042,22.6,89.99,2.44
Bengaluru,2024,10,20,4.5046,23.21,85.94,1.64
Bengaluru,2024,10,21,4.8816,23.65,86.16,2.21
Bengaluru,2024,10,22,4.3874,23.84,83.77,1.05
Bengaluru,2024,10,23,4.6678,23.74,83.77,1.54
Bengaluru,2024,10,24,3.5054,22.95,86.25,1.05
Bengaluru,2024,10,25,4.8254,23.01,81.46,2.06
Bengaluru,2024,10,26,5.1511,22.06,79.41,2.87
Bengaluru,2024,10,27,5.1168,21.66,85.42,2.8
Bengaluru,2024,10,28,5.4137,22.47,80.11,1.9
Bengaluru,2024,10,29,5.5471,23.55,79.61,1.65
Bengaluru,2024,10,30,4.847,23.84,81.77,1.0
Bengaluru,2024,10,31,3.9732,23.12,88.36,2.0
Bengaluru,2024,11,1,4.3807,23.33,86.25,2.21
Bengaluru,2024,11,2,4.7278,23.07,83.78,2.9
Bengaluru,2024,11,3,4.8874,22.74,84.06,3.1
Bengaluru,2024,11,4,4.3234,22.55,84.22,3.41
Bengaluru,2024,11,5,5.1254,21.81,81.66,2.82
Bengaluru,2024,11,6,5.4125,22.01,81.61,2.96
Bengaluru,2024,11,7,2.7823,22.89,85.4,3.29
Bengaluru,2024,11,8,5.0659,22.66,83.48,3.8
Bengaluru,2024,11,9,5.4214,21.87,83.65,3.81
Bengaluru,2024,11,10,5.6383,21.25,81.78,3.04
Bengaluru,2024,11,11,5.3556,20.97,80.24,3.15
Bengaluru,2024,11,12,1.9169,21.46,84.57,3.12
Bengaluru,2024,11,13,3.4414,22.54,86.86,4.07
Bengaluru,2024,11,14,2.9657,22.68,86.35,3.55
Bengaluru,2024,11,15,3.311,22.42,88.31,3.3
Bengaluru,2024,11,16,3.7214,22.39,87.44,3.73
Bengaluru,2024,11,17,3.5208,22.3,84.27,3.75
Bengaluru,2024,11,18,4.2521,22.42,83.73,3.93
Bengaluru,2024,11,19,4.3337,22.1,81.83,3.73
Bengaluru,2024,11,20,4.0932,21.33,80.95,3.17
Bengaluru,2024,11,21,4.4086,21.3,75.73,2.39
Bengaluru,2024,11,22,5.4562,20.88,80.05,2.55
Bengaluru,2024,11,23,4.3925,20.95,76.81,2.29
Bengaluru,2024,11,24,4.566,21.82,78.74,2.79
Bengaluru,2024,11,25,4.3817,20.5,80.35,3.4
Bengaluru,2024,11,26,3.1366,20.5,87.3,3.88
Bengaluru,2024,11,27,3.4195,21.49,81.47,4.68
Bengaluru,2024,11,28,4.8746,21.08,73.07,4.91
Bengaluru,2024,11,29,3.5347,20.94,85.17,4.92
Bengaluru,2024,11,30,1.3514,22.04,87.94,5.84
Bengaluru,2024,12,1,0.9924,21.37,93.28,6.35
Bengaluru,2024,12,2,1.213,21.68,95.42,5.86
Bengaluru,2024,12,3,3.2275,22.75,91.01,5.04
Bengaluru,2024,12,4,4.4119,22.53,86.65,3.86
Bengaluru,2024,12,5,4.3198,22.52,86.26,2.99
Bengaluru,2024,12,6,5.4386,22.22,82.87,2.27
Bengaluru,2024,12,7,5.0366,22.4,85.31,2.51
Bengaluru,2024,12,8,5.2618,22.03,82.86,2.81
Bengaluru,2024,12,9,4.805,22.14,84.98,2.35
Bengaluru,2024,12,10,4.535,22.28,83.87,2.77
Bengaluru,2024,12,11,3.2054,22.12,84.0,3.92
Bengaluru,2024,12,12,1.8175,21.01,91.45,3.93
Bengaluru,2024,12,13,2.0753,20.92,88.31,4.36
Bengaluru,2024,12,14,3.869,20.81,82.59,4.15
Bengaluru,2024,12,15,5.6213,18.63,81.78,3.75
Bengaluru,2024,12,16,5.6208,17.56,77.23,3.09
Bengaluru,2024,12,17,4.4935,19.9,79.26,2.18
Bengaluru,2024,12,18,3.954,21.07,85.17,3.0
Bengaluru,2024,12,19,3.5623,22.74,84.57,2.77
Bengaluru,2024,12,20,4.1674,22.74,84.16,2.45
Bengaluru,2024,12,21,4.5797,23.63,77.28,1.61
Bengaluru,2024,12,22,3.9756,22.65,77.5,1.75
Bengaluru,2024,12,23,3.8666,21.99,79.4,2.24
Bengaluru,2024,12,24,4.3836,21.75,75.83,1.59
Bengaluru,2024,12,25,3.1099,21.8,80.79,2.71
Bengaluru,2024,12,26,2.3743,22.36,83.8,4.28
Bengaluru,2024,12,27,3.5131,21.66,84.3,5.07
Bengaluru,2024,12,28,4.5278,20.88,79.38,4.18
Bengaluru,2024,12,29,5.6102,20.86,78.6,3.78
Bengaluru,2024,12,30,3.4978,21.2,75.5,4.86
Bengaluru,2024,12,31,5.7787,20.78,75.91,4.55
Bengaluru,2025,1,1,5.7773,19.97,76.49,4.13
Bengaluru,2025,1,2,5.4749,19.98,76.3,3.79
Bengaluru,2025,1,3,5.7142,19.71,76.25,3.8
Bengaluru,2025,1,4,5.867,18.66,73.47,2.84
Bengaluru,2025,1,5,5.8514,18.93,71.28,3.01
Bengaluru,2025,1,6,5.8193,19.14,70.74,2.53
Bengaluru,2025,1,7,5.6827,19.56,72.92,2.38
Bengaluru,2025,1,8,5.6779,19.12,70.38,3.17
Bengaluru,2025,1,9,4.9802,19.51,72.39,4.25
Bengaluru,2025,1,10,4.009,20.64,76.33,3.75
Bengaluru,2025,1,11,2.7197,21.98,74.31,3.88
Bengaluru,2025,1,12,5.2394,22.07,70.91,3.34
Bengaluru,2025,1,13,3.1858,22.46,79.46,3.76
Bengaluru,2025,1,14,3.432,22.33,73.69,4.89
Bengaluru,2025,1,15,3.9204,21.27,69.13,5.38
Bengaluru,2025,1,16,5.2145,20.89,72.33,4.65
Bengaluru,2025,1,17,4.8235,20.98,73.87,4.39
Bengaluru,2025,1,18,4.9858,21.12,71.97,4.63
Bengaluru,2025,1,19,2.251,21.37,81.52,4.4
Bengaluru,2025,1,20,5.7746,21.62,65.9,3.67
Bengaluru,2025,1,21,6.0029,20.79,63.68,3.48
Bengaluru,2025,1,22,6.0137,21.39,67.14,3.52
Bengaluru,2025,1,23,5.1262,21.83,67.83,3.83
Bengaluru,2025,1,24,6.2297,20.68,64.64,3.62
Bengaluru,2025,1,25,5.8793,20.52,61.31,3.73
Bengaluru,2025,1,26,6.4262,19.55,56.57,4.37
Bengaluru,2025,1,27,6.517,20.38,62.12,3.36
Bengaluru,2025,1,28,5.8445,20.77,63.05,2.87
Bengaluru,2025,1,29,6.2546,20.87,62.0,3.6
Bengaluru,2025,1,30,5.5258,21.03,57.53,1.91
Bengaluru,2025,1,31,6.048,23.45,68.96,2.88
Bengaluru,2025,2,1,5.837,23.62,66.52,2.89
Bengaluru,2025,2,2,6.5381,22.72,58.33,3.15
Bengaluru,2025,2,3,6.733,21.36,53.72,3.37
Bengaluru,2025,2,4,6.5174,21.88,48.09,3.63
Bengaluru,2025,2,5,6.3002,21.86,53.62,4.16
Bengaluru,2025,2,6,6.5652,21.48,57.69,4.26
Bengaluru,2025,2,7,6.7258,21.89,56.29,4.18
Bengaluru,2025,2,8,5.9861,22.34,57.45,3.98
Bengaluru,2025,2,9,5.9678,22.31,61.32,4.09
Bengaluru,2025,2,10,6.0648,22.09,61.09,3.47
Bengaluru,2025,2,11,6.7975,22.2,54.78,3.11
Bengaluru,2025,2,12,6.9883,22.66,50.88,3.43
Bengaluru,2025,2,13,6.947,23.1,44.57,3.53
Bengaluru,2025,2,14,6.7706,23.47,42.46,2.6
Bengaluru,2025,2,15,6.4898,23.77,48.14,3.26
Bengaluru,2025,2,16,6.7298,23.36,53.45,3.65
Bengaluru,2025,2,17,6.779,23.82,53.8,3.79
Bengaluru,2025,2,18,6.7565,24.01,51.76,3.68
Bengaluru,2025,2,19,6.7421,24.76,47.44,3.38
Bengaluru,2025,2,20,6.5839,25.16,51.09,3.7
Bengaluru,2025,2,21,6.5911,25.08,51.56,3.7
Bengaluru,2025,2,22,6.4706,25.03,50.28,4.11
Bengaluru,2025,2,23,6.1462,24.83,43.85,4.8
Bengaluru,2025,2,24,7.0229,24.37,40.92,5.11
Bengaluru,2025,2,25,6.8309,24.03,51.09,4.83
Bengaluru,2025,2,26,6.7495,24.69,48.77,5.63
Bengaluru,2025,2,27,7.0258,24.19,46.6,5.06
Bengaluru,2025,2,28,6.7474,24.5,44.55,4.6
Bengaluru,2025,3,1,5.6909,25.89,49.72,4.31
Bengaluru,2025,3,2,6.4505,26.14,46.45,3.79
Bengaluru,2025,3,3,5.5826,26.3,46.69,3.86
Bengaluru,2025,3,4,6.1459,26.63,37.31,4.84
Bengaluru,2025,3,5,5.7086,26.67,34.66,3.32
Bengaluru,2025,3,6,6.3074,26.76,32.23,3.16
Bengaluru,2025,3,7,7.206,25.68,26.09,2.72
Bengaluru,2025,3,8,6.8558,25.61,37.28,3.28
Bengaluru,2025,3,9,7.0195,25.88,40.68,4.89
Bengaluru,2025,3,10,7.3102,24.95,46.68,5.03
Bengaluru,2025,3,11,6.1555,24.59,60.21,5.77
Bengaluru,2025,3,12,5.9652,26.77,60.48,4.55
Bengaluru,2025,3,13,7.3351,27.51,47.09,3.61
Bengaluru,2025,3,14,7.2737,27.52,39.41,4.17
Bengaluru,2025,3,15,7.5377,26.32,40.95,4.43
Bengaluru,2025,3,16,7.2946,26.8,45.31,3.56
Bengaluru,2025,3,17,6.1025,28.57,49.04,2.04
Bengaluru,2025,3,18,6.8117,28.93,45.46,3.77
Bengaluru,2025,3,19,6.7632,27.88,49.1,4.46
Bengaluru,2025,3,20,7.2216,27.87,48.26,4.73
Bengaluru,2025,3,21,6.6797,28.3,51.07,3.64
Bengaluru,2025,3,22,5.4648,27.38,56.8,3.47
Bengaluru,2025,3,23,5.7396,26.99,58.87,2.91
Bengaluru,2025,3,24,6.3062,28.38,49.56,3.7
Bengaluru,2025,3,25,6.5239,27.71,41.98,3.46
Bengaluru,2025,3,26,6.7301,28.25,34.72,3.07
Bengaluru,2025,3,27,6.5453,28.85,36.52,3.08
Bengaluru,2025,3,28,6.3946,28.94,34.88,3.92
Bengaluru,2025,3,29,6.8422,28.57,28.45,4.1
Bengaluru,2025,3,30,6.6307,28.23,28.04,4.61
Bengaluru,2025,3,31,6.4157,28.11,34.4,4.61
Bengaluru,2025,4,1,5.5438,27.21,42.57,3.62
Bengaluru,2025,4,2,5.3935,27.31,48.59,3.54
Bengaluru,2025,4,3,3.8806,26.2,60.22,2.92
Bengaluru,2025,4,4,6.0425,27.46,49.84,2.75
Bengaluru,2025,4,5,6.061,25.98,59.61,2.42
Bengaluru,2025,4,6,6.15,27.19,51.1,3.62
Bengaluru,2025,4,7,6.9487,28.38,49.1,4.22
Bengaluru,2025,4,8,6.8825,27.99,44.51,4.13
Bengaluru,2025,4,9,6.6586,27.84,44.01,3.08
Bengaluru,2025,4,10,6.0552,27.6,45.32,2.44
Bengaluru,2025,4,11,6.3895,28.7,49.54,3.25
Bengaluru,2025,4,12,6.961,27.7,56.28,3.24
Bengaluru,2025,4,13,6.1414,27.14,58.1,2.54
Bengaluru,2025,4,14,6.235,27.05,58.06,2.83
Bengaluru,2025,4,15,6.6734,27.57,53.58,2.76
Bengaluru,2025,4,16,6.2969,27.75,59.23,2.3
Bengaluru,2025,4,17,6.9401,28.92,54.17,1.52
Bengaluru,2025,4,18,5.4734,27.9,59.43,2.52
Bengaluru,2025,4,19,6.2443,28.69,56.3,2.5
Bengaluru,2025,4,20,6.007,29.53,48.62,2.55
Bengaluru,2025,4,21,6.8539,28.55,50.01,3.27
Bengaluru,2025,4,22,7.1618,29.05,39.64,3.71
Bengaluru,2025,4,23,7.0906,29.52,35.75,3.43
Bengaluru,2025,4,24,7.248,29.98,41.67,3.78
Bengaluru,2025,4,25,6.7428,29.96,41.72,3.92
Bengaluru,2025,4,26,6.275,29.36,45.37,3.97
Bengaluru,2025,4,27,6.2458,29.29,47.97,3.2
Bengaluru,2025,4,28,6.7284,29.33,47.63,3.95
Bengaluru,2025,4,29,6.2762,30.11,43.32,3.86
Bengaluru,2025,4,30,6.3492,29.67,45.56,2.86
Bengaluru,2025,5,1,5.6659,28.54,59.22,1.92
Bengaluru,2025,5,2,5.837,28.41,58.34,1.71
Bengaluru,2025,5,3,6.4862,27.51,60.94,1.78
Bengaluru,2025,5,4,7.1724,27.24,56.13,2.84
Bengaluru,2025,5,5,6.0862,28.24,48.87,1.67
Bengaluru,2025,5,6,6.9022,28.78,52.95,2.13
Bengaluru,2025,5,7,6.6118,28.03,53.63,3.28
Bengaluru,2025,5,8,6.738,27.12,60.73,1.78
Bengaluru,2025,5,9,7.1885,27.63,58.63,2.21
Bengaluru,2025,5,10,6.5971,27.43,59.25,1.25
Bengaluru,2025,5,11,7.0334,28.39,54.1,1.49
Bengaluru,2025,5,12,6.6804,27.51,61.91,2.24
Bengaluru,2025,5,13,6.3374,27.0,68.53,2.12
Bengaluru,2025,5,14,6.2957,26.97,67.0,2.33
Bengaluru,2025,5,15,5.9194,24.96,78.97,1.73
Bengaluru,2025,5,16,5.7698,25.54,74.71,1.65
Bengaluru,2025,5,17,4.0774,26.22,71.53,2.24
Bengaluru,2025,5,18,4.8768,24.56,82.92,2.49
Bengaluru,2025,5,19,3.8642,24.7,83.26,2.0
Bengaluru,2025,5,20,3.8899,24.65,83.72,2.42
Bengaluru,2025,5,21,4.4594,23.76,82.76,6.87
Bengaluru,2025,5,22,5.6254,23.89,78.77,5.96
Bengaluru,2025,5,23,5.1742,25.03,78.24,6.02
Bengaluru,2025,5,24,3.8758,24.4,79.74,7.82
Bengaluru,2025,5,25,3.9324,24.02,82.01,7.9
Bengaluru,2025,5,26,3.6876,23.1,83.21,8.09
Bengaluru,2025,5,27,3.7548,24.46,74.95,8.71
Bengaluru,2025,5,28,4.0265,23.92,77.54,7.65
Bengaluru,2025,5,29,3.6586,23.52,78.47,7.44
Bengaluru,2025,5,30,3.0974,23.24,81.52,6.6
Bengaluru,2025,5,31,4.9054,24.13,74.21,5.87
Bengaluru,2025,6,1,6.3523,24.13,72.8,5.28
Bengaluru,2025,6,2,5.7384,24.41,73.57,5.17
Bengaluru,2025,6,3,4.8358,24.5,72.23,5.56
Bengaluru,2025,6,4,6.0365,24.77,70.77,4.71
Bengaluru,2025,6,5,6.5986,24.38,66.08,3.93
Bengaluru,2025,6,6,6.5525,25.36,66.79,3.06
Bengaluru,2025,6,7,6.8861,26.01,70.59,3.57
Bengaluru,2025,6,8,6.6761,24.99,75.63,4.19
Bengaluru,2025,6,9,5.3602,25.27,73.94,5.33
Bengaluru,2025,6,10,5.4631,24.61,80.38,5.26
Bengaluru,2025,6,11,4.1203,24.55,82.0,5.55
Bengaluru,2025,6,12,4.3817,23.63,83.08,5.38
Bengaluru,2025,6,13,3.8443,23.68,87.38,5.56
Bengaluru,2025,6,14,4.2125,23.71,83.1,6.82
Bengaluru,2025,6,15,4.0404,22.7,79.34,9.14
Bengaluru,2025,6,16,4.2151,22.49,76.88,8.95
Bengaluru,2025,6,17,4.0327,24.05,75.12,6.69
Bengaluru,2025,6,18,4.9056,24.81,75.18,6.01
Bengaluru,2025,6,19,5.0186,24.5,77.93,5.69
Bengaluru,2025,6,20,5.5397,25.0,74.33,5.59
Bengaluru,2025,6,21,5.6868,24.91,74.9,5.78
Bengaluru,2025,6,22,4.8401,24.43,76.83,6.37
Bengaluru,2025,6,23,4.7971,24.05,72.74,7.85
Bengaluru,2025,6,24,4.7117,22.63,72.32,7.58
Bengaluru,2025,6,25,3.7951,23.54,74.53,6.86
Bengaluru,2025,6,26,4.0111,23.65,74.0,6.58
Bengaluru,2025,6,27,4.6817,24.26,74.23,6.44
Bengaluru,2025,6,28,4.5917,24.82,73.83,5.67
Bengaluru,2025,6,29,5.1521,24.93,72.17,6.4
Bengaluru,2025,6,30,4.9296,24.14,74.51,6.09
Bengaluru,2025,7,1,3.7786,24.3,75.55,5.44
Bengaluru,2025,7,2,4.4225,24.08,74.77,6.85
Bengaluru,2025,7,3,4.0572,23.97,71.96,7.0
Bengaluru,2025,7,4,4.7614,24.18,71.49,6.87
Bengaluru,2025,7,5,4.0723,24.46,72.58,7.54
Bengaluru,2025,7,6,4.3812,24.58,73.48,7.77
Bengaluru,2025,7,7,4.6171,24.35,74.48,7.43
Bengaluru,2025,7,8,5.0138,25.17,70.87,6.92
Bengaluru,2025,7,9,5.0803,25.19,70.61,6.29
Bengaluru,2025,7,10,4.5905,24.93,73.26,5.34
Bengaluru,2025,7,11,5.2375,25.24,73.75,4.98
Bengaluru,2025,7,12,4.7153,24.94,73.59,5.48
Bengaluru,2025,7,13,4.4568,24.5,75.95,5.74
Bengaluru,2025,7,14,4.4904,23.98,77.29,6.39
Bengaluru,2025,7,15,4.3267,24.46,74.78,6.14
Bengaluru,2025,7,16,4.5295,24.58,77.5,4.38
Bengaluru,2025,7,17,4.6262,23.73,82.02,3.8
Bengaluru,2025,7,18,4.9186,23.95,78.1,3.69
Bengaluru,2025,7,19,3.0629,22.74,79.9,4.87
Bengaluru,2025,7,20,4.411,23.48,78.51,5.55
Bengaluru,2025,7,21,3.8647,21.84,79.71,5.65
Bengaluru,2025,7,22,3.6804,22.44,72.5,6.81
Bengaluru,2025,7,23,3.9943,23.2,77.72,6.84
Bengaluru,2025,7,24,3.1416,23.13,77.42,7.19
Bengaluru,2025,7,25,3.2926,23.38,74.17,8.73
Bengaluru,2025,7,26,3.2561,23.3,76.27,8.75
Bengaluru,2025,7,27,3.787,23.44,72.84,7.92
Bengaluru,2025,7,28,3.8971,23.55,72.62,7.49
Bengaluru,2025,7,29,4.0814,23.8,72.82,7.67
Bengaluru,2025,7,30,4.2504,24.57,71.63,7.01
Bengaluru,2025,7,31,4.105,25.21,71.74,5.67
Bengaluru,2025,8,1,4.691,25.09,71.88,4.76
Bengaluru,2025,8,2,5.2205,25.17,72.28,4.92
Bengaluru,2025,8,3,4.3831,24.08,80.74,3.14
Bengaluru,2025,8,4,4.8756,23.64,81.94,1.71
Bengaluru,2025,8,5,4.5936,24.75,79.16,1.84
Bengaluru,2025,8,6,4.8698,23.56,86.18,3.66
Bengaluru,2025,8,7,5.2042,23.62,85.08,3.09
Bengaluru,2025,8,8,4.0178,23.23,86.33,2.64
Bengaluru,2025,8,9,3.6442,23.62,82.92,2.41
Bengaluru,2025,8,10,3.4831,22.96,84.01,3.01
Bengaluru,2025,8,11,3.6545,21.9,83.74,4.68
Bengaluru,2025,8,12,4.0332,22.13,79.32,4.87
Bengaluru,2025,8,13,3.1363,21.7,80.8,5.22
Bengaluru,2025,8,14,3.5714,22.56,81.3,5.58
Bengaluru,2025,8,15,4.0716,22.73,80.74,6.01
Bengaluru,2025,8,16,3.8786,22.63,83.4,5.76
Bengaluru,2025,8,17,2.8783,22.82,83.62,6.05
Bengaluru,2025,8,18,2.5987,22.25,82.72,7.32
Bengaluru,2025,8,19,3.9701,22.72,78.43,8.26
Bengaluru,2025,8,20,4.8526,22.66,79.52,5.43
Bengaluru,2025,8,21,4.7429,23.46,80.28,3.28
Bengaluru,2025,8,22,5.3467,23.43,81.59,1.95
Bengaluru,2025,8,23,4.7645,23.63,81.29,3.44
Bengaluru,2025,8,24,5.748,24.1,75.47,4.55
Bengaluru,2025,8,25,5.1581,23.23,76.71,4.35
Bengaluru,2025,8,26,4.9368,23.93,75.29,4.46
Bengaluru,2025,8,27,4.0495,23.23,81.2,5.24
Bengaluru,2025,8,28,4.7508,23.22,78.01,5.82
Bengaluru,2025,8,29,5.0129,22.47,79.38,5.82
Bengaluru,2025,8,30,4.6826,23.35,81.06,4.89
Bengaluru,2025,8,31,4.2535,23.79,80.88,4.83
Bengaluru,2025,9,1,3.498,23.26,81.97,5.71
Bengaluru,2025,9,2,4.3188,23.14,82.47,5.56
Bengaluru,2025,9,3,3.6994,23.47,82.21,5.33
Bengaluru,2025,9,4,4.453,23.73,79.97,4.3
Bengaluru,2025,9,5,4.6164,23.46,80.95,3.42
Bengaluru,2025,9,6,4.823,24.08,78.84,3.4
Bengaluru,2025,9,7,5.0172,23.88,79.37,3.8
Bengaluru,2025,9,8,6.2873,23.79,76.29,3.31
Bengaluru,2025,9,9,5.3436,24.72,78.57,1.9
Bengaluru,2025,9,10,4.7287,23.92,81.88,1.91
Bengaluru,2025,9,11,4.1614,22.82,84.0,2.42
Bengaluru,2025,9,12,5.5973,23.56,79.01,2.92
Bengaluru,2025,9,13,4.4184,23.31,84.88,2.5
Bengaluru,2025,9,14,5.5114,23.26,83.01,2.77
Bengaluru,2025,9,15,5.1245,23.23,83.2,3.06
Bengaluru,2025,9,16,4.3286,23.58,84.11,2.17
Bengaluru,2025,9,17,4.4071,22.68,89.98,2.08
Bengaluru,2025,9,18,5.1818,23.36,85.77,2.52
Bengaluru,2025,9,19,3.3401,22.31,87.47,3.23
Bengaluru,2025,9,20,4.6015,22.3,88.42,3.83
Bengaluru,2025,9,21,4.769,23.09,85.72,3.52
Bengaluru,2025,9,22,4.9507,22.89,85.19,3.75
Bengaluru,2025,9,23,4.0608,22.58,84.23,4.18
Bengaluru,2025,9,24,4.6726,22.68,82.99,4.49
Bengaluru,2025,9,25,4.7858,22.75,82.51,4.71
Bengaluru,2025,9,26,4.715,22.72,81.32,5.31
Bengaluru,2025,9,27,4.2994,21.34,84.18,6.01
Bengaluru,2025,9,28,4.5739,22.68,81.61,5.4
Bengaluru,2025,9,29,5.0573,23.14,79.98,5.29
Bengaluru,2025,9,30,5.4494,22.33,82.39,4.27
Bengaluru,2025,10,1,5.202,23.33,80.12,3.92
Bengaluru,2025,10,2,5.0434,23.61,81.54,3.49
Bengaluru,2025,10,3,5.8006,22.97,86.04,2.76
Bengaluru,2025,10,4,4.049,23.75,79.65,2.65
Bengaluru,2025,10,5,6.1238,23.63,79.32,1.97
Bengaluru,2025,10,6,5.7631,22.98,84.18,2.27
Bengaluru,2025,10,7,5.7598,22.95,81.2,2.0
Bengaluru,2025,10,8,3.7517,23.56,81.32,1.9
Bengaluru,2025,10,9,5.2726,23.67,83.01,1.76
Bengaluru,2025,10,10,5.2865,23.63,85.88,2.43
Bengaluru,2025,10,11,5.2006,23.27,84.7,2.27
Bengaluru,2025,10,12,6.1558,23.36,86.1,2.62
Bengaluru,2025,10,13,5.5834,23.32,85.9,2.83
Bengaluru,2025,10,14,4.5331,23.42,85.06,3.58
Bengaluru,2025,10,15,3.8791,23.06,85.0,3.57
Bengaluru,2025,10,16,3.7982,23.05,86.66,4.44
Bengaluru,2025,10,17,4.2499,22.99,87.05,4.06
Bengaluru,2025,10,18,4.1657,23.01,86.46,3.88
Bengaluru,2025,10,19,4.9373,22.92,84.11,3.66
Bengaluru,2025,10,20,4.6877,22.42,86.47,3.6
Bengaluru,2025,10,21,2.8512,22.07,87.66,3.73
Bengaluru,2025,10,22,1.8703,21.73,91.68,4.56
Bengaluru,2025,10,23,3.6554,22.71,86.22,2.36
Bengaluru,2025,10,24,3.7435,21.93,85.77,2.5
Bengaluru,2025,10,25,5.6417,22.77,77.07,1.52
Bengaluru,2025,10,26,4.8103,22.92,83.19,1.57
Bengaluru,2025,10,27,2.5673,21.77,90.03,2.5
Bengaluru,2025,10,28,2.3076,21.65,85.06,5.1
Bengaluru,2025,10,29,4.3363,21.63,82.55,4.9
Bengaluru,2025,10,30,5.6813,22.34,84.04,3.74
Bengaluru,2025,10,31,6.2659,22.71,79.39,2.81
Bengaluru,2025,11,1,6.5254,22.88,79.17,1.61
Bengaluru,2025,11,2,4.7784,22.56,82.99,2.33
Bengaluru,2025,11,3,3.7234,22.45,82.4,3.07
Bengaluru,2025,11,4,4.0949,22.28,80.62,2.89
Bengaluru,2025,11,5,4.019,22.78,85.33,2.48
Bengaluru,2025,11,6,4.6234,20.52,93.23,2.99
Bengaluru,2025,11,7,4.572,21.81,83.37,2.03
Bengaluru,2025,11,8,4.2274,20.7,80.08,3.22
Bengaluru,2025,11,9,6.0442,18.73,71.36,3.09
Bengaluru,2025,11,10,5.0962,20.44,75.53,1.62
Bengaluru,2025,11,11,4.2348,22.02,80.07,2.16
Bengaluru,2025,11,12,4.4587,22.22,78.61,3.26
Bengaluru,2025,11,13,4.6423,22.5,81.1,3.46
Bengaluru,2025,11,14,3.7975,20.96,76.89,4.05
Bengaluru,2025,11,15,5.2493,19.82,74.83,3.53
Bengaluru,2025,11,16,4.5828,20.94,79.42,3.81
Bengaluru,2025,11,17,3.9631,20.62,77.47,4.14
Bengaluru,2025,11,18,3.0494,19.38,86.19,3.68
Bengaluru,2025,11,19,3.9077,21.75,80.27,3.48
Bengaluru,2025,11,20,5.0071,21.28,73.47,3.38
Bengaluru,2025,11,21,4.2326,21.98,84.36,3.65
Bengaluru,2025,11,22,3.6775,22.1,84.55,4.33
Bengaluru,2025,11,23,3.7366,21.83,83.49,4.03
Bengaluru,2025,11,24,4.0579,22.21,80.2,4.39
Bengaluru,2025,11,25,4.4191,20.7,79.35,4.03
Bengaluru,2025,11,26,4.9123,20.37,76.41,4.56
Bengaluru,2025,11,27,4.1333,20.56,75.76,4.51
Bengaluru,2025,11,28,3.9274,19.49,76.89,3.96
Bengaluru,2025,11,29,1.8924,19.24,84.92,3.81
Bengaluru,2025,11,30,1.9039,20.07,89.93,4.36
Bengaluru,2025,12,1,2.9174,21.47,81.05,4.12
Bengaluru,2025,12,2,3.6206,21.91,79.81,3.92
Bengaluru,2025,12,3,2.957,23.12,80.62,5.49
Bengaluru,2025,12,4,4.2576,21.83,83.85,3.6
Bengaluru,2025,12,5,2.149,21.84,79.65,5.1
Bengaluru,2025,12,6,4.3423,21.77,74.13,4.53
Bengaluru,2025,12,7,4.505,21.27,74.56,3.91
Bengaluru,2025,12,8,5.5097,20.5,65.32,3.59
Bengaluru,2025,12,9,5.0986,20.42,71.86,3.82
Bengaluru,2025,12,10,5.4802,20.58,65.57,4.24
Bengaluru,2025,12,11,5.4415,19.82,69.24,4.51
Bengaluru,2025,12,12,5.6136,19.37,69.55,3.59
Bengaluru,2025,12,13,5.9652,18.73,61.77,3.16
Bengaluru,2025,12,14,5.8975,18.5,67.46,3.53
Bengaluru,2025,12,15,5.9098,18.81,65.55,3.95
Bengaluru,2025,12,16,2.9256,21.14,78.19,5.42
Bengaluru,2025,12,17,5.5454,21.95,69.23,4.6
Bengaluru,2025,12,18,5.4665,19.43,67.33,4.32
Bengaluru,2025,12,19,4.8094,18.87,67.54,3.23
Bengaluru,2025,12,20,5.0414,18.64,67.96,2.58
Bengaluru,2025,12,21,5.239,19.06,69.05,3.23
Bengaluru,2025,12,22,5.2152,19.62,69.93,3.79
Bengaluru,2025,12,23,5.5586,19.61,69.04,3.07
Bengaluru,2025,12,24,5.3225,19.51,68.63,3.05
Bengaluru,2025,12,25,5.6503,19.52,67.32,3.29
Bengaluru,2025,12,26,3.959,20.5,68.84,3.62
Bengaluru,2025,12,27,5.3962,19.42,67.2,3.46
Bengaluru,2025,12,28,5.4041,19.76,68.23,3.26
Bengaluru,2025,12,29,5.2495,21.04,68.91,2.96
Bengaluru,2025,12,30,4.8036,22.06,69.08,1.68
Bengaluru,2025,12,31,4.2175,23.02,71.0,2.42
Chennai,2018,1,1,3.2542,24.21,83.78,4.55
Chennai,2018,1,2,4.9944,24.1,83.69,3.79
Chennai,2018,1,3,4.8264,24.23,82.22,3.8
Chennai,2018,1,4,4.8912,23.7,74.23,4.26
Chennai,2018,1,5,4.915,22.97,69.66,3.88
Chennai,2018,1,6,5.0542,22.71,65.99,3.1
Chennai,2018,1,7,5.0378,22.27,69.69,3.69
Chennai,2018,1,8,4.776,22.8,74.93,4.63
Chennai,2018,1,9,3.2335,23.88,81.28,5.36
Chennai,2018,1,10,2.4403,24.5,84.68,5.12
Chennai,2018,1,11,4.8065,24.95,83.02,3.68
Chennai,2018,1,12,4.9253,24.59,82.01,2.56
Chennai,2018,1,13,5.1833,24.31,82.88,2.25
Chennai,2018,1,14,4.9406,24.0,83.5,2.59
Chennai,2018,1,15,4.8382,24.33,80.19,2.75
Chennai,2018,1,16,4.6846,24.41,78.15,2.43
Chennai,2018,1,17,5.4146,23.87,73.04,2.98
Chennai,2018,1,18,5.4331,23.13,71.64,3.74
Chennai,2018,1,19,5.3335,22.77,72.69,3.76
Chennai,2018,1,20,5.1067,22.82,72.47,3.56
Chennai,2018,1,21,5.136,22.76,75.21,3.94
Chennai,2018,1,22,5.0962,23.03,74.54,3.56
Chennai,2018,1,23,5.2042,23.41,73.04,2.86
Chennai,2018,1,24,4.9968,23.77,74.58,3.04
Chennai,2018,1,25,4.7818,23.83,75.7,3.08
Chennai,2018,1,26,5.1766,24.11,72.19,2.91
Chennai,2018,1,27,4.9574,24.12,72.01,3.73
Chennai,2018,1,28,5.3981,23.58,75.03,4.54
Chennai,2018,1,29,5.4072,23.65,74.44,4.6
Chennai,2018,1,30,5.5356,23.47,72.62,4.34
Chennai,2018,1,31,5.5529,23.22,70.89,3.6
Chennai,2018,2,1,6.0936,23.25,66.16,2.64
Chennai,2018,2,2,6.0326,23.48,63.75,2.54
Chennai,2018,2,3,6.1406,23.35,66.89,3.02
Chennai,2018,2,4,6.222,23.2,68.26,3.44
Chennai,2018,2,5,5.6789,23.85,71.52,3.68
Chennai,2018,2,6,4.6123,24.93,77.81,3.56
Chennai,2018,2,7,5.2385,25.58,81.22,1.79
Chennai,2018,2,8,5.0988,25.97,75.96,1.98
Chennai,2018,2,9,5.6702,25.52,75.35,2.23
Chennai,2018,2,10,5.3537,25.19,77.63,2.09
Chennai,2018,2,11,5.5152,25.67,75.96,3.2
Chennai,2018,2,12,5.3268,25.34,75.02,3.53
Chennai,2018,2,13,4.727,24.81,77.09,3.73
Chennai,2018,2,14,5.5332,25.26,75.08,4.32
Chennai,2018,2,15,5.7288,25.43,77.69,4.69
Chennai,2018,2,16,5.862,25.4,72.56,3.36
Chennai,2018,2,17,5.8848,25.54,71.75,2.58
Chennai,2018,2,18,6.0938,25.1,70.05,2.59
Chennai,2018,2,19,6.1447,25.0,71.31,3.06
Chennai,2018,2,20,5.9239,25.12,72.55,3.61
Chennai,2018,2,21,6.317,25.07,71.04,3.57
Chennai,2018,2,22,6.4656,24.96,68.48,3.1
Chennai,2018,2,23,6.5736,24.94,68.1,3.14
Chennai,2018,2,24,6.4963,25.16,68.46,3.22
Chennai,2018,2,25,6.7198,25.64,69.1,4.09
Chennai,2018,2,26,6.4903,25.91,70.21,3.4
Chennai,2018,2,27,6.7668,26.14,66.46,2.97
Chennai,2018,2,28,6.1214,26.27,66.05,2.95
Chennai,2018,3,1,6.4678,26.76,65.1,2.19
Chennai,2018,3,2,6.636,26.4,64.21,2.57
Chennai,2018,3,3,6.936,26.34,57.67,2.76
Chennai,2018,3,4,6.8851,26.03,58.41,3.26
Chennai,2018,3,5,6.8606,26.29,59.67,2.76
Chennai,2018,3,6,6.8138,26.63,64.85,2.59
Chennai,2018,3,7,6.5717,26.71,66.6,2.45
Chennai,2018,3,8,6.5551,27.01,61.66,2.73
Chennai,2018,3,9,5.3851,27.18,67.71,3.25
Chennai,2018,3,10,5.6918,27.56,67.37,3.05
Chennai,2018,3,11,5.6885,27.44,69.98,3.23
Chennai,2018,3,12,6.1666,27.77,72.07,3.59
Chennai,2018,3,13,5.755,28.62,67.75,3.49
Chennai,2018,3,14,5.5486,28.54,67.84,3.08
Chennai,2018,3,15,6.318,28.82,67.68,3.7
Chennai,2018,3,16,6.0134,28.93,70.51,4.02
Chennai,2018,3,17,3.4529,26.96,77.06,2.62
Chennai,2018,3,18,6.313,27.94,69.99,3.68
Chennai,2018,3,19,6.325,27.75,67.38,2.97
Chennai,2018,3,20,6.5496,28.0,64.68,2.71
Chennai,2018,3,21,6.3233,28.27,67.15,3.4
Chennai,2018,3,22,6.1819,28.91,65.91,3.67
Chennai,2018,3,23,5.8296,29.21,69.15,3.88
Chennai,2018,3,24,5.723,29.38,67.84,3.53
Chennai,2018,3,25,6.1997,28.82,65.26,3.5
Chennai,2018,3,26,6.2986,28.56,62.65,2.63
Chennai,2018,3,27,6.041,29.22,66.65,3.66
Chennai,2018,3,28,6.0727,29.91,70.42,4.43
Chennai,2018,3,29,6.0446,30.26,67.4,4.99
Chennai,2018,3,30,5.7103,29.91,69.56,5.41
Chennai,2018,3,31,5.887,29.71,72.4,4.52
Chennai,2018,4,1,6.1238,29.7,71.76,4.65
Chennai,2018,4,2,6.109,29.71,67.89,3.91
Chennai,2018,4,3,6.3274,29.59,66.56,3.65
Chennai,2018,4,4,6.3626,29.7,65.21,3.68
Chennai,2018,4,5,6.509,29.63,64.13,4.22
Chennai,2018,4,6,6.6024,29.88,64.39,3.97
Chennai,2018,4,7,6.2954,30.01,66.09,3.8
Chennai,2018,4,8,6.7704,29.95,64.9,4.23
Chennai,2018,4,9,6.7445,29.84,62.91,3.71
Chennai,2018,4,10,6.7706,30.02,66.23,4.04
Chennai,2018,4,11,7.0262,30.43,64.35,3.35
Chennai,2018,4,12,7.0394,30.79,63.16,3.57
Chennai,2018,4,13,6.8114,31.14,63.08,3.92
Chennai,2018,4,14,6.7562,31.2,63.4,4.17
Chennai,2018,4,15,6.8806,31.36,62.3,4.25
Chennai,2018,4,16,6.7685,31.53,62.47,3.43
Chennai,2018,4,17,6.6883,31.29,60.93,3.96
Chennai,2018,4,18,6.7594,31.94,58.6,4.74
Chennai,2018,4,19,5.736,31.94,60.98,5.8
Chennai,2018,4,20,6.2251,31.97,62.5,5.28
Chennai,2018,4,21,6.2282,31.39,65.0,5.83
Chennai,2018,4,22,6.7838,31.92,61.48,5.18
Chennai,2018,4,23,6.7222,31.34,65.62,4.8
Chennai,2018,4,24,6.6646,31.49,63.22,5.22
Chennai,2018,4,25,6.259,31.45,64.1,4.83
Chennai,2018,4,26,6.5582,31.58,64.98,5.21
Chennai,2018,4,27,6.715,31.18,66.01,4.29
Chennai,2018,4,28,6.7087,31.48,61.72,4.53
Chennai,2018,4,29,6.4063,31.55,65.82,5.07
Chennai,2018,4,30,6.2395,32.05,65.93,5.98
Chennai,2018,5,1,5.9539,31.97,67.84,6.35
Chennai,2018,5,2,5.3962,31.23,71.31,4.64
Chennai,2018,5,3,5.935,30.59,74.66,4.33
Chennai,2018,5,4,6.2402,29.6,76.51,3.17
Chennai,2018,5,5,6.8086,30.34,71.51,4.13
Chennai,2018,5,6,6.0389,30.27,71.9,4.12
Chennai,2018,5,7,6.4795,30.59,68.82,4.48
Chennai,2018,5,8,5.8925,30.33,71.66,4.68
Chennai,2018,5,9,6.5921,31.09,65.77,5.58
Chennai,2018,5,10,6.5726,31.19,61.89,6.0
Chennai,2018,5,11,6.5959,31.35,65.08,5.0
Chennai,2018,5,12,6.535,31.52,67.11,4.99
Chennai,2018,5,13,6.3535,31.43,66.51,4.89
Chennai,2018,5,14,6.6677,31.29,67.12,4.05
Chennai,2018,5,15,5.2536,30.37,59.92,3.02
Chennai,2018,5,16,6.72,31.34,55.05,4.14
Chennai,2018,5,17,6.4154,31.81,62.33,4.55
Chennai,2018,5,18,5.3362,32.41,59.11,4.79
Chennai,2018,5,19,6.0924,31.84,63.16,4.89
Chennai,2018,5,20,6.1061,30.88,70.46,3.98
Chennai,2018,5,21,6.4762,30.84,71.23,3.82
Chennai,2018,5,22,5.8164,31.0,64.77,3.53
Chennai,2018,5,23,6.5371,30.92,66.59,3.55
Chennai,2018,5,24,4.9637,31.41,64.28,3.59
Chennai,2018,5,25,5.2421,30.28,68.18,2.78
Chennai,2018,5,26,5.9503,30.31,67.17,3.57
Chennai,2018,5,27,6.5537,30.83,68.68,4.66
Chennai,2018,5,28,6.1121,30.94,69.06,5.69
Chennai,2018,5,29,6.1231,32.57,60.3,4.25
Chennai,2018,5,30,5.9909,32.87,60.72,3.92
Chennai,2018,5,31,5.6923,32.22,68.05,3.78
Chennai,2018,6,1,5.8627,32.12,66.56,2.18
Chennai,2018,6,2,4.6925,30.28,71.13,2.43
Chennai,2018,6,3,5.7989,30.29,71.15,3.19
Chennai,2018,6,4,5.1163,29.68,72.68,4.76
Chennai,2018,6,5,5.6126,30.61,70.02,3.48
Chennai,2018,6,6,4.7172,29.77,73.37,2.57
Chennai,2018,6,7,4.7839,29.82,72.58,4.37
Chennai,2018,6,8,5.4826,30.56,62.75,6.02
Chennai,2018,6,9,4.6274,30.78,62.78,6.9
Chennai,2018,6,10,5.1067,31.15,59.88,6.07
Chennai,2018,6,11,4.1534,31.18,64.64,6.52
Chennai,2018,6,12,3.6043,31.08,65.12,5.44
Chennai,2018,6,13,4.0817,31.27,62.98,5.18
Chennai,2018,6,14,5.879,31.11,62.67,4.57
Chennai,2018,6,15,5.3813,31.18,59.07,3.57
Chennai,2018,6,16,6.2189,30.3,58.15,4.25
Chennai,2018,6,17,6.5239,30.69,55.26,4.89
Chennai,2018,6,18,6.3569,31.23,54.35,5.2
Chennai,2018,6,19,6.2436,31.13,58.58,4.89
Chennai,2018,6,20,6.5597,30.46,66.17,3.98
Chennai,2018,6,21,6.7164,30.22,65.14,4.63
Chennai,2018,6,22,5.4521,30.33,63.46,3.55
Chennai,2018,6,23,6.126,30.56,63.38,2.98
Chennai,2018,6,24,3.1517,30.83,62.1,3.3
Chennai,2018,6,25,4.0834,30.59,59.9,3.69
Chennai,2018,6,26,5.2267,30.96,57.32,3.81
Chennai,2018,6,27,3.635,30.7,61.4,4.13
Chennai,2018,6,28,3.6048,29.76,67.07,3.82
Chennai,2018,6,29,3.559,29.55,64.66,3.83
Chennai,2018,6,30,2.8327,28.66,65.2,3.01
Chennai,2018,7,1,3.8316,29.32,66.31,2.4
Chennai,2018,7,2,6.288,30.09,66.65,2.97
Chennai,2018,7,3,5.5906,28.69,73.99,3.56
Chennai,2018,7,4,4.0027,29.96,65.27,3.5
Chennai,2018,7,5,6.481,30.26,64.12,3.71
Chennai,2018,7,6,4.6246,30.42,61.72,4.41
Chennai,2018,7,7,2.8577,29.81,62.49,4.56
Chennai,2018,7,8,3.8954,29.98,61.23,5.87
Chennai,2018,7,9,3.5143,30.14,60.76,5.73
Chennai,2018,7,10,4.121,29.09,67.9,5.71
Chennai,2018,7,11,4.0301,28.98,67.73,5.49
Chennai,2018,7,12,3.7066,29.47,68.87,5.32
Chennai,2018,7,13,4.4592,29.13,65.62,6.25
Chennai,2018,7,14,5.227,29.48,67.04,6.03
Chennai,2018,7,15,3.7788,30.77,62.37,6.04
Chennai,2018,7,16,5.4878,30.48,59.89,7.29
Chennai,2018,7,17,5.5339,30.73,58.58,6.36
Chennai,2018,7,18,5.3774,30.59,59.97,5.75
Chennai,2018,7,19,4.8926,30.5,63.21,5.11
Chennai,2018,7,20,4.1333,30.15,63.17,5.61
Chennai,2018,7,21,3.3014,30.32,61.92,6.12
Chennai,2018,7,22,4.878,30.63,62.35,4.23
Chennai,2018,7,23,5.6534,30.8,61.17,3.89
Chennai,2018,7,24,6.0449,30.89,63.42,4.06
Chennai,2018,7,25,5.544,30.79,63.22,4.02
Chennai,2018,7,26,5.6354,30.83,64.73,4.13
Chennai,2018,7,27,4.4141,31.04,61.88,3.79
Chennai,2018,7,28,5.0004,31.11,60.46,3.81
Chennai,2018,7,29,5.153,31.41,60.45,4.3
Chennai,2018,7,30,4.877,30.55,64.53,3.66
Chennai,2018,7,31,4.7225,30.57,62.78,4.35
Chennai,2018,8,1,4.8845,30.89,59.85,4.97
Chennai,2018,8,2,4.4988,30.74,62.67,3.92
Chennai,2018,8,3,4.7251,30.28,65.14,3.46
Chennai,2018,8,4,4.7618,30.21,65.39,2.81
Chennai,2018,8,5,4.3651,29.07,70.72,3.3
Chennai,2018,8,6,4.7374,30.49,61.44,5.01
Chennai,2018,8,7,3.7145,29.98,60.66,5.52
Chennai,2018,8,8,5.3575,30.1,63.13,4.66
Chennai,2018,8,9,5.7557,29.63,68.15,4.17
Chennai,2018,8,10,2.2325,29.06,66.59,4.48
Chennai,2018,8,11,1.1232,28.41,69.22,4.82
Chennai,2018,8,12,2.7703,28.85,66.67,5.62
Chennai,2018,8,13,3.2496,29.75,62.17,5.56
Chennai,2018,8,14,2.8872,28.54,69.94,5.15
Chennai,2018,8,15,1.9771,27.67,81.21,5.21
Chennai,2018,8,16,4.5336,29.54,70.45,5.48
Chennai,2018,8,17,5.4638,30.05,66.09,4.05
Chennai,2018,8,18,4.2566,30.13,62.72,4.71
Chennai,2018,8,19,3.9581,30.16,62.37,4.93
Chennai,2018,8,20,4.3414,30.7,59.38,5.2
Chennai,2018,8,21,6.0931,31.14,58.84,4.12
Chennai,2018,8,22,6.1498,30.65,61.14,3.38
Chennai,2018,8,23,5.9206,30.87,65.98,3.49
Chennai,2018,8,24,3.8566,30.24,68.22,2.98
Chennai,2018,8,25,4.469,29.78,68.35,2.96
Chennai,2018,8,26,4.6351,29.69,68.67,2.63
Chennai,2018,8,27,3.6809,29.65,68.83,3.12
Chennai,2018,8,28,4.1458,29.71,69.64,3.74
Chennai,2018,8,29,4.5782,29.6,70.65,3.36
Chennai,2018,8,30,5.9798,30.04,67.69,3.6
Chennai,2018,8,31,3.6242,27.76,78.54,3.66
Chennai,2018,9,1,4.2346,28.21,76.34,4.03
Chennai,2018,9,2,5.2908,29.09,70.06,3.16
Chennai,2018,9,3,6.1387,29.39,68.51,3.1
Chennai,2018,9,4,6.1346,29.15,70.53,3.46
Chennai,2018,9,5,4.5845,29.37,70.42,3.28
Chennai,2018,9,6,5.5862,29.93,66.18,3.37
Chennai,2018,9,7,6.114,30.54,62.64,3.61
Chennai,2018,9,8,6.515,30.48,63.81,3.38
Chennai,2018,9,9,6.3091,30.06,66.97,3.23
Chennai,2018,9,10,5.0256,28.34,73.13,2.77
Chennai,2018,9,11,6.0912,29.38,71.76,3.61
Chennai,2018,9,12,5.8435,29.71,71.91,3.67
Chennai,2018,9,13,6.0782,29.7,70.99,3.95
Chennai,2018,9,14,5.7989,29.61,73.07,3.32
Chennai,2018,9,15,5.7931,29.65,72.44,3.57
Chennai,2018,9,16,4.9507,26.85,85.32,3.73
Chennai,2018,9,17,2.741,26.56,85.84,3.61
Chennai,2018,9,18,2.8651,27.31,79.28,3.03
Chennai,2018,9,19,2.1197,27.74,76.79,3.97
Chennai,2018,9,20,3.2858,28.09,75.24,3.16
Chennai,2018,9,21,5.0642,28.9,73.63,3.51
Chennai,2018,9,22,5.2291,28.56,76.88,2.67
Chennai,2018,9,23,6.2856,27.81,81.35,2.75
Chennai,2018,9,24,6.5467,28.04,78.07,2.23
Chennai,2018,9,25,6.3182,27.63,80.44,2.21
Chennai,2018,9,26,6.5599,27.96,78.39,2.49
Chennai,2018,9,27,6.1198,28.24,76.17,2.56
Chennai,2018,9,28,6.4776,28.37,74.94,2.36
Chennai,2018,9,29,6.2904,28.41,76.47,2.55
Chennai,2018,9,30,6.6062,28.75,76.08,2.75
Chennai,2018,10,1,6.3874,28.34,79.57,2.77
Chennai,2018,10,2,6.1486,28.44,77.27,2.63
Chennai,2018,10,3,5.4029,27.89,81.24,2.48
Chennai,2018,10,4,1.2055,27.22,83.92,2.51
Chennai,2018,10,5,2.1958,26.99,86.12,2.43
Chennai,2018,10,6,5.9148,27.32,85.56,2.78
Chennai,2018,10,7,5.5565,27.63,81.1,3.19
Chennai,2018,10,8,4.5055,27.37,83.86,3.28
Chennai,2018,10,9,5.2013,27.75,78.02,2.83
Chennai,2018,10,10,4.967,28.54,65.73,3.35
Chennai,2018,10,11,5.4655,28.48,63.73,2.68
Chennai,2018,10,12,5.5366,28.41,72.28,3.68
Chennai,2018,10,13,5.4677,28.23,80.77,4.9
Chennai,2018,10,14,5.4742,28.24,80.53,3.63
Chennai,2018,10,15,5.1432,28.03,80.54,2.73
Chennai,2018,10,16,5.7002,27.59,79.61,1.85
Chennai,2018,10,17,4.8091,27.07,79.51,2.45
Chennai,2018,10,18,4.2346,26.52,79.22,1.6
Chennai,2018,10,19,5.3117,26.74,77.67,2.48
Chennai,2018,10,20,5.2814,27.16,74.73,3.37
Chennai,2018,10,21,3.7697,27.11,78.76,4.17
Chennai,2018,10,22,5.4595,26.92,75.94,3.7
Chennai,2018,10,23,5.411,26.55,75.72,3.14
Chennai,2018,10,24,5.5625,26.74,76.02,3.08
Chennai,2018,10,25,5.3983,27.16,77.17,4.11
Chennai,2018,10,26,5.2654,27.48,74.51,5.02
Chennai,2018,10,27,5.1732,27.26,70.36,5.5
Chennai,2018,10,28,5.3287,27.09,69.74,5.83
Chennai,2018,10,29,5.3465,27.42,75.14,6.02
Chennai,2018,10,30,2.7614,27.44,82.22,5.72
Chennai,2018,10,31,2.9966,27.22,81.99,4.83
Chennai,2018,11,1,3.1567,26.42,84.95,3.99
Chennai,2018,11,2,4.921,26.81,83.11,3.37
Chennai,2018,11,3,5.2836,26.99,82.28,3.91
Chennai,2018,11,4,5.1038,27.45,79.87,3.93
Chennai,2018,11,5,5.5013,27.51,76.67,3.82
Chennai,2018,11,6,4.4774,27.33,76.07,3.39
Chennai,2018,11,7,4.7227,26.44,74.21,3.8
Chennai,2018,11,8,4.9774,26.66,77.24,3.84
Chennai,2018,11,9,4.8914,26.73,76.87,3.92
Chennai,2018,11,10,4.9822,26.82,75.13,3.65
Chennai,2018,11,11,4.734,26.7,72.24,3.77
Chennai,2018,11,12,3.6494,26.54,70.59,4.33
Chennai,2018,11,13,4.8559,25.99,68.09,4.29
Chennai,2018,11,14,5.2066,26.44,72.93,4.43
Chennai,2018,11,15,4.0541,27.11,81.61,7.1
Chennai,2018,11,16,3.8134,27.38,82.3,4.5
Chennai,2018,11,17,4.9519,27.46,78.05,1.8
Chennai,2018,11,18,5.0515,27.43,79.71,2.46
Chennai,2018,11,19,5.0491,27.44,80.28,3.85
Chennai,2018,11,20,2.5346,26.91,80.69,5.3
Chennai,2018,11,21,0.7798,25.67,88.42,6.1
Chennai,2018,11,22,0.9571,25.5,86.33,5.68
Chennai,2018,11,23,3.227,26.38,84.67,4.46
Chennai,2018,11,24,4.4755,25.95,81.39,3.73
Chennai,2018,11,25,4.6394,25.27,79.62,3.47
Chennai,2018,11,26,4.8878,24.41,74.58,4.04
Chennai,2018,11,27,4.9063,24.36,74.04,3.79
Chennai,2018,11,28,4.9022,25.11,78.06,4.33
Chennai,2018,11,29,4.1561,25.6,79.23,4.5
Chennai,2018,11,30,5.1444,25.12,79.39,4.26
Chennai,2018,12,1,5.3918,24.44,77.54,3.88
Chennai,2018,12,2,5.051,24.93,78.37,3.98
Chennai,2018,12,3,4.5314,25.45,83.07,4.59
Chennai,2018,12,4,2.6422,25.81,89.55,4.1
Chennai,2018,12,5,3.156,26.17,86.12,3.83
Chennai,2018,12,6,4.6462,26.0,82.52,3.04
Chennai,2018,12,7,4.3925,25.86,82.33,3.76
Chennai,2018,12,8,4.309,25.73,81.58,3.96
Chennai,2018,12,9,3.9576,25.12,82.82,3.75
Chennai,2018,12,10,4.1498,24.97,79.28,3.33
Chennai,2018,12,11,4.2662,24.77,81.26,3.3
Chennai,2018,12,12,4.2905,24.9,81.93,3.36
Chennai,2018,12,13,4.2233,24.87,82.59,3.56
Chennai,2018,12,14,4.5869,25.37,81.83,5.61
Chennai,2018,12,15,3.3888,25.32,77.83,8.26
Chennai,2018,12,16,0.756,21.8,85.04,9.58
Chennai,2018,12,17,4.139,24.39,72.62,4.78
Chennai,2018,12,18,4.0582,23.6,76.57,3.58
Chennai,2018,12,19,4.686,23.32,77.97,4.46
Chennai,2018,12,20,4.5226,24.42,81.57,4.27
Chennai,2018,12,21,3.2455,25.17,81.62,5.99
Chennai,2018,12,22,3.6746,25.19,83.81,5.55
Chennai,2018,12,23,3.9583,25.32,82.23,4.95
Chennai,2018,12,24,4.5955,25.0,79.43,4.32
Chennai,2018,12,25,4.3711,24.37,79.56,3.61
Chennai,2018,12,26,4.7201,24.33,78.41,2.55
Chennai,2018,12,27,4.3766,24.87,77.19,2.2
Chennai,2018,12,28,3.8326,24.96,79.36,2.41
Chennai,2018,12,29,2.9928,24.4,78.27,4.5
Chennai,2018,12,30,4.213,23.66,78.78,5.13
Chennai,2018,12,31,4.9486,23.14,68.26,4.95
Chennai,2019,1,1,5.0839,22.22,69.45,4.23
Chennai,2019,1,2,5.0767,22.74,72.73,4.19
Chennai,2019,1,3,5.0122,23.23,72.39,4.14
Chennai,2019,1,4,5.1811,23.08,72.75,4.31
Chennai,2019,1,5,4.8754,23.14,72.64,4.01
Chennai,2019,1,6,4.8998,23.09,73.77,3.64
Chennai,2019,1,7,4.7887,23.64,75.06,3.69
Chennai,2019,1,8,5.1106,23.01,75.19,3.35
Chennai,2019,1,9,5.0016,23.18,73.49,3.03
Chennai,2019,1,10,5.1079,23.54,74.62,3.86
Chennai,2019,1,11,4.9222,23.69,72.14,3.96
Chennai,2019,1,12,5.2776,23.22,73.18,4.47
Chennai,2019,1,13,4.9658,23.33,74.22,3.94
Chennai,2019,1,14,4.9236,23.33,74.69,4.12
Chennai,2019,1,15,4.5564,23.33,73.53,4.45
Chennai,2019,1,16,4.4062,23.81,76.64,4.11
Chennai,2019,1,17,4.3198,23.68,74.42,3.76
Chennai,2019,1,18,4.703,23.5,73.19,3.86
Chennai,2019,1,19,5.4108,23.3,71.94,3.69
Chennai,2019,1,20,4.4719,23.27,71.55,3.81
Chennai,2019,1,21,4.3913,23.43,71.85,3.4
Chennai,2019,1,22,5.5334,23.68,72.03,2.92
Chennai,2019,1,23,5.2862,24.62,74.0,3.34
Chennai,2019,1,24,5.6244,25.03,74.85,3.13
Chennai,2019,1,25,5.4782,25.52,77.85,3.56
Chennai,2019,1,26,5.3263,25.84,75.68,3.91
Chennai,2019,1,27,4.8883,25.74,73.14,3.79
Chennai,2019,1,28,3.4898,24.93,72.48,3.81
Chennai,2019,1,29,4.6913,24.8,73.39,5.07
Chennai,2019,1,30,5.3393,24.45,73.51,5.12
Chennai,2019,1,31,5.3794,24.31,71.74,4.58
Chennai,2019,2,1,5.5106,24.54,70.36,4.17
Chennai,2019,2,2,5.5656,24.91,70.95,3.99
Chennai,2019,2,3,5.5632,25.21,71.86,4.23
Chennai,2019,2,4,4.4822,26.06,70.88,5.08
Chennai,2019,2,5,4.9546,25.86,70.1,4.61
Chennai,2019,2,6,5.5646,25.83,68.19,3.5
Chennai,2019,2,7,5.4924,26.15,68.11,3.15
Chennai,2019,2,8,5.6206,27.0,71.02,3.04
Chennai,2019,2,9,5.5142,27.52,71.55,3.01
Chennai,2019,2,10,4.9356,27.0,73.6,3.55
Chennai,2019,2,11,4.3646,26.82,72.47,5.28
Chennai,2019,2,12,5.4367,26.16,70.21,5.09
Chennai,2019,2,13,5.767,25.75,72.22,4.7
Chennai,2019,2,14,5.7766,26.37,72.29,3.92
Chennai,2019,2,15,6.0598,26.73,69.77,3.06
Chennai,2019,2,16,5.6018,27.66,69.41,3.51
Chennai,2019,2,17,5.8608,28.67,67.14,3.18
Chennai,2019,2,18,5.6086,28.81,70.12,3.56
Chennai,2019,2,19,5.8673,28.38,70.82,3.97
Chennai,2019,2,20,5.671,27.65,69.94,4.09
Chennai,2019,2,21,6.2088,27.19,67.59,3.94
Chennai,2019,2,22,6.654,26.6,64.24,3.01
Chennai,2019,2,23,6.6578,26.77,60.33,2.88
Chennai,2019,2,24,6.3154,27.07,65.79,3.15
Chennai,2019,2,25,6.7075,27.18,67.43,4.14
Chennai,2019,2,26,6.3703,27.68,70.4,4.73
Chennai,2019,2,27,5.9765,28.58,69.44,5.23
Chennai,2019,2,28,4.9687,28.76,71.21,4.81
Chennai,2019,3,1,6.0043,28.61,70.92,4.41
Chennai,2019,3,2,5.9784,28.31,65.2,4.22
Chennai,2019,3,3,6.2402,28.47,64.07,3.58
Chennai,2019,3,4,6.2743,28.79,64.31,4.35
Chennai,2019,3,5,6.48,29.9,62.77,4.93
Chennai,2019,3,6,5.9494,30.45,64.73,4.74
Chennai,2019,3,7,6.241,30.34,68.53,5.7
Chennai,2019,3,8,6.0502,30.04,68.04,4.88
Chennai,2019,3,9,6.031,29.97,65.12,4.21
Chennai,2019,3,10,6.7186,29.49,64.56,4.49
Chennai,2019,3,11,6.6502,29.22,63.95,4.05
Chennai,2019,3,12,6.6041,29.02,61.79,4.2
Chennai,2019,3,13,6.6358,28.71,59.9,3.51
Chennai,2019,3,14,6.7366,29.32,56.56,3.55
Chennai,2019,3,15,6.5258,28.92,57.16,3.59
Chennai,2019,3,16,6.2618,28.75,62.93,3.42
Chennai,2019,3,17,6.8616,28.47,61.2,3.43
Chennai,2019,3,18,7.1861,28.5,61.24,4.03
Chennai,2019,3,19,6.5611,29.04,61.85,4.37
Chennai,2019,3,20,6.3204,29.13,65.01,5.09
Chennai,2019,3,21,6.8117,28.85,60.21,4.36
Chennai,2019,3,22,6.487,29.26,64.06,4.64
Chennai,2019,3,23,6.8592,29.97,62.25,4.01
Chennai,2019,3,24,6.6706,29.96,62.17,4.03
Chennai,2019,3,25,6.6838,29.89,59.95,3.42
Chennai,2019,3,26,6.8563,29.86,60.58,3.93
Chennai,2019,3,27,7.0666,29.62,57.93,3.51
Chennai,2019,3,28,6.9156,29.82,58.43,3.66
Chennai,2019,3,29,6.5614,30.16,60.34,3.97
Chennai,2019,3,30,6.6816,30.52,58.52,4.63
Chennai,2019,3,31,6.7039,30.95,60.95,4.64
Chennai,2019,4,1,6.5561,30.6,62.75,5.22
Chennai,2019,4,2,6.1181,30.11,65.86,5.19
Chennai,2019,4,3,6.5952,29.77,65.34,4.63
Chennai,2019,4,4,6.9876,30.01,65.82,4.7
Chennai,2019,4,5,6.667,30.54,64.71,3.88
Chennai,2019,4,6,6.7025,30.44,62.68,4.17
Chennai,2019,4,7,6.7044,30.48,63.81,5.0
Chennai,2019,4,8,6.6254,30.76,65.91,5.32
Chennai,2019,4,9,6.3986,30.81,68.02,4.9
Chennai,2019,4,10,6.413,30.87,65.47,4.43
Chennai,2019,4,11,7.1357,30.7,63.75,4.29
Chennai,2019,4,12,7.0003,31.01,61.99,4.12
Chennai,2019,4,13,7.1654,30.89,62.23,4.26
Chennai,2019,4,14,6.9854,31.33,58.06,4.1
Chennai,2019,4,15,7.2466,30.87,58.66,4.32
Chennai,2019,4,16,7.2914,30.91,61.45,4.51
Chennai,2019,4,17,6.6334,31.76,59.23,4.69
Chennai,2019,4,18,6.8666,31.63,64.83,4.38
Chennai,2019,4,19,6.8083,31.33,66.35,4.72
Chennai,2019,4,20,6.7951,31.77,62.85,4.02
Chennai,2019,4,21,6.6341,31.93,61.59,4.68
Chennai,2019,4,22,6.2232,31.91,60.37,3.97
Chennai,2019,4,23,6.552,31.78,56.25,3.49
Chennai,2019,4,24,6.9751,31.91,52.37,3.15
Chennai,2019,4,25,6.2719,31.89,54.79,3.21
Chennai,2019,4,26,6.4759,31.99,59.57,4.05
Chennai,2019,4,27,6.1495,31.93,63.8,4.71
Chennai,2019,4,28,4.1054,31.8,63.53,4.19
Chennai,2019,4,29,4.8281,31.91,64.05,4.08
Chennai,2019,4,30,4.8576,33.1,58.44,3.22
Chennai,2019,5,1,1.9594,31.6,62.26,3.39
Chennai,2019,5,2,3.9444,33.52,55.32,4.67
Chennai,2019,5,3,6.1824,33.98,51.26,4.71
Chennai,2019,5,4,5.8846,32.79,56.12,3.66
Chennai,2019,5,5,6.0804,32.92,59.59,4.59
Chennai,2019,5,6,6.0984,32.32,64.49,5.24
Chennai,2019,5,7,5.9201,31.96,66.22,5.6
Chennai,2019,5,8,5.9858,30.98,64.76,6.36
Chennai,2019,5,9,5.7046,32.92,57.84,5.37
Chennai,2019,5,10,5.9395,32.11,66.33,5.17
Chennai,2019,5,11,6.0696,31.21,70.21,5.23
Chennai,2019,5,12,5.945,31.4,69.38,5.05
Chennai,2019,5,13,6.1961,31.26,69.72,4.62
Chennai,2019,5,14,6.053,31.77,66.95,3.74
Chennai,2019,5,15,5.9957,31.58,66.82,3.87
Chennai,2019,5,16,6.2534,31.08,72.03,4.13
Chennai,2019,5,17,6.2971,31.7,69.57,4.31
Chennai,2019,5,18,6.2611,31.81,68.21,4.55
Chennai,2019,5,19,6.2225,32.13,64.75,5.18
Chennai,2019,5,20,6.3883,31.57,65.68,5.15
Chennai,2019,5,21,6.2988,30.18,72.23,5.25
Chennai,2019,5,22,6.349,30.47,72.97,4.81
Chennai,2019,5,23,6.3053,31.4,70.05,5.5
Chennai,2019,5,24,6.5698,31.49,70.19,5.04
Chennai,2019,5,25,6.1157,32.04,66.85,3.97
Chennai,2019,5,26,6.2114,33.8,58.7,4.92
Chennai,2019,5,27,6.2244,32.48,65.6,4.65
Chennai,2019,5,28,6.2107,31.77,69.65,5.19
Chennai,2019,5,29,6.0756,32.36,65.62,4.21
Chennai,2019,5,30,3.5254,32.22,65.18,3.93
Chennai,2019,5,31,6.018,32.4,63.53,4.61
Chennai,2019,6,1,5.8906,32.74,56.84,4.34
Chennai,2019,6,2,6.0734,32.68,65.0,3.87
Chennai,2019,6,3,5.4967,31.49,67.79,3.28
Chennai,2019,6,4,6.1049,31.12,69.79,3.01
Chennai,2019,6,5,6.1174,30.73,74.68,4.01
Chennai,2019,6,6,6.1006,30.37,75.15,4.81
Chennai,2019,6,7,5.8838,30.85,74.4,4.4
Chennai,2019,6,8,5.7535,31.64,68.39,4.48
Chennai,2019,6,9,5.8718,32.64,58.98,6.33
Chennai,2019,6,10,5.3599,31.6,58.74,6.84
Chennai,2019,6,11,6.3814,32.54,54.66,5.8
Chennai,2019,6,12,6.6869,33.42,52.06,6.23
Chennai,2019,6,13,6.4687,32.95,52.83,4.34
Chennai,2019,6,14,6.3619,33.4,49.32,5.88
Chennai,2019,6,15,6.6734,33.73,49.06,4.6
Chennai,2019,6,16,6.6151,33.3,53.79,4.44
Chennai,2019,6,17,3.9833,33.28,53.03,4.48
Chennai,2019,6,18,5.7826,32.68,56.47,4.09
Chennai,2019,6,19,5.0544,32.92,55.55,4.95
Chennai,2019,6,20,3.7908,33.25,53.47,3.75
Chennai,2019,6,21,3.2976,31.5,64.04,2.19
Chennai,2019,6,22,5.7286,31.63,63.21,2.58
Chennai,2019,6,23,5.6203,29.77,72.11,2.87
Chennai,2019,6,24,4.9058,30.29,70.72,2.73
Chennai,2019,6,25,2.9887,30.05,72.15,3.67
Chennai,2019,6,26,2.7384,29.88,71.67,3.56
Chennai,2019,6,27,4.8624,30.63,69.76,3.78
Chennai,2019,6,28,5.9782,30.53,69.28,3.43
Chennai,2019,6,29,5.4528,31.44,65.67,4.09
Chennai,2019,6,30,3.8126,31.41,62.4,4.5
Chennai,2019,7,1,4.8094,31.93,63.14,4.3
Chennai,2019,7,2,3.6574,31.58,63.22,4.37
Chennai,2019,7,3,4.0402,31.24,63.24,4.58
Chennai,2019,7,4,5.7758,31.51,60.1,6.11
Chennai,2019,7,5,3.3086,31.36,60.44,5.4
Chennai,2019,7,6,3.7488,31.44,57.97,5.73
Chennai,2019,7,7,5.5032,32.05,53.54,5.82
Chennai,2019,7,8,5.9448,32.36,53.43,4.71
Chennai,2019,7,9,5.4694,31.51,58.01,4.75
Chennai,2019,7,10,5.5399,28.89,74.33,4.98
Chennai,2019,7,11,5.0045,29.26,69.69,3.61
Chennai,2019,7,12,6.4219,29.7,66.69,3.86
Chennai,2019,7,13,6.3451,29.97,71.66,3.43
Chennai,2019,7,14,3.5914,28.47,75.64,3.31
Chennai,2019,7,15,6.293,28.63,72.91,3.52
Chennai,2019,7,16,6.1157,29.76,71.22,3.01
Chennai,2019,7,17,2.9407,30.18,66.42,3.24
Chennai,2019,7,18,5.203,28.82,72.54,3.57
Chennai,2019,7,19,3.295,28.42,74.93,3.52
Chennai,2019,7,20,5.9676,29.49,72.78,3.24
Chennai,2019,7,21,5.3666,29.62,72.66,3.48
Chennai,2019,7,22,1.7482,27.69,80.88,4.16
Chennai,2019,7,23,4.8226,29.38,70.97,3.17
Chennai,2019,7,24,6.6782,30.23,70.83,3.21
Chennai,2019,7,25,4.1045,29.14,74.95,3.2
Chennai,2019,7,26,2.7365,28.76,74.92,3.38
Chennai,2019,7,27,4.7904,28.94,72.0,3.43
Chennai,2019,7,28,2.0047,28.96,71.88,2.82
Chennai,2019,7,29,3.6394,29.02,75.06,4.32
Chennai,2019,7,30,3.6439,29.22,71.19,3.87
Chennai,2019,7,31,6.2618,29.56,67.45,3.96
Chennai,2019,8,1,3.2441,29.52,70.92,3.93
Chennai,2019,8,2,2.4612,29.68,71.23,4.1
Chennai,2019,8,3,4.6296,30.21,64.11,5.42
Chennai,2019,8,4,5.3376,30.23,58.89,5.29
Chennai,2019,8,5,2.6328,28.68,66.73,6.66
Chennai,2019,8,6,3.9667,28.9,65.09,6.52
Chennai,2019,8,7,3.2527,29.17,66.3,6.82
Chennai,2019,8,8,5.0698,30.05,66.57,6.91
Chennai,2019,8,9,5.8879,29.89,66.94,6.59
Chennai,2019,8,10,5.8574,30.21,63.16,4.97
Chennai,2019,8,11,5.982,30.34,64.92,3.96
Chennai,2019,8,12,4.9939,29.91,65.8,3.1
Chennai,2019,8,13,4.4129,29.81,70.0,3.54
Chennai,2019,8,14,5.9851,29.87,72.26,3.91
Chennai,2019,8,15,6.1181,29.45,73.75,3.65
Chennai,2019,8,16,5.3131,28.71,77.2,3.18
Chennai,2019,8,17,4.7234,27.94,83.23,2.96
Chennai,2019,8,18,3.277,27.24,85.68,1.97
Chennai,2019,8,19,6.4589,27.87,83.02,3.01
Chennai,2019,8,20,6.1867,28.63,82.24,2.87
Chennai,2019,8,21,4.3498,26.85,88.59,3.42
Chennai,2019,8,22,3.2904,26.23,84.6,4.81
Chennai,2019,8,23,5.1799,27.5,81.07,3.9
Chennai,2019,8,24,5.6153,27.65,79.82,4.62
Chennai,2019,8,25,6.3144,27.94,78.88,4.88
Chennai,2019,8,26,6.0862,28.19,76.68,5.17
Chennai,2019,8,27,6.1154,27.71,78.06,4.02
Chennai,2019,8,28,3.635,28.12,77.72,3.42
Chennai,2019,8,29,6.4673,27.81,80.72,4.56
Chennai,2019,8,30,4.74,27.79,80.9,3.63
Chennai,2019,8,31,3.0036,27.78,80.73,3.89
Chennai,2019,9,1,3.0595,27.6,80.21,4.05
Chennai,2019,9,2,3.6247,27.31,81.41,4.22
Chennai,2019,9,3,3.9178,27.83,80.38,4.72
Chennai,2019,9,4,4.0889,27.44,79.81,4.97
Chennai,2019,9,5,5.4228,28.09,76.74,5.07
Chennai,2019,9,6,4.2564,28.61,77.48,5.44
Chennai,2019,9,7,5.1828,28.74,76.88,5.41
Chennai,2019,9,8,5.9458,28.93,75.24,4.84
Chennai,2019,9,9,4.7916,28.07,77.41,4.33
Chennai,2019,9,10,5.8224,28.57,80.43,4.34
Chennai,2019,9,11,3.319,28.02,84.72,3.82
Chennai,2019,9,12,5.1317,27.29,86.92,4.01
Chennai,2019,9,13,6.101,27.2,86.4,3.55
Chennai,2019,9,14,6.223,28.11,82.68,3.8
Chennai,2019,9,15,6.054,28.03,82.05,3.62
Chennai,2019,9,16,5.4751,28.15,79.61,3.88
Chennai,2019,9,17,3.169,27.3,84.1,3.14
Chennai,2019,9,18,3.6679,26.96,86.42,2.74
Chennai,2019,9,19,2.4146,27.43,87.26,4.37
Chennai,2019,9,20,4.3733,26.83,85.8,2.29
Chennai,2019,9,21,5.3486,27.77,84.81,2.96
Chennai,2019,9,22,5.5183,27.63,86.7,2.29
Chennai,2019,9,23,6.0883,27.7,86.28,2.34
Chennai,2019,9,24,3.7668,27.5,86.44,3.89
Chennai,2019,9,25,3.9614,26.88,88.68,5.46
Chennai,2019,9,26,5.4451,27.21,86.67,4.82
Chennai,2019,9,27,6.4094,27.44,85.24,2.69
Chennai,2019,9,28,5.9198,27.62,80.74,2.52
Chennai,2019,9,29,5.6909,27.39,77.84,3.11
Chennai,2019,9,30,6.1387,27.0,78.44,2.92
Chennai,2019,10,1,5.9035,27.3,78.92,2.81
Chennai,2019,10,2,5.8954,27.44,85.32,3.16
Chennai,2019,10,3,6.0662,27.93,82.23,3.03
Chennai,2019,10,4,6.2522,27.79,82.34,3.05
Chennai,2019,10,5,6.2249,27.6,83.08,3.3
Chennai,2019,10,6,6.3504,27.3,84.14,3.4
Chennai,2019,10,7,5.9942,27.63,83.2,2.9
Chennai,2019,10,8,5.7031,27.86,82.83,2.98
Chennai,2019,10,9,5.6921,27.93,81.72,3.48
Chennai,2019,10,10,5.8646,27.9,80.91,3.39
Chennai,2019,10,11,6.1382,27.67,82.61,3.04
Chennai,2019,10,12,6.3367,27.34,84.09,2.08
Chennai,2019,10,13,6.1498,27.76,82.75,2.27
Chennai,2019,10,14,5.9141,27.98,81.75,2.1
Chennai,2019,10,15,5.2488,27.6,86.46,3.31
Chennai,2019,10,16,3.0518,27.27,82.35,2.82
Chennai,2019,10,17,1.5521,26.59,84.68,2.28
Chennai,2019,10,18,4.6997,27.03,83.27,1.88
Chennai,2019,10,19,4.3147,26.5,87.34,2.7
Chennai,2019,10,20,2.975,26.45,87.13,3.22
Chennai,2019,10,21,2.2478,26.51,85.37,3.16
Chennai,2019,10,22,1.7782,26.62,86.56,2.26
Chennai,2019,10,23,4.159,26.82,84.76,2.48
Chennai,2019,10,24,3.1378,26.65,84.29,3.3
Chennai,2019,10,25,2.7305,25.85,86.04,3.27
Chennai,2019,10,26,3.9199,26.31,87.33,2.64
Chennai,2019,10,27,5.424,26.49,83.72,2.03
Chennai,2019,10,28,5.3813,26.7,87.12,3.17
Chennai,2019,10,29,4.409,26.44,84.76,3.42
Chennai,2019,10,30,1.7316,26.3,85.21,3.63
Chennai,2019,10,31,3.9101,26.54,84.84,2.93
Chennai,2019,11,1,5.7869,26.89,83.79,2.37
Chennai,2019,11,2,5.3921,26.88,83.8,2.03
Chennai,2019,11,3,5.0671,26.61,85.69,2.8
Chennai,2019,11,4,5.0825,27.14,77.43,2.66
Chennai,2019,11,5,5.2097,27.01,80.52,2.79
Chennai,2019,11,6,4.5691,26.96,78.96,2.46
Chennai,2019,11,7,4.0586,26.97,79.22,1.84
Chennai,2019,11,8,4.1566,27.15,82.52,1.94
Chennai,2019,11,9,4.5355,27.71,80.27,1.62
Chennai,2019,11,10,4.8202,27.05,76.94,2.47
Chennai,2019,11,11,5.543,26.41,80.48,3.34
Chennai,2019,11,12,5.1751,26.63,81.92,3.81
Chennai,2019,11,13,5.1223,26.55,81.87,4.68
Chennai,2019,11,14,4.518,26.71,85.14,3.79
Chennai,2019,11,15,2.0645,26.61,86.32,3.39
Chennai,2019,11,16,4.5624,26.67,84.09,3.96
Chennai,2019,11,17,3.6336,26.39,85.4,5.06
Chennai,2019,11,18,5.3443,27.08,84.45,3.64
Chennai,2019,11,19,2.5932,27.16,81.15,2.0
Chennai,2019,11,20,3.7788,26.59,88.3,3.22
Chennai,2019,11,21,4.5166,26.7,84.22,5.23
Chennai,2019,11,22,5.0815,26.0,81.15,5.28
Chennai,2019,11,23,3.0482,25.4,84.29,5.26
Chennai,2019,11,24,5.0239,25.88,82.81,4.5
Chennai,2019,11,25,4.9524,25.93,82.18,5.12
Chennai,2019,11,26,3.9857,25.9,81.44,4.9
Chennai,2019,11,27,4.0994,26.59,83.34,5.1
Chennai,2019,11,28,4.2355,26.84,87.5,5.13
Chennai,2019,11,29,4.8938,26.54,85.65,5.85
Chennai,2019,11,30,2.5795,26.62,88.41,5.3
Chennai,2019,12,1,1.2238,26.12,92.15,4.33
Chennai,2019,12,2,2.9892,26.27,86.89,4.37
Chennai,2019,12,3,3.4752,26.14,83.15,4.98
Chennai,2019,12,4,4.7534,25.94,80.88,5.46
Chennai,2019,12,5,3.6134,25.16,79.26,5.84
Chennai,2019,12,6,4.7225,24.7,80.69,5.55
Chennai,2019,12,7,3.0115,25.57,84.54,5.11
Chennai,2019,12,8,4.0102,25.23,81.72,4.52
Chennai,2019,12,9,4.9457,25.07,78.02,4.52
Chennai,2019,12,10,5.016,24.74,79.9,4.14
Chennai,2019,12,11,5.0465,24.66,79.26,3.93
Chennai,2019,12,12,5.147,25.0,81.2,3.79
Chennai,2019,12,13,3.2782,25.37,83.46,3.61
Chennai,2019,12,14,2.5886,25.58,84.32,4.6
Chennai,2019,12,15,4.6865,25.03,82.5,4.08
Chennai,2019,12,16,3.1303,25.31,84.78,4.36
Chennai,2019,12,17,4.7047,25.21,81.28,5.44
Chennai,2019,12,18,4.3169,25.37,82.36,4.88
Chennai,2019,12,19,4.5468,25.25,81.69,4.76
Chennai,2019,12,20,4.2794,25.04,81.39,4.03
Chennai,2019,12,21,4.0646,24.62,82.66,3.7
Chennai,2019,12,22,5.0491,24.52,79.27,3.68
Chennai,2019,12,23,4.2802,24.53,77.15,3.71
Chennai,2019,12,24,2.6318,24.94,83.17,4.36
Chennai,2019,12,25,4.6721,25.02,81.74,4.18
Chennai,2019,12,26,5.2786,24.57,79.64,2.89
Chennai,2019,12,27,5.1974,24.51,77.14,2.55
Chennai,2019,12,28,4.7081,24.9,78.39,3.4
Chennai,2019,12,29,4.4381,24.8,81.21,4.19
Chennai,2019,12,30,4.2202,24.76,83.83,3.97
Chennai,2019,12,31,4.4213,25.26,82.46,4.01
Chennai,2020,1,1,3.5285,25.75,85.51,3.3
Chennai,2020,1,2,4.6277,25.68,86.26,2.68
Chennai,2020,1,3,5.015,26.13,82.96,2.14
Chennai,2020,1,4,5.0842,26.09,85.21,2.43
Chennai,2020,1,5,3.0953,26.13,83.38,3.11
Chennai,2020,1,6,3.4318,25.6,82.49,3.97
Chennai,2020,1,7,4.8845,25.32,82.34,4.15
Chennai,2020,1,8,5.2478,24.46,80.08,3.81
Chennai,2020,1,9,5.2733,24.32,74.35,2.66
Chennai,2020,1,10,4.8775,23.83,77.34,3.88
Chennai,2020,1,11,5.0801,23.78,78.26,4.04
Chennai,2020,1,12,4.1069,24.15,82.13,3.86
Chennai,2020,1,13,5.111,23.81,73.3,3.17
Chennai,2020,1,14,5.4485,23.1,70.97,2.97
Chennai,2020,1,15,5.6134,23.67,70.47,2.92
Chennai,2020,1,16,5.6126,25.0,66.14,2.4
Chennai,2020,1,17,4.2979,24.88,83.08,3.48
Chennai,2020,1,18,4.6327,25.37,83.14,4.23
Chennai,2020,1,19,5.2296,25.21,80.1,3.71
Chennai,2020,1,20,5.527,24.7,76.94,3.61
Chennai,2020,1,21,5.3071,24.17,77.01,4.18
Chennai,2020,1,22,5.0496,24.66,79.09,4.59
Chennai,2020,1,23,5.2406,24.63,79.13,4.02
Chennai,2020,1,24,5.8114,23.57,75.82,3.67
Chennai,2020,1,25,5.8894,23.34,70.88,2.6
Chennai,2020,1,26,5.5958,24.37,70.31,2.11
Chennai,2020,1,27,5.4713,24.46,76.4,2.87
Chennai,2020,1,28,5.3784,25.06,79.08,3.86
Chennai,2020,1,29,5.4266,25.48,76.05,3.39
Chennai,2020,1,30,5.7358,25.25,75.68,3.05
Chennai,2020,1,31,5.2764,25.39,76.96,3.0
Chennai,2020,2,1,5.5555,25.84,77.11,3.45
Chennai,2020,2,2,5.0983,25.52,71.94,4.0
Chennai,2020,2,3,5.9693,25.34,71.1,3.7
Chennai,2020,2,4,5.5966,25.5,69.87,3.59
Chennai,2020,2,5,5.9546,25.56,66.04,3.62
Chennai,2020,2,6,6.0086,25.37,68.2,3.78
Chennai,2020,2,7,5.6971,25.78,70.69,4.19
Chennai,2020,2,8,5.555,26.01,69.83,3.98
Chennai,2020,2,9,4.5658,26.15,72.46,4.24
Chennai,2020,2,10,5.7403,25.86,70.39,4.59
Chennai,2020,2,11,5.7293,25.97,68.26,4.83
Chennai,2020,2,12,5.5649,25.7,70.71,4.87
Chennai,2020,2,13,5.8121,25.6,69.51,4.18
Chennai,2020,2,14,5.6729,25.49,67.88,2.74
Chennai,2020,2,15,6.2066,25.55,60.93,2.81
Chennai,2020,2,16,6.4066,25.18,64.98,3.53
Chennai,2020,2,17,6.3874,25.22,62.69,3.13
Chennai,2020,2,18,5.9722,25.46,66.04,3.29
Chennai,2020,2,19,6.0619,25.18,69.17,3.18
Chennai,2020,2,20,6.311,25.17,67.59,3.46
Chennai,2020,2,21,6.0266,25.48,70.06,4.22
Chennai,2020,2,22,5.9136,26.36,73.22,4.91
Chennai,2020,2,23,5.4638,26.33,72.49,4.24
Chennai,2020,2,24,4.9459,26.75,70.05,3.65
Chennai,2020,2,25,5.9726,27.37,70.24,3.7
Chennai,2020,2,26,5.7833,27.49,71.51,3.37
Chennai,2020,2,27,5.8142,27.35,70.51,3.64
Chennai,2020,2,28,5.945,27.32,70.13,3.64
Chennai,2020,2,29,6.0211,27.18,69.12,3.48
Chennai,2020,3,1,6.1918,27.42,66.26,3.5
Chennai,2020,3,2,6.0082,27.51,63.46,3.09
Chennai,2020,3,3,6.0744,28.45,59.58,2.67
Chennai,2020,3,4,5.9086,28.42,62.34,3.61
Chennai,2020,3,5,6.0367,28.26,66.28,4.66
Chennai,2020,3,6,5.202,27.9,70.41,4.6
Chennai,2020,3,7,5.7149,28.04,68.07,4.44
Chennai,2020,3,8,6.3197,28.34,68.1,3.59
Chennai,2020,3,9,6.6763,28.12,66.95,3.7
Chennai,2020,3,10,6.7934,28.28,64.66,3.84
Chennai,2020,3,11,6.774,27.74,64.95,3.64
Chennai,2020,3,12,6.7853,27.93,64.45,3.7
Chennai,2020,3,13,6.4668,28.15,66.63,3.45
Chennai,2020,3,14,6.4346,28.23,68.95,3.71
Chennai,2020,3,15,6.5316,28.11,67.5,3.93
Chennai,2020,3,16,6.7354,29.03,63.79,3.53
Chennai,2020,3,17,7.0207,28.86,64.28,3.46
Chennai,2020,3,18,6.6324,29.21,63.51,3.22
Chennai,2020,3,19,7.0867,29.64,64.64,3.54
Chennai,2020,3,20,6.8642,29.64,62.09,4.12
Chennai,2020,3,21,6.7327,30.01,59.81,4.8
Chennai,2020,3,22,6.2863,30.02,59.94,3.83
Chennai,2020,3,23,6.3,29.27,62.34,3.8
Chennai,2020,3,24,6.7142,29.36,59.81,3.46
Chennai,2020,3,25,6.6276,29.47,60.53,3.69
Chennai,2020,3,26,6.6144,29.34,61.36,3.75
Chennai,2020,3,27,7.014,29.15,58.42,3.26
Chennai,2020,3,28,7.1801,29.25,53.82,2.61
Chennai,2020,3,29,6.7512,29.57,56.71,3.48
Chennai,2020,3,30,7.0159,29.6,54.0,3.26
Chennai,2020,3,31,6.8688,29.99,55.94,2.99
Chennai,2020,4,1,6.6288,30.36,59.8,3.44
Chennai,2020,4,2,6.3804,30.53,62.58,4.23
Chennai,2020,4,3,6.2568,29.97,64.54,4.26
Chennai,2020,4,4,6.768,29.67,65.16,3.91
Chennai,2020,4,5,6.3749,30.52,67.51,4.27
Chennai,2020,4,6,6.2076,30.77,67.83,4.16
Chennai,2020,4,7,6.1217,30.78,66.24,4.47
Chennai,2020,4,8,5.9455,31.18,63.0,4.31
Chennai,2020,4,9,4.4143,30.42,65.37,4.09
Chennai,2020,4,10,6.1046,29.74,65.41,3.45
Chennai,2020,4,11,6.593,29.84,66.1,3.15
Chennai,2020,4,12,6.8832,29.96,62.87,2.82
Chennai,2020,4,13,7.0198,30.6,58.84,3.09
Chennai,2020,4,14,6.6254,30.08,59.8,3.45
Chennai,2020,4,15,7.0644,30.11,61.97,3.29
Chennai,2020,4,16,6.5954,30.12,66.61,4.33
Chennai,2020,4,17,6.5794,30.66,65.27,4.72
Chennai,2020,4,18,6.8045,30.95,64.31,4.91
Chennai,2020,4,19,6.8131,31.05,64.96,4.44
Chennai,2020,4,20,7.3236,30.84,62.99,4.03
Chennai,2020,4,21,7.1256,31.0,61.93,3.87
Chennai,2020,4,22,6.7517,31.26,63.05,4.65
Chennai,2020,4,23,6.6418,31.73,64.99,4.94
Chennai,2020,4,24,6.647,31.91,64.01,5.84
Chennai,2020,4,25,5.695,31.27,70.83,5.07
Chennai,2020,4,26,3.7118,30.06,76.47,4.8
Chennai,2020,4,27,5.8042,29.6,77.23,2.27
Chennai,2020,4,28,6.1663,30.16,70.72,2.59
Chennai,2020,4,29,4.6094,30.68,69.39,2.56
Chennai,2020,4,30,6.6074,30.45,71.62,2.99
Chennai,2020,5,1,6.7872,30.7,70.64,3.33
Chennai,2020,5,2,6.2902,31.19,67.76,3.63
Chennai,2020,5,3,6.6958,31.15,67.58,3.79
Chennai,2020,5,4,6.361,31.33,68.91,3.76
Chennai,2020,5,5,6.4339,31.66,65.98,4.24
Chennai,2020,5,6,5.9057,31.22,69.01,4.7
Chennai,2020,5,7,6.3797,31.83,66.69,4.41
Chennai,2020,5,8,6.5434,32.15,64.6,4.29
Chennai,2020,5,9,6.8237,32.08,64.34,4.22
Chennai,2020,5,10,6.7399,32.15,61.53,4.03
Chennai,2020,5,11,6.1795,30.96,67.62,3.33
Chennai,2020,5,12,5.9182,28.89,76.57,2.83
Chennai,2020,5,13,6.6221,29.94,63.65,2.64
Chennai,2020,5,14,6.8774,30.44,70.61,2.97
Chennai,2020,5,15,6.588,30.21,73.73,3.53
Chennai,2020,5,16,5.958,29.74,76.57,3.9
Chennai,2020,5,17,5.2817,29.73,72.43,3.26
Chennai,2020,5,18,3.8777,30.92,70.0,3.14
Chennai,2020,5,19,5.1341,32.91,58.51,4.21
Chennai,2020,5,20,5.4636,33.12,57.39,5.21
Chennai,2020,5,21,6.1685,32.81,57.19,5.69
Chennai,2020,5,22,6.0187,32.61,60.58,4.67
Chennai,2020,5,23,6.084,31.38,72.38,4.1
Chennai,2020,5,24,6.1937,30.78,77.43,3.52
Chennai,2020,5,25,6.2405,30.44,79.62,4.12
Chennai,2020,5,26,6.2215,30.68,77.66,3.91
Chennai,2020,5,27,6.2789,31.49,74.36,3.94
Chennai,2020,5,28,6.1874,32.01,71.82,3.65
Chennai,2020,5,29,6.0876,31.45,68.65,4.36
Chennai,2020,5,30,6.3794,30.99,70.24,4.38
Chennai,2020,5,31,6.5006,29.82,75.78,4.49
Chennai,2020,6,1,5.4638,30.49,73.6,4.0
Chennai,2020,6,2,6.0226,29.94,71.93,4.78
Chennai,2020,6,3,6.6317,30.17,67.69,4.67
Chennai,2020,6,4,6.3067,31.08,64.61,3.56
Chennai,2020,6,5,5.9311,31.11,66.28,2.84
Chennai,2020,6,6,6.2707,30.13,69.26,4.44
Chennai,2020,6,7,5.5303,30.39,64.61,4.44
Chennai,2020,6,8,5.2483,31.52,60.29,3.91
Chennai,2020,6,9,3.2738,31.42,60.94,2.55
Chennai,2020,6,10,1.583,30.18,64.41,3.29
Chennai,2020,6,11,1.9346,29.19,70.03,4.75
Chennai,2020,6,12,4.3771,30.64,62.17,5.1
Chennai,2020,6,13,5.7031,32.14,53.88,4.75
Chennai,2020,6,14,6.0864,32.02,52.15,5.63
Chennai,2020,6,15,4.7738,31.67,60.31,4.66
Chennai,2020,6,16,5.2673,31.37,65.16,5.08
Chennai,2020,6,17,5.3851,32.06,61.49,3.68
Chennai,2020,6,18,4.897,32.52,55.0,2.23
Chennai,2020,6,19,6.4474,31.96,56.23,2.92
Chennai,2020,6,20,3.9533,31.41,60.58,3.12
Chennai,2020,6,21,4.3622,30.91,60.15,3.21
Chennai,2020,6,22,5.9839,31.44,62.95,3.22
Chennai,2020,6,23,6.3912,30.45,65.13,3.69
Chennai,2020,6,24,6.4898,30.04,70.27,3.16
Chennai,2020,6,25,4.5487,29.47,72.29,3.04
Chennai,2020,6,26,6.1022,30.1,69.36,4.48
Chennai,2020,6,27,6.2153,30.51,70.89,2.96
Chennai,2020,6,28,5.9074,29.62,76.44,3.0
Chennai,2020,6,29,5.9441,28.64,78.67,2.95
Chennai,2020,6,30,6.5232,29.56,74.02,3.18
Chennai,2020,7,1,2.5481,29.17,76.91,3.6
Chennai,2020,7,2,2.8102,29.11,70.5,3.96
Chennai,2020,7,3,4.9054,29.42,70.39,5.27
Chennai,2020,7,4,3.3888,29.73,69.54,6.01
Chennai,2020,7,5,2.6712,29.33,68.95,5.32
Chennai,2020,7,6,3.1423,29.76,69.75,3.69
Chennai,2020,7,7,6.5858,30.27,69.16,4.28
Chennai,2020,7,8,6.5518,28.52,75.57,2.92
Chennai,2020,7,9,6.323,27.39,82.78,3.42
Chennai,2020,7,10,4.8617,28.71,76.77,3.56
Chennai,2020,7,11,6.0881,27.55,80.31,3.84
Chennai,2020,7,12,6.1399,29.11,77.3,3.01
Chennai,2020,7,13,5.5488,28.33,82.48,2.57
Chennai,2020,7,14,1.5151,27.61,84.58,3.66
Chennai,2020,7,15,2.9234,27.66,83.35,4.53
Chennai,2020,7,16,2.7852,27.47,82.52,3.46
Chennai,2020,7,17,4.6879,28.43,77.87,4.12
Chennai,2020,7,18,2.731,27.96,78.9,2.61
Chennai,2020,7,19,3.9998,28.24,81.27,3.32
Chennai,2020,7,20,6.527,28.09,83.96,4.56
Chennai,2020,7,21,6.5647,28.22,81.18,3.78
Chennai,2020,7,22,5.9851,28.26,83.05,4.49
Chennai,2020,7,23,4.8564,27.67,83.12,4.04
Chennai,2020,7,24,4.1448,27.87,84.27,3.59
Chennai,2020,7,25,6.2942,28.44,76.84,2.83
Chennai,2020,7,26,6.2412,28.69,74.84,2.49
Chennai,2020,7,27,6.1855,28.77,74.75,2.81
Chennai,2020,7,28,6.0166,27.8,81.32,2.57
Chennai,2020,7,29,2.0429,28.0,82.33,1.87
Chennai,2020,7,30,6.2316,28.22,80.7,2.84
Chennai,2020,7,31,6.5513,28.72,81.0,4.16
Chennai,2020,8,1,4.1448,27.76,84.23,3.38
Chennai,2020,8,2,4.9157,27.18,85.1,4.4
Chennai,2020,8,3,2.8068,27.44,83.37,4.97
Chennai,2020,8,4,2.927,27.53,77.51,6.05
Chennai,2020,8,5,2.6059,28.07,74.14,7.4
Chennai,2020,8,6,5.1794,28.66,78.67,5.45
Chennai,2020,8,7,4.9637,29.01,79.96,3.8
Chennai,2020,8,8,3.5462,28.75,78.6,3.84
Chennai,2020,8,9,2.1626,27.45,82.1,4.25
Chennai,2020,8,10,4.3363,27.97,79.88,3.85
Chennai,2020,8,11,5.7418,28.78,78.11,3.91
Chennai,2020,8,12,3.2189,28.54,77.5,3.48
Chennai,2020,8,13,3.0562,28.66,77.28,3.46
Chennai,2020,8,14,2.7122,28.82,76.87,2.93
Chennai,2020,8,15,1.5775,28.37,76.91,4.19
Chennai,2020,8,16,2.9357,28.94,76.17,3.38
Chennai,2020,8,17,4.5967,29.03,77.98,3.58
Chennai,2020,8,18,4.6459,29.39,77.66,2.62
Chennai,2020,8,19,4.145,29.18,78.01,3.31
Chennai,2020,8,20,2.6179,28.91,78.45,3.35
Chennai,2020,8,21,5.6854,28.68,78.7,3.38
Chennai,2020,8,22,3.2566,28.39,81.74,2.81
Chennai,2020,8,23,1.9826,28.04,83.21,2.7
Chennai,2020,8,24,4.0519,27.68,85.16,2.56
Chennai,2020,8,25,2.4614,27.97,83.7,2.18
Chennai,2020,8,26,4.9262,27.99,84.8,2.23
Chennai,2020,8,27,5.4379,27.97,82.38,2.5
Chennai,2020,8,28,6.2357,28.92,77.03,2.8
Chennai,2020,8,29,5.8702,28.62,81.74,2.36
Chennai,2020,8,30,6.2719,28.37,83.42,2.52
Chennai,2020,8,31,5.9772,28.39,82.62,2.63
Chennai,2020,9,1,3.2294,27.26,87.46,1.66
Chennai,2020,9,2,5.6098,27.87,78.61,1.95
Chennai,2020,9,3,6.3384,27.58,81.36,2.43
Chennai,2020,9,4,5.7199,28.15,80.5,2.16
Chennai,2020,9,5,6.3523,28.07,80.71,2.13
Chennai,2020,9,6,6.234,28.16,81.2,2.6
Chennai,2020,9,7,4.6337,28.31,82.52,2.5
Chennai,2020,9,8,6.1918,28.53,80.72,3.02
Chennai,2020,9,9,3.5525,28.46,82.94,3.97
Chennai,2020,9,10,4.2566,27.75,82.44,4.54
Chennai,2020,9,11,2.6849,27.61,82.29,4.95
Chennai,2020,9,12,2.4386,27.5,81.6,3.8
Chennai,2020,9,13,2.3734,26.59,81.61,4.29
Chennai,2020,9,14,2.339,26.9,80.71,4.75
Chennai,2020,9,15,3.4498,27.54,79.66,3.47
Chennai,2020,9,16,2.4466,27.79,82.95,3.74
Chennai,2020,9,17,5.7194,28.27,79.55,3.27
Chennai,2020,9,18,4.0865,28.46,80.51,3.71
Chennai,2020,9,19,2.2474,26.81,85.78,4.76
Chennai,2020,9,20,2.4514,26.34,84.79,5.12
Chennai,2020,9,21,3.1862,27.02,80.01,5.04
Chennai,2020,9,22,5.7271,27.35,75.29,5.96
Chennai,2020,9,23,6.4913,27.53,73.93,4.42
Chennai,2020,9,24,6.301,28.1,78.45,3.29
Chennai,2020,9,25,4.6589,27.35,86.34,4.99
Chennai,2020,9,26,3.8352,26.83,83.1,3.99
Chennai,2020,9,27,3.0876,27.97,76.72,2.01
Chennai,2020,9,28,5.2517,28.29,79.78,2.92
Chennai,2020,9,29,3.9053,27.65,83.67,2.16
Chennai,2020,9,30,3.3403,27.06,85.19,2.64
Chennai,2020,10,1,4.7285,27.72,79.05,3.58
Chennai,2020,10,2,4.9759,28.25,76.64,2.92
Chennai,2020,10,3,3.2962,28.17,81.57,3.6
Chennai,2020,10,4,3.216,27.43,81.11,5.09
Chennai,2020,10,5,5.1173,27.9,75.99,4.43
Chennai,2020,10,6,5.8306,28.36,75.75,2.81
Chennai,2020,10,7,5.6678,28.94,79.65,3.12
Chennai,2020,10,8,5.4338,28.4,82.61,2.03
Chennai,2020,10,9,5.3458,27.74,85.26,2.96
Chennai,2020,10,10,2.8075,27.1,83.87,2.09
Chennai,2020,10,11,2.4437,26.83,84.15,3.31
Chennai,2020,10,12,3.9602,27.19,83.62,2.71
Chennai,2020,10,13,4.6548,27.27,83.88,4.96
Chennai,2020,10,14,5.2625,27.86,78.2,5.15
Chennai,2020,10,15,5.9009,27.24,78.8,3.88
Chennai,2020,10,16,5.3134,28.32,78.66,2.55
Chennai,2020,10,17,2.9683,27.51,87.48,1.85
Chennai,2020,10,18,0.9756,27.27,80.69,1.8
Chennai,2020,10,19,3.8549,27.29,82.81,1.72
Chennai,2020,10,20,1.4083,27.25,83.0,2.37
Chennai,2020,10,21,3.0463,26.55,82.41,3.43
Chennai,2020,10,22,5.2663,27.51,78.88,1.02
Chennai,2020,10,23,4.5461,27.24,86.15,1.51
Chennai,2020,10,24,4.9414,27.35,84.38,2.42
Chennai,2020,10,25,4.3154,27.42,82.08,1.58
Chennai,2020,10,26,5.1698,27.23,81.6,2.75
Chennai,2020,10,27,4.8487,26.89,81.98,3.51
Chennai,2020,10,28,2.2558,26.49,83.59,4.38
Chennai,2020,10,29,2.1324,26.02,86.04,4.33
Chennai,2020,10,30,3.9569,26.73,76.29,3.95
Chennai,2020,10,31,5.5493,26.91,75.38,2.8
Chennai,2020,11,1,5.334,27.05,77.54,2.5
Chennai,2020,11,2,5.161,27.32,80.06,2.41
Chennai,2020,11,3,5.1473,27.53,81.88,3.03
Chennai,2020,11,4,3.9756,26.89,87.0,2.72
Chennai,2020,11,5,5.2394,27.28,84.69,2.65
Chennai,2020,11,6,5.3364,26.73,86.93,2.71
Chennai,2020,11,7,4.3601,27.31,83.88,3.8
Chennai,2020,11,8,4.5101,27.24,80.62,5.43
Chennai,2020,11,9,5.2668,26.12,76.35,5.43
Chennai,2020,11,10,5.3465,25.39,76.28,5.28
Chennai,2020,11,11,2.8697,25.72,87.57,5.66
Chennai,2020,11,12,1.7554,26.54,90.15,3.76
Chennai,2020,11,13,4.4834,27.01,85.95,4.71
Chennai,2020,11,14,5.4684,26.96,83.91,5.47
Chennai,2020,11,15,1.2605,26.95,90.59,4.85
Chennai,2020,11,16,1.0498,26.0,90.29,3.81
Chennai,2020,11,17,4.8636,26.34,87.79,3.42
Chennai,2020,11,18,5.0054,26.55,86.12,2.88
Chennai,2020,11,19,5.1682,26.24,85.04,3.3
Chennai,2020,11,20,5.4389,26.03,80.61,3.22
Chennai,2020,11,21,5.6647,24.86,79.48,3.07
Chennai,2020,11,22,5.31,24.69,77.54,2.87
Chennai,2020,11,23,4.1678,25.55,80.76,5.09
Chennai,2020,11,24,2.1,25.99,87.92,7.06
Chennai,2020,11,25,0.6977,25.81,88.7,9.51
Chennai,2020,11,26,2.0407,26.17,89.28,11.27
Chennai,2020,11,27,2.4197,25.28,87.9,5.34
Chennai,2020,11,28,4.2434,25.84,86.38,3.46
Chennai,2020,11,29,3.7157,25.5,88.72,4.33
Chennai,2020,11,30,4.4482,25.73,84.16,5.4
Chennai,2020,12,1,3.9535,25.43,80.17,5.73
Chennai,2020,12,2,1.975,25.42,87.23,7.5
Chennai,2020,12,3,1.325,25.92,92.49,5.6
Chennai,2020,12,4,0.9458,25.47,92.3,5.57
Chennai,2020,12,5,2.8606,25.29,92.12,5.16
Chennai,2020,12,6,4.5876,25.37,91.26,4.81
Chennai,2020,12,7,3.0185,25.8,89.73,4.44
Chennai,2020,12,8,3.9703,25.75,88.98,3.66
Chennai,2020,12,9,4.7712,25.23,85.12,4.06
Chennai,2020,12,10,4.9807,24.29,78.86,3.14
Chennai,2020,12,11,4.9747,24.24,76.47,3.32
Chennai,2020,12,12,5.0141,24.55,74.35,3.31
Chennai,2020,12,13,4.7254,24.63,72.11,2.99
Chennai,2020,12,14,4.7402,24.75,71.36,3.08
Chennai,2020,12,15,4.2602,24.64,80.98,4.61
Chennai,2020,12,16,2.796,25.22,86.14,5.38
Chennai,2020,12,17,3.8762,25.17,86.75,5.15
Chennai,2020,12,18,3.8954,25.05,82.78,5.09
Chennai,2020,12,19,3.7714,24.88,83.05,5.42
Chennai,2020,12,20,4.6654,24.21,79.45,5.23
Chennai,2020,12,21,4.698,23.32,78.14,4.72
Chennai,2020,12,22,4.1242,23.11,78.34,4.18
Chennai,2020,12,23,4.7438,23.34,78.72,3.72
Chennai,2020,12,24,4.5127,23.48,79.93,3.73
Chennai,2020,12,25,4.8307,23.57,76.08,3.79
Chennai,2020,12,26,5.047,23.53,75.91,4.05
Chennai,2020,12,27,4.5338,23.74,78.02,4.51
Chennai,2020,12,28,4.7906,23.55,77.76,4.39
Chennai,2020,12,29,3.0461,24.19,81.72,4.76
Chennai,2020,12,30,2.3942,24.81,84.81,5.33
Chennai,2020,12,31,3.9626,24.61,85.05,5.54
Chennai,2021,1,1,4.3435,23.66,80.7,4.6
Chennai,2021,1,2,1.9514,24.05,85.8,5.27
Chennai,2021,1,3,3.1202,24.61,84.67,4.97
Chennai,2021,1,4,4.0078,24.93,84.78,4.55
Chennai,2021,1,5,0.971,24.85,92.6,3.7
Chennai,2021,1,6,3.4121,25.04,93.15,3.46
Chennai,2021,1,7,3.3401,25.12,89.82,3.72
Chennai,2021,1,8,2.3662,25.43,88.69,3.77
Chennai,2021,1,9,4.4777,25.18,86.05,3.81
Chennai,2021,1,10,3.9526,25.21,86.9,4.28
Chennai,2021,1,11,4.3728,25.26,88.24,4.53
Chennai,2021,1,12,4.355,25.31,84.98,5.05
Chennai,2021,1,13,4.3855,25.21,82.87,4.46
Chennai,2021,1,14,4.4758,24.91,83.99,4.35
Chennai,2021,1,15,5.2061,24.54,81.17,3.96
Chennai,2021,1,16,5.352,23.98,76.56,3.05
Chennai,2021,1,17,5.5073,23.77,76.78,3.47
Chennai,2021,1,18,5.1187,24.03,74.98,4.14
Chennai,2021,1,19,5.1679,23.99,77.33,3.87
Chennai,2021,1,20,3.7375,24.47,81.58,3.57
Chennai,2021,1,21,5.3244,25.46,83.88,2.34
Chennai,2021,1,22,4.9116,25.33,84.5,2.63
Chennai,2021,1,23,5.0292,24.61,81.15,2.66
Chennai,2021,1,24,5.1533,24.41,74.19,2.09
Chennai,2021,1,25,5.2469,24.55,71.81,2.19
Chennai,2021,1,26,5.5586,24.14,72.46,2.68
Chennai,2021,1,27,4.806,24.1,75.69,2.23
Chennai,2021,1,28,4.9514,24.31,78.7,3.74
Chennai,2021,1,29,5.2399,24.56,75.09,3.88
Chennai,2021,1,30,5.1751,24.49,77.96,3.39
Chennai,2021,1,31,5.3551,24.29,81.14,3.93
Chennai,2021,2,1,5.5908,24.37,78.76,4.45
Chennai,2021,2,2,4.8734,24.53,79.32,4.16
Chennai,2021,2,3,5.6035,24.29,74.34,4.37
Chennai,2021,2,4,5.8243,23.75,71.75,4.04
Chennai,2021,2,5,5.4874,23.31,74.17,3.97
Chennai,2021,2,6,5.8325,23.33,73.86,3.97
Chennai,2021,2,7,5.8778,23.23,74.93,4.5
Chennai,2021,2,8,5.7396,23.78,73.74,5.09
Chennai,2021,2,9,5.4883,23.41,73.06,4.33
Chennai,2021,2,10,5.7235,22.96,73.07,3.1
Chennai,2021,2,11,5.9597,23.05,71.29,2.86
Chennai,2021,2,12,6.1548,23.28,70.24,2.6
Chennai,2021,2,13,6.3396,23.5,71.32,2.75
Chennai,2021,2,14,6.1778,23.24,72.04,2.17
Chennai,2021,2,15,5.923,23.68,71.58,2.5
Chennai,2021,2,16,6.1222,23.88,74.22,2.2
Chennai,2021,2,17,6.0101,24.38,74.76,3.0
Chennai,2021,2,18,5.7684,24.42,74.63,4.18
Chennai,2021,2,19,4.2022,25.13,77.02,4.35
Chennai,2021,2,20,4.7093,25.38,82.76,5.76
Chennai,2021,2,21,3.7632,25.14,83.59,5.32
Chennai,2021,2,22,5.9076,25.44,79.29,3.94
Chennai,2021,2,23,5.9618,25.11,78.3,3.02
Chennai,2021,2,24,6.2921,25.0,74.23,2.11
Chennai,2021,2,25,6.1121,25.21,70.83,2.02
Chennai,2021,2,26,6.3454,25.26,71.58,2.63
Chennai,2021,2,27,6.2306,25.35,76.26,3.08
Chennai,2021,2,28,6.1939,25.31,77.26,3.13
Chennai,2021,3,1,6.3106,26.05,75.21,3.01
Chennai,2021,3,2,6.0955,25.73,73.84,2.98
Chennai,2021,3,3,6.5558,25.52,71.13,2.76
Chennai,2021,3,4,6.7042,25.64,71.19,2.64
Chennai,2021,3,5,6.7303,25.56,71.3,2.23
Chennai,2021,3,6,6.6862,26.38,70.72,2.35
Chennai,2021,3,7,6.7872,26.48,73.74,2.57
Chennai,2021,3,8,6.6074,26.69,75.07,2.79
Chennai,2021,3,9,6.469,26.8,75.29,2.73
Chennai,2021,3,10,6.6694,27.19,76.99,3.06
Chennai,2021,3,11,6.9922,27.25,73.2,3.08
Chennai,2021,3,12,7.2014,26.05,69.28,2.72
Chennai,2021,3,13,6.8402,26.75,65.68,2.68
Chennai,2021,3,14,6.8904,27.07,66.33,2.6
Chennai,2021,3,15,6.7361,27.6,66.3,2.63
Chennai,2021,3,16,6.2458,27.36,67.1,2.43
Chennai,2021,3,17,6.0156,27.66,68.3,2.64
Chennai,2021,3,18,6.1034,27.14,70.58,2.65
Chennai,2021,3,19,6.469,27.39,66.81,2.62
Chennai,2021,3,20,6.5556,27.23,68.57,2.42
Chennai,2021,3,21,6.0077,27.81,65.82,2.6
Chennai,2021,3,22,6.3341,28.18,67.38,2.81
Chennai,2021,3,23,6.3583,28.05,69.18,2.75
Chennai,2021,3,24,6.3708,28.32,67.15,2.48
Chennai,2021,3,25,6.2155,28.49,67.19,2.64
Chennai,2021,3,26,6.0826,28.34,71.11,2.73
Chennai,2021,3,27,5.9302,29.16,68.84,2.46
Chennai,2021,3,28,5.7122,29.4,68.27,3.66
Chennai,2021,3,29,5.1353,29.75,67.09,4.04
Chennai,2021,3,30,6.0125,30.43,62.89,4.0
Chennai,2021,3,31,6.1762,31.29,64.73,5.02
Chennai,2021,4,1,6.6322,31.69,62.34,4.7
Chennai,2021,4,2,6.7675,32.34,60.03,4.33
Chennai,2021,4,3,6.3223,31.69,64.22,4.67
Chennai,2021,4,4,6.091,31.45,64.25,3.4
Chennai,2021,4,5,5.8447,30.34,68.14,3.56
Chennai,2021,4,6,6.2477,29.56,68.6,3.55
Chennai,2021,4,7,6.2909,29.35,65.17,3.6
Chennai,2021,4,8,6.2052,29.06,65.42,4.42
Chennai,2021,4,9,6.2174,28.9,67.68,3.99
Chennai,2021,4,10,6.7205,29.41,67.02,3.85
Chennai,2021,4,11,6.8748,29.83,65.22,3.56
Chennai,2021,4,12,6.8904,29.77,67.39,3.35
Chennai,2021,4,13,5.7178,30.03,65.59,3.15
Chennai,2021,4,14,4.9781,29.45,70.36,3.29
Chennai,2021,4,15,4.8886,28.66,73.87,2.87
Chennai,2021,4,16,7.0675,29.59,68.16,3.2
Chennai,2021,4,17,6.455,30.0,70.4,2.98
Chennai,2021,4,18,6.7512,30.25,70.11,3.19
Chennai,2021,4,19,6.3658,30.66,68.93,3.53
Chennai,2021,4,20,6.049,30.57,70.44,3.45
Chennai,2021,4,21,6.3134,30.6,70.54,3.47
Chennai,2021,4,22,6.276,30.39,68.68,3.84
Chennai,2021,4,23,5.5978,30.9,66.19,2.82
Chennai,2021,4,24,6.0874,29.6,72.84,2.56
Chennai,2021,4,25,6.5741,30.59,67.81,3.26
Chennai,2021,4,26,6.853,30.49,68.04,3.8
Chennai,2021,4,27,6.6348,30.48,68.14,3.48
Chennai,2021,4,28,6.4766,30.79,67.24,3.59
Chennai,2021,4,29,6.4126,30.85,66.53,3.55
Chennai,2021,4,30,6.1594,31.04,66.18,3.53
Chennai,2021,5,1,6.5486,31.03,66.44,3.82
Chennai,2021,5,2,6.7037,30.57,68.32,3.28
Chennai,2021,5,3,6.9334,30.8,66.1,3.43
Chennai,2021,5,4,6.7918,31.11,63.15,3.5
Chennai,2021,5,5,6.7068,31.47,62.35,3.91
Chennai,2021,5,6,6.4834,31.32,64.2,3.98
Chennai,2021,5,7,6.857,30.89,67.21,3.98
Chennai,2021,5,8,6.7493,30.34,67.41,2.94
Chennai,2021,5,9,6.8114,31.05,65.35,3.4
Chennai,2021,5,10,6.9266,31.66,63.83,4.22
Chennai,2021,5,11,6.6845,32.33,64.26,4.21
Chennai,2021,5,12,5.6798,32.48,64.75,4.22
Chennai,2021,5,13,6.1774,31.67,68.77,4.51
Chennai,2021,5,14,5.707,31.8,66.72,5.14
Chennai,2021,5,15,6.2983,31.14,65.6,6.5
Chennai,2021,5,16,4.8305,30.24,69.94,6.35
Chennai,2021,5,17,6.7075,30.97,68.59,4.88
Chennai,2021,5,18,6.8784,30.82,71.57,5.27
Chennai,2021,5,19,6.551,30.36,74.5,5.02
Chennai,2021,5,20,6.318,30.14,72.95,3.26
Chennai,2021,5,21,3.8179,28.62,75.67,5.26
Chennai,2021,5,22,2.2956,29.41,72.53,3.33
Chennai,2021,5,23,2.9854,30.07,69.84,3.89
Chennai,2021,5,24,2.5954,29.32,70.51,4.8
Chennai,2021,5,25,3.6274,28.57,75.73,6.04
Chennai,2021,5,26,6.1174,31.53,61.47,5.18
Chennai,2021,5,27,5.2406,30.92,61.35,5.05
Chennai,2021,5,28,6.2482,31.24,61.36,3.94
Chennai,2021,5,29,6.3425,31.68,63.14,3.64
Chennai,2021,5,30,6.3866,31.89,63.15,3.66
Chennai,2021,5,31,6.4622,31.56,64.6,4.32
Chennai,2021,6,1,6.5232,31.7,65.24,3.59
Chennai,2021,6,2,6.3931,31.1,65.79,2.98
Chennai,2021,6,3,5.9971,30.49,71.1,4.03
Chennai,2021,6,4,6.2141,29.31,69.93,3.45
Chennai,2021,6,5,6.491,29.57,71.3,2.07
Chennai,2021,6,6,6.5309,29.77,68.45,2.06
Chennai,2021,6,7,6.2734,30.41,69.79,3.25
Chennai,2021,6,8,6.4591,30.19,69.18,3.72
Chennai,2021,6,9,6.2167,30.32,68.16,3.71
Chennai,2021,6,10,4.9548,30.73,65.28,3.81
Chennai,2021,6,11,3.4418,30.16,62.14,5.32
Chennai,2021,6,12,5.2997,30.51,58.87,5.71
Chennai,2021,6,13,4.206,29.6,62.29,5.58
Chennai,2021,6,14,3.9144,29.95,60.72,6.44
Chennai,2021,6,15,5.4838,30.54,57.15,6.78
Chennai,2021,6,16,5.1005,30.86,59.46,5.83
Chennai,2021,6,17,5.3069,31.15,58.94,5.78
Chennai,2021,6,18,4.3219,30.98,57.52,5.58
Chennai,2021,6,19,5.449,30.36,62.02,4.59
Chennai,2021,6,20,6.1411,30.51,61.99,4.15
Chennai,2021,6,21,6.2662,30.36,62.24,3.44
Chennai,2021,6,22,4.3356,29.53,70.58,3.46
Chennai,2021,6,23,5.1583,29.63,70.11,3.87
Chennai,2021,6,24,4.5533,29.91,71.51,3.38
Chennai,2021,6,25,5.1091,30.79,63.05,3.11
Chennai,2021,6,26,3.0055,31.01,61.63,3.59
Chennai,2021,6,27,2.6993,29.12,66.84,4.26
Chennai,2021,6,28,5.5394,29.34,67.78,4.03
Chennai,2021,6,29,6.4234,29.81,70.88,5.57
Chennai,2021,6,30,6.5136,30.22,73.42,4.92
Chennai,2021,7,1,4.271,29.44,79.59,4.02
Chennai,2021,7,2,6.1073,29.19,79.81,2.6
Chennai,2021,7,3,5.1814,28.93,81.02,2.17
Chennai,2021,7,4,3.5422,28.55,77.94,2.93
Chennai,2021,7,5,6.6643,29.33,73.9,3.03
Chennai,2021,7,6,6.5306,29.41,77.28,3.79
Chennai,2021,7,7,5.7502,29.18,77.31,3.49
Chennai,2021,7,8,6.1882,28.67,77.17,3.4
Chennai,2021,7,9,4.4657,28.63,80.28,3.56
Chennai,2021,7,10,4.4969,27.85,78.27,3.94
Chennai,2021,7,11,3.2023,27.55,76.29,4.34
Chennai,2021,7,12,3.2477,27.49,75.01,4.81
Chennai,2021,7,13,3.4133,28.35,74.71,3.89
Chennai,2021,7,14,3.859,28.09,78.8,3.07
Chennai,2021,7,15,5.3095,28.56,76.84,4.1
Chennai,2021,7,16,3.9924,28.84,76.77,3.92
Chennai,2021,7,17,5.1463,27.61,83.03,3.34
Chennai,2021,7,18,4.8986,27.36,86.67,4.43
Chennai,2021,7,19,6.0526,28.86,76.36,4.49
Chennai,2021,7,20,4.9807,28.71,77.43,5.03
Chennai,2021,7,21,3.2448,28.68,76.66,5.08
Chennai,2021,7,22,2.0609,27.57,79.63,6.44
Chennai,2021,7,23,5.4384,28.29,77.11,5.04
Chennai,2021,7,24,6.5326,29.23,75.12,4.39
Chennai,2021,7,25,6.2914,28.76,77.89,5.09
Chennai,2021,7,26,6.5407,28.21,77.62,4.27
Chennai,2021,7,27,6.0007,28.33,76.84,5.1
Chennai,2021,7,28,5.6441,29.61,71.14,5.47
Chennai,2021,7,29,4.7796,29.4,71.61,4.85
Chennai,2021,7,30,5.1502,29.46,72.52,4.62
Chennai,2021,7,31,5.0191,29.73,70.59,4.61
Chennai,2021,8,1,5.3616,28.93,73.64,4.02
Chennai,2021,8,2,5.7595,29.41,69.89,4.69
Chennai,2021,8,3,6.2508,29.44,69.42,4.16
Chennai,2021,8,4,5.6002,29.77,70.39,4.97
Chennai,2021,8,5,5.5879,30.08,70.68,4.39
Chennai,2021,8,6,5.8099,29.7,72.35,4.79
Chennai,2021,8,7,5.6249,29.57,75.8,3.95
Chennai,2021,8,8,6.6535,29.64,76.39,3.27
Chennai,2021,8,9,6.4356,29.76,77.23,2.87
Chennai,2021,8,10,6.5436,28.37,80.01,4.31
Chennai,2021,8,11,6.0382,27.04,85.5,3.39
Chennai,2021,8,12,1.8946,27.5,83.95,3.6
Chennai,2021,8,13,4.4374,28.27,78.55,3.07
Chennai,2021,8,14,2.9095,28.63,74.76,3.99
Chennai,2021,8,15,2.4514,28.18,74.48,4.25
Chennai,2021,8,16,2.9806,28.91,71.41,3.23
Chennai,2021,8,17,4.0884,28.96,74.16,4.54
Chennai,2021,8,18,5.0822,28.86,72.53,3.69
Chennai,2021,8,19,5.0304,29.18,71.49,3.56
Chennai,2021,8,20,4.0226,28.16,75.33,3.32
Chennai,2021,8,21,2.7482,26.1,84.9,3.76
Chennai,2021,8,22,6.4111,26.74,81.52,2.73
Chennai,2021,8,23,6.1296,27.37,81.11,4.27
Chennai,2021,8,24,6.3696,28.6,77.94,4.63
Chennai,2021,8,25,6.0698,28.65,78.84,4.22
Chennai,2021,8,26,4.5758,28.7,78.3,2.48
Chennai,2021,8,27,4.7962,26.93,87.39,2.23
Chennai,2021,8,28,3.8026,27.5,80.44,3.31
Chennai,2021,8,29,3.739,27.1,78.95,4.25
Chennai,2021,8,30,3.288,27.7,75.72,4.38
Chennai,2021,8,31,5.454,27.87,72.92,3.09
Chennai,2021,9,1,3.7169,27.53,80.84,1.92
Chennai,2021,9,2,2.2387,27.25,81.85,3.28
Chennai,2021,9,3,3.4702,27.14,80.63,3.89
Chennai,2021,9,4,2.2788,26.38,86.49,5.12
Chennai,2021,9,5,3.6725,28.22,78.62,3.69
Chennai,2021,9,6,3.2083,27.37,79.09,4.65
Chennai,2021,9,7,5.4434,26.66,79.28,4.62
Chennai,2021,9,8,4.985,27.55,81.28,4.16
Chennai,2021,9,9,6.1577,28.13,78.28,4.09
Chennai,2021,9,10,4.8062,28.07,79.24,3.87
Chennai,2021,9,11,4.4489,28.14,79.05,4.56
Chennai,2021,9,12,4.0522,28.09,80.56,4.62
Chennai,2021,9,13,5.0611,28.44,77.69,5.65
Chennai,2021,9,14,5.4005,28.42,79.69,4.88
Chennai,2021,9,15,6.0518,28.82,79.57,3.33
Chennai,2021,9,16,5.4194,27.99,82.21,3.28
Chennai,2021,9,17,5.7036,27.61,85.69,2.95
Chennai,2021,9,18,4.8247,28.29,80.48,2.95
Chennai,2021,9,19,5.875,28.44,80.78,2.85
Chennai,2021,9,20,5.7158,28.69,80.77,2.38
Chennai,2021,9,21,5.6772,28.26,81.32,3.28
Chennai,2021,9,22,3.2158,28.19,79.6,3.18
Chennai,2021,9,23,2.4485,28.25,81.59,3.06
Chennai,2021,9,24,5.5334,28.12,79.09,2.48
Chennai,2021,9,25,5.6635,28.31,82.06,2.49
Chennai,2021,9,26,3.3007,27.3,83.09,2.6
Chennai,2021,9,27,4.3174,28.63,76.31,4.64
Chennai,2021,9,28,5.7154,27.5,79.6,4.48
Chennai,2021,9,29,5.2049,28.04,75.62,2.67
Chennai,2021,9,30,4.9265,28.16,77.95,2.17
Chennai,2021,10,1,6.3895,28.04,81.28,2.28
Chennai,2021,10,2,5.987,27.43,87.9,2.94
Chennai,2021,10,3,6.0984,27.94,82.9,1.94
Chennai,2021,10,4,6.1589,27.92,82.95,2.43
Chennai,2021,10,5,3.5849,27.14,88.45,3.12
Chennai,2021,10,6,5.7977,27.99,86.03,2.96
Chennai,2021,10,7,5.6494,27.58,85.61,3.15
Chennai,2021,10,8,5.1982,28.44,83.88,3.12
Chennai,2021,10,9,5.2334,27.3,86.85,2.04
Chennai,2021,10,10,3.8974,27.76,82.77,3.0
Chennai,2021,10,11,3.1416,27.07,85.11,2.19
Chennai,2021,10,12,4.4282,27.19,82.65,2.13
Chennai,2021,10,13,5.4257,28.25,79.51,2.74
Chennai,2021,10,14,4.5732,27.8,83.46,3.36
Chennai,2021,10,15,4.9114,28.15,82.88,2.23
Chennai,2021,10,16,4.8862,27.82,86.08,3.36
Chennai,2021,10,17,4.8348,28.06,86.34,2.55
Chennai,2021,10,18,3.8378,28.07,81.65,3.16
Chennai,2021,10,19,5.041,27.66,83.27,2.53
Chennai,2021,10,20,5.2054,27.49,82.14,1.78
Chennai,2021,10,21,5.0604,27.36,83.06,1.41
Chennai,2021,10,22,5.5862,27.32,83.57,1.67
Chennai,2021,10,23,5.0666,27.19,85.22,2.07
Chennai,2021,10,24,3.737,27.63,78.27,2.08
Chennai,2021,10,25,4.3615,26.63,84.65,3.75
Chennai,2021,10,26,4.1909,27.14,79.82,3.43
Chennai,2021,10,27,4.5365,26.86,81.23,4.13
Chennai,2021,10,28,1.8504,26.41,82.03,5.46
Chennai,2021,10,29,3.8417,26.71,86.27,3.22
Chennai,2021,10,30,3.4706,26.48,89.13,3.63
Chennai,2021,10,31,4.2562,26.97,86.98,4.23
Chennai,2021,11,1,1.5485,26.41,88.91,3.88
Chennai,2021,11,2,1.8353,26.42,86.5,3.88
Chennai,2021,11,3,3.0816,25.71,90.13,3.17
Chennai,2021,11,4,1.937,25.87,90.86,3.66
Chennai,2021,11,5,3.5297,25.94,88.54,2.92
Chennai,2021,11,6,3.7001,26.12,89.51,2.85
Chennai,2021,11,7,1.8715,26.64,87.96,3.2
Chennai,2021,11,8,1.261,26.05,89.87,5.45
Chennai,2021,11,9,1.5206,25.26,88.64,5.88
Chennai,2021,11,10,1.2998,24.09,92.22,8.1
Chennai,2021,11,11,1.8019,24.83,93.4,8.96
Chennai,2021,11,12,3.7414,26.11,86.87,5.79
Chennai,2021,11,13,4.4347,26.85,85.99,1.69
Chennai,2021,11,14,4.9481,26.53,87.73,2.14
Chennai,2021,11,15,3.6096,26.59,86.79,2.14
Chennai,2021,11,16,4.6817,26.83,86.29,1.91
Chennai,2021,11,17,1.9774,26.46,90.25,3.43
Chennai,2021,11,18,1.1777,26.52,94.08,8.82
Chennai,2021,11,19,2.803,26.72,89.65,7.25
Chennai,2021,11,20,3.2222,26.91,89.41,5.24
Chennai,2021,11,21,5.0818,26.66,88.16,2.35
Chennai,2021,11,22,4.3058,26.3,89.74,2.88
Chennai,2021,11,23,5.1302,26.64,88.2,3.55
Chennai,2021,11,24,4.5266,26.34,87.86,3.81
Chennai,2021,11,25,4.169,26.46,88.38,5.56
Chennai,2021,11,26,1.5559,26.09,90.36,6.4
Chennai,2021,11,27,1.3709,25.83,92.6,5.53
Chennai,2021,11,28,1.8991,25.53,92.82,4.06
Chennai,2021,11,29,2.6753,25.44,91.47,2.51
Chennai,2021,11,30,3.8945,26.06,91.13,4.65
Chennai,2021,12,1,4.2038,26.09,86.45,4.89
Chennai,2021,12,2,4.9584,24.96,82.33,4.51
Chennai,2021,12,3,4.2223,24.43,89.59,4.38
Chennai,2021,12,4,4.9879,26.0,81.81,2.28
Chennai,2021,12,5,4.7551,26.58,82.01,1.82
Chennai,2021,12,6,4.703,26.55,84.54,2.18
Chennai,2021,12,7,4.8274,25.87,85.08,3.44
Chennai,2021,12,8,4.675,25.65,87.43,3.77
Chennai,2021,12,9,4.6142,25.84,86.13,4.15
Chennai,2021,12,10,4.7143,25.77,84.35,4.43
Chennai,2021,12,11,4.9447,25.88,85.41,5.24
Chennai,2021,12,12,4.2974,25.7,85.87,5.16
Chennai,2021,12,13,4.0872,25.99,84.01,5.71
Chennai,2021,12,14,4.2146,25.32,83.63,5.49
Chennai,2021,12,15,4.2852,24.96,82.85,5.48
Chennai,2021,12,16,4.4611,24.66,80.87,5.58
Chennai,2021,12,17,4.2406,24.2,81.65,5.13
Chennai,2021,12,18,4.4489,23.89,80.05,5.38
Chennai,2021,12,19,4.7827,23.5,77.93,5.18
Chennai,2021,12,20,4.1681,23.58,76.0,4.33
Chennai,2021,12,21,4.5638,23.25,74.54,3.32
Chennai,2021,12,22,4.4203,22.74,73.44,2.51
Chennai,2021,12,23,4.9358,22.4,72.27,2.45
Chennai,2021,12,24,4.8902,23.46,72.72,2.0
Chennai,2021,12,25,4.9685,23.62,73.36,2.19
Chennai,2021,12,26,4.4294,23.94,76.97,2.2
Chennai,2021,12,27,4.9788,24.25,78.07,2.86
Chennai,2021,12,28,3.1267,24.0,81.99,3.63
Chennai,2021,12,29,4.968,24.37,79.08,3.45
Chennai,2021,12,30,3.0758,24.55,86.17,5.18
Chennai,2021,12,31,3.4637,25.22,87.17,6.2
Chennai,2022,1,1,4.1431,25.03,86.38,6.15
Chennai,2022,1,2,4.7117,24.61,83.33,5.05
Chennai,2022,1,3,4.7383,24.37,81.09,4.38
Chennai,2022,1,4,4.9116,23.36,81.46,4.57
Chennai,2022,1,5,5.1007,23.6,80.24,3.29
Chennai,2022,1,6,5.208,23.94,83.68,3.59
Chennai,2022,1,7,4.889,24.16,84.08,3.53
Chennai,2022,1,8,5.2608,24.29,80.79,3.81
Chennai,2022,1,9,5.2841,24.23,80.86,2.83
Chennai,2022,1,10,5.4276,24.65,81.06,2.54
Chennai,2022,1,11,5.3722,25.14,79.24,2.96
Chennai,2022,1,12,5.2217,25.29,80.42,2.82
Chennai,2022,1,13,5.0076,25.63,81.42,2.81
Chennai,2022,1,14,4.9274,25.84,83.07,2.47
Chennai,2022,1,15,4.8775,25.44,84.49,2.88
Chennai,2022,1,16,5.1571,25.15,84.51,4.63
Chennai,2022,1,17,2.0268,25.03,80.99,4.89
Chennai,2022,1,18,4.83,24.18,81.09,4.22
Chennai,2022,1,19,5.1864,23.85,76.83,3.51
Chennai,2022,1,20,4.9694,23.8,72.09,1.87
Chennai,2022,1,21,5.3981,24.17,76.9,2.46
Chennai,2022,1,22,4.9721,25.02,80.42,2.81
Chennai,2022,1,23,4.9416,25.48,83.85,3.26
Chennai,2022,1,24,3.1906,25.37,82.98,2.88
Chennai,2022,1,25,4.5319,25.15,80.89,2.65
Chennai,2022,1,26,3.9545,24.8,79.43,2.3
Chennai,2022,1,27,5.0496,24.84,76.53,3.37
Chennai,2022,1,28,4.9922,24.43,82.84,4.99
Chennai,2022,1,29,3.2369,24.64,81.67,5.65
Chennai,2022,1,30,5.1523,24.52,82.15,3.65
Chennai,2022,1,31,5.347,24.98,80.62,2.48
Chennai,2022,2,1,5.4305,24.13,74.41,2.26
Chennai,2022,2,2,5.7677,23.63,71.91,1.96
Chennai,2022,2,3,5.8238,23.78,74.14,2.26
Chennai,2022,2,4,5.4324,25.03,76.79,2.83
Chennai,2022,2,5,5.4924,25.45,81.05,2.94
Chennai,2022,2,6,5.3695,25.08,77.66,3.52
Chennai,2022,2,7,5.6434,24.4,75.11,3.55
Chennai,2022,2,8,5.9568,23.98,75.69,3.64
Chennai,2022,2,9,5.01,23.72,75.92,4.07
Chennai,2022,2,10,5.9251,24.2,75.63,4.12
Chennai,2022,2,11,5.2956,24.9,75.48,4.55
Chennai,2022,2,12,5.4778,25.15,75.76,4.63
Chennai,2022,2,13,5.7086,24.62,79.75,4.01
Chennai,2022,2,14,5.034,24.73,74.78,4.21
Chennai,2022,2,15,5.7677,24.13,71.62,4.05
Chennai,2022,2,16,5.3633,24.34,70.88,3.62
Chennai,2022,2,17,5.5186,24.73,72.42,3.12
Chennai,2022,2,18,5.1881,25.13,74.94,3.83
Chennai,2022,2,19,5.4415,25.37,74.38,3.54
Chennai,2022,2,20,6.059,25.9,73.12,2.58
Chennai,2022,2,21,5.7365,26.3,75.22,2.91
Chennai,2022,2,22,5.7838,26.59,76.7,2.94
Chennai,2022,2,23,5.8104,25.98,75.9,3.68
Chennai,2022,2,24,6.3151,25.46,70.74,3.05
Chennai,2022,2,25,6.6221,24.43,72.71,3.58
Chennai,2022,2,26,6.3053,25.33,74.88,3.69
Chennai,2022,2,27,6.593,25.72,72.09,3.96
Chennai,2022,2,28,6.4954,26.06,69.11,3.35
Chennai,2022,3,1,6.947,26.31,66.33,3.79
Chennai,2022,3,2,5.9414,25.89,66.79,4.01
Chennai,2022,3,3,5.029,26.0,73.5,4.48
Chennai,2022,3,4,5.2769,26.86,71.74,5.53
Chennai,2022,3,5,5.5358,26.68,71.33,4.91
Chennai,2022,3,6,4.6579,26.69,71.49,5.36
Chennai,2022,3,7,5.2718,27.01,72.29,3.8
Chennai,2022,3,8,6.4493,27.16,68.69,2.64
Chennai,2022,3,9,6.3902,27.19,64.58,2.78
Chennai,2022,3,10,6.5167,26.85,66.52,3.11
Chennai,2022,3,11,6.2969,26.67,67.02,3.19
Chennai,2022,3,12,6.6341,26.85,63.83,2.96
Chennai,2022,3,13,5.2855,27.08,65.23,2.92
Chennai,2022,3,14,6.2837,27.78,63.89,2.72
Chennai,2022,3,15,6.2647,27.68,63.14,2.6
Chennai,2022,3,16,6.3367,28.08,58.62,3.11
Chennai,2022,3,17,6.2849,28.36,62.5,3.34
Chennai,2022,3,18,6.5054,28.51,67.68,3.56
Chennai,2022,3,19,6.0348,29.0,69.51,3.25
Chennai,2022,3,20,4.9318,30.19,66.81,2.44
Chennai,2022,3,21,5.5754,30.81,64.07,2.98
Chennai,2022,3,22,5.256,30.41,64.9,2.87
Chennai,2022,3,23,5.1744,30.09,71.17,3.19
Chennai,2022,3,24,5.7737,29.75,71.76,3.6
Chennai,2022,3,25,6.3142,29.46,70.2,3.66
Chennai,2022,3,26,6.2498,29.66,68.63,3.83
Chennai,2022,3,27,6.5141,29.98,69.34,4.19
Chennai,2022,3,28,6.3041,30.17,70.12,4.59
Chennai,2022,3,29,6.1954,30.24,70.47,4.89
Chennai,2022,3,30,6.2232,30.39,69.13,5.47
Chennai,2022,3,31,6.0389,30.23,71.13,5.18
Chennai,2022,4,1,6.2398,29.6,73.45,5.34
Chennai,2022,4,2,6.4822,29.99,68.64,4.51
Chennai,2022,4,3,6.6612,29.8,68.05,4.28
Chennai,2022,4,4,6.4673,29.69,68.85,4.13
Chennai,2022,4,5,6.7433,29.78,63.99,3.59
Chennai,2022,4,6,6.5455,29.49,66.73,2.94
Chennai,2022,4,7,6.6178,29.97,65.47,3.2
Chennai,2022,4,8,7.0282,29.98,65.25,2.88
Chennai,2022,4,9,6.9398,29.9,66.68,2.79
Chennai,2022,4,10,6.5316,29.9,67.45,2.92
Chennai,2022,4,11,6.7176,29.78,69.04,2.62
Chennai,2022,4,12,6.5995,29.12,73.83,2.34
Chennai,2022,4,13,5.9566,29.6,72.01,2.58
Chennai,2022,4,14,6.7502,30.35,67.51,3.79
Chennai,2022,4,15,6.5614,31.24,62.06,4.66
Chennai,2022,4,16,5.7792,31.33,67.65,4.72
Chennai,2022,4,17,5.7192,31.29,68.04,3.4
Chennai,2022,4,18,6.2419,30.48,67.98,2.69
Chennai,2022,4,19,6.3924,30.64,68.35,3.18
Chennai,2022,4,20,6.468,30.61,69.23,3.6
Chennai,2022,4,21,6.5758,30.29,71.05,4.66
Chennai,2022,4,22,6.7298,30.9,64.82,3.92
Chennai,2022,4,23,6.2215,30.28,66.41,3.8
Chennai,2022,4,24,6.7493,31.79,58.48,3.46
Chennai,2022,4,25,6.8597,31.23,63.44,4.65
Chennai,2022,4,26,6.798,31.01,65.24,4.8
Chennai,2022,4,27,6.6761,31.26,65.49,4.33
Chennai,2022,4,28,6.565,31.23,67.49,4.52
Chennai,2022,4,29,6.5062,31.46,66.74,4.23
Chennai,2022,4,30,6.1022,32.25,63.21,4.21
Chennai,2022,5,1,5.9575,31.53,70.08,4.52
Chennai,2022,5,2,6.2861,31.16,70.49,3.63
Chennai,2022,5,3,6.1824,30.69,74.56,3.72
Chennai,2022,5,4,5.5858,30.28,75.33,3.19
Chennai,2022,5,5,6.2148,30.56,69.34,2.5
Chennai,2022,5,6,6.3221,31.06,64.87,3.79
Chennai,2022,5,7,5.9275,30.73,68.71,2.77
Chennai,2022,5,8,4.957,31.12,67.73,2.91
Chennai,2022,5,9,1.5804,30.63,68.48,2.18
Chennai,2022,5,10,0.7728,29.78,68.11,4.37
Chennai,2022,5,11,2.6738,30.39,65.48,6.19
Chennai,2022,5,12,2.3616,29.95,72.1,5.99
Chennai,2022,5,13,4.4542,28.94,75.67,4.74
Chennai,2022,5,14,5.2634,30.42,72.58,3.59
Chennai,2022,5,15,6.0643,28.6,83.04,4.66
Chennai,2022,5,16,5.9004,29.29,80.9,2.66
Chennai,2022,5,17,6.0269,29.08,80.26,3.37
Chennai,2022,5,18,5.8378,29.3,80.04,3.65
Chennai,2022,5,19,6.2736,29.28,75.88,5.7
Chennai,2022,5,20,4.8595,28.45,69.84,5.42
Chennai,2022,5,21,5.9642,30.58,63.4,4.9
Chennai,2022,5,22,5.8027,31.38,60.97,4.79
Chennai,2022,5,23,6.5926,31.94,61.99,4.57
Chennai,2022,5,24,6.4106,32.05,65.36,3.72
Chennai,2022,5,25,5.9165,31.23,69.08,3.8
Chennai,2022,5,26,5.7907,30.34,73.62,3.66
Chennai,2022,5,27,6.1162,30.33,68.42,4.34
Chennai,2022,5,28,6.251,30.67,66.71,3.71
Chennai,2022,5,29,6.5695,30.83,62.61,3.89
Chennai,2022,5,30,6.5282,31.03,62.73,4.22
Chennai,2022,5,31,6.2659,31.0,66.15,3.78
Chennai,2022,6,1,5.8514,31.01,64.24,2.98
Chennai,2022,6,2,5.0947,31.0,63.91,2.48
Chennai,2022,6,3,5.9035,31.22,65.58,3.78
Chennai,2022,6,4,3.8016,29.71,62.64,3.62
Chennai,2022,6,5,5.7082,30.59,63.2,2.79
Chennai,2022,6,6,4.8206,29.17,73.57,3.26
Chennai,2022,6,7,5.0561,29.96,70.36,5.07
Chennai,2022,6,8,5.423,30.65,66.61,4.07
Chennai,2022,6,9,5.8502,30.33,66.24,4.77
Chennai,2022,6,10,5.9174,30.45,66.34,4.16
Chennai,2022,6,11,4.7501,30.27,64.94,3.14
Chennai,2022,6,12,6.5062,30.7,60.43,3.15
Chennai,2022,6,13,6.0166,30.57,66.07,3.51
Chennai,2022,6,14,6.5208,30.66,67.57,3.23
Chennai,2022,6,15,6.5122,29.77,70.59,3.62
Chennai,2022,6,16,6.131,28.98,76.29,2.22
Chennai,2022,6,17,5.9314,29.22,74.08,3.83
Chennai,2022,6,18,5.2534,29.32,72.21,4.6
Chennai,2022,6,19,5.8764,28.87,78.1,3.88
Chennai,2022,6,20,6.4094,28.7,77.28,3.19
Chennai,2022,6,21,4.9874,28.77,76.61,3.36
Chennai,2022,6,22,5.6594,28.39,76.72,2.59
Chennai,2022,6,23,3.1222,28.65,76.02,3.21
Chennai,2022,6,24,6.1404,28.98,75.38,3.89
Chennai,2022,6,25,5.7048,28.63,73.15,4.29
Chennai,2022,6,26,5.7266,28.93,72.4,3.82
Chennai,2022,6,27,3.6686,29.62,69.16,2.84
Chennai,2022,6,28,3.624,30.28,68.3,2.65
Chennai,2022,6,29,5.934,30.59,69.83,2.89
Chennai,2022,6,30,6.335,30.0,73.97,3.37
Chennai,2022,7,1,6.4234,29.98,72.3,3.72
Chennai,2022,7,2,5.7221,29.85,72.19,4.1
Chennai,2022,7,3,4.224,29.55,73.91,3.25
Chennai,2022,7,4,3.936,29.68,70.08,4.67
Chennai,2022,7,5,4.1806,28.93,72.68,4.17
Chennai,2022,7,6,3.0854,28.77,73.58,3.42
Chennai,2022,7,7,3.155,28.59,73.43,4.71
Chennai,2022,7,8,2.7,28.96,71.85,4.54
Chennai,2022,7,9,3.4169,29.07,70.96,5.12
Chennai,2022,7,10,3.2146,29.1,70.16,5.54
Chennai,2022,7,11,2.8752,29.27,68.64,6.34
Chennai,2022,7,12,4.4383,29.38,67.03,6.67
Chennai,2022,7,13,3.905,29.21,67.36,7.17
Chennai,2022,7,14,5.321,29.52,63.32,7.55
Chennai,2022,7,15,4.885,29.92,64.32,5.91
Chennai,2022,7,16,4.877,29.97,70.15,4.52
Chennai,2022,7,17,3.4858,29.51,75.18,3.56
Chennai,2022,7,18,3.4394,28.48,74.31,3.56
Chennai,2022,7,19,6.5501,29.5,73.25,2.7
Chennai,2022,7,20,6.2827,28.94,79.3,2.82
Chennai,2022,7,21,5.8913,28.65,79.45,2.82
Chennai,2022,7,22,3.0809,27.1,86.36,2.27
Chennai,2022,7,23,5.7566,28.68,75.05,2.75
Chennai,2022,7,24,5.0856,28.71,73.78,2.91
Chennai,2022,7,25,6.2923,28.45,75.63,2.98
Chennai,2022,7,26,3.4243,27.11,83.97,2.33
Chennai,2022,7,27,6.648,27.76,80.18,2.17
Chennai,2022,7,28,6.5417,28.1,78.64,1.68
Chennai,2022,7,29,6.6516,28.49,77.08,1.71
Chennai,2022,7,30,6.6386,29.21,75.32,3.01
Chennai,2022,7,31,6.2333,28.87,78.92,3.03
Chennai,2022,8,1,6.3756,29.2,77.4,2.09
Chennai,2022,8,2,3.9948,29.35,74.09,2.28
Chennai,2022,8,3,3.0775,27.64,80.85,1.96
Chennai,2022,8,4,1.6481,27.68,79.7,2.92
Chennai,2022,8,5,3.1056,28.33,78.14,5.16
Chennai,2022,8,6,3.8844,27.99,79.09,5.16
Chennai,2022,8,7,3.1363,28.1,77.96,5.71
Chennai,2022,8,8,4.8578,28.31,76.48,6.45
Chennai,2022,8,9,4.7114,28.67,72.24,6.67
Chennai,2022,8,10,5.5642,28.89,69.3,6.52
Chennai,2022,8,11,5.7564,29.22,69.98,5.41
Chennai,2022,8,12,5.8596,29.83,69.58,4.36
Chennai,2022,8,13,5.503,29.28,70.75,3.79
Chennai,2022,8,14,3.828,29.8,65.72,3.67
Chennai,2022,8,15,4.9202,29.36,70.5,3.0
Chennai,2022,8,16,5.7629,28.55,79.44,3.51
Chennai,2022,8,17,6.1106,27.3,85.51,3.85
Chennai,2022,8,18,5.9232,28.0,79.58,3.17
Chennai,2022,8,19,3.6077,27.74,78.77,3.54
Chennai,2022,8,20,5.5498,29.32,72.62,3.62
Chennai,2022,8,21,4.6476,29.3,73.23,4.09
Chennai,2022,8,22,6.1663,29.01,77.63,4.42
Chennai,2022,8,23,5.9458,29.32,74.8,3.45
Chennai,2022,8,24,4.7986,27.76,79.67,3.3
Chennai,2022,8,25,6.2026,28.38,78.55,2.49
Chennai,2022,8,26,5.9165,27.11,84.17,2.33
Chennai,2022,8,27,4.6848,27.81,80.77,2.84
Chennai,2022,8,28,6.0029,28.01,81.4,2.4
Chennai,2022,8,29,5.5298,27.93,81.98,1.57
Chennai,2022,8,30,5.8968,28.09,80.06,2.02
Chennai,2022,8,31,4.1422,27.45,79.65,1.37
Chennai,2022,9,1,2.3191,27.5,77.82,1.21
Chennai,2022,9,2,6.3518,27.39,81.54,1.9
Chennai,2022,9,3,6.1735,28.13,80.48,2.1
Chennai,2022,9,4,6.4075,28.06,84.68,2.4
Chennai,2022,9,5,6.5635,28.31,83.29,2.62
Chennai,2022,9,6,5.832,28.18,81.79,2.53
Chennai,2022,9,7,2.7418,27.52,80.29,2.6
Chennai,2022,9,8,1.2715,26.86,84.31,2.53
Chennai,2022,9,9,4.1743,28.32,81.35,3.35
Chennai,2022,9,10,2.6474,28.27,81.64,4.48
Chennai,2022,9,11,3.7469,28.06,80.24,5.35
Chennai,2022,9,12,5.9532,27.93,80.49,5.2
Chennai,2022,9,13,6.3828,28.29,78.92,4.38
Chennai,2022,9,14,6.0286,28.57,79.78,3.59
Chennai,2022,9,15,2.7144,27.11,82.01,3.32
Chennai,2022,9,16,6.3,28.16,78.55,2.76
Chennai,2022,9,17,6.3271,28.64,78.48,2.8
Chennai,2022,9,18,6.2537,28.64,78.27,3.25
Chennai,2022,9,19,3.8326,27.82,79.47,3.46
Chennai,2022,9,20,5.1576,28.01,72.64,3.69
Chennai,2022,9,21,6.485,27.97,70.4,3.13
Chennai,2022,9,22,5.7526,28.75,72.72,2.49
Chennai,2022,9,23,6.3943,28.48,69.53,3.07
Chennai,2022,9,24,5.9119,28.92,72.72,3.24
Chennai,2022,9,25,6.0936,28.65,75.29,2.74
Chennai,2022,9,26,4.6843,29.05,76.43,1.8
Chennai,2022,9,27,5.6244,28.27,79.9,1.94
Chennai,2022,9,28,3.3346,26.83,86.66,3.13
Chennai,2022,9,29,1.9543,27.5,80.75,3.21
Chennai,2022,9,30,1.6738,26.9,83.63,3.7
Chennai,2022,10,1,2.4024,26.05,83.85,6.66
Chennai,2022,10,2,2.4391,27.05,77.79,5.08
Chennai,2022,10,3,3.181,27.96,77.2,4.1
Chennai,2022,10,4,3.5081,27.06,82.87,3.31
Chennai,2022,10,5,0.4099,26.19,86.75,2.82
Chennai,2022,10,6,3.4325,26.75,84.4,2.0
Chennai,2022,10,7,2.9981,27.3,80.74,1.88
Chennai,2022,10,8,4.5175,27.5,82.6,2.45
Chennai,2022,10,9,5.0962,27.17,85.88,3.03
Chennai,2022,10,10,4.7743,27.3,84.96,3.38
Chennai,2022,10,11,5.6798,27.46,84.91,4.23
Chennai,2022,10,12,5.8524,27.45,83.99,2.42
Chennai,2022,10,13,5.7062,27.48,82.14,1.94
Chennai,2022,10,14,2.9203,27.59,81.03,2.03
Chennai,2022,10,15,5.2855,27.18,83.7,2.66
Chennai,2022,10,16,5.6786,27.4,84.12,2.73
Chennai,2022,10,17,5.8867,27.86,82.1,2.51
Chennai,2022,10,18,5.7905,27.66,81.16,1.92
Chennai,2022,10,19,5.5898,27.67,80.37,2.44
Chennai,2022,10,20,5.4317,27.17,85.87,2.8
Chennai,2022,10,21,5.1346,27.25,85.29,3.34
Chennai,2022,10,22,4.1066,27.3,86.71,4.4
Chennai,2022,10,23,5.4197,27.44,76.08,4.49
Chennai,2022,10,24,5.6585,26.14,65.99,3.62
Chennai,2022,10,25,5.9652,26.1,64.27,2.9
Chennai,2022,10,26,6.2081,26.31,65.69,3.7
Chennai,2022,10,27,4.5425,26.44,75.1,4.17
Chennai,2022,10,28,4.6022,26.62,83.52,4.6
Chennai,2022,10,29,4.0073,27.01,80.51,5.02
Chennai,2022,10,30,4.7194,26.81,81.9,5.37
Chennai,2022,10,31,0.9166,25.71,90.31,4.47
Chennai,2022,11,1,1.1801,25.65,85.84,3.23
Chennai,2022,11,2,2.2824,25.63,88.37,3.93
Chennai,2022,11,3,3.792,25.67,86.58,3.68
Chennai,2022,11,4,4.7796,25.79,84.38,2.78
Chennai,2022,11,5,5.5685,26.43,85.01,3.7
Chennai,2022,11,6,5.1665,26.37,83.12,4.83
Chennai,2022,11,7,3.9876,26.06,84.97,4.45
Chennai,2022,11,8,4.1671,26.05,86.01,4.8
Chennai,2022,11,9,5.1094,26.32,83.88,4.82
Chennai,2022,11,10,3.947,26.27,83.05,6.08
Chennai,2022,11,11,0.7188,26.09,90.35,7.4
Chennai,2022,11,12,2.6782,26.44,87.95,4.6
Chennai,2022,11,13,2.1072,25.77,88.67,3.0
Chennai,2022,11,14,3.6607,26.26,85.98,4.28
Chennai,2022,11,15,4.23,25.97,82.74,4.23
Chennai,2022,11,16,5.0083,24.62,80.42,4.25
Chennai,2022,11,17,4.8386,24.14,76.68,5.12
Chennai,2022,11,18,3.984,24.47,76.51,5.4
Chennai,2022,11,19,4.4906,24.13,77.35,5.9
Chennai,2022,11,20,2.7934,23.07,78.95,6.15
Chennai,2022,11,21,1.1045,23.62,91.87,5.24
Chennai,2022,11,22,0.9139,25.39,92.14,4.5
Chennai,2022,11,23,3.6593,26.18,90.48,2.89
Chennai,2022,11,24,4.6313,25.91,87.32,2.75
Chennai,2022,11,25,4.6418,25.54,86.6,2.64
Chennai,2022,11,26,3.8652,25.84,84.6,2.4
Chennai,2022,11,27,4.0346,25.96,83.83,1.8
Chennai,2022,11,28,4.2842,25.71,81.23,2.63
Chennai,2022,11,29,4.9226,24.69,77.56,3.82
Chennai,2022,11,30,3.7987,24.64,83.2,3.48
Chennai,2022,12,1,4.3901,25.96,86.61,3.47
Chennai,2022,12,2,5.0842,26.07,83.68,3.13
Chennai,2022,12,3,4.5722,26.05,86.39,4.21
Chennai,2022,12,4,3.8335,25.82,86.35,4.81
Chennai,2022,12,5,3.9022,25.87,83.06,4.34
Chennai,2022,12,6,2.7732,25.36,79.81,5.07
Chennai,2022,12,7,3.2004,23.77,81.29,6.2
Chennai,2022,12,8,1.6159,22.52,81.86,9.06
Chennai,2022,12,9,1.3819,23.96,88.93,9.84
Chennai,2022,12,10,2.4002,25.03,89.81,6.75
Chennai,2022,12,11,2.4322,25.37,87.25,4.96
Chennai,2022,12,12,1.7472,25.26,90.18,4.77
Chennai,2022,12,13,4.86,25.5,87.95,3.32
Chennai,2022,12,14,4.5744,25.36,86.71,3.13
Chennai,2022,12,15,5.0662,24.34,83.55,3.0
Chennai,2022,12,16,4.6274,24.39,84.08,3.38
Chennai,2022,12,17,4.211,25.2,84.58,3.81
Chennai,2022,12,18,3.9674,24.86,81.93,5.41
Chennai,2022,12,19,4.2756,23.97,82.3,5.29
Chennai,2022,12,20,4.7662,24.21,82.48,5.55
Chennai,2022,12,21,3.8789,24.31,86.31,5.6
Chennai,2022,12,22,3.8525,24.32,83.39,5.8
Chennai,2022,12,23,3.6578,24.63,88.43,5.78
Chennai,2022,12,24,3.3511,25.34,87.36,6.26
Chennai,2022,12,25,3.6314,25.88,89.15,5.09
Chennai,2022,12,26,3.871,25.58,89.34,3.76
Chennai,2022,12,27,4.8043,25.1,89.17,3.07
Chennai,2022,12,28,4.8264,25.59,83.74,2.43
Chennai,2022,12,29,4.8178,25.27,82.49,1.94
Chennai,2022,12,30,5.0429,25.01,79.06,1.8
Chennai,2022,12,31,5.1233,24.7,78.67,1.73
Chennai,2023,1,1,5.045,24.36,80.51,2.13
Chennai,2023,1,2,4.9363,24.74,76.93,3.08
Chennai,2023,1,3,4.5348,24.67,77.4,3.53
Chennai,2023,1,4,4.5072,24.68,77.54,4.14
Chennai,2023,1,5,4.7414,24.6,74.79,5.25
Chennai,2023,1,6,4.1446,24.69,77.4,5.82
Chennai,2023,1,7,3.9324,24.44,80.41,5.02
Chennai,2023,1,8,4.0831,23.99,78.94,4.41
Chennai,2023,1,9,5.2265,22.92,72.99,4.36
Chennai,2023,1,10,5.2049,23.08,75.06,4.21
Chennai,2023,1,11,5.4216,23.16,76.15,3.27
Chennai,2023,1,12,5.5618,23.24,74.67,2.24
Chennai,2023,1,13,5.5222,23.15,75.4,2.06
Chennai,2023,1,14,5.9458,22.67,74.14,2.25
Chennai,2023,1,15,5.8046,22.54,75.5,2.18
Chennai,2023,1,16,5.8181,22.55,74.95,2.79
Chennai,2023,1,17,5.4622,23.2,73.37,2.55
Chennai,2023,1,18,5.2594,23.44,72.48,3.18
Chennai,2023,1,19,5.3873,23.68,71.9,3.0
Chennai,2023,1,20,3.8023,23.98,79.81,3.54
Chennai,2023,1,21,4.8617,24.24,78.13,4.28
Chennai,2023,1,22,4.2694,23.75,77.83,4.07
Chennai,2023,1,23,3.937,24.59,78.83,4.11
Chennai,2023,1,24,5.4749,24.54,75.5,3.53
Chennai,2023,1,25,5.3038,23.71,73.95,3.44
Chennai,2023,1,26,4.3145,24.11,72.82,3.57
Chennai,2023,1,27,5.4948,23.7,75.02,3.59
Chennai,2023,1,28,5.1149,23.93,78.0,3.91
Chennai,2023,1,29,4.8852,24.8,80.23,4.65
Chennai,2023,1,30,4.5958,25.5,82.63,4.66
Chennai,2023,1,31,3.7985,24.98,82.17,4.85
Chennai,2023,2,1,4.2658,25.47,76.48,5.43
Chennai,2023,2,2,3.1944,25.57,78.36,5.06
Chennai,2023,2,3,5.1958,25.8,78.3,4.96
Chennai,2023,2,4,5.3988,25.43,75.58,4.37
Chennai,2023,2,5,5.6424,25.0,72.68,3.56
Chennai,2023,2,6,5.25,24.88,73.16,3.09
Chennai,2023,2,7,5.2942,24.75,73.56,2.16
Chennai,2023,2,8,5.3126,24.95,73.76,2.76
Chennai,2023,2,9,5.5102,25.08,74.52,2.35
Chennai,2023,2,10,5.825,25.19,71.65,2.37
Chennai,2023,2,11,4.7578,25.14,68.28,2.09
Chennai,2023,2,12,5.6654,25.19,65.17,2.53
Chennai,2023,2,13,5.9914,25.12,64.43,2.68
Chennai,2023,2,14,5.5781,25.01,69.76,2.55
Chennai,2023,2,15,5.3498,24.71,72.74,2.64
Chennai,2023,2,16,5.9849,24.7,74.12,2.56
Chennai,2023,2,17,5.9683,24.7,73.6,2.73
Chennai,2023,2,18,5.9554,25.17,71.33,3.1
Chennai,2023,2,19,6.1618,25.52,69.58,3.13
Chennai,2023,2,20,5.953,25.76,65.54,2.47
Chennai,2023,2,21,6.1037,25.78,63.99,2.43
Chennai,2023,2,22,5.8978,25.77,65.33,2.93
Chennai,2023,2,23,6.4937,25.06,67.8,2.95
Chennai,2023,2,24,6.6041,25.32,63.89,2.44
Chennai,2023,2,25,6.6194,25.52,64.98,2.73
Chennai,2023,2,26,5.9904,25.42,67.37,3.07
Chennai,2023,2,27,6.4903,25.82,60.33,2.95
Chennai,2023,2,28,5.807,26.06,71.67,3.77
Chennai,2023,3,1,6.2165,26.55,72.45,4.29
Chennai,2023,3,2,6.7891,25.92,63.85,3.97
Chennai,2023,3,3,6.0329,25.88,68.59,3.71
Chennai,2023,3,4,6.1663,26.41,66.97,3.85
Chennai,2023,3,5,6.6002,26.45,69.87,3.89
Chennai,2023,3,6,6.6398,26.47,67.86,3.42
Chennai,2023,3,7,6.3648,26.36,68.22,3.18
Chennai,2023,3,8,6.2746,26.7,65.56,4.15
Chennai,2023,3,9,5.2416,27.22,64.5,3.73
Chennai,2023,3,10,5.1979,26.98,69.71,3.8
Chennai,2023,3,11,6.5813,26.76,70.07,3.94
Chennai,2023,3,12,6.6216,27.49,69.92,3.88
Chennai,2023,3,13,6.5621,27.91,66.41,3.51
Chennai,2023,3,14,6.0389,27.75,68.25,3.34
Chennai,2023,3,15,6.0271,27.95,71.71,3.76
Chennai,2023,3,16,6.0737,28.21,71.36,4.22
Chennai,2023,3,17,3.3883,27.93,75.24,3.53
Chennai,2023,3,18,4.4621,27.82,77.04,4.18
Chennai,2023,3,19,4.2413,27.49,77.8,3.1
Chennai,2023,3,20,5.3275,27.52,78.1,3.83
Chennai,2023,3,21,6.4946,28.24,75.92,3.3
Chennai,2023,3,22,6.2856,29.03,73.18,3.72
Chennai,2023,3,23,4.7918,28.81,76.23,4.04
Chennai,2023,3,24,6.6403,28.76,74.99,4.26
Chennai,2023,3,25,6.467,29.04,72.38,3.83
Chennai,2023,3,26,5.8164,28.96,73.4,3.35
Chennai,2023,3,27,6.4428,29.63,70.9,3.32
Chennai,2023,3,28,6.3936,29.31,71.86,3.94
Chennai,2023,3,29,6.6682,28.95,70.78,3.91
Chennai,2023,3,30,6.5606,28.58,70.01,3.63
Chennai,2023,3,31,6.7505,28.98,67.71,4.44
Chennai,2023,4,1,6.6036,29.27,71.17,4.35
Chennai,2023,4,2,6.3502,29.27,73.05,4.87
Chennai,2023,4,3,6.7464,29.34,74.12,4.67
Chennai,2023,4,4,6.5095,29.51,71.28,4.07
Chennai,2023,4,5,6.75,28.95,73.8,3.98
Chennai,2023,4,6,6.93,29.48,70.09,3.58
Chennai,2023,4,7,6.8738,29.29,68.71,3.43
Chennai,2023,4,8,6.8129,29.16,65.65,3.32
Chennai,2023,4,9,6.7562,28.94,68.3,3.38
Chennai,2023,4,10,7.0951,29.01,67.22,2.65
Chennai,2023,4,11,7.128,29.23,62.6,2.33
Chennai,2023,4,12,7.3133,29.74,57.99,2.59
Chennai,2023,4,13,6.9905,30.69,52.62,2.99
Chennai,2023,4,14,6.6773,30.61,57.99,3.61
Chennai,2023,4,15,6.096,31.07,55.87,3.28
Chennai,2023,4,16,6.5875,30.31,59.96,3.57
Chennai,2023,4,17,6.4603,31.03,57.25,4.0
Chennai,2023,4,18,6.7248,30.78,60.54,3.38
Chennai,2023,4,19,7.0942,30.8,61.09,3.75
Chennai,2023,4,20,6.8074,31.59,65.28,4.67
Chennai,2023,4,21,6.4042,31.85,64.69,4.96
Chennai,2023,4,22,5.64,31.62,65.45,4.3
Chennai,2023,4,23,6.0943,31.64,65.07,5.33
Chennai,2023,4,24,6.6218,30.84,67.85,5.09
Chennai,2023,4,25,6.3528,30.07,70.92,3.83
Chennai,2023,4,26,6.2642,30.48,63.51,3.24
Chennai,2023,4,27,5.8918,30.59,65.16,3.29
Chennai,2023,4,28,6.7958,30.92,65.36,3.69
Chennai,2023,4,29,5.7595,30.77,67.18,3.53
Chennai,2023,4,30,6.0235,30.83,64.38,3.72
Chennai,2023,5,1,4.4508,29.21,73.13,3.15
Chennai,2023,5,2,3.6662,28.1,81.9,3.47
Chennai,2023,5,3,4.153,27.83,82.81,3.32
Chennai,2023,5,4,5.8999,29.45,72.96,2.32
Chennai,2023,5,5,3.4258,28.25,78.33,1.9
Chennai,2023,5,6,5.2334,29.45,71.08,1.66
Chennai,2023,5,7,4.9222,29.32,73.2,2.66
Chennai,2023,5,8,6.6672,29.32,76.05,2.66
Chennai,2023,5,9,7.0306,29.95,71.53,2.88
Chennai,2023,5,10,5.6189,29.88,71.05,2.6
Chennai,2023,5,11,4.0956,30.41,70.36,2.48
Chennai,2023,5,12,4.7518,31.64,66.11,3.07
Chennai,2023,5,13,4.675,33.29,59.36,4.09
Chennai,2023,5,14,5.4475,34.15,55.34,4.49
Chennai,2023,5,15,5.9386,33.52,59.98,3.98
Chennai,2023,5,16,6.6835,33.34,59.73,3.8
Chennai,2023,5,17,6.3905,32.65,66.61,4.0
Chennai,2023,5,18,6.3533,31.37,71.2,3.81
Chennai,2023,5,19,6.2803,30.9,74.06,4.52
Chennai,2023,5,20,6.235,31.24,71.64,3.93
Chennai,2023,5,21,5.2135,30.29,76.56,3.73
Chennai,2023,5,22,6.0473,30.38,76.47,4.04
Chennai,2023,5,23,6.3518,30.76,72.5,4.1
Chennai,2023,5,24,6.5143,31.92,65.54,5.04
Chennai,2023,5,25,6.0365,33.23,57.15,3.7
Chennai,2023,5,26,5.7727,33.36,55.67,3.95
Chennai,2023,5,27,6.1322,33.84,55.62,3.33
Chennai,2023,5,28,5.4562,32.91,58.07,4.63
Chennai,2023,5,29,6.2942,32.38,63.99,4.04
Chennai,2023,5,30,5.7948,31.44,68.69,3.57
Chennai,2023,5,31,6.3463,31.25,69.9,2.35
Chennai,2023,6,1,5.7895,32.34,63.01,4.86
Chennai,2023,6,2,5.8601,33.1,57.72,3.95
Chennai,2023,6,3,5.7019,33.76,54.76,5.35
Chennai,2023,6,4,5.5853,33.53,55.26,4.29
Chennai,2023,6,5,5.9304,31.66,62.43,6.44
Chennai,2023,6,6,6.3358,32.2,59.27,5.69
Chennai,2023,6,7,4.8559,28.61,75.89,6.33
Chennai,2023,6,8,5.7926,31.11,66.19,5.96
Chennai,2023,6,9,5.7466,30.34,69.86,5.0
Chennai,2023,6,10,6.2323,31.31,65.1,2.99
Chennai,2023,6,11,5.7182,31.81,59.37,5.35
Chennai,2023,6,12,6.7639,31.78,63.28,4.64
Chennai,2023,6,13,6.5568,31.16,66.78,3.53
Chennai,2023,6,14,5.6767,30.27,71.26,4.47
Chennai,2023,6,15,6.4838,31.3,65.04,4.19
Chennai,2023,6,16,6.4193,32.16,64.13,3.84
Chennai,2023,6,17,1.938,29.26,72.75,5.26
Chennai,2023,6,18,2.5171,27.98,80.55,4.93
Chennai,2023,6,19,2.8658,29.47,75.81,4.49
Chennai,2023,6,20,4.1894,29.48,76.98,3.35
Chennai,2023,6,21,2.7835,27.48,81.24,2.75
Chennai,2023,6,22,4.2684,28.79,79.69,2.23
Chennai,2023,6,23,3.0672,29.25,77.83,2.77
Chennai,2023,6,24,4.1066,29.23,74.83,3.22
Chennai,2023,6,25,3.4315,28.27,80.21,4.09
Chennai,2023,6,26,4.2739,29.75,70.56,2.97
Chennai,2023,6,27,4.685,30.14,69.05,2.63
Chennai,2023,6,28,6.3998,29.66,68.03,3.96
Chennai,2023,6,29,6.4397,30.08,69.4,3.0
Chennai,2023,6,30,6.5916,30.74,66.42,3.25
Chennai,2023,7,1,5.1576,30.25,69.37,2.75
Chennai,2023,7,2,2.0935,27.44,78.47,5.22
Chennai,2023,7,3,2.7542,27.97,80.12,4.31
Chennai,2023,7,4,3.8194,28.23,79.22,3.75
Chennai,2023,7,5,3.8918,29.46,67.13,5.83
Chennai,2023,7,6,4.6913,29.09,69.75,5.49
Chennai,2023,7,7,5.7041,29.37,68.08,4.49
Chennai,2023,7,8,4.6754,29.72,69.84,3.44
Chennai,2023,7,9,6.324,29.79,70.06,2.82
Chennai,2023,7,10,2.149,28.83,77.62,3.34
Chennai,2023,7,11,3.5849,28.86,76.32,3.62
Chennai,2023,7,12,3.0312,29.08,73.82,3.1
Chennai,2023,7,13,5.5044,29.26,72.59,4.03
Chennai,2023,7,14,5.7564,29.93,71.98,3.84
Chennai,2023,7,15,6.1795,29.79,68.5,4.02
Chennai,2023,7,16,4.0663,30.05,71.23,2.8
Chennai,2023,7,17,5.2248,30.07,71.34,4.14
Chennai,2023,7,18,4.7921,30.27,68.44,5.0
Chennai,2023,7,19,5.305,30.18,64.86,5.65
Chennai,2023,7,20,3.845,30.02,65.02,6.73
Chennai,2023,7,21,4.4604,29.98,67.67,5.94
Chennai,2023,7,22,3.1219,29.94,68.46,5.46
Chennai,2023,7,23,1.6318,29.18,73.19,4.42
Chennai,2023,7,24,1.9015,27.96,79.37,4.97
Chennai,2023,7,25,1.4508,27.46,79.23,4.8
Chennai,2023,7,26,3.1898,28.81,74.17,5.61
Chennai,2023,7,27,5.675,29.15,68.17,6.08
Chennai,2023,7,28,6.1862,30.39,64.83,5.06
Chennai,2023,7,29,5.8447,31.12,62.34,5.86
Chennai,2023,7,30,5.8354,31.32,63.59,4.87
Chennai,2023,7,31,5.591,30.94,67.77,4.11
Chennai,2023,8,1,4.4604,31.57,64.38,4.49
Chennai,2023,8,2,5.3779,31.14,62.46,4.26
Chennai,2023,8,3,5.8411,31.04,66.03,3.74
Chennai,2023,8,4,6.2165,31.02,66.32,3.61
Chennai,2023,8,5,6.2458,31.2,65.45,3.36
Chennai,2023,8,6,6.3998,30.97,67.26,3.6
Chennai,2023,8,7,5.6266,30.64,67.78,3.75
Chennai,2023,8,8,3.7654,30.4,67.4,2.99
Chennai,2023,8,9,5.6849,30.0,71.83,2.98
Chennai,2023,8,10,4.3102,29.62,73.72,2.87
Chennai,2023,8,11,4.1707,29.61,72.25,2.41
Chennai,2023,8,12,5.3681,30.08,72.1,3.22
Chennai,2023,8,13,4.9608,29.8,73.46,2.63
Chennai,2023,8,14,5.2577,29.1,78.19,2.43
Chennai,2023,8,15,5.8994,28.94,77.09,2.93
Chennai,2023,8,16,6.3485,29.24,76.21,3.13
Chennai,2023,8,17,5.7211,28.76,80.85,3.3
Chennai,2023,8,18,4.4434,29.81,73.07,3.1
Chennai,2023,8,19,4.969,29.82,70.72,2.59
Chennai,2023,8,20,5.8927,29.92,71.66,2.95
Chennai,2023,8,21,5.9386,29.73,74.99,3.12
Chennai,2023,8,22,5.7862,29.22,78.93,3.19
Chennai,2023,8,23,5.8536,28.65,81.11,3.19
Chennai,2023,8,24,5.9038,27.85,84.03,2.35
Chennai,2023,8,25,5.555,28.26,82.66,2.65
Chennai,2023,8,26,5.5658,28.51,81.71,3.17
Chennai,2023,8,27,4.3846,28.78,79.99,2.34
Chennai,2023,8,28,5.9794,28.63,79.26,3.83
Chennai,2023,8,29,5.3707,28.29,81.77,3.14
Chennai,2023,8,30,5.5838,28.74,79.96,2.92
Chennai,2023,8,31,5.8968,28.18,84.84,2.83
Chennai,2023,9,1,6.0547,28.75,80.74,4.07
Chennai,2023,9,2,6.1553,28.18,84.27,3.71
Chennai,2023,9,3,4.4791,27.46,83.87,2.96
Chennai,2023,9,4,2.8116,27.68,79.72,3.95
Chennai,2023,9,5,1.4695,28.08,75.87,4.76
Chennai,2023,9,6,4.121,28.21,80.55,4.49
Chennai,2023,9,7,5.9933,28.23,79.55,4.82
Chennai,2023,9,8,5.9652,28.23,77.26,4.64
Chennai,2023,9,9,6.3607,27.93,78.56,4.1
Chennai,2023,9,10,3.2834,26.91,84.83,3.61
Chennai,2023,9,11,3.3269,28.06,78.55,3.21
Chennai,2023,9,12,4.0138,28.81,76.71,2.96
Chennai,2023,9,13,5.196,28.81,77.87,2.84
Chennai,2023,9,14,4.7546,28.94,77.34,3.96
Chennai,2023,9,15,5.9978,28.48,77.47,4.49
Chennai,2023,9,16,5.5646,27.63,82.93,4.42
Chennai,2023,9,17,5.2457,28.13,82.79,3.42
Chennai,2023,9,18,5.5378,28.22,82.13,3.53
Chennai,2023,9,19,5.4475,27.92,82.96,3.76
Chennai,2023,9,20,5.2973,27.75,82.64,3.02
Chennai,2023,9,21,3.2071,27.15,84.23,3.43
Chennai,2023,9,22,5.5757,28.22,82.57,3.54
Chennai,2023,9,23,5.8615,28.61,84.47,3.93
Chennai,2023,9,24,6.4217,28.3,84.45,3.54
Chennai,2023,9,25,6.3504,26.79,88.59,3.35
Chennai,2023,9,26,5.2956,27.58,85.21,3.64
Chennai,2023,9,27,6.1267,27.77,82.77,3.22
Chennai,2023,9,28,6.0266,28.02,82.37,3.07
Chennai,2023,9,29,5.9573,27.59,85.03,4.45
Chennai,2023,9,30,5.3494,27.72,80.61,3.91
Chennai,2023,10,1,5.7578,27.44,82.99,4.73
Chennai,2023,10,2,5.681,27.53,82.8,5.1
Chennai,2023,10,3,5.6525,28.57,78.69,4.02
Chennai,2023,10,4,4.5878,28.87,80.29,3.02
Chennai,2023,10,5,5.1871,28.96,80.17,2.34
Chennai,2023,10,6,5.3806,28.36,82.18,2.35
Chennai,2023,10,7,5.419,28.68,82.33,2.22
Chennai,2023,10,8,5.0974,28.23,85.94,3.08
Chennai,2023,10,9,5.388,28.05,85.96,2.71
Chennai,2023,10,10,5.5289,28.03,86.32,2.4
Chennai,2023,10,11,5.7295,28.04,82.89,2.2
Chennai,2023,10,12,5.8193,27.62,80.09,2.63
Chennai,2023,10,13,4.242,27.16,79.15,2.48
Chennai,2023,10,14,3.858,27.58,81.34,2.25
Chennai,2023,10,15,4.7794,27.34,83.92,2.03
Chennai,2023,10,16,4.9558,27.73,82.46,2.61
Chennai,2023,10,17,5.707,27.83,79.77,3.29
Chennai,2023,10,18,5.4706,27.73,75.35,3.4
Chennai,2023,10,19,4.8341,27.62,77.26,3.05
Chennai,2023,10,20,5.3736,27.65,78.06,2.76
Chennai,2023,10,21,4.5826,27.74,81.5,4.06
Chennai,2023,10,22,5.4259,27.78,79.91,3.98
Chennai,2023,10,23,5.3882,27.41,68.17,3.11
Chennai,2023,10,24,5.6023,27.22,69.26,2.18
Chennai,2023,10,25,5.539,27.61,71.58,2.51
Chennai,2023,10,26,4.6416,27.34,76.89,2.84
Chennai,2023,10,27,4.6598,27.55,78.88,3.08
Chennai,2023,10,28,5.2495,27.89,78.68,2.56
Chennai,2023,10,29,4.7462,27.43,83.19,2.79
Chennai,2023,10,30,2.5142,26.63,85.25,2.84
Chennai,2023,10,31,3.828,27.41,80.58,4.28
Chennai,2023,11,1,3.8254,27.75,83.84,4.78
Chennai,2023,11,2,4.3001,27.78,82.65,3.41
Chennai,2023,11,3,3.6408,26.99,88.05,2.43
Chennai,2023,11,4,2.4216,26.95,86.19,3.05
Chennai,2023,11,5,5.0275,26.7,85.35,1.78
Chennai,2023,11,6,3.7829,27.14,83.1,1.9
Chennai,2023,11,7,3.5186,26.96,85.91,3.03
Chennai,2023,11,8,4.2682,26.76,86.15,2.75
Chennai,2023,11,9,2.9784,26.59,87.36,2.72
Chennai,2023,11,10,4.5874,27.06,83.34,4.02
Chennai,2023,11,11,5.0292,26.6,78.08,4.46
Chennai,2023,11,12,4.3646,26.87,75.52,4.83
Chennai,2023,11,13,3.589,27.06,81.36,5.47
Chennai,2023,11,14,1.1546,26.14,88.39,5.38
Chennai,2023,11,15,1.1278,26.13,90.77,5.64
Chennai,2023,11,16,3.6223,26.8,84.68,4.61
Chennai,2023,11,17,4.8859,26.74,85.04,4.28
Chennai,2023,11,18,4.8994,27.01,84.42,5.13
Chennai,2023,11,19,4.8792,27.0,84.85,5.13
Chennai,2023,11,20,2.0621,26.57,90.63,5.46
Chennai,2023,11,21,0.5832,27.01,86.09,3.6
Chennai,2023,11,22,3.1157,26.8,85.57,2.9
Chennai,2023,11,23,3.2417,26.93,86.25,1.8
Chennai,2023,11,24,3.9888,26.66,89.94,3.52
Chennai,2023,11,25,4.0874,26.91,86.08,4.77
Chennai,2023,11,26,3.9211,26.71,85.85,5.02
Chennai,2023,11,27,3.7061,26.82,86.53,3.99
Chennai,2023,11,28,4.4525,26.89,85.59,4.33
Chennai,2023,11,29,2.1134,26.36,87.08,3.8
Chennai,2023,11,30,1.7549,26.02,88.69,3.75
Chennai,2023,12,1,4.2401,26.32,86.66,5.04
Chennai,2023,12,2,2.6357,26.38,88.14,6.97
Chennai,2023,12,3,1.6075,26.28,90.4,8.93
Chennai,2023,12,4,0.6396,24.8,89.68,14.75
Chennai,2023,12,5,2.6345,25.84,86.3,5.96
Chennai,2023,12,6,4.2377,27.07,87.78,2.22
Chennai,2023,12,7,3.8059,27.07,87.08,2.14
Chennai,2023,12,8,3.3583,26.38,89.08,3.92
Chennai,2023,12,9,4.4609,26.1,86.13,4.65
Chennai,2023,12,10,3.9247,25.51,84.14,4.44
Chennai,2023,12,11,3.8285,25.1,84.5,4.22
Chennai,2023,12,12,4.2199,24.49,81.09,4.08
Chennai,2023,12,13,4.2034,24.29,77.51,4.57
Chennai,2023,12,14,4.1326,24.53,80.25,5.24
Chennai,2023,12,15,1.2564,25.18,88.2,5.7
Chennai,2023,12,16,3.5503,25.99,86.69,5.83
Chennai,2023,12,17,3.8201,25.5,83.44,5.47
Chennai,2023,12,18,4.2168,25.15,81.4,5.69
Chennai,2023,12,19,4.6723,24.75,81.44,5.58
Chennai,2023,12,20,4.265,24.69,82.83,5.31
Chennai,2023,12,21,3.3569,24.69,83.89,4.66
Chennai,2023,12,22,4.4472,24.23,80.25,3.69
Chennai,2023,12,23,3.8522,23.75,77.38,3.47
Chennai,2023,12,24,3.5256,24.62,84.37,5.4
Chennai,2023,12,25,4.5146,25.17,85.29,5.39
Chennai,2023,12,26,5.0275,24.53,82.05,4.65
Chennai,2023,12,27,5.1082,24.45,80.46,5.21
Chennai,2023,12,28,4.8511,25.1,84.87,5.2
Chennai,2023,12,29,4.0476,25.2,84.25,5.25
Chennai,2023,12,30,4.9829,24.34,80.46,4.36
Chennai,2023,12,31,4.8288,24.46,77.83,3.85
Chennai,2024,1,1,4.6512,24.34,77.47,3.59
Chennai,2024,1,2,3.9314,24.28,77.42,3.94
Chennai,2024,1,3,3.6079,24.57,81.63,4.18
Chennai,2024,1,4,2.6138,25.06,80.49,3.94
Chennai,2024,1,5,3.8227,25.03,80.22,4.33
Chennai,2024,1,6,3.348,25.18,81.29,5.05
Chennai,2024,1,7,2.1694,24.68,87.52,6.51
Chennai,2024,1,8,1.7909,25.39,83.75,5.71
Chennai,2024,1,9,4.2118,25.29,80.62,5.4
Chennai,2024,1,10,4.5374,24.91,79.34,4.51
Chennai,2024,1,11,4.8442,24.61,80.75,4.51
Chennai,2024,1,12,4.5238,25.09,81.21,4.18
Chennai,2024,1,13,3.7966,24.89,83.2,3.68
Chennai,2024,1,14,4.4748,24.31,83.35,3.16
Chennai,2024,1,15,4.8821,24.4,80.62,2.75
Chennai,2024,1,16,5.1542,23.97,75.78,2.88
Chennai,2024,1,17,5.7485,24.11,74.92,2.21
Chennai,2024,1,18,5.4931,24.49,76.36,2.35
Chennai,2024,1,19,4.9553,25.01,81.61,3.06
Chennai,2024,1,20,5.4929,24.89,81.47,3.74
Chennai,2024,1,21,5.5097,24.68,78.16,2.82
Chennai,2024,1,22,5.3657,24.93,78.55,2.76
Chennai,2024,1,23,5.303,24.96,79.42,3.12
Chennai,2024,1,24,5.2457,25.06,77.54,3.09
Chennai,2024,1,25,5.2553,25.07,76.96,3.06
Chennai,2024,1,26,4.549,24.64,79.5,3.73
Chennai,2024,1,27,5.0623,24.82,82.07,4.4
Chennai,2024,1,28,4.1525,24.73,80.17,4.43
Chennai,2024,1,29,5.4274,24.16,75.11,4.52
Chennai,2024,1,30,5.5166,24.13,80.26,3.29
Chennai,2024,1,31,5.3822,25.19,78.98,2.81
Chennai,2024,2,1,5.1895,26.1,80.4,2.3
Chennai,2024,2,2,5.4235,26.56,79.65,2.86
Chennai,2024,2,3,5.2013,26.23,77.72,3.21
Chennai,2024,2,4,5.4499,25.56,76.29,3.25
Chennai,2024,2,5,5.3635,25.42,77.48,3.34
Chennai,2024,2,6,5.4413,25.28,77.52,2.96
Chennai,2024,2,7,5.8879,25.35,75.18,2.58
Chennai,2024,2,8,5.4737,25.48,77.01,2.52
Chennai,2024,2,9,5.4874,25.84,78.03,2.58
Chennai,2024,2,10,5.3578,26.17,78.56,4.01
Chennai,2024,2,11,5.7977,25.8,75.23,4.4
Chennai,2024,2,12,5.567,25.5,73.01,4.33
Chennai,2024,2,13,5.6431,26.01,78.03,4.21
Chennai,2024,2,14,5.9551,26.1,74.59,4.29
Chennai,2024,2,15,5.5519,25.65,73.76,4.21
Chennai,2024,2,16,6.0394,25.85,74.93,4.64
Chennai,2024,2,17,5.8577,25.81,74.64,4.19
Chennai,2024,2,18,6.1987,25.97,71.31,2.96
Chennai,2024,2,19,5.9496,26.67,70.53,3.11
Chennai,2024,2,20,5.7682,26.95,68.57,2.78
Chennai,2024,2,21,5.3899,26.98,70.2,3.45
Chennai,2024,2,22,5.6376,27.77,72.86,4.33
Chennai,2024,2,23,5.2942,28.41,76.63,4.65
Chennai,2024,2,24,5.6904,28.0,75.11,4.05
Chennai,2024,2,25,5.8644,27.35,74.06,3.73
Chennai,2024,2,26,5.97,27.31,72.45,4.9
Chennai,2024,2,27,6.2393,27.15,72.99,4.66
Chennai,2024,2,28,6.3362,26.59,70.5,3.88
Chennai,2024,2,29,5.9774,27.01,68.36,3.02
Chennai,2024,3,1,6.1402,27.48,67.99,3.14
Chennai,2024,3,2,5.6287,27.65,65.42,2.73
Chennai,2024,3,3,6.3432,27.46,66.14,3.19
Chennai,2024,3,4,6.0223,27.14,66.98,3.2
Chennai,2024,3,5,5.9621,27.56,66.59,2.84
Chennai,2024,3,6,5.5927,27.74,66.87,2.87
Chennai,2024,3,7,6.0881,27.87,65.88,3.49
Chennai,2024,3,8,6.0298,27.96,67.66,4.34
Chennai,2024,3,9,6.0065,28.49,67.63,3.93
Chennai,2024,3,10,6.0818,28.55,67.62,3.64
Chennai,2024,3,11,5.791,28.76,68.19,3.6
Chennai,2024,3,12,6.0538,28.95,66.64,3.52
Chennai,2024,3,13,5.9412,29.33,64.06,4.88
Chennai,2024,3,14,5.9112,29.38,62.11,4.58
Chennai,2024,3,15,6.036,28.98,65.0,4.22
Chennai,2024,3,16,6.1274,29.0,69.5,4.43
Chennai,2024,3,17,6.4174,29.02,65.29,3.87
Chennai,2024,3,18,6.1483,29.04,63.23,3.55
Chennai,2024,3,19,6.2748,29.06,62.8,3.88
Chennai,2024,3,20,6.3194,28.56,67.19,4.22
Chennai,2024,3,21,6.0902,29.23,66.99,4.52
Chennai,2024,3,22,6.6038,29.56,64.87,3.69
Chennai,2024,3,23,6.684,29.25,64.19,3.62
Chennai,2024,3,24,6.5952,29.34,64.0,4.24
Chennai,2024,3,25,6.4318,29.39,60.89,3.9
Chennai,2024,3,26,6.785,29.14,55.98,4.01
Chennai,2024,3,27,6.9722,29.3,53.68,3.64
Chennai,2024,3,28,6.6161,30.12,56.08,3.2
Chennai,2024,3,29,6.5506,30.39,61.32,4.23
Chennai,2024,3,30,7.2036,30.17,57.79,4.02
Chennai,2024,3,31,6.8434,30.04,61.77,3.68
Chennai,2024,4,1,7.1095,30.65,64.24,3.46
Chennai,2024,4,2,7.0373,30.71,63.11,3.64
Chennai,2024,4,3,7.0596,30.49,66.31,4.81
Chennai,2024,4,4,6.859,30.88,61.89,4.14
Chennai,2024,4,5,6.7822,31.29,58.27,3.63
Chennai,2024,4,6,6.331,31.85,57.48,4.29
Chennai,2024,4,7,6.7332,31.75,58.15,4.31
Chennai,2024,4,8,6.5414,30.84,65.34,4.9
Chennai,2024,4,9,6.6401,30.85,63.48,4.26
Chennai,2024,4,10,6.4754,30.95,63.93,3.71
Chennai,2024,4,11,7.0133,31.41,60.35,3.63
Chennai,2024,4,12,6.8143,31.39,61.52,4.42
Chennai,2024,4,13,6.4764,31.33,59.2,3.56
Chennai,2024,4,14,6.7231,31.25,59.78,3.59
Chennai,2024,4,15,7.0385,31.41,58.94,3.19
Chennai,2024,4,16,6.6106,31.61,59.97,4.01
Chennai,2024,4,17,5.9244,32.22,60.26,5.19
Chennai,2024,4,18,6.1284,32.5,63.08,5.38
Chennai,2024,4,19,6.5784,32.59,64.21,5.58
Chennai,2024,4,20,6.3914,32.29,65.69,4.89
Chennai,2024,4,21,6.6792,32.18,65.82,4.16
Chennai,2024,4,22,7.1558,32.05,64.6,4.2
Chennai,2024,4,23,7.0027,31.95,60.03,4.22
Chennai,2024,4,24,6.9036,32.32,59.06,3.98
Chennai,2024,4,25,6.8124,32.51,58.56,3.49
Chennai,2024,4,26,6.8215,32.34,57.77,4.14
Chennai,2024,4,27,7.1767,32.01,56.99,3.52
Chennai,2024,4,28,6.9142,32.16,57.51,3.78
Chennai,2024,4,29,7.1813,32.14,59.37,3.65
Chennai,2024,4,30,7.0555,32.17,59.07,4.73
Chennai,2024,5,1,6.8851,33.78,61.59,5.69
Chennai,2024,5,2,6.6012,33.83,62.58,6.17
Chennai,2024,5,3,6.048,33.53,60.39,6.08
Chennai,2024,5,4,6.0665,33.14,63.57,5.89
Chennai,2024,5,5,6.2758,33.5,63.15,6.72
Chennai,2024,5,6,6.3166,33.43,64.07,6.14
Chennai,2024,5,7,6.2993,32.48,67.03,5.16
Chennai,2024,5,8,3.9079,31.53,67.79,3.26
Chennai,2024,5,9,6.1164,31.37,67.06,3.94
Chennai,2024,5,10,6.815,31.75,65.08,4.3
Chennai,2024,5,11,6.8098,31.72,66.29,4.25
Chennai,2024,5,12,6.5928,31.54,65.15,3.72
Chennai,2024,5,13,6.2938,31.32,65.51,3.27
Chennai,2024,5,14,6.0576,31.12,65.17,2.73
Chennai,2024,5,15,4.9944,31.48,63.61,3.42
Chennai,2024,5,16,1.296,28.92,76.75,2.94
Chennai,2024,5,17,4.3469,29.78,70.49,3.15
Chennai,2024,5,18,6.6574,30.2,72.19,3.06
Chennai,2024,5,19,6.3744,30.71,70.55,2.5
Chennai,2024,5,20,5.6995,30.12,74.04,2.75
Chennai,2024,5,21,4.6157,30.2,74.55,2.62
Chennai,2024,5,22,6.073,30.97,70.72,2.95
Chennai,2024,5,23,6.4138,31.09,71.27,2.75
Chennai,2024,5,24,6.1128,31.75,67.1,3.78
Chennai,2024,5,25,2.5901,31.53,64.34,4.92
Chennai,2024,5,26,4.2674,33.33,56.5,3.69
Chennai,2024,5,27,4.5782,34.14,54.07,4.19
Chennai,2024,5,28,5.581,33.79,53.24,3.75
Chennai,2024,5,29,5.3611,34.6,49.91,3.47
Chennai,2024,5,30,6.2376,34.53,54.25,3.46
Chennai,2024,5,31,6.203,34.06,58.58,4.0
Chennai,2024,6,1,5.9722,33.33,65.18,3.02
Chennai,2024,6,2,5.6275,29.65,74.94,3.04
Chennai,2024,6,3,2.6659,29.58,73.79,2.61
Chennai,2024,6,4,5.653,30.56,75.36,3.47
Chennai,2024,6,5,5.0304,29.74,81.18,3.09
Chennai,2024,6,6,4.4136,28.47,85.94,3.46
Chennai,2024,6,7,4.0884,28.78,77.28,4.17
Chennai,2024,6,8,4.7734,30.3,72.86,5.45
Chennai,2024,6,9,4.9334,29.9,73.69,5.17
Chennai,2024,6,10,6.114,30.54,66.07,5.85
Chennai,2024,6,11,4.7486,29.07,66.51,4.81
Chennai,2024,6,12,3.0571,28.93,69.65,4.82
Chennai,2024,6,13,5.5495,30.14,65.37,4.03
Chennai,2024,6,14,5.6914,29.67,61.42,4.83
Chennai,2024,6,15,3.0799,30.09,62.99,3.62
Chennai,2024,6,16,6.1339,30.79,68.94,3.45
Chennai,2024,6,17,6.3166,29.86,72.78,3.18
Chennai,2024,6,18,5.2128,29.65,73.75,3.79
Chennai,2024,6,19,5.7593,28.99,75.37,3.33
Chennai,2024,6,20,5.8538,29.83,72.24,4.0
Chennai,2024,6,21,5.899,29.72,69.58,5.59
Chennai,2024,6,22,5.1559,30.01,68.53,4.97
Chennai,2024,6,23,6.4406,29.25,74.27,4.37
Chennai,2024,6,24,5.6304,29.67,72.8,4.7
Chennai,2024,6,25,5.969,29.23,67.57,5.92
Chennai,2024,6,26,2.8013,28.91,65.4,6.31
Chennai,2024,6,27,2.6458,28.09,67.12,4.6
Chennai,2024,6,28,5.4259,29.3,63.67,4.25
Chennai,2024,6,29,4.7441,29.76,64.76,4.65
Chennai,2024,6,30,1.8684,29.05,73.1,5.0
Chennai,2024,7,1,3.1111,29.29,72.12,5.46
Chennai,2024,7,2,5.9918,30.42,64.9,4.52
Chennai,2024,7,3,5.7871,29.93,72.07,3.63
Chennai,2024,7,4,4.1693,30.04,73.88,3.39
Chennai,2024,7,5,5.6026,29.45,75.22,3.31
Chennai,2024,7,6,3.0943,28.28,76.22,4.32
Chennai,2024,7,7,4.9855,28.85,74.79,3.2
Chennai,2024,7,8,4.788,29.3,73.46,3.43
Chennai,2024,7,9,4.4225,28.35,77.08,3.7
Chennai,2024,7,10,6.1382,28.81,76.83,3.95
Chennai,2024,7,11,2.8543,28.65,75.74,3.97
Chennai,2024,7,12,6.2928,28.79,76.31,3.89
Chennai,2024,7,13,3.1337,28.81,73.49,3.58
Chennai,2024,7,14,2.1631,28.79,74.02,5.83
Chennai,2024,7,15,2.7516,27.74,80.34,5.56
Chennai,2024,7,16,3.8328,28.61,78.81,6.31
Chennai,2024,7,17,4.0046,28.87,73.91,6.35
Chennai,2024,7,18,2.7134,28.36,76.66,6.32
Chennai,2024,7,19,3.2107,28.4,74.5,6.68
Chennai,2024,7,20,3.4639,29.03,74.0,5.52
Chennai,2024,7,21,4.0058,29.88,71.0,5.82
Chennai,2024,7,22,3.7819,29.76,70.01,5.65
Chennai,2024,7,23,5.4528,29.69,67.65,5.56
Chennai,2024,7,24,4.9025,29.28,69.45,5.4
Chennai,2024,7,25,5.1185,29.53,69.27,5.99
Chennai,2024,7,26,3.7944,29.73,67.69,6.3
Chennai,2024,7,27,4.2907,30.47,63.94,6.71
Chennai,2024,7,28,4.704,30.16,65.5,5.84
Chennai,2024,7,29,4.746,30.07,69.7,5.12
Chennai,2024,7,30,5.1276,29.47,72.67,4.71
Chennai,2024,7,31,5.6263,29.7,72.79,3.7
Chennai,2024,8,1,3.9869,30.32,71.42,3.21
Chennai,2024,8,2,3.2453,29.87,69.3,4.4
Chennai,2024,8,3,6.0499,29.53,71.76,3.06
Chennai,2024,8,4,6.467,28.79,77.17,3.19
Chennai,2024,8,5,3.0377,28.59,77.07,3.16
Chennai,2024,8,6,5.1504,27.85,83.47,2.78
Chennai,2024,8,7,2.6918,27.62,83.01,2.44
Chennai,2024,8,8,5.7113,28.45,80.87,3.01
Chennai,2024,8,9,6.0199,28.82,79.72,3.1
Chennai,2024,8,10,4.9229,28.92,81.53,2.69
Chennai,2024,8,11,6.2916,29.06,81.33,2.11
Chennai,2024,8,12,5.8867,29.06,83.85,2.58
Chennai,2024,8,13,6.2455,29.07,82.64,2.43
Chennai,2024,8,14,6.5628,28.85,83.68,2.91
Chennai,2024,8,15,5.9522,28.86,82.27,2.95
Chennai,2024,8,16,5.6777,28.96,83.2,3.91
Chennai,2024,8,17,6.0187,28.64,86.35,2.28
Chennai,2024,8,18,6.6185,28.71,85.42,2.27
Chennai,2024,8,19,5.281,28.92,84.86,3.9
Chennai,2024,8,20,5.3573,28.62,85.41,4.06
Chennai,2024,8,21,6.2537,28.59,81.24,6.79
Chennai,2024,8,22,5.3849,28.01,81.11,5.23
Chennai,2024,8,23,5.8286,28.69,79.15,4.79
Chennai,2024,8,24,4.8029,28.62,79.36,4.97
Chennai,2024,8,25,6.1042,28.7,77.48,4.69
Chennai,2024,8,26,5.5286,28.92,77.31,5.02
Chennai,2024,8,27,3.9355,28.65,76.36,3.11
Chennai,2024,8,28,1.885,28.09,78.39,2.67
Chennai,2024,8,29,2.5296,28.07,79.48,3.73
Chennai,2024,8,30,2.0376,27.91,83.13,3.82
Chennai,2024,8,31,2.515,27.7,76.29,5.66
Chennai,2024,9,1,4.8106,28.48,73.65,5.18
Chennai,2024,9,2,5.5063,28.42,77.05,3.93
Chennai,2024,9,3,3.6943,28.64,77.75,2.49
Chennai,2024,9,4,2.8469,28.76,80.19,3.44
Chennai,2024,9,5,4.4496,28.51,79.38,3.54
Chennai,2024,9,6,3.2398,28.21,81.4,3.75
Chennai,2024,9,7,3.0461,28.29,79.81,3.76
Chennai,2024,9,8,2.6882,28.71,76.4,4.13
Chennai,2024,9,9,3.079,28.52,77.46,4.34
Chennai,2024,9,10,5.8522,28.91,77.27,4.8
Chennai,2024,9,11,5.6136,28.77,75.81,3.97
Chennai,2024,9,12,6.281,29.1,73.28,3.2
Chennai,2024,9,13,5.9501,29.73,70.78,2.34
Chennai,2024,9,14,5.9026,29.85,69.48,2.74
Chennai,2024,9,15,6.1711,29.8,68.51,3.59
Chennai,2024,9,16,6.0499,29.93,67.6,4.13
Chennai,2024,9,17,6.1133,30.24,67.92,3.57
Chennai,2024,9,18,5.3297,29.75,73.11,3.46
Chennai,2024,9,19,3.3218,29.73,72.38,2.88
Chennai,2024,9,20,5.717,29.08,75.14,2.91
Chennai,2024,9,21,2.73,29.75,67.62,1.63
Chennai,2024,9,22,3.281,30.01,70.61,3.4
Chennai,2024,9,23,4.3932,29.2,76.86,2.6
Chennai,2024,9,24,3.9115,28.53,82.71,3.16
Chennai,2024,9,25,4.6418,28.14,83.51,2.81
Chennai,2024,9,26,3.0283,28.53,79.77,2.58
Chennai,2024,9,27,4.3978,28.28,77.9,2.56
Chennai,2024,9,28,5.8906,27.94,81.87,2.21
Chennai,2024,9,29,6.2026,27.97,82.37,3.0
Chennai,2024,9,30,6.439,28.39,79.7,2.72
Chennai,2024,10,1,6.2302,28.73,78.62,3.34
Chennai,2024,10,2,6.1644,29.5,78.02,4.21
Chennai,2024,10,3,5.2366,29.42,78.79,2.8
Chennai,2024,10,4,5.3904,28.44,80.7,2.3
Chennai,2024,10,5,5.1113,28.44,80.84,2.48
Chennai,2024,10,6,5.1665,28.09,80.09,1.34
Chennai,2024,10,7,5.0786,27.83,79.74,1.85
Chennai,2024,10,8,6.2402,27.76,81.35,2.07
Chennai,2024,10,9,5.7907,27.84,81.8,2.22
Chennai,2024,10,10,3.7231,27.75,81.75,1.95
Chennai,2024,10,11,5.857,27.86,82.75,2.57
Chennai,2024,10,12,5.0626,27.59,85.6,2.42
Chennai,2024,10,13,5.0594,27.87,83.74,2.64
Chennai,2024,10,14,2.1658,27.1,87.72,4.11
Chennai,2024,10,15,1.5209,26.88,86.71,3.09
Chennai,2024,10,16,1.8149,27.02,86.95,2.58
Chennai,2024,10,17,5.2577,27.72,83.82,3.92
Chennai,2024,10,18,5.3825,28.16,78.81,2.45
Chennai,2024,10,19,5.1936,27.44,82.57,1.57
Chennai,2024,10,20,5.4456,27.53,84.62,1.64
Chennai,2024,10,21,5.7674,28.06,82.52,1.98
Chennai,2024,10,22,5.8114,28.03,81.95,1.53
Chennai,2024,10,23,5.1857,28.3,78.7,1.93
Chennai,2024,10,24,3.5436,28.32,77.11,1.61
Chennai,2024,10,25,4.2655,28.77,72.84,2.42
Chennai,2024,10,26,5.0575,28.25,71.29,2.97
Chennai,2024,10,27,5.01,28.56,71.41,2.14
Chennai,2024,10,28,4.9608,29.05,73.78,1.72
Chennai,2024,10,29,4.5355,28.46,76.59,2.21
Chennai,2024,10,30,3.6348,27.49,84.93,2.55
Chennai,2024,10,31,4.4798,27.54,83.35,1.95
Chennai,2024,11,1,4.7578,27.25,84.74,1.97
Chennai,2024,11,2,5.0354,27.24,83.48,2.58
Chennai,2024,11,3,5.5123,26.85,84.75,2.83
Chennai,2024,11,4,5.3966,27.39,78.66,3.31
Chennai,2024,11,5,5.3602,27.14,77.86,4.01
Chennai,2024,11,6,2.7269,26.88,85.08,5.31
Chennai,2024,11,7,4.3939,27.46,85.02,5.13
Chennai,2024,11,8,5.3076,27.45,81.44,4.78
Chennai,2024,11,9,4.895,27.15,79.39,4.87
Chennai,2024,11,10,5.2474,26.97,78.44,5.25
Chennai,2024,11,11,3.0122,26.71,79.57,5.74
Chennai,2024,11,12,0.5179,26.0,89.56,4.19
Chennai,2024,11,13,2.9998,26.86,88.95,4.12
Chennai,2024,11,14,4.7004,27.15,86.77,3.4
Chennai,2024,11,15,4.5298,26.95,87.81,3.51
Chennai,2024,11,16,3.7601,26.97,88.54,4.31
Chennai,2024,11,17,4.5106,26.65,83.19,4.96
Chennai,2024,11,18,4.6531,26.46,81.52,5.11
Chennai,2024,11,19,4.6075,25.89,81.47,5.3
Chennai,2024,11,20,4.5998,25.33,80.88,4.58
Chennai,2024,11,21,4.6315,25.17,80.14,4.73
Chennai,2024,11,22,4.667,24.83,82.32,4.91
Chennai,2024,11,23,3.9847,25.76,85.16,4.64
Chennai,2024,11,24,3.972,25.78,83.61,4.88
Chennai,2024,11,25,2.7487,25.47,84.26,5.82
Chennai,2024,11,26,0.8484,26.02,91.71,6.3
Chennai,2024,11,27,2.1175,25.47,86.7,8.31
Chennai,2024,11,28,1.8048,24.85,90.87,8.62
Chennai,2024,11,29,1.4254,26.41,92.11,8.33
Chennai,2024,11,30,0.5986,26.57,93.29,13.02
Chennai,2024,12,1,2.4487,26.63,92.89,9.83
Chennai,2024,12,2,2.7871,26.87,90.96,6.94
Chennai,2024,12,3,4.391,26.69,87.36,3.94
Chennai,2024,12,4,4.0699,26.47,89.4,2.93
Chennai,2024,12,5,4.8686,26.63,86.05,2.16
Chennai,2024,12,6,5.0678,26.1,87.42,2.17
Chennai,2024,12,7,5.1588,26.4,82.96,2.45
Chennai,2024,12,8,4.717,26.13,82.18,2.47
Chennai,2024,12,9,4.3351,26.38,83.05,2.83
Chennai,2024,12,10,3.5899,26.37,83.97,4.9
Chennai,2024,12,11,1.6128,25.99,87.97,5.79
Chennai,2024,12,12,1.2809,26.07,90.69,5.6
Chennai,2024,12,13,3.5532,25.43,84.59,5.15
Chennai,2024,12,14,4.3793,24.6,82.29,5.05
Chennai,2024,12,15,4.4009,24.02,79.73,5.35
Chennai,2024,12,16,4.8398,23.5,80.4,5.37
Chennai,2024,12,17,1.8137,22.36,86.65,7.1
Chennai,2024,12,18,1.391,24.25,90.2,5.69
Chennai,2024,12,19,2.5253,25.7,90.44,4.62
Chennai,2024,12,20,2.2351,26.26,88.48,4.12
Chennai,2024,12,21,4.1638,26.19,89.27,4.3
Chennai,2024,12,22,4.5161,25.17,88.55,4.76
Chennai,2024,12,23,4.5209,24.85,88.42,5.75
Chennai,2024,12,24,1.68,24.96,90.49,6.38
Chennai,2024,12,25,1.6241,25.17,89.41,4.67
Chennai,2024,12,26,3.7586,25.94,89.08,4.96
Chennai,2024,12,27,4.9354,25.67,84.66,5.32
Chennai,2024,12,28,4.9291,25.21,82.48,4.2
Chennai,2024,12,29,3.9643,25.14,85.57,5.29
Chennai,2024,12,30,4.3704,25.49,85.18,5.34
Chennai,2024,12,31,4.4388,25.13,83.91,4.97
Chennai,2025,1,1,4.4009,24.48,83.31,4.32
Chennai,2025,1,2,4.3718,24.06,82.63,4.01
Chennai,2025,1,3,4.7292,23.63,79.01,4.18
Chennai,2025,1,4,4.9505,23.48,77.78,3.36
Chennai,2025,1,5,4.5019,23.74,76.19,2.79
Chennai,2025,1,6,4.7702,24.22,71.06,2.67
Chennai,2025,1,7,4.9651,23.66,76.78,3.41
Chennai,2025,1,8,4.9032,23.06,76.7,4.11
Chennai,2025,1,9,4.2156,23.51,78.76,4.59
Chennai,2025,1,10,2.4866,24.06,82.27,5.18
Chennai,2025,1,11,4.175,24.16,80.1,5.0
Chennai,2025,1,12,2.1905,24.71,85.27,5.0
Chennai,2025,1,13,2.3232,25.21,87.43,5.4
Chennai,2025,1,14,5.0347,24.6,82.34,4.99
Chennai,2025,1,15,4.548,24.69,80.15,5.49
Chennai,2025,1,16,4.1642,24.39,79.37,4.81
Chennai,2025,1,17,4.0922,23.77,80.39,5.03
Chennai,2025,1,18,2.9419,24.12,83.58,5.83
Chennai,2025,1,19,3.9511,24.59,87.98,5.88
Chennai,2025,1,20,4.7942,23.63,82.93,4.44
Chennai,2025,1,21,5.112,23.35,81.76,3.71
Chennai,2025,1,22,4.7136,24.12,81.12,3.83
Chennai,2025,1,23,5.4192,23.91,78.92,3.24
Chennai,2025,1,24,5.1756,23.29,79.83,3.37
Chennai,2025,1,25,5.5567,22.94,79.53,3.9
Chennai,2025,1,26,5.4276,23.26,81.58,3.28
Chennai,2025,1,27,5.2538,23.78,78.0,2.83
Chennai,2025,1,28,5.2541,23.85,75.23,2.56
Chennai,2025,1,29,5.6153,23.36,77.17,3.84
Chennai,2025,1,30,5.6318,23.99,81.55,2.78
Chennai,2025,1,31,5.6916,25.19,85.87,2.56
Chennai,2025,2,1,5.8394,25.22,81.17,2.41
Chennai,2025,2,2,6.2172,24.56,77.3,1.88
Chennai,2025,2,3,6.223,24.12,72.48,1.55
Chennai,2025,2,4,5.7024,24.82,66.46,1.69
Chennai,2025,2,5,5.3861,25.27,68.85,2.09
Chennai,2025,2,6,5.413,25.14,78.54,2.26
Chennai,2025,2,7,5.3047,24.88,76.16,1.88
Chennai,2025,2,8,4.9771,24.93,77.13,2.22
Chennai,2025,2,9,4.9327,24.97,80.02,2.67
Chennai,2025,2,10,5.2862,25.01,78.3,2.89
Chennai,2025,2,11,6.269,24.45,74.09,1.97
Chennai,2025,2,12,6.4217,24.47,73.4,1.79
Chennai,2025,2,13,6.1742,24.19,72.31,2.0
Chennai,2025,2,14,6.132,24.12,74.71,2.25
Chennai,2025,2,15,5.8238,24.57,76.41,2.51
Chennai,2025,2,16,5.8994,25.13,76.24,2.51
Chennai,2025,2,17,5.5159,25.52,77.4,2.6
Chennai,2025,2,18,5.3134,25.2,76.6,2.32
Chennai,2025,2,19,5.8392,25.32,75.61,2.58
Chennai,2025,2,20,5.9465,25.53,76.83,2.78
Chennai,2025,2,21,5.6669,25.9,76.47,2.6
Chennai,2025,2,22,5.7334,26.4,72.18,2.31
Chennai,2025,2,23,6.0907,26.22,70.42,2.71
Chennai,2025,2,24,5.881,26.29,73.72,3.41
Chennai,2025,2,25,5.701,26.53,75.32,4.74
Chennai,2025,2,26,5.7127,26.63,74.61,5.32
Chennai,2025,2,27,6.1152,26.25,72.07,4.74
Chennai,2025,2,28,5.7835,26.3,71.62,4.29
Chennai,2025,3,1,6.1298,27.19,75.13,3.91
Chennai,2025,3,2,6.3228,27.15,75.12,2.44
Chennai,2025,3,3,6.5846,27.41,70.23,2.41
Chennai,2025,3,4,5.8272,27.25,69.77,2.9
Chennai,2025,3,5,5.6071,27.57,65.97,2.51
Chennai,2025,3,6,6.2143,27.61,64.66,3.48
Chennai,2025,3,7,6.787,26.27,64.28,2.65
Chennai,2025,3,8,6.498,26.24,69.98,2.97
Chennai,2025,3,9,6.3979,26.26,70.88,3.3
Chennai,2025,3,10,6.6739,27.18,71.13,4.18
Chennai,2025,3,11,4.5631,27.26,80.24,4.86
Chennai,2025,3,12,6.2167,28.2,78.25,2.82
Chennai,2025,3,13,6.7841,28.51,71.74,2.25
Chennai,2025,3,14,6.7589,27.85,74.28,3.35
Chennai,2025,3,15,7.2502,27.73,72.15,3.4
Chennai,2025,3,16,7.2763,28.22,72.86,2.57
Chennai,2025,3,17,7.021,28.36,76.39,3.11
Chennai,2025,3,18,6.8635,28.32,77.5,3.41
Chennai,2025,3,19,7.0541,28.47,75.0,4.09
Chennai,2025,3,20,7.1431,28.77,70.4,3.86
Chennai,2025,3,21,6.9233,28.85,71.53,3.86
Chennai,2025,3,22,6.0422,28.98,74.4,4.09
Chennai,2025,3,23,6.1949,29.2,71.74,3.81
Chennai,2025,3,24,6.2352,29.0,67.7,3.07
Chennai,2025,3,25,6.5518,28.84,65.61,2.61
Chennai,2025,3,26,6.7094,29.08,65.6,3.36
Chennai,2025,3,27,6.732,29.74,60.12,2.98
Chennai,2025,3,28,6.2705,29.82,61.56,3.88
Chennai,2025,3,29,6.4663,29.61,61.22,3.75
Chennai,2025,3,30,6.077,28.82,66.86,4.11
Chennai,2025,3,31,6.2194,28.65,67.54,3.98
Chennai,2025,4,1,6.547,27.75,66.18,3.43
Chennai,2025,4,2,6.6972,29.07,65.6,3.65
Chennai,2025,4,3,4.6078,29.33,67.5,3.65
Chennai,2025,4,4,6.4306,29.5,62.76,3.38
Chennai,2025,4,5,6.5522,29.77,66.74,2.88
Chennai,2025,4,6,5.7672,30.37,64.81,3.1
Chennai,2025,4,7,6.4673,29.96,67.5,2.97
Chennai,2025,4,8,6.6917,29.82,67.23,3.12
Chennai,2025,4,9,6.762,29.92,68.98,4.08
Chennai,2025,4,10,6.5674,31.1,62.73,2.91
Chennai,2025,4,11,5.9143,31.72,63.85,3.74
Chennai,2025,4,12,6.0929,32.04,59.71,3.8
Chennai,2025,4,13,6.0509,31.72,61.11,3.03
Chennai,2025,4,14,6.3562,30.94,62.42,3.12
Chennai,2025,4,15,6.2405,30.04,67.09,3.92
Chennai,2025,4,16,4.0642,29.82,70.27,3.95
Chennai,2025,4,17,6.3538,29.97,70.63,3.82
Chennai,2025,4,18,6.3182,30.46,70.69,4.42
Chennai,2025,4,19,6.1841,30.85,71.11,3.83
Chennai,2025,4,20,6.2892,30.83,72.42,4.16
Chennai,2025,4,21,6.3494,29.78,75.62,2.95
Chennai,2025,4,22,6.4637,30.65,67.73,3.75
Chennai,2025,4,23,6.9274,30.66,65.8,4.08
Chennai,2025,4,24,6.9598,30.14,70.33,3.84
Chennai,2025,4,25,6.8688,30.84,70.33,4.22
Chennai,2025,4,26,6.7279,30.63,70.76,4.62
Chennai,2025,4,27,7.1357,30.39,71.0,4.07
Chennai,2025,4,28,6.4452,30.57,66.59,3.72
Chennai,2025,4,29,6.8974,31.2,63.72,3.45
Chennai,2025,4,30,6.6482,31.33,65.41,4.1
Chennai,2025,5,1,6.4171,31.77,64.5,4.52
Chennai,2025,5,2,6.449,31.55,65.66,4.46
Chennai,2025,5,3,5.9945,31.55,65.08,4.38
Chennai,2025,5,4,5.4002,31.12,66.83,4.37
Chennai,2025,5,5,5.3304,29.86,73.2,3.67
Chennai,2025,5,6,6.3386,29.83,75.56,4.02
Chennai,2025,5,7,6.271,29.7,74.4,3.04
Chennai,2025,5,8,6.3223,30.18,71.49,3.5
Chennai,2025,5,9,6.6115,29.94,72.56,2.21
Chennai,2025,5,10,6.5808,30.55,70.2,3.33
Chennai,2025,5,11,6.396,30.16,72.71,3.11
Chennai,2025,5,12,6.497,31.39,66.17,2.8
Chennai,2025,5,13,6.1704,31.78,63.41,3.3
Chennai,2025,5,14,6.4882,31.35,66.91,2.31
Chennai,2025,5,15,6.0324,32.0,67.21,2.46
Chennai,2025,5,16,4.741,30.27,61.58,2.54
Chennai,2025,5,17,2.7012,30.96,59.45,3.07
Chennai,2025,5,18,3.69,30.09,72.24,2.64
Chennai,2025,5,19,4.1568,30.07,73.72,2.48
Chennai,2025,5,20,4.8665,29.27,78.6,3.36
Chennai,2025,5,21,4.1959,30.16,73.33,3.27
Chennai,2025,5,22,5.4173,30.68,67.37,3.78
Chennai,2025,5,23,6.5316,31.0,67.84,4.45
Chennai,2025,5,24,5.0254,30.96,69.27,5.78
Chennai,2025,5,25,4.0346,30.16,72.13,6.15
Chennai,2025,5,26,3.325,29.89,67.9,7.15
Chennai,2025,5,27,3.288,30.83,62.07,6.23
Chennai,2025,5,28,3.7615,30.66,63.14,5.99
Chennai,2025,5,29,4.7518,30.54,65.21,5.47
Chennai,2025,5,30,2.4226,29.59,69.36,4.88
Chennai,2025,5,31,4.6121,29.68,62.37,4.36
Chennai,2025,6,1,6.3612,30.9,59.46,4.34
Chennai,2025,6,2,6.3655,31.43,60.29,4.01
Chennai,2025,6,3,6.299,31.52,60.9,4.22
Chennai,2025,6,4,6.5892,30.88,61.03,3.52
Chennai,2025,6,5,6.5105,31.08,64.34,3.36
Chennai,2025,6,6,6.4982,30.97,64.91,3.54
Chennai,2025,6,7,6.2666,31.24,68.52,3.16
Chennai,2025,6,8,5.3839,31.21,68.14,3.51
Chennai,2025,6,9,5.6688,30.33,71.65,3.74
Chennai,2025,6,10,5.0794,29.9,73.29,4.01
Chennai,2025,6,11,3.2866,29.47,77.09,3.38
Chennai,2025,6,12,4.4304,29.64,73.62,4.21
Chennai,2025,6,13,6.1968,29.97,73.21,5.74
Chennai,2025,6,14,6.199,28.62,78.38,5.07
Chennai,2025,6,15,5.2582,29.5,68.32,6.48
Chennai,2025,6,16,4.217,29.66,63.83,6.79
Chennai,2025,6,17,5.2747,30.19,61.49,5.46
Chennai,2025,6,18,5.4598,30.44,64.59,4.67
Chennai,2025,6,19,4.9819,30.95,65.1,4.41
Chennai,2025,6,20,6.3535,30.9,66.07,4.42
Chennai,2025,6,21,4.817,30.82,66.11,3.76
Chennai,2025,6,22,2.5354,30.67,65.81,3.93
Chennai,2025,6,23,3.2818,30.7,61.7,5.36
Chennai,2025,6,24,3.8748,30.26,55.23,6.45
Chennai,2025,6,25,3.2669,29.39,62.47,5.03
Chennai,2025,6,26,4.1947,30.36,64.32,4.55
Chennai,2025,6,27,5.8332,30.17,63.92,4.43
Chennai,2025,6,28,5.5166,30.08,66.73,3.76
Chennai,2025,6,29,5.4756,31.2,62.96,4.11
Chennai,2025,6,30,3.6554,30.53,62.4,3.89
Chennai,2025,7,1,3.7435,30.11,64.28,3.59
Chennai,2025,7,2,3.6857,30.37,62.62,3.96
Chennai,2025,7,3,3.8861,29.83,63.71,4.67
Chennai,2025,7,4,5.2313,31.08,57.66,4.93
Chennai,2025,7,5,5.1929,31.62,56.62,4.67
Chennai,2025,7,6,5.2411,31.43,57.79,5.34
Chennai,2025,7,7,5.0909,31.57,57.02,5.37
Chennai,2025,7,8,5.5954,31.78,59.73,4.61
Chennai,2025,7,9,5.8692,31.12,63.85,3.08
Chennai,2025,7,10,5.8054,31.34,62.9,3.37
Chennai,2025,7,11,5.9748,31.3,62.46,3.59
Chennai,2025,7,12,6.0833,30.7,66.26,3.81
Chennai,2025,7,13,5.6422,30.67,63.87,4.27
Chennai,2025,7,14,5.7199,30.03,68.19,4.36
Chennai,2025,7,15,6.0422,30.13,67.46,4.54
Chennai,2025,7,16,6.4894,30.09,69.47,3.9
Chennai,2025,7,17,6.2213,29.77,72.96,3.78
Chennai,2025,7,18,3.8501,28.52,77.94,2.95
Chennai,2025,7,19,4.6966,29.28,72.88,2.39
Chennai,2025,7,20,3.2681,29.17,70.4,4.37
Chennai,2025,7,21,2.7106,27.8,70.93,6.08
Chennai,2025,7,22,3.06,29.07,62.24,5.68
Chennai,2025,7,23,2.4907,28.55,69.52,4.39
Chennai,2025,7,24,3.493,29.08,70.59,4.31
Chennai,2025,7,25,2.5308,29.18,66.97,5.19
Chennai,2025,7,26,4.1786,28.97,67.05,5.86
Chennai,2025,7,27,5.1286,29.67,64.46,5.31
Chennai,2025,7,28,5.7595,30.21,61.67,5.18
Chennai,2025,7,29,5.7588,30.58,61.03,4.86
Chennai,2025,7,30,6.0665,30.68,62.34,3.62
Chennai,2025,7,31,4.554,30.27,65.8,3.09
Chennai,2025,8,1,5.8682,30.61,67.01,3.24
Chennai,2025,8,2,5.3914,29.62,72.46,3.24
Chennai,2025,8,3,5.039,29.15,75.7,3.16
Chennai,2025,8,4,5.443,28.92,76.78,2.58
Chennai,2025,8,5,5.2205,28.77,76.26,2.9
Chennai,2025,8,6,6.5604,29.23,76.68,1.82
Chennai,2025,8,7,6.5563,29.3,75.25,3.4
Chennai,2025,8,8,4.8792,27.79,84.46,1.61
Chennai,2025,8,9,3.4615,28.43,75.56,3.67
Chennai,2025,8,10,3.9564,27.31,82.9,4.13
Chennai,2025,8,11,4.7141,27.05,81.25,3.76
Chennai,2025,8,12,1.8854,27.7,75.63,4.09
Chennai,2025,8,13,1.7028,27.85,71.61,4.09
Chennai,2025,8,14,4.7784,28.66,73.63,3.68
Chennai,2025,8,15,5.292,28.48,73.35,4.24
Chennai,2025,8,16,2.9251,27.97,75.82,4.41
Chennai,2025,8,17,1.8744,27.01,83.03,4.34
Chennai,2025,8,18,3.6286,27.91,77.24,5.31
Chennai,2025,8,19,3.6679,28.49,71.99,5.3
Chennai,2025,8,20,6.289,28.7,69.85,3.86
Chennai,2025,8,21,6.4222,28.97,73.15,2.69
Chennai,2025,8,22,5.6393,27.99,80.44,3.29
Chennai,2025,8,23,3.1068,26.76,85.26,3.48
Chennai,2025,8,24,6.5902,28.77,75.33,2.91
Chennai,2025,8,25,4.8701,28.7,73.42,2.88
Chennai,2025,8,26,5.6582,28.88,73.59,2.87
Chennai,2025,8,27,3.4378,28.31,77.58,3.22
Chennai,2025,8,28,4.9282,28.59,77.68,3.67
Chennai,2025,8,29,5.0237,28.89,74.17,3.81
Chennai,2025,8,30,6.0794,29.37,73.78,3.04
Chennai,2025,8,31,3.8306,29.12,75.18,2.9
Chennai,2025,9,1,3.3242,28.44,77.94,3.73
Chennai,2025,9,2,3.9958,28.55,76.56,3.4
Chennai,2025,9,3,4.9054,28.86,76.6,4.09
Chennai,2025,9,4,5.6551,28.81,76.85,4.01
Chennai,2025,9,5,6.0314,28.98,75.57,2.75
Chennai,2025,9,6,6.3612,29.35,75.0,2.71
Chennai,2025,9,7,5.783,29.14,76.44,2.9
Chennai,2025,9,8,6.3485,29.01,75.91,2.91
Chennai,2025,9,9,5.9678,28.91,76.44,2.95
Chennai,2025,9,10,5.5325,28.77,79.14,3.51
Chennai,2025,9,11,4.0692,27.8,81.77,2.66
Chennai,2025,9,12,3.299,28.26,78.02,2.17
Chennai,2025,9,13,1.3109,27.78,82.38,2.17
Chennai,2025,9,14,5.1533,28.24,79.39,3.38
Chennai,2025,9,15,5.7734,28.43,79.06,3.35
Chennai,2025,9,16,5.0359,28.66,80.27,2.76
Chennai,2025,9,17,6.1054,27.65,85.2,3.49
Chennai,2025,9,18,6.2162,27.18,86.08,2.32
Chennai,2025,9,19,3.9564,27.27,84.36,2.95
Chennai,2025,9,20,2.9018,28.19,79.98,3.42
Chennai,2025,9,21,3.2393,27.89,80.96,2.18
Chennai,2025,9,22,3.4752,28.36,80.22,2.77
Chennai,2025,9,23,4.063,28.0,79.78,3.42
Chennai,2025,9,24,4.8996,27.84,76.68,4.16
Chennai,2025,9,25,5.9621,28.44,76.85,3.9
Chennai,2025,9,26,4.1947,28.13,78.72,4.37
Chennai,2025,9,27,4.6937,27.69,76.8,4.8
Chennai,2025,9,28,5.6976,28.06,79.27,4.16
Chennai,2025,9,29,3.2275,28.73,75.92,3.17
Chennai,2025,9,30,4.0634,28.48,72.8,3.06
Chennai,2025,10,1,2.7065,28.57,74.45,3.33
Chennai,2025,10,2,3.7373,28.64,76.65,3.05
Chennai,2025,10,3,4.776,28.16,78.8,2.36
Chennai,2025,10,4,5.125,28.23,77.69,2.48
Chennai,2025,10,5,5.8212,28.24,78.79,3.02
Chennai,2025,10,6,6.0118,28.18,78.76,2.26
Chennai,2025,10,7,5.939,28.65,74.91,1.53
Chennai,2025,10,8,5.879,28.03,80.7,2.83
Chennai,2025,10,9,5.5819,27.61,82.53,2.64
Chennai,2025,10,10,5.8015,27.22,80.24,1.8
Chennai,2025,10,11,5.651,27.74,78.52,2.34
Chennai,2025,10,12,5.3203,27.78,81.11,2.12
Chennai,2025,10,13,5.4144,27.68,80.11,2.37
Chennai,2025,10,14,5.8159,27.63,81.23,2.71
Chennai,2025,10,15,2.4314,27.48,83.57,3.83
Chennai,2025,10,16,5.3791,27.46,86.73,3.34
Chennai,2025,10,17,3.4908,27.18,87.12,3.47
Chennai,2025,10,18,2.6935,26.75,86.6,2.0
Chennai,2025,10,19,2.3436,26.65,86.09,2.5
Chennai,2025,10,20,2.9726,26.53,88.73,3.26
Chennai,2025,10,21,1.4839,27.01,87.08,4.98
Chennai,2025,10,22,3.4174,26.73,90.14,3.96
Chennai,2025,10,23,4.8372,26.94,88.5,2.26
Chennai,2025,10,24,1.9159,26.32,87.32,1.41
Chennai,2025,10,25,4.2449,26.27,86.75,2.35
Chennai,2025,10,26,3.7318,26.38,87.4,2.42
Chennai,2025,10,27,0.8911,25.93,87.71,5.1
Chennai,2025,10,28,0.2719,25.79,85.41,5.84
Chennai,2025,10,29,4.9529,26.66,84.37,4.75
Chennai,2025,10,30,6.0941,27.39,81.01,2.6
Chennai,2025,10,31,5.5339,27.86,81.1,2.24
Chennai,2025,11,1,5.5872,27.86,82.24,2.38
Chennai,2025,11,2,4.999,27.66,81.91,2.74
Chennai,2025,11,3,5.3978,27.92,79.96,2.49
Chennai,2025,11,4,4.0786,27.1,82.39,3.06
Chennai,2025,11,5,4.5643,27.3,81.73,2.07
Chennai,2025,11,6,4.1338,27.21,81.81,1.98
Chennai,2025,11,7,4.9649,27.12,79.57,3.04
Chennai,2025,11,8,3.8734,26.19,76.93,4.1
Chennai,2025,11,9,3.9581,25.22,80.07,4.34
Chennai,2025,11,10,3.215,25.99,80.46,4.2
Chennai,2025,11,11,3.3046,26.21,82.85,4.15
Chennai,2025,11,12,4.9214,26.72,81.94,4.22
Chennai,2025,11,13,3.4519,26.6,82.63,4.54
Chennai,2025,11,14,5.2181,25.16,74.82,5.15
Chennai,2025,11,15,3.222,25.35,78.07,4.77
Chennai,2025,11,16,3.09,25.39,84.68,6.09
Chennai,2025,11,17,1.2804,24.4,87.62,6.87
Chennai,2025,11,18,3.2666,25.27,88.16,4.14
Chennai,2025,11,19,5.2733,25.66,80.32,4.95
Chennai,2025,11,20,4.1734,25.15,84.71,5.46
Chennai,2025,11,21,4.7426,26.53,87.17,4.02
Chennai,2025,11,22,4.5626,26.72,86.99,4.73
Chennai,2025,11,23,4.5763,26.55,86.86,4.69
Chennai,2025,11,24,3.2786,25.92,84.46,5.06
Chennai,2025,11,25,4.231,25.25,80.07,4.96
Chennai,2025,11,26,3.9218,25.01,79.42,5.14
Chennai,2025,11,27,4.0802,25.29,75.94,5.92
Chennai,2025,11,28,4.3502,24.85,78.44,6.32
Chennai,2025,11,29,2.3105,25.08,86.83,7.18
Chennai,2025,11,30,2.249,25.24,91.14,9.59
Chennai,2025,12,1,0.8506,25.29,90.03,9.21
Chennai,2025,12,2,1.1052,25.51,91.62,7.76
Chennai,2025,12,3,0.8777,25.91,90.53,4.6
Chennai,2025,12,4,2.279,25.86,87.82,4.46
Chennai,2025,12,5,3.2554,25.55,86.28,5.59
Chennai,2025,12,6,4.1148,25.3,84.64,5.07
Chennai,2025,12,7,3.8186,24.55,83.54,4.69
Chennai,2025,12,8,4.3618,24.09,82.71,5.32
Chennai,2025,12,9,4.2626,24.33,84.61,5.59
Chennai,2025,12,10,3.9113,24.06,79.54,5.34
Chennai,2025,12,11,4.7417,24.42,78.99,5.29
Chennai,2025,12,12,5.0158,23.73,76.75,4.78
Chennai,2025,12,13,5.1262,22.57,75.02,4.26
Chennai,2025,12,14,4.9356,22.78,74.27,4.19
Chennai,2025,12,15,5.0489,23.34,77.67,4.56
Chennai,2025,12,16,3.2726,24.93,87.34,5.55
Chennai,2025,12,17,5.1634,24.36,83.73,5.54
Chennai,2025,12,18,4.2115,23.22,80.39,4.52
Chennai,2025,12,19,4.3771,22.93,75.22,3.5
Chennai,2025,12,20,3.6442,22.72,74.68,2.94
Chennai,2025,12,21,4.1093,23.17,77.23,3.48
Chennai,2025,12,22,4.519,23.58,76.88,3.88
Chennai,2025,12,23,4.6776,23.41,75.26,3.53
Chennai,2025,12,24,4.566,23.32,71.04,3.59
Chennai,2025,12,25,3.5386,23.38,79.71,4.17
Chennai,2025,12,26,4.6044,23.7,73.93,4.14
Chennai,2025,12,27,4.5718,23.83,72.36,3.65
Chennai,2025,12,28,4.4784,23.68,72.97,3.71
Chennai,2025,12,29,4.2778,23.45,78.82,4.4
Chennai,2025,12,30,4.0517,23.7,85.17,3.7
Chennai,2025,12,31,3.2417,24.67,86.75,3.79
Delhi,2018,1,1,2.7655,12.07,34.58,2.41
Delhi,2018,1,2,2.0239,10.98,38.48,2.58
Delhi,2018,1,3,2.2222,11.02,39.62,3.02
Delhi,2018,1,4,2.4686,12.51,33.59,2.09
Delhi,2018,1,5,2.4643,13.02,30.96,1.95
Delhi,2018,1,6,2.6338,11.71,40.49,3.15
Delhi,2018,1,7,3.4834,11.65,41.2,3.81
Delhi,2018,1,8,3.7154,11.97,38.28,3.07
Delhi,2018,1,9,3.2537,11.94,38.1,3.42
Delhi,2018,1,10,3.755,12.56,32.67,4.23
Delhi,2018,1,11,3.9818,13.25,29.87,4.14
Delhi,2018,1,12,3.4795,15.13,28.98,3.35
Delhi,2018,1,13,3.7097,14.88,32.37,2.88
Delhi,2018,1,14,4.0217,14.12,31.34,2.86
Delhi,2018,1,15,4.097,13.23,31.28,4.02
Delhi,2018,1,16,4.2168,14.54,24.56,3.18
Delhi,2018,1,17,3.3209,15.02,27.04,2.11
Delhi,2018,1,18,3.6612,16.6,26.77,2.53
Delhi,2018,1,19,3.7267,15.33,33.84,3.34
Delhi,2018,1,20,4.0394,13.98,26.3,3.8
Delhi,2018,1,21,4.2367,14.24,24.45,2.39
Delhi,2018,1,22,3.9038,15.6,21.64,1.7
Delhi,2018,1,23,1.1729,12.97,41.81,3.03
Delhi,2018,1,24,3.0173,12.18,70.48,2.63
Delhi,2018,1,25,3.241,12.37,60.18,3.76
Delhi,2018,1,26,3.21,12.95,42.25,2.98
Delhi,2018,1,27,3.3626,12.25,37.45,2.9
Delhi,2018,1,28,3.5227,13.32,31.78,3.03
Delhi,2018,1,29,4.0678,14.39,30.36,3.85
Delhi,2018,1,30,4.3776,17.75,26.93,5.02
Delhi,2018,1,31,3.7853,17.86,29.82,5.55
Delhi,2018,2,1,4.3138,18.92,32.69,3.6
Delhi,2018,2,2,4.2924,18.51,37.02,3.22
Delhi,2018,2,3,4.2715,17.51,28.47,2.85
Delhi,2018,2,4,4.7582,15.27,23.35,3.64
Delhi,2018,2,5,3.0254,15.94,15.58,2.81
Delhi,2018,2,6,2.5493,16.92,14.95,3.3
Delhi,2018,2,7,4.8312,15.37,15.84,4.15
Delhi,2018,2,8,4.3284,15.69,14.3,2.99
Delhi,2018,2,9,4.7599,15.44,17.23,3.28
Delhi,2018,2,10,4.3361,17.38,17.2,2.23
Delhi,2018,2,11,3.3662,19.17,19.29,3.58
Delhi,2018,2,12,2.1338,16.99,61.11,4.26
Delhi,2018,2,13,4.0435,16.7,61.56,2.48
Delhi,2018,2,14,4.9546,15.98,41.62,4.57
Delhi,2018,2,15,4.7318,17.39,44.8,4.62
Delhi,2018,2,16,4.3757,18.72,43.27,3.68
Delhi,2018,2,17,4.3267,19.84,34.18,4.11
Delhi,2018,2,18,4.7484,18.94,23.4,3.5
Delhi,2018,2,19,4.8684,19.66,19.23,2.68
Delhi,2018,2,20,4.9951,21.17,27.18,2.54
Delhi,2018,2,21,4.8007,23.15,27.47,2.61
Delhi,2018,2,22,4.4988,23.03,30.98,2.89
Delhi,2018,2,23,4.3442,24.59,23.58,1.7
Delhi,2018,2,24,4.1102,24.96,23.92,2.4
Delhi,2018,2,25,4.7623,23.86,29.62,3.24
Delhi,2018,2,26,5.4763,21.07,34.58,4.73
Delhi,2018,2,27,4.9639,23.31,37.43,3.7
Delhi,2018,2,28,4.4772,23.09,32.45,2.77
Delhi,2018,3,1,4.2946,23.92,27.39,3.18
Delhi,2018,3,2,5.3522,24.99,30.03,3.11
Delhi,2018,3,3,4.7501,25.05,30.14,2.92
Delhi,2018,3,4,4.3577,24.22,39.67,3.67
Delhi,2018,3,5,5.8066,21.66,34.39,3.4
Delhi,2018,3,6,5.8238,21.34,28.9,4.28
Delhi,2018,3,7,6.0444,22.04,26.07,3.88
Delhi,2018,3,8,5.8961,23.93,22.7,2.21
Delhi,2018,3,9,5.6796,24.56,23.63,3.06
Delhi,2018,3,10,5.7876,24.36,25.3,4.11
Delhi,2018,3,11,5.9122,24.4,28.41,3.84
Delhi,2018,3,12,5.9246,25.38,26.39,3.77
Delhi,2018,3,13,6.0701,27.11,19.11,2.7
Delhi,2018,3,14,5.1406,27.27,16.57,2.92
Delhi,2018,3,15,4.9562,25.5,20.77,3.77
Delhi,2018,3,16,5.0095,25.09,23.87,3.11
Delhi,2018,3,17,6.4783,23.13,20.86,4.36
Delhi,2018,3,18,6.42,24.24,15.55,4.18
Delhi,2018,3,19,5.4086,25.99,17.47,3.1
Delhi,2018,3,20,5.2574,27.99,20.98,2.5
Delhi,2018,3,21,5.3957,27.86,26.6,3.21
Delhi,2018,3,22,5.5166,25.76,35.58,2.93
Delhi,2018,3,23,6.2069,24.56,30.57,3.36
Delhi,2018,3,24,6.4058,25.28,25.77,3.68
Delhi,2018,3,25,6.5215,26.24,22.24,4.23
Delhi,2018,3,26,6.378,26.3,15.95,4.37
Delhi,2018,3,27,6.4466,27.67,12.78,3.42
Delhi,2018,3,28,6.6211,29.76,9.59,2.89
Delhi,2018,3,29,6.6696,28.06,14.36,4.42
Delhi,2018,3,30,7.0706,28.17,12.72,4.06
Delhi,2018,3,31,6.3854,28.24,11.26,2.91
Delhi,2018,4,1,6.3919,27.83,21.41,3.05
Delhi,2018,4,2,6.1193,29.12,26.81,2.31
Delhi,2018,4,3,5.6971,30.07,26.52,2.37
Delhi,2018,4,4,6.1745,31.96,23.78,2.32
Delhi,2018,4,5,5.7437,32.08,23.3,1.8
Delhi,2018,4,6,4.476,31.79,26.93,2.32
Delhi,2018,4,7,5.8649,30.1,33.95,1.98
Delhi,2018,4,8,6.1111,29.74,38.13,3.16
Delhi,2018,4,9,3.6631,29.02,44.64,2.01
Delhi,2018,4,10,5.779,29.1,43.68,1.5
Delhi,2018,4,11,4.9219,29.74,38.74,1.73
Delhi,2018,4,12,6.4044,28.01,42.36,2.2
Delhi,2018,4,13,7.3123,27.41,27.31,3.59
Delhi,2018,4,14,6.8976,28.78,25.29,3.72
Delhi,2018,4,15,6.383,31.13,26.41,2.6
Delhi,2018,4,16,4.8953,32.55,25.03,2.35
Delhi,2018,4,17,6.4411,32.78,24.26,2.52
Delhi,2018,4,18,7.1412,32.32,24.04,5.69
Delhi,2018,4,19,6.6766,32.49,21.16,3.85
Delhi,2018,4,20,5.7204,32.8,17.83,5.64
Delhi,2018,4,21,6.6775,28.49,15.34,4.07
Delhi,2018,4,22,7.6481,28.34,18.21,5.28
Delhi,2018,4,23,7.4854,29.03,16.13,4.82
Delhi,2018,4,24,7.4246,31.23,12.46,4.16
Delhi,2018,4,25,7.3968,33.39,11.03,3.34
Delhi,2018,4,26,6.9554,34.94,10.14,2.04
Delhi,2018,4,27,6.3422,33.36,16.51,2.83
Delhi,2018,4,28,6.3295,34.82,20.6,2.64
Delhi,2018,4,29,6.2165,34.98,20.63,2.99
Delhi,2018,4,30,6.8076,35.34,19.13,2.46
Delhi,2018,5,1,6.7781,34.5,23.39,3.16
Delhi,2018,5,2,5.694,32.92,30.27,2.86
Delhi,2018,5,3,5.6134,32.51,38.08,3.74
Delhi,2018,5,4,6.4526,32.62,38.9,3.17
Delhi,2018,5,5,6.72,34.05,28.73,1.59
Delhi,2018,5,6,6.0626,34.8,22.1,1.9
Delhi,2018,5,7,6.8906,34.03,21.37,3.48
Delhi,2018,5,8,6.1265,31.16,28.65,3.6
Delhi,2018,5,9,5.4744,31.74,30.04,2.86
Delhi,2018,5,10,6.9528,32.91,26.2,2.72
Delhi,2018,5,11,7.02,35.48,19.93,2.8
Delhi,2018,5,12,6.3924,37.2,18.09,1.31
Delhi,2018,5,13,6.1248,36.08,21.22,1.81
Delhi,2018,5,14,5.8186,33.58,26.32,1.97
Delhi,2018,5,15,5.2142,34.8,21.54,1.83
Delhi,2018,5,16,6.3919,35.63,22.56,3.45
Delhi,2018,5,17,5.8685,35.95,18.47,3.71
Delhi,2018,5,18,6.3137,36.0,18.46,3.09
Delhi,2018,5,19,5.6251,36.14,21.52,1.59
Delhi,2018,5,20,6.5064,36.41,18.41,4.06
Delhi,2018,5,21,7.2497,36.6,13.52,4.58
Delhi,2018,5,22,7.0949,37.47,13.5,3.31
Delhi,2018,5,23,6.786,37.97,14.37,2.04
Delhi,2018,5,24,6.187,37.66,10.03,3.85
Delhi,2018,5,25,7.4184,36.67,8.74,3.03
Delhi,2018,5,26,7.6747,37.01,8.72,3.11
Delhi,2018,5,27,7.145,37.71,7.26,2.71
Delhi,2018,5,28,6.6991,37.03,10.22,2.45
Delhi,2018,5,29,6.9571,38.17,11.06,2.11
Delhi,2018,5,30,5.6868,35.83,21.08,3.48
Delhi,2018,5,31,6.4918,37.57,24.3,2.37
Delhi,2018,6,1,6.7819,38.2,20.45,3.25
Delhi,2018,6,2,5.8236,34.29,42.16,3.23
Delhi,2018,6,3,6.666,35.1,34.38,2.84
Delhi,2018,6,4,6.5897,36.65,32.14,3.79
Delhi,2018,6,5,6.019,37.67,33.7,4.16
Delhi,2018,6,6,4.1597,36.0,43.12,2.76
Delhi,2018,6,7,6.2702,36.18,43.66,2.17
Delhi,2018,6,8,5.6966,37.75,33.4,3.25
Delhi,2018,6,9,4.9332,36.33,45.19,2.8
Delhi,2018,6,10,5.9609,34.67,51.0,2.24
Delhi,2018,6,11,6.4543,36.28,38.88,4.42
Delhi,2018,6,12,6.2282,38.06,29.76,4.57
Delhi,2018,6,13,5.9333,38.44,27.13,7.32
Delhi,2018,6,14,5.5606,37.39,29.15,6.54
Delhi,2018,6,15,5.9033,36.77,31.15,5.04
Delhi,2018,6,16,5.6834,37.21,31.85,5.28
Delhi,2018,6,17,5.8452,35.73,38.29,3.68
Delhi,2018,6,18,5.7634,35.7,36.37,3.99
Delhi,2018,6,19,7.0234,35.72,34.97,3.75
Delhi,2018,6,20,6.5066,37.48,32.43,2.47
Delhi,2018,6,21,6.3679,38.42,30.44,2.58
Delhi,2018,6,22,7.0303,39.3,24.76,2.05
Delhi,2018,6,23,5.8565,39.85,21.58,3.21
Delhi,2018,6,24,6.0922,38.92,21.85,4.06
Delhi,2018,6,25,6.4217,38.84,26.32,3.82
Delhi,2018,6,26,2.1574,33.08,49.33,3.71
Delhi,2018,6,27,5.1511,33.59,54.61,2.56
Delhi,2018,6,28,5.6242,31.18,69.14,4.94
Delhi,2018,6,29,5.1499,33.15,53.1,5.46
Delhi,2018,6,30,6.049,33.07,55.85,1.45
Delhi,2018,7,1,5.454,34.34,52.51,4.29
Delhi,2018,7,2,4.8115,33.32,60.93,4.63
Delhi,2018,7,3,5.4382,32.95,58.13,2.27
Delhi,2018,7,4,5.9954,33.33,57.09,3.62
Delhi,2018,7,5,5.5882,34.01,51.54,2.28
Delhi,2018,7,6,6.3883,34.28,45.3,3.3
Delhi,2018,7,7,6.1596,34.8,42.84,2.93
Delhi,2018,7,8,6.5078,35.74,40.44,2.44
Delhi,2018,7,9,5.6638,36.15,44.55,2.53
Delhi,2018,7,10,5.7173,35.57,50.38,2.59
Delhi,2018,7,11,3.6557,34.25,54.46,3.14
Delhi,2018,7,12,4.6075,32.79,63.21,2.74
Delhi,2018,7,13,3.486,31.31,67.65,1.56
Delhi,2018,7,14,3.4248,29.53,79.91,1.4
Delhi,2018,7,15,4.7352,30.72,72.25,2.61
Delhi,2018,7,16,3.9725,31.4,71.79,2.6
Delhi,2018,7,17,5.4559,32.81,62.42,2.58
Delhi,2018,7,18,6.0895,33.44,56.77,2.58
Delhi,2018,7,19,5.9645,32.74,63.88,1.71
Delhi,2018,7,20,2.8205,31.07,72.44,1.52
Delhi,2018,7,21,3.6396,30.25,78.28,1.76
Delhi,2018,7,22,3.5736,28.86,85.72,2.67
Delhi,2018,7,23,5.0155,30.26,76.17,2.34
Delhi,2018,7,24,5.207,30.91,74.34,1.96
Delhi,2018,7,25,1.9598,30.22,81.61,1.7
Delhi,2018,7,26,1.3346,27.81,91.77,2.16
Delhi,2018,7,27,1.4698,28.14,88.84,2.43
Delhi,2018,7,28,3.5861,28.37,86.04,3.13
Delhi,2018,7,29,5.1463,28.94,81.7,3.37
Delhi,2018,7,30,4.1858,28.8,83.22,3.56
Delhi,2018,7,31,3.6511,29.01,79.13,3.13
Delhi,2018,8,1,6.0674,28.89,79.63,3.48
Delhi,2018,8,2,5.3542,28.78,78.87,4.1
Delhi,2018,8,3,4.6702,28.56,77.04,3.88
Delhi,2018,8,4,4.35,27.65,80.67,3.04
Delhi,2018,8,5,2.1295,27.05,86.37,2.83
Delhi,2018,8,6,2.5025,27.41,81.1,1.36
Delhi,2018,8,7,3.9245,27.82,82.05,1.95
Delhi,2018,8,8,5.1482,27.95,85.04,2.54
Delhi,2018,8,9,6.2354,29.61,79.12,2.03
Delhi,2018,8,10,5.4989,30.45,76.0,1.16
Delhi,2018,8,11,5.0112,29.32,82.82,2.72
Delhi,2018,8,12,3.2045,29.18,77.69,2.97
Delhi,2018,8,13,4.8161,28.68,79.7,1.81
Delhi,2018,8,14,4.8554,29.49,78.22,1.3
Delhi,2018,8,15,3.8554,29.96,79.11,1.2
Delhi,2018,8,16,5.2162,29.45,79.3,1.1
Delhi,2018,8,17,5.9923,29.01,84.46,2.57
Delhi,2018,8,18,5.2104,29.83,80.79,1.42
Delhi,2018,8,19,2.9549,29.76,81.11,1.48
Delhi,2018,8,20,4.1201,29.34,81.08,1.17
Delhi,2018,8,21,5.7108,28.92,86.0,2.37
Delhi,2018,8,22,4.1446,28.75,85.54,1.7
Delhi,2018,8,23,3.7769,28.65,84.02,2.33
Delhi,2018,8,24,3.0701,28.62,83.39,2.96
Delhi,2018,8,25,4.0469,28.76,81.22,3.4
Delhi,2018,8,26,5.2819,28.48,79.95,2.34
Delhi,2018,8,27,3.192,28.48,84.28,1.49
Delhi,2018,8,28,3.8059,28.42,88.73,1.39
Delhi,2018,8,29,3.4476,28.5,86.57,2.33
Delhi,2018,8,30,4.5077,28.87,82.88,1.93
Delhi,2018,8,31,4.3723,27.99,82.69,2.75
Delhi,2018,9,1,2.7166,26.07,90.88,2.74
Delhi,2018,9,2,2.6254,26.76,87.91,2.34
Delhi,2018,9,3,2.0705,27.17,88.04,1.21
Delhi,2018,9,4,3.0418,27.48,84.44,1.83
Delhi,2018,9,5,2.7811,27.59,83.14,2.18
Delhi,2018,9,6,4.9762,28.45,76.57,1.7
Delhi,2018,9,7,3.9588,27.69,87.12,2.14
Delhi,2018,9,8,3.4291,27.03,88.32,3.95
Delhi,2018,9,9,4.9872,26.85,88.51,4.02
Delhi,2018,9,10,4.5394,27.44,87.68,2.37
Delhi,2018,9,11,4.7851,27.58,83.87,2.61
Delhi,2018,9,12,5.5265,27.4,83.25,4.05
Delhi,2018,9,13,5.9218,26.7,82.34,3.48
Delhi,2018,9,14,5.916,26.45,78.48,2.81
Delhi,2018,9,15,5.8838,26.69,73.9,2.63
Delhi,2018,9,16,6.029,26.35,74.46,3.14
Delhi,2018,9,17,5.561,27.26,73.52,2.55
Delhi,2018,9,18,5.9472,26.8,71.24,2.75
Delhi,2018,9,19,5.9688,26.79,69.42,2.36
Delhi,2018,9,20,5.8534,26.69,73.02,1.74
Delhi,2018,9,21,4.6834,26.75,86.06,3.25
Delhi,2018,9,22,1.8053,25.09,92.38,5.03
Delhi,2018,9,23,2.5625,25.89,89.22,7.1
Delhi,2018,9,24,1.5749,25.58,93.07,5.03
Delhi,2018,9,25,3.1426,25.3,87.08,4.25
Delhi,2018,9,26,5.8087,25.17,82.49,3.08
Delhi,2018,9,27,5.6438,25.73,71.87,1.85
Delhi,2018,9,28,5.8224,26.53,64.59,1.67
Delhi,2018,9,29,5.9453,26.41,62.89,1.98
Delhi,2018,9,30,5.6894,24.99,72.25,3.09
Delhi,2018,10,1,5.6892,25.47,71.79,2.58
Delhi,2018,10,2,5.7473,25.98,66.32,1.94
Delhi,2018,10,3,5.5865,26.91,62.26,1.18
Delhi,2018,10,4,5.196,25.59,72.14,2.08
Delhi,2018,10,5,5.4178,25.27,65.06,1.77
Delhi,2018,10,6,5.3455,24.96,65.98,1.98
Delhi,2018,10,7,5.2726,25.06,63.46,1.7
Delhi,2018,10,8,5.3412,25.15,63.8,1.41
Delhi,2018,10,9,5.2394,25.22,71.53,2.21
Delhi,2018,10,10,4.9714,24.68,82.15,3.37
Delhi,2018,10,11,3.9926,24.55,83.14,2.99
Delhi,2018,10,12,4.7021,24.05,76.15,1.68
Delhi,2018,10,13,4.9572,21.83,69.32,2.58
Delhi,2018,10,14,5.1353,22.01,62.57,3.0
Delhi,2018,10,15,5.0621,22.86,60.42,1.93
Delhi,2018,10,16,4.1246,23.57,66.55,1.97
Delhi,2018,10,17,5.0916,25.26,62.21,1.94
Delhi,2018,10,18,4.5108,24.37,72.01,2.68
Delhi,2018,10,19,4.8137,23.06,64.3,1.92
Delhi,2018,10,20,4.6265,22.7,61.79,2.42
Delhi,2018,10,21,4.1345,22.22,61.48,2.37
Delhi,2018,10,22,4.7938,21.63,54.81,2.8
Delhi,2018,10,23,4.8888,21.81,52.95,2.46
Delhi,2018,10,24,4.6565,22.1,54.06,1.82
Delhi,2018,10,25,4.5437,22.11,54.37,1.81
Delhi,2018,10,26,3.8597,22.26,55.71,1.93
Delhi,2018,10,27,4.079,22.27,56.28,1.9
Delhi,2018,10,28,4.3579,22.1,56.61,2.2
Delhi,2018,10,29,4.4851,22.79,56.09,1.64
Delhi,2018,10,30,4.1467,22.67,58.43,1.42
Delhi,2018,10,31,3.7118,22.59,56.2,1.84
Delhi,2018,11,1,3.4258,23.04,51.24,1.14
Delhi,2018,11,2,3.5957,22.14,60.04,2.25
Delhi,2018,11,3,3.4668,21.93,69.97,3.37
Delhi,2018,11,4,3.9115,21.49,74.3,2.6
Delhi,2018,11,5,3.5184,17.93,54.47,3.22
Delhi,2018,11,6,4.0829,17.41,53.79,4.12
Delhi,2018,11,7,4.3625,17.77,40.93,2.54
Delhi,2018,11,8,3.7018,20.07,41.04,1.12
Delhi,2018,11,9,3.4001,20.14,48.79,1.2
Delhi,2018,11,10,3.1327,19.92,46.03,1.17
Delhi,2018,11,11,3.3869,20.09,47.79,1.69
Delhi,2018,11,12,3.8993,21.76,41.26,1.16
Delhi,2018,11,13,2.9868,21.11,48.26,1.59
Delhi,2018,11,14,2.9054,21.06,57.15,1.59
Delhi,2018,11,15,3.4558,20.15,61.17,2.48
Delhi,2018,11,16,3.8933,17.97,56.62,4.67
Delhi,2018,11,17,3.6334,18.37,47.22,3.47
Delhi,2018,11,18,3.5945,20.17,40.54,1.56
Delhi,2018,11,19,2.7406,19.37,59.43,2.62
Delhi,2018,11,20,3.5921,19.8,56.58,2.22
Delhi,2018,11,21,3.5201,18.78,48.62,3.42
Delhi,2018,11,22,3.2762,18.7,42.4,2.0
Delhi,2018,11,23,3.4798,18.01,48.79,4.18
Delhi,2018,11,24,4.0922,17.51,46.74,4.48
Delhi,2018,11,25,3.8081,18.12,45.3,3.0
Delhi,2018,11,26,3.5491,18.79,44.18,2.32
Delhi,2018,11,27,3.193,19.9,47.28,1.29
Delhi,2018,11,28,2.6791,19.08,60.52,1.45
Delhi,2018,11,29,2.8409,17.91,58.66,3.0
Delhi,2018,11,30,3.1793,17.34,53.42,3.36
Delhi,2018,12,1,3.6497,17.64,44.77,2.95
Delhi,2018,12,2,3.4435,18.33,39.66,1.26
Delhi,2018,12,3,3.3792,17.2,44.82,2.12
Delhi,2018,12,4,3.0372,16.93,46.94,2.22
Delhi,2018,12,5,3.108,16.49,47.68,2.36
Delhi,2018,12,6,3.2045,16.28,48.47,2.07
Delhi,2018,12,7,3.1956,15.0,54.81,3.16
Delhi,2018,12,8,3.269,15.3,50.43,2.22
Delhi,2018,12,9,2.9906,15.9,47.19,2.0
Delhi,2018,12,10,2.7905,16.21,47.56,1.67
Delhi,2018,12,11,2.4456,16.92,46.23,1.25
Delhi,2018,12,12,1.9277,14.62,61.42,2.84
Delhi,2018,12,13,2.4319,13.77,73.37,2.27
Delhi,2018,12,14,3.3684,13.16,64.66,3.17
Delhi,2018,12,15,3.6422,13.19,60.84,3.43
Delhi,2018,12,16,3.5882,12.63,51.88,2.93
Delhi,2018,12,17,2.9227,12.72,47.56,3.04
Delhi,2018,12,18,3.811,12.5,42.54,3.78
Delhi,2018,12,19,3.5945,12.23,41.17,3.17
Delhi,2018,12,20,3.6835,12.43,40.86,2.56
Delhi,2018,12,21,3.4399,10.83,42.64,3.13
Delhi,2018,12,22,3.1382,11.73,37.69,1.82
Delhi,2018,12,23,2.7926,12.9,40.78,1.44
Delhi,2018,12,24,3.1411,11.56,45.35,3.02
Delhi,2018,12,25,3.132,10.45,44.3,4.06
Delhi,2018,12,26,3.239,10.59,42.47,3.23
Delhi,2018,12,27,3.4212,11.28,39.72,2.6
Delhi,2018,12,28,3.6192,8.75,44.67,4.04
Delhi,2018,12,29,3.7322,9.96,41.05,3.2
Delhi,2018,12,30,3.2642,12.04,38.34,2.04
Delhi,2018,12,31,3.4406,11.25,44.03,3.54
Delhi,2019,1,1,3.4099,11.56,43.05,2.55
Delhi,2019,1,2,3.2508,13.93,41.76,1.76
Delhi,2019,1,3,2.9621,11.75,52.09,3.59
Delhi,2019,1,4,2.243,11.43,55.33,2.35
Delhi,2019,1,5,3.0211,12.79,52.08,2.93
Delhi,2019,1,6,1.8187,12.34,63.8,2.83
Delhi,2019,1,7,2.8879,12.43,67.93,3.44
Delhi,2019,1,8,3.2846,12.23,60.67,3.57
Delhi,2019,1,9,3.7186,12.44,49.31,4.33
Delhi,2019,1,10,3.5518,13.08,44.41,2.82
Delhi,2019,1,11,3.1142,14.44,36.52,1.05
Delhi,2019,1,12,2.8282,15.27,36.57,1.08
Delhi,2019,1,13,2.43,13.77,57.53,3.01
Delhi,2019,1,14,4.1518,11.85,42.14,5.39
Delhi,2019,1,15,3.1219,11.0,34.47,4.19
Delhi,2019,1,16,3.1865,13.61,31.15,1.33
Delhi,2019,1,17,3.5448,12.18,36.62,2.88
Delhi,2019,1,18,3.601,12.39,45.86,3.05
Delhi,2019,1,19,3.5491,14.79,41.06,2.65
Delhi,2019,1,20,3.5597,18.05,35.15,1.74
Delhi,2019,1,21,1.7162,16.12,51.0,4.63
Delhi,2019,1,22,1.9442,13.94,77.31,3.72
Delhi,2019,1,23,2.8366,14.31,68.17,2.91
Delhi,2019,1,24,2.5656,14.36,63.81,3.1
Delhi,2019,1,25,3.2316,11.3,64.11,3.66
Delhi,2019,1,26,4.2499,10.02,56.6,3.27
Delhi,2019,1,27,3.0922,9.42,52.8,3.94
Delhi,2019,1,28,4.2828,9.55,47.06,4.32
Delhi,2019,1,29,4.6366,10.37,42.77,4.08
Delhi,2019,1,30,3.5342,11.29,42.05,2.72
Delhi,2019,1,31,2.7542,13.3,42.03,3.57
Delhi,2019,2,1,3.0744,13.51,51.54,2.49
Delhi,2019,2,2,2.2798,12.07,56.52,3.21
Delhi,2019,2,3,2.4509,12.78,56.4,2.86
Delhi,2019,2,4,3.3535,13.98,48.33,2.56
Delhi,2019,2,5,2.7223,16.96,49.18,2.3
Delhi,2019,2,6,3.0703,17.5,71.34,3.58
Delhi,2019,2,7,1.4297,16.32,75.74,5.01
Delhi,2019,2,8,4.6522,12.79,56.55,3.3
Delhi,2019,2,9,4.7534,11.93,49.2,4.2
Delhi,2019,2,10,3.7337,12.85,44.8,2.51
Delhi,2019,2,11,3.7774,14.17,46.28,1.92
Delhi,2019,2,12,3.7738,15.61,42.6,1.63
Delhi,2019,2,13,3.3389,16.68,41.56,1.58
Delhi,2019,2,14,2.0618,17.04,56.1,4.21
Delhi,2019,2,15,2.8032,15.98,77.94,2.12
Delhi,2019,2,16,2.4331,15.24,72.56,2.36
Delhi,2019,2,17,4.2331,14.73,55.01,3.65
Delhi,2019,2,18,3.287,17.07,44.98,2.69
Delhi,2019,2,19,3.7637,18.26,51.55,2.28
Delhi,2019,2,20,1.5782,18.0,59.04,3.17
Delhi,2019,2,21,3.9389,20.54,50.58,3.47
Delhi,2019,2,22,4.2648,18.46,58.68,4.2
Delhi,2019,2,23,5.4046,14.79,48.33,4.71
Delhi,2019,2,24,5.003,16.13,40.92,3.22
Delhi,2019,2,25,4.5749,16.82,42.04,2.28
Delhi,2019,2,26,2.6923,16.36,51.12,2.66
Delhi,2019,2,27,3.7476,13.76,62.49,3.04
Delhi,2019,2,28,5.5517,14.0,49.59,3.43
Delhi,2019,3,1,5.3959,15.54,39.93,2.88
Delhi,2019,3,2,1.6985,16.57,52.56,2.69
Delhi,2019,3,3,3.5995,17.16,65.43,2.87
Delhi,2019,3,4,4.1443,17.75,62.05,2.72
Delhi,2019,3,5,5.4017,17.12,51.86,3.66
Delhi,2019,3,6,6.0482,16.6,44.5,3.69
Delhi,2019,3,7,5.6054,18.11,38.22,2.79
Delhi,2019,3,8,5.0974,19.64,41.94,2.46
Delhi,2019,3,9,5.3602,19.57,44.42,3.75
Delhi,2019,3,10,6.0761,19.31,42.91,2.72
Delhi,2019,3,11,5.0366,21.09,41.6,4.34
Delhi,2019,3,12,4.4234,20.25,49.53,3.75
Delhi,2019,3,13,2.5519,18.75,42.05,3.02
Delhi,2019,3,14,3.6178,19.6,44.28,3.4
Delhi,2019,3,15,6.0247,19.24,46.77,3.43
Delhi,2019,3,16,5.7161,19.56,42.35,3.2
Delhi,2019,3,17,5.9011,20.47,36.75,2.89
Delhi,2019,3,18,6.0526,20.84,37.72,2.79
Delhi,2019,3,19,6.282,22.27,39.14,3.56
Delhi,2019,3,20,5.6522,24.06,37.13,3.69
Delhi,2019,3,21,5.8133,23.62,42.59,2.21
Delhi,2019,3,22,6.5722,22.79,31.29,4.85
Delhi,2019,3,23,6.3929,22.53,34.86,5.22
Delhi,2019,3,24,6.3245,24.56,41.03,4.37
Delhi,2019,3,25,5.387,23.89,42.13,3.4
Delhi,2019,3,26,6.7886,23.4,35.68,4.21
Delhi,2019,3,27,5.5862,24.01,32.52,3.59
Delhi,2019,3,28,6.0778,27.03,30.98,2.78
Delhi,2019,3,29,6.2868,28.79,34.06,2.39
Delhi,2019,3,30,6.2316,29.59,34.57,1.8
Delhi,2019,3,31,6.5172,27.13,26.72,4.53
Delhi,2019,4,1,7.1906,25.45,24.6,4.44
Delhi,2019,4,2,6.972,27.42,21.75,2.49
Delhi,2019,4,3,6.9434,28.54,22.53,2.64
Delhi,2019,4,4,6.7104,29.88,25.93,2.35
Delhi,2019,4,5,6.5124,31.11,26.92,2.23
Delhi,2019,4,6,6.4805,32.15,28.1,2.52
Delhi,2019,4,7,5.5438,30.87,26.69,2.63
Delhi,2019,4,8,6.2904,29.78,27.78,2.31
Delhi,2019,4,9,6.6334,29.81,26.97,2.41
Delhi,2019,4,10,6.4891,31.7,23.45,2.36
Delhi,2019,4,11,6.4289,32.1,26.95,3.27
Delhi,2019,4,12,5.7641,32.13,24.25,3.55
Delhi,2019,4,13,6.775,32.12,29.12,3.96
Delhi,2019,4,14,6.9122,32.44,27.56,4.48
Delhi,2019,4,15,6.5676,33.51,27.35,5.09
Delhi,2019,4,16,2.8476,28.37,43.59,3.98
Delhi,2019,4,17,4.5242,23.42,67.98,3.82
Delhi,2019,4,18,6.2914,24.64,57.4,2.1
Delhi,2019,4,19,6.8244,26.47,41.33,2.82
Delhi,2019,4,20,6.8086,27.59,37.53,2.6
Delhi,2019,4,21,7.0963,29.92,33.14,3.21
Delhi,2019,4,22,7.1942,31.49,30.88,2.81
Delhi,2019,4,23,7.0913,32.75,31.42,2.89
Delhi,2019,4,24,6.7416,33.42,29.27,1.98
Delhi,2019,4,25,6.2719,34.19,24.03,2.91
Delhi,2019,4,26,6.877,33.65,24.76,4.16
Delhi,2019,4,27,7.3661,34.06,19.99,6.24
Delhi,2019,4,28,7.4227,33.99,17.23,5.77
Delhi,2019,4,29,7.3063,34.29,16.07,3.76
Delhi,2019,4,30,7.2473,34.17,15.18,3.75
Delhi,2019,5,1,7.1347,34.45,14.16,2.5
Delhi,2019,5,2,6.3806,34.25,17.22,3.35
Delhi,2019,5,3,6.5381,33.09,21.77,2.61
Delhi,2019,5,4,7.2718,32.0,17.48,4.08
Delhi,2019,5,5,7.9493,32.1,14.15,4.72
Delhi,2019,5,6,7.8862,33.04,12.43,4.68
Delhi,2019,5,7,7.0834,34.07,11.85,4.44
Delhi,2019,5,8,7.14,35.14,14.89,4.95
Delhi,2019,5,9,6.9362,35.84,19.03,5.89
Delhi,2019,5,10,7.2154,35.79,20.52,4.93
Delhi,2019,5,11,6.8501,34.99,24.91,3.6
Delhi,2019,5,12,5.7703,34.17,25.47,4.09
Delhi,2019,5,13,5.9758,34.63,22.78,2.19
Delhi,2019,5,14,6.6466,32.9,31.73,3.38
Delhi,2019,5,15,4.9987,34.09,26.85,1.61
Delhi,2019,5,16,5.6316,33.74,29.3,2.71
Delhi,2019,5,17,6.3955,32.41,36.95,3.87
Delhi,2019,5,18,7.0632,29.45,48.9,3.31
Delhi,2019,5,19,7.5341,31.63,34.46,4.37
Delhi,2019,5,20,7.2931,33.54,26.76,3.95
Delhi,2019,5,21,6.5366,34.03,25.5,4.68
Delhi,2019,5,22,5.0724,35.04,24.45,3.29
Delhi,2019,5,23,6.2707,34.97,28.24,2.5
Delhi,2019,5,24,6.257,33.88,35.38,3.51
Delhi,2019,5,25,7.7743,33.24,30.61,5.97
Delhi,2019,5,26,7.8768,33.8,24.94,4.62
Delhi,2019,5,27,7.6817,35.11,19.9,4.92
Delhi,2019,5,28,7.8034,35.58,15.52,4.91
Delhi,2019,5,29,7.9387,37.31,16.29,4.4
Delhi,2019,5,30,7.6176,38.43,13.91,3.77
Delhi,2019,5,31,7.3258,38.75,13.57,3.99
Delhi,2019,6,1,7.2233,39.91,16.3,2.61
Delhi,2019,6,2,7.219,39.71,14.69,2.96
Delhi,2019,6,3,6.8083,38.47,15.99,2.77
Delhi,2019,6,4,6.8153,38.0,21.46,2.58
Delhi,2019,6,5,6.7327,39.36,17.07,2.14
Delhi,2019,6,6,6.563,38.97,19.26,2.84
Delhi,2019,6,7,7.1239,36.58,20.59,3.0
Delhi,2019,6,8,7.5206,38.2,14.85,2.58
Delhi,2019,6,9,7.5286,38.91,14.93,4.25
Delhi,2019,6,10,7.1206,39.61,12.97,3.41
Delhi,2019,6,11,6.3156,40.02,14.56,3.53
Delhi,2019,6,12,6.7154,40.26,18.0,3.55
Delhi,2019,6,13,6.7968,38.1,27.02,2.84
Delhi,2019,6,14,7.5691,38.13,18.63,4.84
Delhi,2019,6,15,6.8273,38.25,23.14,6.52
Delhi,2019,6,16,4.1294,37.03,34.06,6.84
Delhi,2019,6,17,3.0197,35.17,41.94,5.28
Delhi,2019,6,18,5.0458,34.1,45.49,2.92
Delhi,2019,6,19,6.4572,34.08,38.25,2.31
Delhi,2019,6,20,7.1174,34.34,38.35,2.06
Delhi,2019,6,21,5.969,36.39,25.91,2.07
Delhi,2019,6,22,6.858,37.3,24.37,2.26
Delhi,2019,6,23,6.9667,36.64,36.75,3.85
Delhi,2019,6,24,5.274,34.34,52.85,4.0
Delhi,2019,6,25,5.6026,36.23,44.27,2.01
Delhi,2019,6,26,6.3629,38.05,33.18,3.67
Delhi,2019,6,27,6.2647,37.89,29.21,4.49
Delhi,2019,6,28,6.1176,38.04,32.23,4.37
Delhi,2019,6,29,6.6156,38.83,28.29,4.27
Delhi,2019,6,30,6.1133,39.38,26.85,2.8
Delhi,2019,7,1,6.6281,39.06,26.11,2.13
Delhi,2019,7,2,5.6174,39.01,25.65,2.69
Delhi,2019,7,3,5.9726,37.36,38.51,3.51
Delhi,2019,7,4,3.4128,37.28,37.41,1.97
Delhi,2019,7,5,2.8879,35.48,47.34,1.93
Delhi,2019,7,6,5.521,35.07,50.95,2.77
Delhi,2019,7,7,5.171,34.15,53.41,1.7
Delhi,2019,7,8,5.1902,36.36,47.71,1.97
Delhi,2019,7,9,3.5815,33.61,58.86,3.43
Delhi,2019,7,10,5.0198,34.48,53.56,4.3
Delhi,2019,7,11,4.8074,34.81,50.41,5.39
Delhi,2019,7,12,4.8703,35.32,44.7,5.76
Delhi,2019,7,13,5.3458,35.46,42.1,5.8
Delhi,2019,7,14,5.5327,35.24,42.39,3.54
Delhi,2019,7,15,3.7536,33.1,61.06,2.34
Delhi,2019,7,16,4.1539,31.62,66.18,1.94
Delhi,2019,7,17,4.47,31.13,66.13,1.49
Delhi,2019,7,18,3.1032,30.42,69.9,0.76
Delhi,2019,7,19,6.2261,33.31,56.68,1.18
Delhi,2019,7,20,4.7222,33.41,56.69,1.84
Delhi,2019,7,21,4.8502,32.84,62.51,2.47
Delhi,2019,7,22,5.6057,33.64,60.18,2.02
Delhi,2019,7,23,5.7571,34.03,59.55,1.58
Delhi,2019,7,24,4.9745,34.55,60.0,3.45
Delhi,2019,7,25,2.2075,29.94,78.5,2.39
Delhi,2019,7,26,2.6726,29.71,76.08,2.01
Delhi,2019,7,27,3.053,28.89,80.19,4.48
Delhi,2019,7,28,4.8216,29.72,77.63,4.97
Delhi,2019,7,29,5.5056,31.02,72.45,4.79
Delhi,2019,7,30,4.6368,31.44,67.72,4.12
Delhi,2019,7,31,4.5646,30.84,68.89,2.43
Delhi,2019,8,1,5.1115,31.25,67.46,3.47
Delhi,2019,8,2,3.4858,29.95,78.99,2.98
Delhi,2019,8,3,3.5374,28.93,83.91,2.95
Delhi,2019,8,4,3.769,29.02,84.78,1.16
Delhi,2019,8,5,4.3032,31.69,72.67,1.41
Delhi,2019,8,6,1.2408,31.45,75.18,1.24
Delhi,2019,8,7,4.0603,29.93,79.99,1.59
Delhi,2019,8,8,6.0029,30.2,77.19,2.41
Delhi,2019,8,9,4.7455,29.8,77.29,6.07
Delhi,2019,8,10,4.5415,28.97,79.33,5.07
Delhi,2019,8,11,5.8642,30.36,75.5,2.34
Delhi,2019,8,12,4.4875,30.65,74.37,1.98
Delhi,2019,8,13,3.5009,31.79,72.15,1.82
Delhi,2019,8,14,5.1958,30.87,76.14,2.07
Delhi,2019,8,15,5.1449,29.31,82.43,4.03
Delhi,2019,8,16,4.2852,28.23,82.44,5.49
Delhi,2019,8,17,2.6755,28.22,86.93,5.32
Delhi,2019,8,18,2.8668,28.3,86.8,2.44
Delhi,2019,8,19,5.495,29.07,79.24,2.67
Delhi,2019,8,20,5.8116,28.76,78.17,3.25
Delhi,2019,8,21,6.0665,29.35,72.03,3.26
Delhi,2019,8,22,4.7434,29.36,69.42,2.32
Delhi,2019,8,23,5.6438,30.45,66.36,1.8
Delhi,2019,8,24,3.1027,31.47,63.56,1.79
Delhi,2019,8,25,3.2347,28.64,81.88,2.09
Delhi,2019,8,26,5.9215,29.58,75.02,2.42
Delhi,2019,8,27,5.8949,30.9,70.27,1.86
Delhi,2019,8,28,6.0936,31.27,70.53,2.65
Delhi,2019,8,29,5.4151,31.23,68.93,2.18
Delhi,2019,8,30,5.7331,30.69,72.79,1.5
Delhi,2019,8,31,5.4305,31.93,67.5,1.11
Delhi,2019,9,1,3.3125,29.96,80.35,2.45
Delhi,2019,9,2,5.3261,30.74,75.19,1.2
Delhi,2019,9,3,4.457,32.24,65.95,1.01
Delhi,2019,9,4,4.0718,30.69,75.42,2.41
Delhi,2019,9,5,4.4045,30.75,72.63,1.99
Delhi,2019,9,6,4.7249,30.97,72.01,1.17
Delhi,2019,9,7,3.7766,29.85,79.41,1.55
Delhi,2019,9,8,5.274,30.02,77.98,1.44
Delhi,2019,9,9,5.502,31.25,67.66,1.45
Delhi,2019,9,10,5.1271,30.75,63.04,2.18
Delhi,2019,9,11,5.3388,31.65,56.41,1.54
Delhi,2019,9,12,4.4227,31.97,56.26,1.81
Delhi,2019,9,13,5.0551,30.92,69.42,3.17
Delhi,2019,9,14,4.0248,30.74,69.45,2.93
Delhi,2019,9,15,3.6307,30.67,68.85,0.86
Delhi,2019,9,16,4.991,30.9,64.08,2.21
Delhi,2019,9,17,4.4539,30.93,62.71,2.04
Delhi,2019,9,18,5.3858,30.89,62.45,2.16
Delhi,2019,9,19,4.2989,28.77,69.72,3.24
Delhi,2019,9,20,4.7004,29.39,67.41,2.44
Delhi,2019,9,21,4.8463,29.76,67.61,1.58
Delhi,2019,9,22,2.7247,28.04,78.53,2.89
Delhi,2019,9,23,4.4532,27.68,71.21,2.25
Delhi,2019,9,24,4.0678,27.79,73.6,2.57
Delhi,2019,9,25,4.241,27.42,77.18,2.87
Delhi,2019,9,26,4.1194,26.89,79.1,3.84
Delhi,2019,9,27,3.623,26.89,79.57,3.81
Delhi,2019,9,28,3.4404,26.62,80.73,4.74
Delhi,2019,9,29,2.9911,26.73,75.99,3.66
Delhi,2019,9,30,3.5009,26.19,77.54,3.18
Delhi,2019,10,1,3.7114,27.15,71.75,1.84
Delhi,2019,10,2,4.8511,27.73,66.8,1.43
Delhi,2019,10,3,5.0525,27.1,66.03,1.87
Delhi,2019,10,4,4.9428,26.16,66.92,2.66
Delhi,2019,10,5,5.3213,25.91,62.72,3.37
Delhi,2019,10,6,5.227,25.77,61.28,2.94
Delhi,2019,10,7,4.2821,26.24,58.36,3.42
Delhi,2019,10,8,5.2685,25.98,53.89,2.75
Delhi,2019,10,9,5.3474,26.33,52.59,1.83
Delhi,2019,10,10,5.1269,26.1,53.16,2.15
Delhi,2019,10,11,4.9776,25.83,52.93,1.9
Delhi,2019,10,12,4.6824,26.02,57.01,2.27
Delhi,2019,10,13,4.5648,26.36,53.58,2.6
Delhi,2019,10,14,4.5715,26.71,53.91,2.31
Delhi,2019,10,15,4.2965,26.41,52.14,2.34
Delhi,2019,10,16,4.2079,26.11,51.65,2.1
Delhi,2019,10,17,4.2533,26.78,52.82,1.55
Delhi,2019,10,18,4.0798,27.14,57.76,2.03
Delhi,2019,10,19,3.5969,26.42,55.11,1.21
Delhi,2019,10,20,4.0673,24.84,47.41,3.09
Delhi,2019,10,21,4.597,23.85,48.9,3.81
Delhi,2019,10,22,4.3366,23.5,45.31,4.02
Delhi,2019,10,23,4.7086,24.15,41.77,2.81
Delhi,2019,10,24,4.362,23.58,48.19,2.46
Delhi,2019,10,25,4.1218,23.43,56.65,2.2
Delhi,2019,10,26,4.0246,23.73,57.77,1.79
Delhi,2019,10,27,3.666,23.99,48.49,2.32
Delhi,2019,10,28,3.0113,24.08,49.86,2.24
Delhi,2019,10,29,2.179,24.24,49.24,1.75
Delhi,2019,10,30,2.4811,25.07,42.23,1.82
Delhi,2019,10,31,3.6355,25.01,40.97,2.22
Delhi,2019,11,1,3.4274,24.36,46.12,2.04
Delhi,2019,11,2,2.7998,24.39,47.88,2.38
Delhi,2019,11,3,1.8091,23.63,52.37,2.99
Delhi,2019,11,4,3.0098,23.43,54.12,3.84
Delhi,2019,11,5,4.0262,22.74,50.83,3.85
Delhi,2019,11,6,3.5926,23.65,43.22,2.04
Delhi,2019,11,7,1.4424,22.39,59.85,2.51
Delhi,2019,11,8,3.4442,23.4,59.19,2.55
Delhi,2019,11,9,3.9118,22.78,49.6,3.56
Delhi,2019,11,10,3.4238,21.62,44.3,3.73
Delhi,2019,11,11,3.216,20.63,41.16,2.94
Delhi,2019,11,12,3.187,20.19,41.5,3.24
Delhi,2019,11,13,2.6162,21.01,43.81,2.36
Delhi,2019,11,14,1.7074,21.87,48.01,1.56
Delhi,2019,11,15,2.8063,20.57,52.96,1.92
Delhi,2019,11,16,3.1822,20.98,55.83,4.35
Delhi,2019,11,17,3.941,21.16,50.4,6.13
Delhi,2019,11,18,3.8765,19.46,52.27,3.85
Delhi,2019,11,19,3.7176,19.71,47.71,2.41
Delhi,2019,11,20,3.7123,20.23,41.92,1.35
Delhi,2019,11,21,2.9566,19.58,45.38,2.07
Delhi,2019,11,22,2.8558,19.96,47.93,2.27
Delhi,2019,11,23,2.4617,20.78,52.55,3.72
Delhi,2019,11,24,2.693,21.44,58.38,3.49
Delhi,2019,11,25,3.049,22.17,50.31,1.83
Delhi,2019,11,26,2.7852,21.61,54.3,2.19
Delhi,2019,11,27,2.4283,20.46,58.52,2.94
Delhi,2019,11,28,1.7966,19.89,79.52,4.45
Delhi,2019,11,29,2.7509,18.32,80.21,2.13
Delhi,2019,11,30,2.8296,16.88,64.27,2.92
Delhi,2019,12,1,2.9016,15.73,52.23,3.14
Delhi,2019,12,2,3.4769,15.02,46.21,3.48
Delhi,2019,12,3,3.8966,15.21,44.3,3.34
Delhi,2019,12,4,3.3168,15.45,38.96,2.37
Delhi,2019,12,5,2.7648,16.07,38.18,1.11
Delhi,2019,12,6,2.6335,16.89,40.5,1.05
Delhi,2019,12,7,2.7178,17.61,45.3,1.33
Delhi,2019,12,8,2.6292,17.15,49.85,1.55
Delhi,2019,12,9,2.4842,15.48,51.06,1.89
Delhi,2019,12,10,2.5133,15.88,44.54,1.96
Delhi,2019,12,11,2.047,16.45,43.17,1.37
Delhi,2019,12,12,1.3092,15.52,62.93,3.29
Delhi,2019,12,13,0.8659,15.18,87.83,3.04
Delhi,2019,12,14,1.9985,13.77,70.02,1.89
Delhi,2019,12,15,2.6009,13.01,58.09,2.76
Delhi,2019,12,16,0.8014,11.31,69.08,3.26
Delhi,2019,12,17,1.038,10.7,68.59,3.3
Delhi,2019,12,18,2.221,10.32,61.57,2.89
Delhi,2019,12,19,1.5792,11.15,53.53,1.89
Delhi,2019,12,20,1.8826,12.84,53.73,2.12
Delhi,2019,12,21,1.8437,14.46,61.31,2.83
Delhi,2019,12,22,2.033,12.17,61.69,3.61
Delhi,2019,12,23,2.069,11.95,52.72,2.82
Delhi,2019,12,24,2.1506,10.65,50.31,2.2
Delhi,2019,12,25,1.8991,9.79,53.33,3.34
Delhi,2019,12,26,2.2025,9.14,52.22,3.77
Delhi,2019,12,27,2.2205,7.52,60.38,2.53
Delhi,2019,12,28,1.6094,7.48,56.31,2.24
Delhi,2019,12,29,1.8977,8.9,49.97,1.63
Delhi,2019,12,30,0.6996,8.55,54.65,2.55
Delhi,2019,12,31,2.057,8.04,56.81,1.74
Delhi,2020,1,1,2.8546,10.65,48.65,2.49
Delhi,2020,1,2,3.0194,12.48,72.65,2.41
Delhi,2020,1,3,3.0859,14.64,74.02,2.01
Delhi,2020,1,4,2.5205,13.88,66.9,2.32
Delhi,2020,1,5,2.9916,12.81,54.56,2.84
Delhi,2020,1,6,1.5031,13.7,55.23,2.48
Delhi,2020,1,7,1.6507,14.59,75.14,2.98
Delhi,2020,1,8,0.6134,13.18,86.74,2.66
Delhi,2020,1,9,2.9129,9.67,67.72,3.98
Delhi,2020,1,10,3.786,8.99,55.02,3.44
Delhi,2020,1,11,3.7214,10.4,43.57,2.51
Delhi,2020,1,12,3.695,13.13,38.27,1.95
Delhi,2020,1,13,2.2711,14.82,57.85,3.5
Delhi,2020,1,14,2.2894,14.25,70.79,2.29
Delhi,2020,1,15,2.5512,13.32,67.25,2.22
Delhi,2020,1,16,1.2043,12.64,81.97,2.84
Delhi,2020,1,17,2.3383,12.85,76.27,2.69
Delhi,2020,1,18,1.6865,12.95,67.51,2.25
Delhi,2020,1,19,3.1397,11.06,66.46,3.22
Delhi,2020,1,20,2.2138,11.01,67.55,2.48
Delhi,2020,1,21,2.4365,13.13,50.6,2.04
Delhi,2020,1,22,2.647,12.91,51.7,3.23
Delhi,2020,1,23,4.1803,11.36,58.68,5.32
Delhi,2020,1,24,4.5626,11.46,48.89,4.73
Delhi,2020,1,25,3.8746,11.77,47.91,2.58
Delhi,2020,1,26,4.032,14.12,54.88,2.79
Delhi,2020,1,27,2.5303,15.98,58.08,2.54
Delhi,2020,1,28,2.387,14.23,74.55,2.86
Delhi,2020,1,29,3.6922,13.94,68.64,2.23
Delhi,2020,1,30,4.3414,12.01,61.52,3.91
Delhi,2020,1,31,4.1878,11.83,57.77,2.92
Delhi,2020,2,1,4.1652,12.39,53.14,2.29
Delhi,2020,2,2,4.1856,11.46,59.41,3.53
Delhi,2020,2,3,4.4395,12.08,55.59,2.46
Delhi,2020,2,4,3.895,12.61,49.46,2.18
Delhi,2020,2,5,3.8258,12.66,51.35,3.36
Delhi,2020,2,6,4.0495,12.14,53.86,2.44
Delhi,2020,2,7,4.0951,12.41,51.66,2.82
Delhi,2020,2,8,4.2907,11.94,56.28,3.35
Delhi,2020,2,9,4.2919,12.83,53.56,2.74
Delhi,2020,2,10,4.2086,13.52,48.55,2.6
Delhi,2020,2,11,4.1566,14.23,48.24,2.28
Delhi,2020,2,12,4.2893,15.65,49.44,3.78
Delhi,2020,2,13,4.7815,18.71,51.77,5.43
Delhi,2020,2,14,5.1288,17.74,47.16,6.13
Delhi,2020,2,15,5.4775,15.62,40.25,4.63
Delhi,2020,2,16,5.3304,16.12,38.31,3.54
Delhi,2020,2,17,5.1674,16.46,35.09,3.7
Delhi,2020,2,18,5.4437,16.31,35.2,3.7
Delhi,2020,2,19,4.1753,18.39,32.59,3.58
Delhi,2020,2,20,4.3613,19.08,41.89,5.64
Delhi,2020,2,21,1.7657,17.18,66.77,4.97
Delhi,2020,2,22,3.4634,17.31,69.15,2.49
Delhi,2020,2,23,3.5414,19.26,58.34,1.58
Delhi,2020,2,24,4.3944,18.91,57.48,3.06
Delhi,2020,2,25,4.439,18.45,54.38,2.84
Delhi,2020,2,26,4.6152,18.91,58.02,2.58
Delhi,2020,2,27,3.9708,18.11,62.36,2.65
Delhi,2020,2,28,3.9799,19.58,61.01,4.33
Delhi,2020,2,29,3.9017,19.94,66.2,3.93
Delhi,2020,3,1,4.9493,20.47,65.14,2.46
Delhi,2020,3,2,4.8799,20.93,53.4,2.0
Delhi,2020,3,3,4.8048,21.0,48.75,2.64
Delhi,2020,3,4,4.2782,21.23,52.15,2.55
Delhi,2020,3,5,4.188,20.19,71.64,3.69
Delhi,2020,3,6,3.3353,17.96,81.39,4.62
Delhi,2020,3,7,3.3718,18.0,66.53,2.16
Delhi,2020,3,8,5.6021,18.14,55.99,2.62
Delhi,2020,3,9,5.9021,17.52,55.0,4.62
Delhi,2020,3,10,5.1713,18.18,48.01,2.31
Delhi,2020,3,11,4.7047,19.97,63.72,3.54
Delhi,2020,3,12,5.2574,21.01,62.18,3.33
Delhi,2020,3,13,5.6726,20.02,43.93,2.23
Delhi,2020,3,14,3.7512,16.97,59.4,2.54
Delhi,2020,3,15,5.4192,17.73,54.72,1.7
Delhi,2020,3,16,4.7419,19.27,55.0,2.51
Delhi,2020,3,17,6.1486,20.39,51.54,3.52
Delhi,2020,3,18,5.9179,21.42,50.0,3.61
Delhi,2020,3,19,6.0355,22.65,53.47,2.63
Delhi,2020,3,20,5.101,23.72,50.62,1.58
Delhi,2020,3,21,5.1722,24.72,44.77,1.37
Delhi,2020,3,22,6.2294,24.18,45.67,2.76
Delhi,2020,3,23,5.7492,23.77,48.31,2.36
Delhi,2020,3,24,4.1554,24.48,48.4,2.25
Delhi,2020,3,25,5.9969,25.36,48.98,3.35
Delhi,2020,3,26,3.6838,24.0,54.76,3.9
Delhi,2020,3,27,3.2815,22.54,63.23,3.34
Delhi,2020,3,28,6.9158,22.74,55.7,3.58
Delhi,2020,3,29,6.7966,23.1,45.17,4.85
Delhi,2020,3,30,6.9031,22.86,46.48,4.4
Delhi,2020,3,31,5.9753,23.69,47.46,4.02
Delhi,2020,4,1,6.6914,25.71,49.42,2.78
Delhi,2020,4,2,6.7226,24.36,46.16,4.58
Delhi,2020,4,3,7.2497,23.15,40.75,4.52
Delhi,2020,4,4,7.2694,23.96,39.21,4.06
Delhi,2020,4,5,6.6307,25.81,39.12,2.61
Delhi,2020,4,6,7.0678,26.62,34.49,3.82
Delhi,2020,4,7,6.793,26.81,37.94,4.06
Delhi,2020,4,8,6.9754,25.96,40.49,3.88
Delhi,2020,4,9,6.7774,25.51,38.14,3.73
Delhi,2020,4,10,6.8366,27.89,35.3,3.28
Delhi,2020,4,11,6.8945,29.14,35.87,3.01
Delhi,2020,4,12,7.0392,28.96,36.52,4.24
Delhi,2020,4,13,6.7178,30.33,39.78,3.73
Delhi,2020,4,14,5.6674,32.34,36.41,1.48
Delhi,2020,4,15,6.1212,31.98,27.76,2.56
Delhi,2020,4,16,6.4978,30.81,31.38,3.91
Delhi,2020,4,17,6.2155,29.68,30.04,2.37
Delhi,2020,4,18,6.0187,29.8,32.88,3.09
Delhi,2020,4,19,6.6672,28.88,40.73,3.41
Delhi,2020,4,20,3.6631,24.65,48.49,3.62
Delhi,2020,4,21,6.5786,27.72,44.75,2.77
Delhi,2020,4,22,7.237,28.48,35.47,2.73
Delhi,2020,4,23,4.4556,28.45,36.28,3.29
Delhi,2020,4,24,7.2523,30.77,32.51,2.06
Delhi,2020,4,25,5.9035,31.94,29.52,1.45
Delhi,2020,4,26,4.0992,30.15,41.13,3.68
Delhi,2020,4,27,6.9706,28.01,51.82,4.51
Delhi,2020,4,28,6.2832,28.88,48.66,2.22
Delhi,2020,4,29,6.2532,30.99,40.89,1.43
Delhi,2020,4,30,6.4994,31.94,40.54,1.89
Delhi,2020,5,1,6.8923,32.37,39.08,3.01
Delhi,2020,5,2,7.111,32.65,38.61,3.54
Delhi,2020,5,3,4.1297,31.26,43.39,3.81
Delhi,2020,5,4,6.6034,30.68,48.83,2.11
Delhi,2020,5,5,7.0531,31.56,41.75,2.07
Delhi,2020,5,6,5.4365,31.67,35.47,2.3
Delhi,2020,5,7,7.621,30.16,45.41,3.09
Delhi,2020,5,8,7.565,32.75,33.04,2.27
Delhi,2020,5,9,7.2187,33.4,30.61,2.19
Delhi,2020,5,10,3.4289,30.98,44.02,2.97
Delhi,2020,5,11,6.0163,30.14,46.03,2.8
Delhi,2020,5,12,6.4188,31.41,37.9,1.86
Delhi,2020,5,13,3.9077,32.66,34.93,1.97
Delhi,2020,5,14,6.7615,33.67,35.71,1.81
Delhi,2020,5,15,7.0716,33.41,33.82,4.52
Delhi,2020,5,16,7.6356,33.13,28.31,5.39
Delhi,2020,5,17,6.6514,34.34,25.48,3.11
Delhi,2020,5,18,7.3142,34.03,22.57,3.65
Delhi,2020,5,19,7.5792,33.72,17.27,3.77
Delhi,2020,5,20,8.1835,33.12,18.47,4.24
Delhi,2020,5,21,7.9397,34.13,17.42,5.48
Delhi,2020,5,22,7.969,36.52,15.93,2.75
Delhi,2020,5,23,7.0056,38.66,15.66,2.88
Delhi,2020,5,24,7.579,38.32,15.52,4.47
Delhi,2020,5,25,7.9462,37.83,18.47,4.35
Delhi,2020,5,26,7.5576,38.37,15.49,4.81
Delhi,2020,5,27,7.0279,38.92,14.54,2.94
Delhi,2020,5,28,6.2282,36.75,26.53,6.44
Delhi,2020,5,29,5.8711,34.91,32.66,5.82
Delhi,2020,5,30,6.323,31.65,43.82,3.85
Delhi,2020,5,31,5.2262,29.66,55.57,1.81
Delhi,2020,6,1,6.9643,31.02,50.07,2.49
Delhi,2020,6,2,6.7135,31.92,45.23,2.06
Delhi,2020,6,3,6.8263,33.32,40.7,1.88
Delhi,2020,6,4,3.4286,31.8,47.52,3.15
Delhi,2020,6,5,5.9009,31.1,48.71,2.58
Delhi,2020,6,6,6.5506,31.45,46.92,2.31
Delhi,2020,6,7,6.1474,32.46,47.06,2.06
Delhi,2020,6,8,7.1201,33.31,42.82,2.22
Delhi,2020,6,9,7.0373,35.16,38.61,2.44
Delhi,2020,6,10,6.5405,36.36,36.95,2.2
Delhi,2020,6,11,6.5813,36.53,37.36,1.87
Delhi,2020,6,12,6.0494,37.27,35.85,1.81
Delhi,2020,6,13,4.121,36.62,35.26,2.4
Delhi,2020,6,14,5.9148,36.06,37.18,2.08
Delhi,2020,6,15,6.7939,36.41,33.6,1.95
Delhi,2020,6,16,6.7774,36.84,24.35,1.94
Delhi,2020,6,17,7.0289,36.2,28.93,2.58
Delhi,2020,6,18,7.0087,36.92,31.28,3.09
Delhi,2020,6,19,6.1882,37.8,31.93,2.88
Delhi,2020,6,20,4.7575,37.92,34.46,3.0
Delhi,2020,6,21,6.5707,35.59,42.69,2.26
Delhi,2020,6,22,6.6761,34.3,47.89,2.0
Delhi,2020,6,23,6.4502,34.31,49.71,4.67
Delhi,2020,6,24,4.1851,33.17,58.96,3.28
Delhi,2020,6,25,5.5042,34.7,54.81,2.0
Delhi,2020,6,26,5.1089,34.31,54.76,2.66
Delhi,2020,6,27,5.8546,37.26,39.75,4.96
Delhi,2020,6,28,6.3026,37.44,38.99,5.18
Delhi,2020,6,29,5.8298,37.66,36.9,3.91
Delhi,2020,6,30,5.6971,35.02,49.62,3.37
Delhi,2020,7,1,4.9416,36.08,44.8,2.11
Delhi,2020,7,2,5.5313,36.19,45.85,3.05
Delhi,2020,7,3,5.521,36.94,45.15,2.97
Delhi,2020,7,4,5.4691,37.1,44.15,3.66
Delhi,2020,7,5,5.3777,31.4,69.04,2.53
Delhi,2020,7,6,4.9409,33.47,53.64,2.13
Delhi,2020,7,7,4.4508,29.93,69.84,5.84
Delhi,2020,7,8,4.3927,31.14,67.13,3.52
Delhi,2020,7,9,5.9376,33.49,59.02,2.68
Delhi,2020,7,10,5.6885,35.76,48.42,5.21
Delhi,2020,7,11,5.4482,34.82,52.15,3.66
Delhi,2020,7,12,5.4482,33.47,57.19,1.88
Delhi,2020,7,13,6.7884,34.0,54.58,3.17
Delhi,2020,7,14,6.1937,35.47,45.06,2.14
Delhi,2020,7,15,5.0479,34.56,49.81,3.66
Delhi,2020,7,16,5.0532,33.74,54.73,4.35
Delhi,2020,7,17,4.7172,32.7,64.36,3.52
Delhi,2020,7,18,3.9355,33.22,64.27,1.81
Delhi,2020,7,19,3.8712,32.57,70.35,3.12
Delhi,2020,7,20,4.0524,33.67,61.08,3.6
Delhi,2020,7,21,3.9266,31.48,72.15,2.27
Delhi,2020,7,22,3.3202,28.55,82.11,1.89
Delhi,2020,7,23,6.6022,30.15,69.45,2.67
Delhi,2020,7,24,5.7374,30.61,66.57,3.2
Delhi,2020,7,25,4.8701,30.51,69.98,3.17
Delhi,2020,7,26,6.2767,30.7,70.96,1.87
Delhi,2020,7,27,6.1399,32.87,59.49,2.85
Delhi,2020,7,28,5.9549,33.66,61.7,2.87
Delhi,2020,7,29,4.447,32.25,67.28,3.36
Delhi,2020,7,30,4.0668,29.33,80.17,1.85
Delhi,2020,7,31,4.7023,30.84,74.8,1.93
Delhi,2020,8,1,4.7681,31.59,70.23,2.09
Delhi,2020,8,2,6.3394,31.96,66.49,2.75
Delhi,2020,8,3,5.1252,32.62,68.15,3.29
Delhi,2020,8,4,5.467,32.75,67.88,2.55
Delhi,2020,8,5,3.3394,31.51,70.77,2.77
Delhi,2020,8,6,5.9582,31.28,70.14,6.32
Delhi,2020,8,7,5.1142,31.24,71.99,4.54
Delhi,2020,8,8,6.1644,32.28,68.19,1.23
Delhi,2020,8,9,3.9283,32.29,68.06,1.0
Delhi,2020,8,10,4.109,30.59,78.02,2.72
Delhi,2020,8,11,3.8371,29.26,85.53,2.77
Delhi,2020,8,12,4.4273,30.92,79.06,2.86
Delhi,2020,8,13,1.2823,29.18,87.46,2.06
Delhi,2020,8,14,3.745,28.63,87.63,2.87
Delhi,2020,8,15,4.8187,29.72,80.26,3.36
Delhi,2020,8,16,4.9394,30.54,78.65,2.64
Delhi,2020,8,17,4.2797,31.06,77.07,2.52
Delhi,2020,8,18,4.3651,30.52,80.73,1.98
Delhi,2020,8,19,0.9038,29.98,84.86,1.57
Delhi,2020,8,20,2.3412,27.99,90.13,2.9
Delhi,2020,8,21,5.7394,28.19,81.39,4.02
Delhi,2020,8,22,5.3621,28.34,81.03,4.25
Delhi,2020,8,23,4.7582,28.36,82.92,4.76
Delhi,2020,8,24,4.8187,28.8,80.1,4.49
Delhi,2020,8,25,4.4242,29.16,79.91,3.5
Delhi,2020,8,26,5.6599,29.85,76.93,2.82
Delhi,2020,8,27,5.0498,29.39,81.61,2.1
Delhi,2020,8,28,3.2227,29.63,79.08,1.53
Delhi,2020,8,29,5.0038,29.0,80.06,2.38
Delhi,2020,8,30,3.4502,28.07,81.54,7.14
Delhi,2020,8,31,5.1694,28.69,76.99,4.09
Delhi,2020,9,1,5.7466,29.55,75.65,2.27
Delhi,2020,9,2,4.9354,28.85,78.06,1.49
Delhi,2020,9,3,4.8331,29.11,78.3,3.41
Delhi,2020,9,4,4.6656,29.77,76.28,2.51
Delhi,2020,9,5,5.3546,29.96,74.73,1.84
Delhi,2020,9,6,5.4526,29.44,74.8,1.58
Delhi,2020,9,7,4.8019,29.98,72.21,1.7
Delhi,2020,9,8,5.5102,29.8,70.64,2.51
Delhi,2020,9,9,5.7619,30.15,66.45,2.56
Delhi,2020,9,10,5.9808,30.66,65.53,2.96
Delhi,2020,9,11,5.8896,31.0,62.95,2.35
Delhi,2020,9,12,5.6153,30.31,62.61,2.33
Delhi,2020,9,13,5.0707,30.83,58.41,1.97
Delhi,2020,9,14,4.5012,30.43,55.98,2.14
Delhi,2020,9,15,4.9951,30.64,54.07,2.05
Delhi,2020,9,16,5.3746,31.47,57.27,2.3
Delhi,2020,9,17,5.7883,31.74,57.11,3.7
Delhi,2020,9,18,5.6707,31.88,53.55,3.58
Delhi,2020,9,19,5.2157,31.84,51.78,2.22
Delhi,2020,9,20,5.3467,30.74,55.09,2.85
Delhi,2020,9,21,5.1067,31.06,51.79,2.76
Delhi,2020,9,22,5.2015,31.44,60.02,2.21
Delhi,2020,9,23,4.9039,30.75,64.69,2.54
Delhi,2020,9,24,4.9704,31.27,57.44,2.44
Delhi,2020,9,25,5.6558,30.79,45.9,3.17
Delhi,2020,9,26,4.3471,29.91,46.85,2.4
Delhi,2020,9,27,5.507,29.53,46.65,2.05
Delhi,2020,9,28,5.7046,29.76,43.04,2.76
Delhi,2020,9,29,5.5841,28.48,45.66,3.73
Delhi,2020,9,30,5.7406,28.03,46.09,3.87
Delhi,2020,10,1,5.6813,28.45,41.74,3.47
Delhi,2020,10,2,5.7792,28.83,38.92,2.55
Delhi,2020,10,3,5.6779,28.11,36.83,2.87
Delhi,2020,10,4,5.712,27.33,36.03,2.77
Delhi,2020,10,5,5.8294,27.6,36.51,3.36
Delhi,2020,10,6,5.7533,27.62,34.67,3.22
Delhi,2020,10,7,5.6719,27.71,34.79,2.57
Delhi,2020,10,8,5.4715,27.6,34.8,2.7
Delhi,2020,10,9,5.2452,27.6,36.76,2.08
Delhi,2020,10,10,5.1326,27.68,39.89,2.95
Delhi,2020,10,11,4.9531,27.51,39.49,2.83
Delhi,2020,10,12,4.9282,27.78,36.59,2.02
Delhi,2020,10,13,4.0176,28.36,38.25,1.79
Delhi,2020,10,14,3.955,28.21,41.65,2.03
Delhi,2020,10,15,4.2362,28.03,36.95,2.59
Delhi,2020,10,16,4.4981,26.93,33.16,2.86
Delhi,2020,10,17,4.3646,27.0,31.91,2.63
Delhi,2020,10,18,4.1983,25.98,31.77,3.7
Delhi,2020,10,19,4.6543,24.85,31.35,3.7
Delhi,2020,10,20,5.1439,24.93,27.29,3.43
Delhi,2020,10,21,4.7282,26.22,23.42,2.38
Delhi,2020,10,22,3.8777,26.75,31.78,1.85
Delhi,2020,10,23,4.3104,25.81,32.75,2.91
Delhi,2020,10,24,4.2794,24.87,27.27,2.84
Delhi,2020,10,25,4.0834,24.74,24.73,2.31
Delhi,2020,10,26,4.0375,24.34,26.47,2.79
Delhi,2020,10,27,3.9293,23.01,30.0,3.27
Delhi,2020,10,28,3.8753,22.76,24.15,2.04
Delhi,2020,10,29,3.6312,22.45,25.93,2.08
Delhi,2020,10,30,4.074,22.44,28.33,3.17
Delhi,2020,10,31,3.9768,22.07,29.39,4.16
Delhi,2020,11,1,4.1167,21.21,23.45,3.7
Delhi,2020,11,2,4.3226,21.0,25.39,3.67
Delhi,2020,11,3,4.3699,21.61,23.74,2.63
Delhi,2020,11,4,3.6636,21.75,25.87,2.95
Delhi,2020,11,5,3.2458,21.59,24.58,2.88
Delhi,2020,11,6,3.3305,21.81,24.8,2.91
Delhi,2020,11,7,3.3914,21.54,28.4,2.98
Delhi,2020,11,8,2.7792,21.23,29.6,2.3
Delhi,2020,11,9,3.3701,20.07,33.23,2.56
Delhi,2020,11,10,3.3802,22.31,28.72,1.75
Delhi,2020,11,11,3.528,22.28,32.78,1.91
Delhi,2020,11,12,3.5911,21.43,38.93,1.99
Delhi,2020,11,13,3.5405,21.1,36.59,2.44
Delhi,2020,11,14,2.9861,21.77,31.49,1.76
Delhi,2020,11,15,3.001,22.47,41.19,3.02
Delhi,2020,11,16,2.6801,20.41,65.18,2.71
Delhi,2020,11,17,3.2731,19.19,56.22,3.11
Delhi,2020,11,18,3.3065,18.37,45.1,2.55
Delhi,2020,11,19,2.958,17.67,36.83,2.95
Delhi,2020,11,20,3.5866,17.24,35.19,4.39
Delhi,2020,11,21,4.074,16.38,37.13,5.02
Delhi,2020,11,22,3.7637,16.2,28.39,3.5
Delhi,2020,11,23,3.1632,17.85,22.88,1.88
Delhi,2020,11,24,2.7173,18.08,23.67,1.7
Delhi,2020,11,25,1.8406,18.4,27.09,1.7
Delhi,2020,11,26,2.7862,17.42,50.54,3.75
Delhi,2020,11,27,4.1011,17.63,44.13,4.19
Delhi,2020,11,28,4.0675,16.58,41.63,3.89
Delhi,2020,11,29,3.9538,16.21,34.17,2.85
Delhi,2020,11,30,3.7507,17.0,33.06,2.69
Delhi,2020,12,1,3.5611,17.02,39.08,2.82
Delhi,2020,12,2,3.654,17.78,43.13,3.79
Delhi,2020,12,3,3.2597,18.09,45.52,2.32
Delhi,2020,12,4,3.421,19.71,34.27,1.57
Delhi,2020,12,5,3.4735,19.62,30.46,2.5
Delhi,2020,12,6,3.4442,19.44,35.32,2.36
Delhi,2020,12,7,2.8176,18.91,38.12,3.59
Delhi,2020,12,8,3.137,19.19,38.14,2.2
Delhi,2020,12,9,3.4512,20.08,37.86,2.75
Delhi,2020,12,10,3.3557,20.18,44.8,2.64
Delhi,2020,12,11,2.0417,20.66,45.22,2.05
Delhi,2020,12,12,1.8698,19.26,59.32,2.37
Delhi,2020,12,13,2.8721,15.34,51.71,4.28
Delhi,2020,12,14,3.241,13.06,46.52,3.56
Delhi,2020,12,15,2.9774,12.32,45.29,3.37
Delhi,2020,12,16,3.1224,12.74,39.86,4.52
Delhi,2020,12,17,3.4994,10.2,36.6,4.51
Delhi,2020,12,18,3.8438,11.3,33.4,4.79
Delhi,2020,12,19,3.8594,12.7,29.62,4.43
Delhi,2020,12,20,3.4942,13.5,28.49,3.98
Delhi,2020,12,21,3.1951,13.65,38.52,3.56
Delhi,2020,12,22,3.2597,15.28,34.77,2.76
Delhi,2020,12,23,3.0391,14.76,36.77,2.89
Delhi,2020,12,24,3.0878,14.06,40.37,3.16
Delhi,2020,12,25,3.318,13.2,40.0,3.73
Delhi,2020,12,26,3.1327,13.95,38.05,3.35
Delhi,2020,12,27,2.9203,15.72,34.17,2.55
Delhi,2020,12,28,3.4306,11.85,34.04,4.03
Delhi,2020,12,29,3.4973,11.2,40.33,4.21
Delhi,2020,12,30,2.7506,10.19,48.21,3.66
Delhi,2020,12,31,2.4845,10.78,39.56,3.13
Delhi,2021,1,1,1.9769,13.36,31.89,1.53
Delhi,2021,1,2,1.165,13.5,53.98,2.43
Delhi,2021,1,3,0.8064,15.79,87.44,3.94
Delhi,2021,1,4,2.2315,17.43,76.5,2.86
Delhi,2021,1,5,1.7654,17.53,73.36,3.35
Delhi,2021,1,6,1.4309,16.49,74.58,1.45
Delhi,2021,1,7,1.6466,14.49,76.34,2.72
Delhi,2021,1,8,1.3214,15.48,71.88,1.89
Delhi,2021,1,9,1.985,15.88,64.41,2.88
Delhi,2021,1,10,3.083,12.98,58.13,4.16
Delhi,2021,1,11,3.0634,11.0,53.02,4.38
Delhi,2021,1,12,3.2993,11.24,48.85,4.14
Delhi,2021,1,13,3.0108,10.09,46.81,3.67
Delhi,2021,1,14,2.8171,12.06,39.14,1.75
Delhi,2021,1,15,3.0425,12.65,37.15,1.66
Delhi,2021,1,16,2.5387,10.91,45.45,3.16
Delhi,2021,1,17,1.7292,10.94,48.03,2.58
Delhi,2021,1,18,1.6056,13.73,40.97,2.54
Delhi,2021,1,19,2.6297,14.92,49.95,3.24
Delhi,2021,1,20,3.5383,13.54,50.16,4.94
Delhi,2021,1,21,4.2403,13.09,51.09,4.65
Delhi,2021,1,22,2.6635,13.32,41.61,2.29
Delhi,2021,1,23,3.0374,14.04,40.74,3.34
Delhi,2021,1,24,1.8019,12.08,55.76,3.01
Delhi,2021,1,25,2.2442,10.83,50.87,2.53
Delhi,2021,1,26,3.3574,11.92,49.09,2.91
Delhi,2021,1,27,3.9386,12.1,44.89,3.17
Delhi,2021,1,28,2.9119,11.34,40.75,2.67
Delhi,2021,1,29,3.8618,11.3,41.0,3.99
Delhi,2021,1,30,4.4131,12.1,40.98,3.98
Delhi,2021,1,31,4.5722,14.11,34.11,2.3
Delhi,2021,2,1,4.4218,15.93,32.33,2.52
Delhi,2021,2,2,4.4345,16.45,34.59,2.06
Delhi,2021,2,3,4.008,16.25,39.76,3.23
Delhi,2021,2,4,2.7024,16.17,55.01,3.48
Delhi,2021,2,5,4.0682,14.6,64.45,2.62
Delhi,2021,2,6,4.801,14.29,50.01,3.66
Delhi,2021,2,7,4.825,14.51,48.46,3.87
Delhi,2021,2,8,4.4818,15.13,47.19,3.17
Delhi,2021,2,9,4.2881,17.63,42.11,2.82
Delhi,2021,2,10,4.6548,19.2,37.49,1.94
Delhi,2021,2,11,4.3855,17.5,42.78,2.44
Delhi,2021,2,12,3.4613,17.82,44.74,2.31
Delhi,2021,2,13,3.2974,18.3,36.03,2.11
Delhi,2021,2,14,4.3094,19.38,32.4,1.85
Delhi,2021,2,15,4.3673,20.37,31.05,1.24
Delhi,2021,2,16,4.3126,19.49,37.21,2.11
Delhi,2021,2,17,4.451,18.61,40.96,2.31
Delhi,2021,2,18,4.4719,19.21,33.83,2.01
Delhi,2021,2,19,4.5314,18.24,37.18,2.76
Delhi,2021,2,20,4.391,17.76,37.4,2.99
Delhi,2021,2,21,4.8665,18.11,37.8,3.51
Delhi,2021,2,22,4.9169,20.06,33.36,3.47
Delhi,2021,2,23,5.2966,21.89,29.39,2.41
Delhi,2021,2,24,5.3294,23.44,26.88,2.25
Delhi,2021,2,25,5.3506,23.01,29.05,3.18
Delhi,2021,2,26,5.5226,24.48,31.53,3.78
Delhi,2021,2,27,5.2366,23.97,36.86,3.43
Delhi,2021,2,28,5.3854,22.85,30.13,3.21
Delhi,2021,3,1,5.7197,21.17,22.95,4.63
Delhi,2021,3,2,6.0156,20.75,23.79,5.23
Delhi,2021,3,3,5.9378,22.65,20.64,3.82
Delhi,2021,3,4,5.886,24.49,19.09,2.28
Delhi,2021,3,5,5.6868,23.61,20.91,4.78
Delhi,2021,3,6,6.0338,24.74,18.83,4.48
Delhi,2021,3,7,5.7029,25.6,18.83,2.69
Delhi,2021,3,8,4.8449,25.16,24.21,3.11
Delhi,2021,3,9,5.1206,26.6,24.96,2.13
Delhi,2021,3,10,5.346,26.22,30.75,2.48
Delhi,2021,3,11,5.5066,26.39,23.64,1.77
Delhi,2021,3,12,2.8644,23.03,42.65,3.58
Delhi,2021,3,13,5.4454,24.08,52.5,2.47
Delhi,2021,3,14,5.9213,25.45,29.45,3.48
Delhi,2021,3,15,5.135,24.98,27.41,3.19
Delhi,2021,3,16,4.812,25.4,28.67,3.87
Delhi,2021,3,17,5.1665,26.69,28.75,3.08
Delhi,2021,3,18,4.6793,27.63,26.82,2.31
Delhi,2021,3,19,4.979,27.88,28.85,3.11
Delhi,2021,3,20,6.145,26.75,25.74,3.86
Delhi,2021,3,21,6.1157,27.72,24.73,2.16
Delhi,2021,3,22,4.705,26.91,25.02,3.29
Delhi,2021,3,23,4.0514,28.01,26.88,2.5
Delhi,2021,3,24,5.7499,26.39,26.77,2.95
Delhi,2021,3,25,5.7482,24.86,27.82,5.18
Delhi,2021,3,26,6.4428,24.78,29.2,3.99
Delhi,2021,3,27,6.3696,27.17,25.45,2.93
Delhi,2021,3,28,6.1502,29.12,21.9,1.95
Delhi,2021,3,29,6.3055,30.32,18.78,3.21
Delhi,2021,3,30,6.2136,30.65,16.8,5.6
Delhi,2021,3,31,7.4297,28.56,11.49,6.69
Delhi,2021,4,1,7.6121,26.44,7.3,6.26
Delhi,2021,4,2,7.447,25.93,9.19,3.75
Delhi,2021,4,3,7.5293,25.93,6.84,3.24
Delhi,2021,4,4,7.2586,27.35,8.62,3.67
Delhi,2021,4,5,5.9791,29.26,12.56,2.47
Delhi,2021,4,6,5.9369,30.92,12.74,2.2
Delhi,2021,4,7,6.0574,29.93,23.43,4.3
Delhi,2021,4,8,6.667,27.87,14.89,3.55
Delhi,2021,4,9,7.3562,27.93,13.37,3.72
Delhi,2021,4,10,7.2326,28.89,14.92,3.57
Delhi,2021,4,11,7.3946,29.72,15.57,3.71
Delhi,2021,4,12,6.7354,31.11,16.37,3.28
Delhi,2021,4,13,7.0222,32.01,18.03,4.07
Delhi,2021,4,14,6.582,32.49,19.51,3.91
Delhi,2021,4,15,6.6194,32.77,17.12,3.06
Delhi,2021,4,16,5.5265,32.81,19.77,2.83
Delhi,2021,4,17,6.6557,29.53,31.78,4.21
Delhi,2021,4,18,7.0901,29.58,27.62,3.2
Delhi,2021,4,19,6.7562,31.24,20.84,3.24
Delhi,2021,4,20,4.2876,28.68,23.21,3.43
Delhi,2021,4,21,6.6989,27.44,32.17,3.47
Delhi,2021,4,22,7.2142,27.33,32.2,1.96
Delhi,2021,4,23,5.9213,29.35,24.16,4.23
Delhi,2021,4,24,7.6195,27.47,28.25,4.75
Delhi,2021,4,25,7.8547,28.9,17.59,4.39
Delhi,2021,4,26,7.931,31.06,13.63,3.57
Delhi,2021,4,27,7.1978,33.37,13.85,3.04
Delhi,2021,4,28,6.7193,33.97,13.15,3.29
Delhi,2021,4,29,6.0715,34.67,17.88,3.06
Delhi,2021,4,30,6.239,34.66,17.1,1.59
Delhi,2021,5,1,6.2621,33.73,19.57,2.12
Delhi,2021,5,2,5.3491,33.6,21.42,2.29
Delhi,2021,5,3,6.2162,33.92,23.81,2.51
Delhi,2021,5,4,6.1922,34.77,20.39,1.51
Delhi,2021,5,5,6.5256,33.54,20.14,2.06
Delhi,2021,5,6,5.2032,33.0,29.94,2.79
Delhi,2021,5,7,6.4824,31.59,35.56,1.86
Delhi,2021,5,8,6.4572,32.11,29.22,1.89
Delhi,2021,5,9,5.7713,33.1,26.83,2.36
Delhi,2021,5,10,5.2308,34.56,24.96,1.82
Delhi,2021,5,11,6.6554,33.78,25.38,2.76
Delhi,2021,5,12,6.5203,34.07,24.67,2.22
Delhi,2021,5,13,5.6662,30.93,36.53,1.83
Delhi,2021,5,14,6.8278,31.86,32.87,1.52
Delhi,2021,5,15,5.0302,33.51,26.98,1.36
Delhi,2021,5,16,7.2746,34.12,21.22,2.35
Delhi,2021,5,17,3.4001,33.43,22.31,3.72
Delhi,2021,5,18,1.896,30.03,38.56,5.05
Delhi,2021,5,19,1.387,25.52,67.6,5.49
Delhi,2021,5,20,5.1079,24.92,74.53,6.76
Delhi,2021,5,21,4.9999,28.26,57.33,1.79
Delhi,2021,5,22,7.3087,29.68,52.14,2.82
Delhi,2021,5,23,6.3257,28.72,45.34,2.91
Delhi,2021,5,24,7.2336,29.25,38.26,5.6
Delhi,2021,5,25,8.07,31.03,36.13,5.64
Delhi,2021,5,26,7.6666,32.27,34.92,3.64
Delhi,2021,5,27,7.4834,33.18,29.87,2.38
Delhi,2021,5,28,7.5094,31.76,36.89,3.06
Delhi,2021,5,29,7.2614,31.87,52.33,4.93
Delhi,2021,5,30,6.7915,32.06,53.2,3.19
Delhi,2021,5,31,6.5491,34.94,39.83,1.72
Delhi,2021,6,1,5.2406,31.43,45.88,2.0
Delhi,2021,6,2,6.0497,31.86,40.34,1.56
Delhi,2021,6,3,6.8918,32.34,41.23,1.76
Delhi,2021,6,4,6.1536,33.99,41.36,1.88
Delhi,2021,6,5,6.8707,34.33,42.31,2.29
Delhi,2021,6,6,7.2065,33.74,44.34,2.45
Delhi,2021,6,7,6.8875,34.94,41.06,3.5
Delhi,2021,6,8,6.7313,35.98,37.89,5.6
Delhi,2021,6,9,6.3672,36.69,38.4,4.15
Delhi,2021,6,10,6.0636,33.62,51.79,3.92
Delhi,2021,6,11,6.3506,32.49,56.1,3.1
Delhi,2021,6,12,6.2705,32.62,58.37,3.47
Delhi,2021,6,13,5.6371,31.91,60.6,2.94
Delhi,2021,6,14,6.7447,33.48,43.91,1.78
Delhi,2021,6,15,5.9904,32.99,49.43,2.91
Delhi,2021,6,16,5.2673,31.76,52.88,1.27
Delhi,2021,6,17,5.3074,31.67,56.66,1.58
Delhi,2021,6,18,5.7667,31.22,57.42,2.09
Delhi,2021,6,19,5.2812,29.99,61.65,2.23
Delhi,2021,6,20,4.8766,30.68,62.29,2.06
Delhi,2021,6,21,6.3187,33.08,47.51,2.36
Delhi,2021,6,22,6.5837,33.93,42.91,2.86
Delhi,2021,6,23,6.565,34.29,41.47,1.58
Delhi,2021,6,24,5.561,33.64,45.37,2.26
Delhi,2021,6,25,6.6017,33.49,44.71,2.52
Delhi,2021,6,26,6.151,32.38,43.08,1.78
Delhi,2021,6,27,6.0974,33.59,44.51,2.06
Delhi,2021,6,28,6.3074,34.49,44.13,1.59
Delhi,2021,6,29,7.0927,35.78,34.83,3.68
Delhi,2021,6,30,6.882,36.64,33.63,5.61
Delhi,2021,7,1,6.7162,37.37,35.46,3.63
Delhi,2021,7,2,5.9182,36.9,38.87,2.55
Delhi,2021,7,3,4.9942,34.4,50.2,3.22
Delhi,2021,7,4,6.7229,34.5,43.51,2.04
Delhi,2021,7,5,6.3298,35.16,39.67,2.18
Delhi,2021,7,6,6.739,36.01,40.39,3.42
Delhi,2021,7,7,6.8345,36.92,38.41,3.7
Delhi,2021,7,8,6.4351,37.66,36.94,2.57
Delhi,2021,7,9,5.503,35.05,49.78,2.17
Delhi,2021,7,10,6.3782,34.78,46.81,3.42
Delhi,2021,7,11,5.0854,33.34,56.85,5.06
Delhi,2021,7,12,4.1719,31.78,62.1,5.18
Delhi,2021,7,13,2.55,29.95,72.68,4.03
Delhi,2021,7,14,2.2481,29.65,75.3,3.6
Delhi,2021,7,15,5.6465,32.16,61.98,4.25
Delhi,2021,7,16,6.3115,33.89,55.93,3.04
Delhi,2021,7,17,5.5466,34.26,56.4,2.04
Delhi,2021,7,18,2.9342,31.52,72.71,2.82
Delhi,2021,7,19,0.7673,28.47,90.13,3.57
Delhi,2021,7,20,3.6233,28.28,87.79,1.32
Delhi,2021,7,21,5.0309,28.52,86.74,1.61
Delhi,2021,7,22,4.0392,29.67,81.28,2.54
Delhi,2021,7,23,4.8326,29.43,85.05,2.4
Delhi,2021,7,24,5.3933,30.56,78.82,1.41
Delhi,2021,7,25,6.0559,31.31,77.0,1.74
Delhi,2021,7,26,2.6599,29.14,82.74,1.63
Delhi,2021,7,27,2.4566,29.39,84.81,2.39
Delhi,2021,7,28,0.9115,28.03,88.46,1.51
Delhi,2021,7,29,3.893,28.19,87.39,1.29
Delhi,2021,7,30,3.3312,28.48,87.25,2.44
Delhi,2021,7,31,5.2006,28.85,84.79,3.27
Delhi,2021,8,1,3.1598,30.24,76.21,0.87
Delhi,2021,8,2,3.6878,29.21,84.09,2.22
Delhi,2021,8,3,4.4926,28.9,84.96,3.45
Delhi,2021,8,4,5.304,28.51,85.0,3.4
Delhi,2021,8,5,5.1137,28.87,84.04,2.18
Delhi,2021,8,6,4.8182,29.1,76.63,1.2
Delhi,2021,8,7,3.2314,27.05,87.48,1.77
Delhi,2021,8,8,2.6566,29.42,80.03,0.95
Delhi,2021,8,9,3.229,28.86,83.08,1.43
Delhi,2021,8,10,5.9863,29.63,81.29,2.49
Delhi,2021,8,11,6.3874,29.0,76.98,3.75
Delhi,2021,8,12,6.241,29.01,78.56,2.78
Delhi,2021,8,13,5.664,29.54,79.19,2.82
Delhi,2021,8,14,6.4618,29.78,80.39,3.42
Delhi,2021,8,15,6.4138,29.76,76.03,2.98
Delhi,2021,8,16,6.3168,29.91,73.45,2.15
Delhi,2021,8,17,6.2609,30.26,70.01,2.06
Delhi,2021,8,18,5.8279,29.63,72.37,1.97
Delhi,2021,8,19,4.332,29.68,78.25,2.32
Delhi,2021,8,20,1.8742,26.92,90.53,3.93
Delhi,2021,8,21,3.269,27.49,90.34,3.63
Delhi,2021,8,22,4.1743,28.43,85.24,3.06
Delhi,2021,8,23,4.7789,29.08,82.74,1.29
Delhi,2021,8,24,3.7514,28.67,82.74,1.6
Delhi,2021,8,25,6.139,28.49,80.95,3.6
Delhi,2021,8,26,5.4619,28.58,80.38,3.47
Delhi,2021,8,27,5.8054,29.69,74.34,1.93
Delhi,2021,8,28,4.2689,29.18,78.76,1.45
Delhi,2021,8,29,3.8659,28.81,82.71,1.79
Delhi,2021,8,30,4.6694,27.74,85.41,2.64
Delhi,2021,8,31,1.5434,26.81,87.03,2.82
Delhi,2021,9,1,0.96,26.64,88.3,3.08
Delhi,2021,9,2,4.8943,26.57,89.38,2.4
Delhi,2021,9,3,5.2567,27.1,89.41,2.97
Delhi,2021,9,4,3.859,27.71,87.15,2.17
Delhi,2021,9,5,5.3203,28.59,83.91,1.19
Delhi,2021,9,6,4.9874,28.94,84.59,1.96
Delhi,2021,9,7,3.6209,28.53,87.35,3.35
Delhi,2021,9,8,4.8336,27.75,86.82,4.97
Delhi,2021,9,9,4.0274,27.6,87.05,3.25
Delhi,2021,9,10,4.1023,27.11,88.74,4.05
Delhi,2021,9,11,1.0231,26.53,92.99,4.27
Delhi,2021,9,12,4.7376,26.6,88.72,2.77
Delhi,2021,9,13,2.9952,27.52,82.46,2.37
Delhi,2021,9,14,4.9942,27.67,79.73,2.76
Delhi,2021,9,15,4.951,27.14,83.6,3.37
Delhi,2021,9,16,2.4425,26.47,86.03,3.33
Delhi,2021,9,17,3.2743,25.95,86.37,3.89
Delhi,2021,9,18,4.5883,26.86,87.1,3.66
Delhi,2021,9,19,5.5459,27.72,86.11,2.92
Delhi,2021,9,20,5.3827,28.15,85.83,2.64
Delhi,2021,9,21,4.272,28.05,85.98,2.73
Delhi,2021,9,22,2.9194,26.61,91.73,2.57
Delhi,2021,9,23,4.493,25.67,88.73,2.64
Delhi,2021,9,24,4.0769,26.58,83.82,2.37
Delhi,2021,9,25,4.0886,27.39,84.86,2.06
Delhi,2021,9,26,3.9881,26.99,86.6,2.53
Delhi,2021,9,27,5.0906,27.3,81.98,2.08
Delhi,2021,9,28,5.3971,27.09,84.15,3.29
Delhi,2021,9,29,5.2294,26.67,85.82,3.58
Delhi,2021,9,30,4.8931,27.37,84.59,2.74
Delhi,2021,10,1,4.7726,28.28,81.8,1.52
Delhi,2021,10,2,4.7534,28.53,80.0,1.58
Delhi,2021,10,3,5.2109,28.18,80.49,2.68
Delhi,2021,10,4,5.4137,28.81,73.35,1.55
Delhi,2021,10,5,5.1113,27.6,79.91,2.23
Delhi,2021,10,6,5.0683,27.07,81.48,1.98
Delhi,2021,10,7,5.1367,25.84,78.61,2.4
Delhi,2021,10,8,5.267,25.93,70.4,2.33
Delhi,2021,10,9,5.4127,25.68,65.04,2.6
Delhi,2021,10,10,5.3088,26.63,61.95,1.87
Delhi,2021,10,11,5.1175,26.62,63.19,1.83
Delhi,2021,10,12,5.2608,25.73,66.23,2.14
Delhi,2021,10,13,5.4874,23.86,67.35,3.67
Delhi,2021,10,14,5.3184,23.17,64.66,3.3
Delhi,2021,10,15,5.1077,25.64,65.03,2.06
Delhi,2021,10,16,4.7621,26.46,60.81,1.94
Delhi,2021,10,17,2.0674,25.63,74.57,2.25
Delhi,2021,10,18,1.1422,22.13,93.11,4.9
Delhi,2021,10,19,4.7378,22.85,83.32,4.58
Delhi,2021,10,20,4.5274,22.35,74.72,3.14
Delhi,2021,10,21,5.2776,21.38,67.54,3.38
Delhi,2021,10,22,5.1672,22.45,69.17,2.83
Delhi,2021,10,23,4.704,22.59,80.1,2.97
Delhi,2021,10,24,3.726,22.61,78.96,2.62
Delhi,2021,10,25,4.2034,21.66,80.04,2.35
Delhi,2021,10,26,4.566,20.37,72.63,2.75
Delhi,2021,10,27,4.5494,19.39,68.46,2.66
Delhi,2021,10,28,4.5324,19.81,69.23,2.15
Delhi,2021,10,29,4.3421,21.45,58.89,1.24
Delhi,2021,10,30,4.3764,19.19,71.35,3.51
Delhi,2021,10,31,4.3843,20.03,64.25,2.69
Delhi,2021,11,1,4.2125,19.49,67.24,2.71
Delhi,2021,11,2,3.8618,18.56,73.43,3.15
Delhi,2021,11,3,3.697,19.36,74.27,2.34
Delhi,2021,11,4,3.3742,19.59,70.07,1.79
Delhi,2021,11,5,2.665,19.76,63.49,1.62
Delhi,2021,11,6,3.1169,18.05,68.92,3.38
Delhi,2021,11,7,3.4226,19.08,68.12,2.78
Delhi,2021,11,8,3.1166,18.69,68.52,2.69
Delhi,2021,11,9,3.606,19.06,66.82,2.73
Delhi,2021,11,10,3.355,19.68,60.41,2.29
Delhi,2021,11,11,3.0948,19.85,55.51,1.62
Delhi,2021,11,12,3.0031,18.92,59.08,1.9
Delhi,2021,11,13,3.4346,17.19,63.55,2.83
Delhi,2021,11,14,3.3175,17.43,56.44,2.11
Delhi,2021,11,15,3.1488,16.82,55.82,2.09
Delhi,2021,11,16,3.5004,15.67,59.55,2.37
Delhi,2021,11,17,3.3905,16.69,54.17,1.44
Delhi,2021,11,18,3.5292,17.34,56.22,1.04
Delhi,2021,11,19,2.9954,17.47,56.13,1.84
Delhi,2021,11,20,2.7278,15.08,74.49,2.53
Delhi,2021,11,21,3.5935,16.12,67.6,3.48
Delhi,2021,11,22,4.1786,15.58,59.92,4.69
Delhi,2021,11,23,4.056,16.14,52.59,2.64
Delhi,2021,11,24,3.9295,16.08,54.77,2.17
Delhi,2021,11,25,3.6658,16.44,61.67,1.63
Delhi,2021,11,26,3.6048,17.1,56.03,1.49
Delhi,2021,11,27,3.2323,15.52,69.96,2.5
Delhi,2021,11,28,3.4046,17.1,66.21,1.69
Delhi,2021,11,29,3.2957,16.42,61.4,2.72
Delhi,2021,11,30,3.431,16.12,60.09,2.95
Delhi,2021,12,1,1.9054,14.81,66.52,1.43
Delhi,2021,12,2,1.3368,14.34,69.75,1.99
Delhi,2021,12,3,2.1581,15.72,59.67,1.63
Delhi,2021,12,4,3.6096,18.05,52.07,1.3
Delhi,2021,12,5,2.4566,17.94,61.05,1.88
Delhi,2021,12,6,2.8567,17.28,71.02,2.78
Delhi,2021,12,7,3.6835,14.76,66.55,3.55
Delhi,2021,12,8,3.7241,14.8,57.26,2.53
Delhi,2021,12,9,3.3754,15.66,52.27,1.13
Delhi,2021,12,10,3.2902,14.46,63.08,2.44
Delhi,2021,12,11,3.4891,14.47,54.96,2.28
Delhi,2021,12,12,3.2885,14.87,52.54,1.48
Delhi,2021,12,13,2.7396,11.77,68.96,2.35
Delhi,2021,12,14,2.4634,13.49,67.35,1.8
Delhi,2021,12,15,2.3827,13.2,63.63,2.68
Delhi,2021,12,16,2.028,12.44,57.88,2.79
Delhi,2021,12,17,3.1658,10.01,57.21,4.62
Delhi,2021,12,18,3.4046,8.6,50.5,4.74
Delhi,2021,12,19,3.8494,8.07,50.02,4.19
Delhi,2021,12,20,3.7243,9.78,44.72,2.89
Delhi,2021,12,21,3.5734,12.48,39.03,1.85
Delhi,2021,12,22,3.4939,13.2,43.99,1.73
Delhi,2021,12,23,2.9119,13.14,50.91,2.33
Delhi,2021,12,24,2.8555,13.41,58.81,2.33
Delhi,2021,12,25,2.8433,14.23,57.25,1.56
Delhi,2021,12,26,1.5132,13.61,65.98,2.3
Delhi,2021,12,27,2.653,14.99,69.4,2.29
Delhi,2021,12,28,1.051,13.85,75.1,1.8
Delhi,2021,12,29,3.089,12.96,68.88,2.86
Delhi,2021,12,30,2.844,10.98,48.55,2.04
Delhi,2021,12,31,3.1142,10.78,52.23,2.69
Delhi,2022,1,1,3.2326,12.15,51.69,1.61
Delhi,2022,1,2,2.9018,12.78,53.86,2.05
Delhi,2022,1,3,3.1644,13.44,50.34,1.74
Delhi,2022,1,4,2.7694,15.64,48.2,1.51
Delhi,2022,1,5,0.774,13.32,68.57,2.95
Delhi,2022,1,6,2.2596,13.44,86.68,4.05
Delhi,2022,1,7,1.5086,14.48,88.36,4.19
Delhi,2022,1,8,0.5033,15.06,91.91,5.31
Delhi,2022,1,9,1.1626,14.3,91.16,1.94
Delhi,2022,1,10,3.0182,11.13,81.0,2.79
Delhi,2022,1,11,3.2234,10.31,75.84,2.73
Delhi,2022,1,12,2.713,10.62,77.28,2.04
Delhi,2022,1,13,2.1838,11.99,75.83,1.18
Delhi,2022,1,14,1.6262,11.41,78.08,1.52
Delhi,2022,1,15,0.9221,10.56,78.34,2.17
Delhi,2022,1,16,2.3479,11.15,69.72,2.02
Delhi,2022,1,17,2.1478,10.84,70.24,1.39
Delhi,2022,1,18,2.5874,10.33,76.04,2.9
Delhi,2022,1,19,2.3539,10.18,77.95,1.95
Delhi,2022,1,20,1.9894,12.47,78.1,1.32
Delhi,2022,1,21,2.3126,13.34,77.23,1.56
Delhi,2022,1,22,1.0183,10.86,89.11,6.49
Delhi,2022,1,23,1.283,11.55,87.92,2.44
Delhi,2022,1,24,2.0592,10.79,80.61,2.11
Delhi,2022,1,25,1.32,10.33,82.9,2.48
Delhi,2022,1,26,2.7115,9.84,82.38,3.0
Delhi,2022,1,27,3.9048,10.14,73.47,3.82
Delhi,2022,1,28,4.4304,10.26,63.86,4.14
Delhi,2022,1,29,4.5058,11.43,61.96,3.22
Delhi,2022,1,30,4.4705,12.49,67.69,4.17
Delhi,2022,1,31,3.2573,14.75,60.51,1.75
Delhi,2022,2,1,3.1054,14.24,62.99,2.65
Delhi,2022,2,2,3.6014,13.05,60.32,2.83
Delhi,2022,2,3,1.0606,12.45,72.66,4.58
Delhi,2022,2,4,2.2169,11.25,85.13,3.46
Delhi,2022,2,5,3.761,11.69,71.1,2.2
Delhi,2022,2,6,4.637,13.08,58.74,2.0
Delhi,2022,2,7,4.2763,14.34,60.52,2.36
Delhi,2022,2,8,3.9694,16.07,66.26,1.73
Delhi,2022,2,9,3.1094,13.75,88.45,2.21
Delhi,2022,2,10,4.5226,12.93,73.3,3.51
Delhi,2022,2,11,4.8226,12.24,63.74,4.4
Delhi,2022,2,12,5.3412,13.35,57.62,3.62
Delhi,2022,2,13,4.8737,15.41,49.79,1.79
Delhi,2022,2,14,5.0477,15.48,54.54,2.01
Delhi,2022,2,15,4.8247,16.2,57.54,2.05
Delhi,2022,2,16,4.9445,16.83,55.11,2.68
Delhi,2022,2,17,5.0587,16.25,55.68,2.75
Delhi,2022,2,18,4.8926,16.78,51.73,2.55
Delhi,2022,2,19,5.0671,16.02,55.98,3.56
Delhi,2022,2,20,5.0028,15.12,55.86,4.54
Delhi,2022,2,21,5.5546,16.25,47.17,2.9
Delhi,2022,2,22,5.207,17.03,52.83,5.75
Delhi,2022,2,23,3.9326,16.42,61.15,3.76
Delhi,2022,2,24,3.8561,17.75,63.03,1.98
Delhi,2022,2,25,4.3805,18.99,55.2,2.53
Delhi,2022,2,26,4.0313,16.99,64.97,5.29
Delhi,2022,2,27,4.9812,17.2,63.0,3.25
Delhi,2022,2,28,5.6246,16.21,57.24,3.37
Delhi,2022,3,1,5.3774,17.66,47.73,2.36
Delhi,2022,3,2,5.4463,18.97,48.71,2.37
Delhi,2022,3,3,5.089,20.16,48.23,2.03
Delhi,2022,3,4,5.2174,19.12,58.76,3.1
Delhi,2022,3,5,5.8411,18.31,57.04,3.69
Delhi,2022,3,6,4.631,19.58,48.31,2.02
Delhi,2022,3,7,5.0194,20.52,46.45,1.9
Delhi,2022,3,8,5.1715,21.4,46.47,2.94
Delhi,2022,3,9,5.2925,21.67,46.1,3.66
Delhi,2022,3,10,5.382,21.67,47.65,3.87
Delhi,2022,3,11,5.8538,21.74,49.44,3.7
Delhi,2022,3,12,6.197,21.73,45.53,3.42
Delhi,2022,3,13,5.6861,24.66,43.0,2.97
Delhi,2022,3,14,5.9443,25.7,45.33,2.49
Delhi,2022,3,15,5.7821,26.71,46.54,2.98
Delhi,2022,3,16,6.161,26.2,44.93,4.41
Delhi,2022,3,17,5.7866,26.1,45.29,2.42
Delhi,2022,3,18,5.197,27.38,49.39,2.81
Delhi,2022,3,19,5.6047,28.37,41.2,2.14
Delhi,2022,3,20,6.0674,29.05,36.97,1.77
Delhi,2022,3,21,5.6676,28.07,36.23,2.7
Delhi,2022,3,22,6.1363,26.86,36.66,4.7
Delhi,2022,3,23,5.6606,27.66,31.33,2.55
Delhi,2022,3,24,6.0598,27.53,32.83,2.91
Delhi,2022,3,25,6.3235,26.72,32.66,3.89
Delhi,2022,3,26,6.6854,25.96,30.66,5.01
Delhi,2022,3,27,6.618,27.64,25.49,3.59
Delhi,2022,3,28,6.6528,29.29,21.92,2.09
Delhi,2022,3,29,6.7944,29.52,24.92,2.99
Delhi,2022,3,30,6.6041,30.09,24.41,2.08
Delhi,2022,3,31,6.3778,29.88,27.67,2.73
Delhi,2022,4,1,7.0946,28.84,24.84,3.74
Delhi,2022,4,2,7.1225,29.3,20.27,2.23
Delhi,2022,4,3,7.2667,29.76,18.98,2.92
Delhi,2022,4,4,7.0318,30.02,17.78,3.22
Delhi,2022,4,5,6.9218,29.71,19.83,3.4
Delhi,2022,4,6,6.8136,30.87,18.38,2.92
Delhi,2022,4,7,7.1083,31.83,17.95,2.48
Delhi,2022,4,8,7.2526,32.98,17.08,2.21
Delhi,2022,4,9,6.893,33.91,15.61,2.25
Delhi,2022,4,10,6.8798,32.88,17.08,3.8
Delhi,2022,4,11,7.045,34.06,15.69,2.63
Delhi,2022,4,12,4.656,34.07,14.35,2.19
Delhi,2022,4,13,6.7704,32.56,18.04,2.69
Delhi,2022,4,14,6.4195,32.11,17.32,3.38
Delhi,2022,4,15,6.5683,31.62,18.63,3.48
Delhi,2022,4,16,7.0366,32.28,14.92,2.61
Delhi,2022,4,17,6.9797,32.25,16.6,2.84
Delhi,2022,4,18,6.7757,34.0,14.1,3.04
Delhi,2022,4,19,6.504,35.23,14.11,3.33
Delhi,2022,4,20,6.793,34.61,17.46,4.73
Delhi,2022,4,21,3.03,30.59,30.48,3.48
Delhi,2022,4,22,6.7034,31.71,27.41,2.32
Delhi,2022,4,23,7.1458,32.36,16.62,3.28
Delhi,2022,4,24,7.2257,32.77,16.62,4.87
Delhi,2022,4,25,6.8503,33.71,15.76,3.68
Delhi,2022,4,26,6.8326,34.82,14.87,3.41
Delhi,2022,4,27,7.4364,34.61,11.9,3.38
Delhi,2022,4,28,7.0296,36.03,10.67,2.62
Delhi,2022,4,29,7.032,36.52,13.12,3.82
Delhi,2022,4,30,7.2146,36.95,10.88,2.67
Delhi,2022,5,1,6.649,35.43,13.41,4.13
Delhi,2022,5,2,6.8018,35.4,19.12,4.24
Delhi,2022,5,3,5.8394,34.72,22.8,2.39
Delhi,2022,5,4,5.5534,35.23,24.61,2.87
Delhi,2022,5,5,6.1687,32.5,34.95,2.37
Delhi,2022,5,6,5.8478,33.93,28.74,2.55
Delhi,2022,5,7,6.8227,34.53,24.03,2.38
Delhi,2022,5,8,6.8777,35.02,20.21,2.15
Delhi,2022,5,9,6.5705,34.58,27.55,3.34
Delhi,2022,5,10,6.1596,35.13,33.02,3.2
Delhi,2022,5,11,6.276,35.96,31.65,2.88
Delhi,2022,5,12,6.5726,37.27,28.59,3.08
Delhi,2022,5,13,7.1798,37.65,19.95,3.3
Delhi,2022,5,14,7.4974,38.23,12.47,3.62
Delhi,2022,5,15,7.5154,37.89,10.53,3.24
Delhi,2022,5,16,5.9083,37.37,13.64,3.41
Delhi,2022,5,17,6.4015,36.15,15.13,2.17
Delhi,2022,5,18,6.3446,36.36,16.75,2.56
Delhi,2022,5,19,6.8129,37.47,16.1,3.16
Delhi,2022,5,20,6.4258,38.75,14.61,3.79
Delhi,2022,5,21,5.8279,35.8,22.12,3.84
Delhi,2022,5,22,6.8244,34.56,21.34,2.0
Delhi,2022,5,23,4.1623,31.15,39.39,5.19
Delhi,2022,5,24,6.4486,28.68,54.26,3.32
Delhi,2022,5,25,6.4615,30.41,44.22,1.79
Delhi,2022,5,26,6.6252,32.07,39.34,2.2
Delhi,2022,5,27,6.4805,34.04,37.21,2.52
Delhi,2022,5,28,6.163,36.72,33.59,2.75
Delhi,2022,5,29,6.3869,34.64,33.99,2.66
Delhi,2022,5,30,6.2155,33.93,39.21,1.75
Delhi,2022,5,31,6.2059,33.67,30.13,1.99
Delhi,2022,6,1,6.5234,35.96,23.79,3.09
Delhi,2022,6,2,6.6199,36.06,21.66,2.78
Delhi,2022,6,3,7.0853,36.37,19.68,3.08
Delhi,2022,6,4,7.5182,36.8,16.84,1.9
Delhi,2022,6,5,7.4146,37.04,19.28,2.97
Delhi,2022,6,6,7.4762,37.5,15.24,2.42
Delhi,2022,6,7,6.4778,37.79,15.74,3.35
Delhi,2022,6,8,6.7759,37.05,17.91,5.36
Delhi,2022,6,9,6.4858,38.1,18.98,2.98
Delhi,2022,6,10,6.348,37.83,20.43,5.1
Delhi,2022,6,11,6.697,38.18,20.46,5.68
Delhi,2022,6,12,7.0159,38.44,20.51,4.45
Delhi,2022,6,13,5.4746,39.33,20.56,4.63
Delhi,2022,6,14,5.1341,38.16,31.84,6.4
Delhi,2022,6,15,7.1105,38.67,32.0,4.94
Delhi,2022,6,16,6.7889,37.78,35.62,3.36
Delhi,2022,6,17,5.195,33.64,55.03,2.48
Delhi,2022,6,18,4.9582,31.57,57.97,1.41
Delhi,2022,6,19,3.0293,31.01,58.84,1.88
Delhi,2022,6,20,4.2638,32.74,41.42,1.49
Delhi,2022,6,21,4.9627,32.66,41.32,2.07
Delhi,2022,6,22,6.27,33.75,41.08,2.27
Delhi,2022,6,23,7.0174,33.46,38.36,4.64
Delhi,2022,6,24,7.3793,33.24,31.36,3.86
Delhi,2022,6,25,7.2374,34.68,28.69,1.62
Delhi,2022,6,26,6.5232,35.37,30.69,3.44
Delhi,2022,6,27,5.8908,36.4,42.39,3.22
Delhi,2022,6,28,5.0244,37.84,37.93,2.53
Delhi,2022,6,29,4.8871,38.36,39.37,3.08
Delhi,2022,6,30,1.05,30.97,74.53,3.52
Delhi,2022,7,1,3.4346,30.79,70.42,3.59
Delhi,2022,7,2,5.189,32.3,60.74,2.96
Delhi,2022,7,3,5.3988,33.75,56.24,3.47
Delhi,2022,7,4,5.5538,34.53,54.6,1.76
Delhi,2022,7,5,5.376,33.66,53.58,3.29
Delhi,2022,7,6,5.8531,34.57,49.95,4.53
Delhi,2022,7,7,6.6432,35.2,48.39,4.17
Delhi,2022,7,8,6.798,36.16,45.96,2.42
Delhi,2022,7,9,3.0336,32.89,55.44,3.99
Delhi,2022,7,10,4.4062,32.35,57.0,2.65
Delhi,2022,7,11,5.9141,34.47,52.85,2.22
Delhi,2022,7,12,3.7778,33.32,59.13,2.35
Delhi,2022,7,13,5.1305,34.47,54.07,2.14
Delhi,2022,7,14,5.8051,34.35,51.59,4.66
Delhi,2022,7,15,6.4927,35.0,46.73,5.56
Delhi,2022,7,16,3.1966,33.12,56.32,4.31
Delhi,2022,7,17,5.2418,34.61,53.58,3.32
Delhi,2022,7,18,6.4589,35.56,51.19,2.56
Delhi,2022,7,19,5.5956,35.77,51.94,1.8
Delhi,2022,7,20,2.3633,32.27,70.18,1.71
Delhi,2022,7,21,3.5558,29.13,81.61,1.57
Delhi,2022,7,22,4.0678,31.17,68.34,2.32
Delhi,2022,7,23,4.397,30.8,70.18,5.28
Delhi,2022,7,24,5.2877,30.8,67.0,5.18
Delhi,2022,7,25,5.5483,31.23,63.86,5.18
Delhi,2022,7,26,5.0503,30.62,69.13,4.33
Delhi,2022,7,27,4.5694,30.64,67.08,3.33
Delhi,2022,7,28,4.7916,29.7,77.7,2.15
Delhi,2022,7,29,3.305,29.5,78.73,1.88
Delhi,2022,7,30,3.799,29.62,77.14,2.03
Delhi,2022,7,31,4.4695,30.18,74.0,2.01
Delhi,2022,8,1,5.0054,29.86,76.28,2.74
Delhi,2022,8,2,6.0022,31.43,69.04,1.89
Delhi,2022,8,3,4.4635,31.91,65.37,1.12
Delhi,2022,8,4,3.5707,30.62,72.74,2.64
Delhi,2022,8,5,3.2042,30.23,73.22,2.76
Delhi,2022,8,6,3.8191,31.27,69.44,1.44
Delhi,2022,8,7,1.5684,28.84,80.31,2.57
Delhi,2022,8,8,5.9688,31.04,70.55,2.34
Delhi,2022,8,9,5.9815,31.63,65.84,2.54
Delhi,2022,8,10,6.3965,32.87,58.98,4.05
Delhi,2022,8,11,2.5157,30.11,67.52,6.07
Delhi,2022,8,12,6.1862,31.38,61.73,5.03
Delhi,2022,8,13,5.22,31.8,62.51,4.21
Delhi,2022,8,14,3.1094,31.25,67.19,2.55
Delhi,2022,8,15,4.5828,29.16,72.1,4.49
Delhi,2022,8,16,3.5376,29.98,67.42,8.4
Delhi,2022,8,17,5.7283,30.54,65.89,5.05
Delhi,2022,8,18,6.0722,31.77,63.11,2.99
Delhi,2022,8,19,5.7686,31.6,64.2,3.7
Delhi,2022,8,20,3.8834,30.25,68.16,1.2
Delhi,2022,8,21,5.1564,31.2,60.06,2.15
Delhi,2022,8,22,4.8974,32.14,61.29,3.53
Delhi,2022,8,23,5.2961,31.06,62.5,7.37
Delhi,2022,8,24,4.1669,30.26,65.17,4.19
Delhi,2022,8,25,5.2058,31.33,60.99,1.79
Delhi,2022,8,26,5.2615,31.39,60.74,3.49
Delhi,2022,8,27,5.7163,31.51,59.53,4.72
Delhi,2022,8,28,5.3561,31.76,56.93,3.51
Delhi,2022,8,29,4.7786,31.79,57.25,1.15
Delhi,2022,8,30,4.7479,31.12,65.19,1.52
Delhi,2022,8,31,5.4403,32.82,57.54,2.68
Delhi,2022,9,1,5.4024,33.06,57.59,2.16
Delhi,2022,9,2,4.5658,32.32,57.34,1.2
Delhi,2022,9,3,6.5309,32.29,54.97,3.67
Delhi,2022,9,4,6.5964,33.12,50.68,3.48
Delhi,2022,9,5,6.2455,32.43,54.32,2.41
Delhi,2022,9,6,5.5385,32.52,51.71,1.98
Delhi,2022,9,7,5.7386,32.84,49.65,2.38
Delhi,2022,9,8,5.4528,32.13,50.67,1.73
Delhi,2022,9,9,5.0174,32.52,52.12,1.41
Delhi,2022,9,10,4.5139,31.58,65.32,2.1
Delhi,2022,9,11,5.478,31.67,63.53,2.11
Delhi,2022,9,12,5.7022,31.25,60.07,3.1
Delhi,2022,9,13,5.34,31.07,60.18,4.72
Delhi,2022,9,14,3.2455,29.87,64.6,5.51
Delhi,2022,9,15,2.6359,27.75,80.04,4.87
Delhi,2022,9,16,2.0407,26.96,82.39,3.39
Delhi,2022,9,17,5.1041,29.02,69.68,2.74
Delhi,2022,9,18,5.359,29.32,65.33,2.43
Delhi,2022,9,19,3.5083,29.2,66.75,2.1
Delhi,2022,9,20,3.8023,29.6,74.24,1.41
Delhi,2022,9,21,2.4118,28.74,78.67,2.16
Delhi,2022,9,22,1.6697,27.68,87.84,3.38
Delhi,2022,9,23,1.6687,26.94,89.98,3.78
Delhi,2022,9,24,1.2178,26.32,90.98,4.14
Delhi,2022,9,25,3.5302,27.25,82.97,2.71
Delhi,2022,9,26,5.0976,26.52,83.96,2.65
Delhi,2022,9,27,5.6582,26.55,80.53,2.56
Delhi,2022,9,28,5.4758,27.18,77.51,1.89
Delhi,2022,9,29,5.491,26.93,78.98,2.07
Delhi,2022,9,30,5.2754,26.49,82.0,2.24
Delhi,2022,10,1,5.2694,26.85,74.76,2.05
Delhi,2022,10,2,5.4996,26.28,73.05,2.55
Delhi,2022,10,3,5.6266,25.04,75.61,3.84
Delhi,2022,10,4,4.9718,26.22,72.23,2.04
Delhi,2022,10,5,3.9113,27.65,76.26,1.63
Delhi,2022,10,6,3.6454,25.75,86.38,1.98
Delhi,2022,10,7,1.7846,24.71,91.74,2.31
Delhi,2022,10,8,1.1674,24.6,93.26,3.61
Delhi,2022,10,9,1.5662,24.15,94.75,5.76
Delhi,2022,10,10,1.6154,24.5,90.14,3.31
Delhi,2022,10,11,3.5866,24.94,81.36,1.2
Delhi,2022,10,12,4.783,24.09,79.6,1.77
Delhi,2022,10,13,5.215,22.83,80.26,2.64
Delhi,2022,10,14,5.0825,22.22,78.83,2.85
Delhi,2022,10,15,5.0282,23.33,71.25,1.77
Delhi,2022,10,16,4.8324,24.21,63.27,1.03
Delhi,2022,10,17,4.9567,23.28,66.79,1.6
Delhi,2022,10,18,4.9531,23.44,60.22,1.51
Delhi,2022,10,19,5.0868,22.77,68.26,1.87
Delhi,2022,10,20,4.9142,22.7,71.88,1.81
Delhi,2022,10,21,4.9282,23.26,64.43,2.25
Delhi,2022,10,22,4.6459,22.24,65.23,2.12
Delhi,2022,10,23,4.5475,21.91,61.67,1.39
Delhi,2022,10,24,4.8202,21.03,68.06,2.68
Delhi,2022,10,25,4.89,20.74,66.29,3.15
Delhi,2022,10,26,4.7227,22.09,60.89,1.84
Delhi,2022,10,27,4.5278,22.4,62.56,1.65
Delhi,2022,10,28,4.2216,21.98,66.16,1.71
Delhi,2022,10,29,3.7044,22.41,60.24,1.46
Delhi,2022,10,30,3.937,21.59,56.42,1.4
Delhi,2022,10,31,4.0068,21.64,61.93,1.46
Delhi,2022,11,1,3.9084,21.38,71.77,1.91
Delhi,2022,11,2,4.0596,21.47,77.83,2.24
Delhi,2022,11,3,3.5784,21.2,74.07,2.94
Delhi,2022,11,4,3.45,21.73,76.75,2.07
Delhi,2022,11,5,3.551,20.5,88.03,3.07
Delhi,2022,11,6,3.7046,21.3,86.38,2.24
Delhi,2022,11,7,3.972,22.41,84.69,1.58
Delhi,2022,11,8,2.7938,20.92,83.85,2.14
Delhi,2022,11,9,3.2892,21.43,76.08,1.46
Delhi,2022,11,10,3.1066,21.16,72.78,1.83
Delhi,2022,11,11,3.6089,18.5,73.22,3.76
Delhi,2022,11,12,4.2079,17.99,67.72,4.04
Delhi,2022,11,13,3.8724,18.45,64.46,2.96
Delhi,2022,11,14,3.7409,19.06,66.62,2.22
Delhi,2022,11,15,3.4651,19.16,73.5,2.64
Delhi,2022,11,16,3.558,18.0,72.76,3.56
Delhi,2022,11,17,3.9122,16.44,69.83,3.93
Delhi,2022,11,18,4.0618,16.49,63.39,2.7
Delhi,2022,11,19,3.7649,16.82,60.4,1.68
Delhi,2022,11,20,3.6108,16.15,66.17,2.91
Delhi,2022,11,21,3.973,16.4,68.49,3.57
Delhi,2022,11,22,4.1928,15.99,60.63,3.35
Delhi,2022,11,23,4.1784,15.54,58.18,3.8
Delhi,2022,11,24,4.1378,16.42,52.61,2.92
Delhi,2022,11,25,4.0162,17.31,52.16,2.14
Delhi,2022,11,26,3.875,15.76,60.37,3.65
Delhi,2022,11,27,3.816,16.13,56.38,2.48
Delhi,2022,11,28,3.6264,17.05,49.98,1.81
Delhi,2022,11,29,3.2854,17.26,49.01,1.32
Delhi,2022,11,30,3.0358,16.42,63.59,2.32
Delhi,2022,12,1,3.4118,16.42,59.76,2.49
Delhi,2022,12,2,3.3514,17.49,53.26,1.33
Delhi,2022,12,3,3.151,17.39,54.64,0.91
Delhi,2022,12,4,2.8594,16.67,59.55,1.95
Delhi,2022,12,5,3.4601,15.57,55.02,2.41
Delhi,2022,12,6,3.6446,14.0,59.95,3.97
Delhi,2022,12,7,3.8261,13.56,58.49,4.36
Delhi,2022,12,8,3.6698,14.21,58.2,3.25
Delhi,2022,12,9,3.6014,16.09,56.67,2.66
Delhi,2022,12,10,3.497,16.56,65.35,2.89
Delhi,2022,12,11,3.7414,16.66,62.05,3.45
Delhi,2022,12,12,3.959,16.45,57.36,4.0
Delhi,2022,12,13,4.0212,16.07,54.98,4.85
Delhi,2022,12,14,4.0841,14.37,56.61,4.75
Delhi,2022,12,15,4.0778,13.24,52.39,3.66
Delhi,2022,12,16,3.9305,14.14,50.0,2.87
Delhi,2022,12,17,3.7474,14.69,46.65,2.55
Delhi,2022,12,18,3.2477,14.48,50.25,2.3
Delhi,2022,12,19,2.8166,14.11,53.82,2.26
Delhi,2022,12,20,2.9945,13.47,55.09,2.81
Delhi,2022,12,21,3.1363,13.39,56.14,2.51
Delhi,2022,12,22,2.9234,12.6,56.6,3.04
Delhi,2022,12,23,2.8178,13.02,55.67,2.55
Delhi,2022,12,24,3.025,11.84,57.56,3.88
Delhi,2022,12,25,3.0077,10.11,59.78,3.5
Delhi,2022,12,26,1.739,11.23,59.02,3.0
Delhi,2022,12,27,2.9873,11.67,52.94,4.44
Delhi,2022,12,28,3.8155,12.54,48.07,5.17
Delhi,2022,12,29,3.2162,14.02,53.38,2.43
Delhi,2022,12,30,2.3112,14.9,58.05,2.25
Delhi,2022,12,31,3.0643,12.67,68.97,4.06
Delhi,2023,1,1,3.0706,12.9,49.9,1.7
Delhi,2023,1,2,1.849,12.26,51.83,1.67
Delhi,2023,1,3,1.9087,9.98,54.61,2.95
Delhi,2023,1,4,1.931,8.57,58.24,2.65
Delhi,2023,1,5,1.7275,8.75,59.63,2.5
Delhi,2023,1,6,2.359,8.74,54.41,2.4
Delhi,2023,1,7,2.928,9.69,48.08,3.25
Delhi,2023,1,8,2.6076,12.35,44.61,3.12
Delhi,2023,1,9,2.2094,13.14,47.41,2.57
Delhi,2023,1,10,2.4528,12.82,53.16,3.23
Delhi,2023,1,11,2.5339,13.51,64.57,2.62
Delhi,2023,1,12,3.1118,13.82,73.58,3.02
Delhi,2023,1,13,2.1934,16.43,73.27,2.64
Delhi,2023,1,14,2.8246,12.35,56.25,3.75
Delhi,2023,1,15,4.3116,7.77,39.37,3.75
Delhi,2023,1,16,4.1911,8.92,42.56,3.42
Delhi,2023,1,17,4.129,8.98,42.16,3.63
Delhi,2023,1,18,4.0874,9.25,37.57,2.66
Delhi,2023,1,19,3.5753,11.7,44.03,1.69
Delhi,2023,1,20,3.1001,13.01,55.44,2.12
Delhi,2023,1,21,3.1925,14.18,59.32,1.5
Delhi,2023,1,22,2.802,15.17,52.26,1.79
Delhi,2023,1,23,2.9232,16.07,52.71,2.2
Delhi,2023,1,24,1.5062,15.89,80.09,3.74
Delhi,2023,1,25,1.087,16.17,80.75,2.17
Delhi,2023,1,26,1.7513,14.78,61.48,3.53
Delhi,2023,1,27,4.1558,11.84,49.23,3.89
Delhi,2023,1,28,4.614,13.1,40.56,3.19
Delhi,2023,1,29,0.948,14.95,45.38,2.94
Delhi,2023,1,30,1.9882,13.12,71.39,2.73
Delhi,2023,1,31,3.5784,14.2,75.93,4.3
Delhi,2023,2,1,4.8019,13.03,60.64,4.57
Delhi,2023,2,2,4.8605,14.1,51.38,4.46
Delhi,2023,2,3,4.6536,15.01,49.12,3.77
Delhi,2023,2,4,4.6913,16.33,47.67,4.33
Delhi,2023,2,5,4.759,17.03,54.52,3.6
Delhi,2023,2,6,4.663,18.89,43.21,2.41
Delhi,2023,2,7,4.589,17.33,48.27,4.11
Delhi,2023,2,8,4.8955,15.54,41.86,3.86
Delhi,2023,2,9,4.7935,17.4,37.91,3.01
Delhi,2023,2,10,4.7196,18.28,48.72,2.95
Delhi,2023,2,11,4.4126,18.34,48.9,3.28
Delhi,2023,2,12,5.2339,15.02,35.73,4.66
Delhi,2023,2,13,5.436,14.46,30.08,6.62
Delhi,2023,2,14,4.957,16.48,31.98,4.58
Delhi,2023,2,15,5.1334,18.5,39.76,4.54
Delhi,2023,2,16,4.7059,19.38,45.6,1.93
Delhi,2023,2,17,4.175,21.16,44.72,1.64
Delhi,2023,2,18,4.8288,21.1,40.2,2.11
Delhi,2023,2,19,4.6927,22.42,30.93,1.33
Delhi,2023,2,20,4.8874,22.51,35.46,2.44
Delhi,2023,2,21,5.233,20.51,38.61,2.65
Delhi,2023,2,22,4.1969,20.45,39.34,3.17
Delhi,2023,2,23,5.4458,19.66,34.42,4.07
Delhi,2023,2,24,4.8199,19.93,34.05,3.31
Delhi,2023,2,25,5.3117,21.51,35.53,2.35
Delhi,2023,2,26,5.219,23.46,31.11,1.55
Delhi,2023,2,27,5.1809,23.2,36.6,2.19
Delhi,2023,2,28,4.885,22.43,39.87,2.22
Delhi,2023,3,1,4.0937,22.61,39.55,2.27
Delhi,2023,3,2,5.3117,23.1,41.26,3.16
Delhi,2023,3,3,5.4098,23.72,43.25,3.95
Delhi,2023,3,4,3.4694,22.69,41.03,3.6
Delhi,2023,3,5,5.5831,22.69,40.7,3.63
Delhi,2023,3,6,5.8531,22.67,37.77,3.63
Delhi,2023,3,7,5.5368,23.2,33.66,2.41
Delhi,2023,3,8,5.165,24.22,32.63,1.38
Delhi,2023,3,9,4.6795,23.56,41.47,1.08
Delhi,2023,3,10,5.4799,23.32,38.86,2.36
Delhi,2023,3,11,5.7888,24.21,30.56,1.91
Delhi,2023,3,12,5.8301,25.53,31.8,1.65
Delhi,2023,3,13,4.9498,24.72,36.35,1.94
Delhi,2023,3,14,5.7737,25.13,37.5,2.76
Delhi,2023,3,15,5.3234,26.49,31.49,1.35
Delhi,2023,3,16,3.9216,25.37,35.87,3.68
Delhi,2023,3,17,3.4195,24.25,46.96,2.97
Delhi,2023,3,18,2.7504,21.62,61.9,2.19
Delhi,2023,3,19,4.4347,23.36,53.65,1.78
Delhi,2023,3,20,2.8474,20.68,68.31,1.52
Delhi,2023,3,21,3.917,20.28,72.56,1.94
Delhi,2023,3,22,5.063,21.96,55.12,2.24
Delhi,2023,3,23,5.9832,23.38,48.37,3.04
Delhi,2023,3,24,3.3989,24.32,52.51,2.73
Delhi,2023,3,25,5.7487,23.57,57.77,2.62
Delhi,2023,3,26,6.0355,24.1,46.74,3.63
Delhi,2023,3,27,6.4301,22.77,43.64,3.87
Delhi,2023,3,28,6.5054,23.61,40.02,3.49
Delhi,2023,3,29,5.1557,26.11,36.38,1.64
Delhi,2023,3,30,5.1943,25.95,46.76,2.37
Delhi,2023,3,31,4.7059,21.15,76.48,1.82
Delhi,2023,4,1,6.1466,22.84,61.31,2.25
Delhi,2023,4,2,5.6446,24.2,51.41,2.79
Delhi,2023,4,3,6.3432,26.08,47.68,1.96
Delhi,2023,4,4,6.3442,24.87,50.88,3.36
Delhi,2023,4,5,6.6713,24.94,42.52,3.6
Delhi,2023,4,6,6.888,25.28,34.95,4.51
Delhi,2023,4,7,6.6271,25.12,32.25,4.73
Delhi,2023,4,8,7.2014,24.95,28.27,3.68
Delhi,2023,4,9,7.2125,26.06,28.85,3.13
Delhi,2023,4,10,6.8448,26.28,29.81,3.61
Delhi,2023,4,11,7.1503,27.73,31.24,4.25
Delhi,2023,4,12,6.493,29.67,33.94,4.3
Delhi,2023,4,13,7.0416,29.32,32.07,3.67
Delhi,2023,4,14,6.6024,30.25,28.77,2.72
Delhi,2023,4,15,7.086,31.56,25.2,2.06
Delhi,2023,4,16,6.6302,32.03,28.85,2.47
Delhi,2023,4,17,7.3202,32.95,25.81,2.48
Delhi,2023,4,18,7.0051,32.3,30.89,3.12
Delhi,2023,4,19,6.3691,30.95,37.44,3.09
Delhi,2023,4,20,6.2126,30.07,41.33,2.84
Delhi,2023,4,21,6.2249,28.83,38.65,2.23
Delhi,2023,4,22,7.1837,28.12,32.02,2.72
Delhi,2023,4,23,4.7148,25.39,35.22,3.97
Delhi,2023,4,24,5.7444,26.77,37.8,2.85
Delhi,2023,4,25,6.6463,27.75,32.79,2.25
Delhi,2023,4,26,5.7785,29.53,31.43,1.26
Delhi,2023,4,27,5.569,28.14,35.13,3.51
Delhi,2023,4,28,3.6036,28.32,38.21,1.99
Delhi,2023,4,29,3.7274,27.53,43.24,3.11
Delhi,2023,4,30,3.427,25.92,57.83,1.67
Delhi,2023,5,1,2.1509,22.81,74.94,4.21
Delhi,2023,5,2,3.8986,23.67,72.98,3.01
Delhi,2023,5,3,4.0584,25.5,61.79,1.85
Delhi,2023,5,4,6.7666,27.78,50.06,1.13
Delhi,2023,5,5,6.3809,27.85,42.94,2.42
Delhi,2023,5,6,5.9287,29.67,40.17,3.73
Delhi,2023,5,7,6.6036,31.39,34.03,2.41
Delhi,2023,5,8,7.0946,31.34,28.25,2.53
Delhi,2023,5,9,7.8314,28.92,26.05,4.32
Delhi,2023,5,10,7.9879,28.78,25.28,4.29
Delhi,2023,5,11,7.7698,30.73,22.89,2.11
Delhi,2023,5,12,7.6248,31.0,22.11,2.25
Delhi,2023,5,13,7.2559,33.0,23.93,2.04
Delhi,2023,5,14,6.5911,34.06,23.48,2.58
Delhi,2023,5,15,7.2432,33.55,26.34,4.08
Delhi,2023,5,16,5.7773,33.41,27.27,5.07
Delhi,2023,5,17,5.9479,34.15,30.84,3.73
Delhi,2023,5,18,6.9478,31.87,40.45,4.61
Delhi,2023,5,19,7.7438,31.81,33.65,5.43
Delhi,2023,5,20,7.7467,32.92,28.84,4.32
Delhi,2023,5,21,7.4148,35.13,23.75,2.45
Delhi,2023,5,22,7.2893,35.86,26.36,5.68
Delhi,2023,5,23,6.8477,36.99,27.02,4.71
Delhi,2023,5,24,4.3452,34.53,35.4,2.55
Delhi,2023,5,25,6.6742,32.83,40.34,2.3
Delhi,2023,5,26,6.4414,29.28,56.46,2.77
Delhi,2023,5,27,5.4828,30.39,49.56,2.96
Delhi,2023,5,28,5.8339,29.96,46.21,2.27
Delhi,2023,5,29,4.8854,30.75,47.53,2.36
Delhi,2023,5,30,6.4526,30.95,46.19,2.71
Delhi,2023,5,31,6.3583,28.78,52.24,3.82
Delhi,2023,6,1,5.6066,29.85,45.75,3.42
Delhi,2023,6,2,7.2914,30.62,43.61,4.06
Delhi,2023,6,3,7.439,31.11,38.11,3.96
Delhi,2023,6,4,4.4054,28.31,44.91,2.46
Delhi,2023,6,5,6.8832,32.41,38.38,3.54
Delhi,2023,6,6,6.8004,33.34,35.91,2.64
Delhi,2023,6,7,7.1326,33.67,33.3,3.09
Delhi,2023,6,8,7.0534,34.33,33.32,4.42
Delhi,2023,6,9,7.3123,35.76,32.22,4.03
Delhi,2023,6,10,7.0382,36.9,34.46,4.15
Delhi,2023,6,11,7.1081,36.48,35.48,4.96
Delhi,2023,6,12,6.9454,36.84,34.05,5.21
Delhi,2023,6,13,7.5607,38.15,32.25,6.76
Delhi,2023,6,14,7.5067,37.41,32.56,7.55
Delhi,2023,6,15,6.5059,35.85,37.49,6.55
Delhi,2023,6,16,5.7166,35.69,40.38,3.73
Delhi,2023,6,17,5.7811,35.92,38.57,3.23
Delhi,2023,6,18,5.952,34.84,43.29,2.7
Delhi,2023,6,19,3.2506,34.09,49.0,4.55
Delhi,2023,6,20,6.2974,33.85,53.21,3.14
Delhi,2023,6,21,5.2639,33.7,52.31,2.01
Delhi,2023,6,22,5.2829,34.97,53.23,2.15
Delhi,2023,6,23,4.5178,35.7,51.88,2.03
Delhi,2023,6,24,3.378,33.25,61.75,2.78
Delhi,2023,6,25,1.2562,30.18,75.39,1.9
Delhi,2023,6,26,3.6425,31.51,64.3,2.49
Delhi,2023,6,27,4.9092,31.99,58.87,2.36
Delhi,2023,6,28,4.9634,32.08,62.15,3.27
Delhi,2023,6,29,4.4066,31.34,65.67,3.69
Delhi,2023,6,30,4.7052,30.53,71.64,3.0
Delhi,2023,7,1,5.1842,30.63,67.02,2.71
Delhi,2023,7,2,5.4358,32.32,60.67,2.58
Delhi,2023,7,3,6.0828,33.95,51.79,2.29
Delhi,2023,7,4,4.3003,34.74,52.13,2.37
Delhi,2023,7,5,4.771,32.83,61.69,3.08
Delhi,2023,7,6,3.3293,29.63,77.8,3.26
Delhi,2023,7,7,4.3198,30.36,74.44,2.9
Delhi,2023,7,8,2.233,29.26,83.53,4.0
Delhi,2023,7,9,2.73,29.71,83.7,3.48
Delhi,2023,7,10,3.5786,30.42,80.0,2.51
Delhi,2023,7,11,3.7027,30.64,77.05,1.38
Delhi,2023,7,12,4.1808,30.4,79.2,1.39
Delhi,2023,7,13,4.571,29.91,79.74,2.62
Delhi,2023,7,14,3.8376,29.44,81.43,1.03
Delhi,2023,7,15,3.3977,29.23,81.91,1.9
Delhi,2023,7,16,5.0786,30.7,73.97,0.93
Delhi,2023,7,17,4.0428,31.66,72.45,1.18
Delhi,2023,7,18,2.79,29.79,83.76,2.94
Delhi,2023,7,19,5.7002,29.57,80.5,3.23
Delhi,2023,7,20,6.6058,31.64,74.25,1.9
Delhi,2023,7,21,4.4527,31.28,77.04,2.34
Delhi,2023,7,22,5.1252,30.22,79.53,4.36
Delhi,2023,7,23,5.9998,30.04,79.24,3.97
Delhi,2023,7,24,6.2683,30.43,76.87,3.43
Delhi,2023,7,25,4.8979,30.3,81.69,2.04
Delhi,2023,7,26,2.1156,30.28,79.43,1.66
Delhi,2023,7,27,5.1775,29.08,86.57,1.43
Delhi,2023,7,28,3.9295,28.54,84.17,1.29
Delhi,2023,7,29,4.1098,29.03,85.31,1.33
Delhi,2023,7,30,5.6434,29.48,85.38,1.76
Delhi,2023,7,31,5.4631,30.09,80.36,2.53
Delhi,2023,8,1,6.4584,30.44,79.04,3.19
Delhi,2023,8,2,4.7489,30.3,81.74,2.62
Delhi,2023,8,3,4.9675,30.04,82.98,2.18
Delhi,2023,8,4,2.85,29.47,86.9,1.85
Delhi,2023,8,5,3.7608,29.14,87.47,3.04
Delhi,2023,8,6,5.627,29.54,82.55,3.97
Delhi,2023,8,7,4.7496,29.09,83.21,4.87
Delhi,2023,8,8,4.596,29.18,83.34,4.78
Delhi,2023,8,9,4.5809,29.4,82.24,3.66
Delhi,2023,8,10,4.6927,29.41,80.94,2.74
Delhi,2023,8,11,5.5046,29.61,79.76,2.54
Delhi,2023,8,12,6.2587,29.26,77.8,3.92
Delhi,2023,8,13,4.5031,29.14,79.32,3.99
Delhi,2023,8,14,4.2653,27.32,84.72,2.93
Delhi,2023,8,15,4.4794,29.0,79.44,1.18
Delhi,2023,8,16,5.4125,29.69,78.71,2.73
Delhi,2023,8,17,5.9333,30.09,78.77,3.37
Delhi,2023,8,18,5.863,30.16,79.09,2.47
Delhi,2023,8,19,3.7582,29.79,83.55,2.19
Delhi,2023,8,20,6.085,30.75,76.48,2.22
Delhi,2023,8,21,5.6045,30.84,74.77,1.5
Delhi,2023,8,22,2.9712,29.98,83.99,2.21
Delhi,2023,8,23,0.7843,28.24,88.99,3.34
Delhi,2023,8,24,4.1777,28.21,82.74,3.21
Delhi,2023,8,25,5.4744,28.5,79.39,3.67
Delhi,2023,8,26,5.7442,28.9,76.79,3.76
Delhi,2023,8,27,5.8356,28.74,75.44,3.89
Delhi,2023,8,28,5.5814,29.43,75.67,3.17
Delhi,2023,8,29,6.0814,29.29,75.3,2.89
Delhi,2023,8,30,6.0269,29.1,76.36,2.72
Delhi,2023,8,31,6.0252,29.34,74.95,2.17
Delhi,2023,9,1,6.1046,29.48,70.49,2.92
Delhi,2023,9,2,6.5234,28.86,69.4,3.45
Delhi,2023,9,3,6.6182,28.73,67.26,2.84
Delhi,2023,9,4,6.4594,29.01,68.92,3.11
Delhi,2023,9,5,6.1351,29.8,73.61,2.18
Delhi,2023,9,6,4.2245,30.11,69.81,2.22
Delhi,2023,9,7,5.6858,30.38,66.06,2.14
Delhi,2023,9,8,5.1353,29.12,72.01,2.33
Delhi,2023,9,9,3.1711,27.89,83.45,3.65
Delhi,2023,9,10,2.639,27.04,90.71,3.68
Delhi,2023,9,11,4.3082,27.48,85.42,2.96
Delhi,2023,9,12,4.7938,28.31,82.44,2.09
Delhi,2023,9,13,4.8866,29.06,82.63,1.35
Delhi,2023,9,14,5.111,29.45,83.88,1.99
Delhi,2023,9,15,3.8407,28.93,84.72,2.45
Delhi,2023,9,16,2.9573,26.82,87.34,4.65
Delhi,2023,9,17,4.0807,26.98,89.83,4.75
Delhi,2023,9,18,5.4024,27.24,84.07,5.2
Delhi,2023,9,19,5.725,28.35,81.18,2.84
Delhi,2023,9,20,5.429,29.3,77.3,1.38
Delhi,2023,9,21,4.7767,29.58,76.85,1.41
Delhi,2023,9,22,5.0549,29.17,78.5,1.73
Delhi,2023,9,23,3.8275,28.81,80.88,1.81
Delhi,2023,9,24,4.1249,28.26,79.68,1.59
Delhi,2023,9,25,5.3609,28.61,74.11,1.37
Delhi,2023,9,26,5.3134,27.77,73.99,1.91
Delhi,2023,9,27,5.6443,26.75,73.12,2.55
Delhi,2023,9,28,5.7991,25.73,73.62,2.48
Delhi,2023,9,29,5.7343,25.83,63.19,1.84
Delhi,2023,9,30,5.6186,26.26,61.83,2.83
Delhi,2023,10,1,5.3038,25.55,62.69,3.13
Delhi,2023,10,2,5.6604,25.44,58.1,3.52
Delhi,2023,10,3,5.7799,24.21,54.42,3.5
Delhi,2023,10,4,5.6294,24.48,59.09,3.25
Delhi,2023,10,5,5.6566,25.43,62.27,2.63
Delhi,2023,10,6,5.7629,25.17,59.55,2.88
Delhi,2023,10,7,5.5255,26.32,59.96,2.24
Delhi,2023,10,8,5.4271,27.71,58.28,2.24
Delhi,2023,10,9,5.2634,28.38,61.7,2.28
Delhi,2023,10,10,5.2466,27.98,62.97,1.68
Delhi,2023,10,11,5.443,25.97,57.89,3.14
Delhi,2023,10,12,5.3894,25.37,54.62,2.33
Delhi,2023,10,13,5.141,26.34,50.78,2.16
Delhi,2023,10,14,4.9361,27.22,49.83,1.99
Delhi,2023,10,15,4.4597,26.61,54.6,1.59
Delhi,2023,10,16,3.3792,23.96,69.61,3.32
Delhi,2023,10,17,2.7847,23.67,62.92,2.87
Delhi,2023,10,18,4.7347,22.55,62.52,3.3
Delhi,2023,10,19,5.0645,22.6,59.88,3.1
Delhi,2023,10,20,4.823,22.74,59.19,2.49
Delhi,2023,10,21,4.6135,22.61,54.65,2.33
Delhi,2023,10,22,4.3512,23.49,49.86,2.01
Delhi,2023,10,23,4.3966,23.12,58.36,2.57
Delhi,2023,10,24,4.403,23.67,57.87,2.52
Delhi,2023,10,25,4.3603,23.59,56.08,2.93
Delhi,2023,10,26,4.5991,23.14,56.8,2.79
Delhi,2023,10,27,4.6858,23.26,46.05,2.44
Delhi,2023,10,28,3.9223,24.05,46.53,1.86
Delhi,2023,10,29,4.2878,24.41,46.55,1.95
Delhi,2023,10,30,4.1561,24.15,51.63,2.18
Delhi,2023,10,31,3.6442,24.23,52.61,1.9
Delhi,2023,11,1,3.8654,25.21,45.91,1.48
Delhi,2023,11,2,3.5741,23.52,48.95,1.99
Delhi,2023,11,3,3.0338,23.21,52.72,1.95
Delhi,2023,11,4,2.928,23.43,54.4,2.35
Delhi,2023,11,5,2.455,22.91,44.19,1.41
Delhi,2023,11,6,3.1147,22.99,40.14,1.62
Delhi,2023,11,7,3.3228,22.76,40.98,1.67
Delhi,2023,11,8,3.277,22.62,54.16,2.1
Delhi,2023,11,9,2.893,23.5,53.03,2.22
Delhi,2023,11,10,1.7489,21.76,60.4,2.16
Delhi,2023,11,11,3.545,19.86,62.83,3.21
Delhi,2023,11,12,3.9943,19.69,62.63,3.15
Delhi,2023,11,13,3.3962,19.56,55.34,2.29
Delhi,2023,11,14,2.3395,19.23,49.58,2.38
Delhi,2023,11,15,2.701,18.79,56.24,2.48
Delhi,2023,11,16,2.5246,20.29,54.99,1.83
Delhi,2023,11,17,2.7547,20.89,54.19,1.94
Delhi,2023,11,18,2.963,20.1,50.87,1.94
Delhi,2023,11,19,2.9527,19.81,47.51,1.53
Delhi,2023,11,20,2.8186,19.73,51.79,2.33
Delhi,2023,11,21,2.8802,18.79,58.46,3.62
Delhi,2023,11,22,3.1171,17.72,57.83,3.25
Delhi,2023,11,23,3.4181,19.14,45.43,1.22
Delhi,2023,11,24,3.0636,18.96,45.35,1.27
Delhi,2023,11,25,2.5428,19.05,46.12,1.63
Delhi,2023,11,26,2.4629,18.74,49.09,1.82
Delhi,2023,11,27,1.3937,17.36,53.86,2.76
Delhi,2023,11,28,1.3522,18.6,54.48,1.75
Delhi,2023,11,29,2.3726,18.52,58.2,1.7
Delhi,2023,11,30,2.237,19.59,62.39,1.77
Delhi,2023,12,1,2.5951,20.56,62.8,1.32
Delhi,2023,12,2,2.8579,18.99,63.91,1.98
Delhi,2023,12,3,2.7934,18.8,59.65,2.02
Delhi,2023,12,4,2.4785,19.11,62.34,1.67
Delhi,2023,12,5,3.4346,18.09,58.35,2.83
Delhi,2023,12,6,3.4651,18.16,52.21,2.09
Delhi,2023,12,7,3.0362,18.32,50.68,2.29
Delhi,2023,12,8,3.1351,17.01,51.16,3.06
Delhi,2023,12,9,3.4639,16.11,46.4,3.51
Delhi,2023,12,10,3.6518,15.25,45.78,3.97
Delhi,2023,12,11,3.4882,15.48,40.43,1.68
Delhi,2023,12,12,3.1442,15.92,41.94,1.39
Delhi,2023,12,13,3.3746,15.54,41.68,2.22
Delhi,2023,12,14,3.0679,14.26,48.47,3.56
Delhi,2023,12,15,3.4104,16.05,44.56,1.76
Delhi,2023,12,16,3.4637,15.46,45.53,1.91
Delhi,2023,12,17,3.2364,14.65,49.26,2.65
Delhi,2023,12,18,3.5424,13.86,54.58,4.34
Delhi,2023,12,19,3.9072,13.17,47.23,4.17
Delhi,2023,12,20,3.1034,12.97,44.1,3.02
Delhi,2023,12,21,3.401,13.14,43.66,3.23
Delhi,2023,12,22,3.1469,14.89,41.04,1.65
Delhi,2023,12,23,2.6981,16.27,43.96,2.25
Delhi,2023,12,24,2.5402,16.72,51.16,1.59
Delhi,2023,12,25,2.8267,15.17,54.15,3.03
Delhi,2023,12,26,2.6172,15.28,55.02,2.65
Delhi,2023,12,27,2.0484,15.23,55.52,1.72
Delhi,2023,12,28,1.9092,14.45,58.29,1.46
Delhi,2023,12,29,0.9823,15.35,51.45,1.35
Delhi,2023,12,30,1.4146,14.8,51.85,1.64
Delhi,2023,12,31,0.6799,13.8,49.72,1.25
Delhi,2024,1,1,2.0052,12.19,59.47,2.34
Delhi,2024,1,2,2.4362,12.34,56.57,2.25
Delhi,2024,1,3,1.1086,13.09,45.68,1.79
Delhi,2024,1,4,0.5794,11.26,60.43,1.87
Delhi,2024,1,5,0.6936,11.51,68.29,1.57
Delhi,2024,1,6,1.3721,11.67,69.21,1.32
Delhi,2024,1,7,1.8859,11.21,72.18,1.6
Delhi,2024,1,8,1.4551,13.99,57.67,1.44
Delhi,2024,1,9,0.9569,13.13,58.17,1.8
Delhi,2024,1,10,2.8865,11.66,55.33,3.84
Delhi,2024,1,11,3.247,10.61,53.14,3.3
Delhi,2024,1,12,3.2042,11.2,47.98,3.25
Delhi,2024,1,13,2.4214,12.81,42.54,2.48
Delhi,2024,1,14,2.5723,11.84,43.3,2.94
Delhi,2024,1,15,3.2585,11.46,45.32,2.42
Delhi,2024,1,16,1.686,12.15,43.45,2.16
Delhi,2024,1,17,2.7955,12.0,42.26,2.21
Delhi,2024,1,18,2.0148,12.41,45.61,1.38
Delhi,2024,1,19,1.1033,12.52,49.3,1.61
Delhi,2024,1,20,2.226,12.29,49.95,1.34
Delhi,2024,1,21,2.4955,11.12,53.01,3.67
Delhi,2024,1,22,2.6933,11.83,38.7,1.64
Delhi,2024,1,23,2.2296,13.07,39.27,2.15
Delhi,2024,1,24,2.394,12.49,45.28,2.06
Delhi,2024,1,25,2.3774,12.77,45.75,1.6
Delhi,2024,1,26,2.7799,14.99,38.05,1.13
Delhi,2024,1,27,4.045,14.78,38.48,4.0
Delhi,2024,1,28,1.8422,14.25,44.64,2.38
Delhi,2024,1,29,3.0454,15.37,44.84,2.0
Delhi,2024,1,30,1.9082,16.16,42.92,1.46
Delhi,2024,1,31,1.6234,16.08,50.07,1.86
Delhi,2024,2,1,2.2442,14.26,73.16,4.13
Delhi,2024,2,2,3.5004,13.83,57.25,3.34
Delhi,2024,2,3,3.1481,15.72,39.92,3.22
Delhi,2024,2,4,1.7863,15.03,83.36,1.98
Delhi,2024,2,5,3.0072,15.45,66.77,2.73
Delhi,2024,2,6,4.5958,12.68,41.28,4.07
Delhi,2024,2,7,4.0034,12.76,41.85,4.47
Delhi,2024,2,8,4.7719,12.51,42.24,5.72
Delhi,2024,2,9,5.1379,14.35,35.15,2.63
Delhi,2024,2,10,4.7323,15.69,33.51,1.34
Delhi,2024,2,11,4.3337,15.07,42.52,2.18
Delhi,2024,2,12,3.0341,16.91,40.35,1.33
Delhi,2024,2,13,2.8493,17.65,34.89,1.3
Delhi,2024,2,14,3.937,16.78,41.28,2.36
Delhi,2024,2,15,4.4138,16.76,45.43,2.65
Delhi,2024,2,16,4.7198,16.74,37.97,2.61
Delhi,2024,2,17,5.0522,17.34,33.27,3.17
Delhi,2024,2,18,4.3495,19.55,30.47,2.52
Delhi,2024,2,19,3.9574,19.88,37.77,4.8
Delhi,2024,2,20,3.829,20.6,55.19,2.08
Delhi,2024,2,21,4.3915,17.72,35.78,3.11
Delhi,2024,2,22,5.0422,17.08,35.52,3.0
Delhi,2024,2,23,5.5123,15.79,38.54,3.43
Delhi,2024,2,24,4.6171,17.01,33.89,2.48
Delhi,2024,2,25,4.4786,17.31,31.93,2.62
Delhi,2024,2,26,3.4879,18.28,33.2,3.27
Delhi,2024,2,27,4.1297,17.51,50.0,3.66
Delhi,2024,2,28,5.5913,18.15,46.72,4.12
Delhi,2024,2,29,5.8231,18.77,37.17,3.57
Delhi,2024,3,1,4.3296,22.17,36.53,2.39
Delhi,2024,3,2,3.8201,20.11,60.49,5.09
Delhi,2024,3,3,3.5143,18.56,69.75,2.46
Delhi,2024,3,4,5.9338,15.19,37.01,3.28
Delhi,2024,3,5,5.693,14.65,31.26,3.95
Delhi,2024,3,6,5.0203,15.48,33.17,3.57
Delhi,2024,3,7,5.7667,17.8,36.77,3.39
Delhi,2024,3,8,5.6414,18.99,37.41,3.65
Delhi,2024,3,9,6.1224,18.67,37.46,4.03
Delhi,2024,3,10,5.1715,19.97,35.94,2.71
Delhi,2024,3,11,5.831,22.55,31.04,1.97
Delhi,2024,3,12,5.6611,23.13,34.67,2.88
Delhi,2024,3,13,5.4324,23.08,34.57,3.28
Delhi,2024,3,14,5.7254,22.51,35.78,3.04
Delhi,2024,3,15,6.3852,21.98,34.23,4.25
Delhi,2024,3,16,5.9074,20.45,28.67,2.68
Delhi,2024,3,17,5.5286,21.4,26.27,2.71
Delhi,2024,3,18,6.4675,22.64,28.43,3.16
Delhi,2024,3,19,6.1963,23.29,28.31,3.01
Delhi,2024,3,20,6.2544,25.53,22.49,1.75
Delhi,2024,3,21,5.7792,21.9,28.5,3.12
Delhi,2024,3,22,6.0862,24.74,29.4,2.84
Delhi,2024,3,23,6.3859,26.75,26.44,4.66
Delhi,2024,3,24,3.4606,24.62,27.57,3.1
Delhi,2024,3,25,6.594,25.92,27.19,4.31
Delhi,2024,3,26,5.328,27.34,27.25,3.4
Delhi,2024,3,27,5.0323,30.05,25.42,2.94
Delhi,2024,3,28,5.4643,30.98,30.71,2.86
Delhi,2024,3,29,5.4079,31.17,32.97,1.93
Delhi,2024,3,30,6.0658,29.96,28.77,3.6
Delhi,2024,3,31,6.528,28.6,23.42,3.57
Delhi,2024,4,1,5.7662,26.08,29.61,5.19
Delhi,2024,4,2,6.6074,26.81,19.34,4.39
Delhi,2024,4,3,5.6837,29.08,21.1,1.64
Delhi,2024,4,4,6.1046,29.96,18.97,2.71
Delhi,2024,4,5,5.0957,28.79,21.31,4.02
Delhi,2024,4,6,6.5352,27.68,19.14,3.77
Delhi,2024,4,7,7.3529,27.9,15.37,3.79
Delhi,2024,4,8,7.0344,29.41,15.81,3.24
Delhi,2024,4,9,5.9117,29.36,14.78,3.01
Delhi,2024,4,10,6.4531,30.48,15.94,2.3
Delhi,2024,4,11,5.7334,31.24,26.16,1.52
Delhi,2024,4,12,5.9354,32.24,22.34,1.96
Delhi,2024,4,13,4.529,31.84,25.95,3.04
Delhi,2024,4,14,3.522,30.38,32.53,2.29
Delhi,2024,4,15,4.2823,29.51,38.01,2.53
Delhi,2024,4,16,6.6828,30.15,34.11,4.97
Delhi,2024,4,17,7.109,29.82,23.79,6.28
Delhi,2024,4,18,6.9857,31.08,23.83,4.52
Delhi,2024,4,19,6.498,32.13,25.42,4.04
Delhi,2024,4,20,6.7788,30.83,22.4,3.99
Delhi,2024,4,21,6.1682,31.4,26.13,4.17
Delhi,2024,4,22,6.7226,31.99,24.93,3.98
Delhi,2024,4,23,6.4805,32.37,17.73,2.52
Delhi,2024,4,24,7.2646,31.17,21.97,3.65
Delhi,2024,4,25,7.3289,32.36,19.62,4.47
Delhi,2024,4,26,6.6386,33.79,19.33,2.77
Delhi,2024,4,27,6.5921,33.55,20.07,4.06
Delhi,2024,4,28,6.3343,32.18,23.06,3.05
Delhi,2024,4,29,6.8345,33.26,22.98,4.26
Delhi,2024,4,30,7.5737,30.33,21.9,4.39
Delhi,2024,5,1,7.1071,27.77,19.07,5.51
Delhi,2024,5,2,7.6896,28.64,18.53,4.2
Delhi,2024,5,3,6.917,31.32,15.05,4.72
Delhi,2024,5,4,6.5542,33.94,15.78,3.3
Delhi,2024,5,5,7.3289,34.47,20.69,3.89
Delhi,2024,5,6,7.0985,34.93,20.65,3.79
Delhi,2024,5,7,6.5952,35.9,19.19,2.13
Delhi,2024,5,8,6.6655,35.02,19.31,3.29
Delhi,2024,5,9,6.8952,33.19,28.64,3.54
Delhi,2024,5,10,6.4706,34.37,27.33,3.05
Delhi,2024,5,11,6.587,34.35,29.22,2.7
Delhi,2024,5,12,6.2839,34.88,24.38,2.61
Delhi,2024,5,13,5.9258,34.96,20.55,2.68
Delhi,2024,5,14,7.0334,34.47,15.96,3.63
Delhi,2024,5,15,7.2552,35.3,11.8,2.83
Delhi,2024,5,16,7.0865,36.64,12.45,2.36
Delhi,2024,5,17,6.7514,38.49,14.11,2.77
Delhi,2024,5,18,6.9924,38.45,15.12,3.69
Delhi,2024,5,19,6.9463,38.84,17.41,4.19
Delhi,2024,5,20,6.8537,39.07,16.48,4.33
Delhi,2024,5,21,7.0322,37.88,14.96,2.65
Delhi,2024,5,22,6.7625,37.36,18.14,3.29
Delhi,2024,5,23,6.7082,36.76,29.06,4.82
Delhi,2024,5,24,6.6965,36.74,30.24,3.39
Delhi,2024,5,25,6.6859,38.26,23.1,3.5
Delhi,2024,5,26,7.5468,39.23,16.72,3.81
Delhi,2024,5,27,7.368,39.37,15.79,3.18
Delhi,2024,5,28,7.8518,40.32,9.69,2.73
Delhi,2024,5,29,7.1544,39.82,11.16,3.31
Delhi,2024,5,30,7.4938,39.49,13.15,4.59
Delhi,2024,5,31,7.3327,39.45,9.84,3.66
Delhi,2024,6,1,5.5327,38.63,15.77,3.74
Delhi,2024,6,2,6.9821,38.73,21.53,3.0
Delhi,2024,6,3,6.8935,39.2,18.55,4.28
Delhi,2024,6,4,6.0439,39.51,18.85,3.31
Delhi,2024,6,5,6.4454,38.81,21.15,4.3
Delhi,2024,6,6,6.9122,37.27,22.79,3.24
Delhi,2024,6,7,6.6312,37.43,26.29,4.54
Delhi,2024,6,8,6.3782,37.64,24.29,5.2
Delhi,2024,6,9,7.3402,37.28,21.07,4.85
Delhi,2024,6,10,6.7651,37.63,17.96,4.5
Delhi,2024,6,11,6.3982,38.21,16.09,3.77
Delhi,2024,6,12,7.247,39.09,14.95,3.74
Delhi,2024,6,13,6.8484,39.48,19.67,5.8
Delhi,2024,6,14,6.606,39.82,22.72,7.48
Delhi,2024,6,15,7.4501,40.23,20.93,6.55
Delhi,2024,6,16,7.32,40.28,21.8,6.47
Delhi,2024,6,17,6.7913,41.15,23.82,6.19
Delhi,2024,6,18,6.8626,41.23,24.27,6.66
Delhi,2024,6,19,6.5772,40.97,24.55,6.09
Delhi,2024,6,20,6.0775,38.99,27.03,2.96
Delhi,2024,6,21,5.0102,36.94,31.13,2.88
Delhi,2024,6,22,4.9565,37.05,29.25,1.98
Delhi,2024,6,23,5.118,38.13,31.69,2.59
Delhi,2024,6,24,4.446,35.09,47.12,2.92
Delhi,2024,6,25,5.1979,36.02,47.46,1.67
Delhi,2024,6,26,4.1546,36.06,45.85,2.99
Delhi,2024,6,27,3.9914,32.06,69.38,2.98
Delhi,2024,6,28,3.1092,31.85,67.8,3.48
Delhi,2024,6,29,3.3689,32.83,63.35,4.19
Delhi,2024,6,30,4.5914,33.33,63.7,3.24
Delhi,2024,7,1,4.1453,33.18,63.93,3.36
Delhi,2024,7,2,2.7682,33.78,66.18,2.94
Delhi,2024,7,3,2.0294,30.67,78.16,2.13
Delhi,2024,7,4,2.7986,28.55,85.11,3.71
Delhi,2024,7,5,3.619,31.32,73.22,3.25
Delhi,2024,7,6,3.3754,29.85,79.03,3.06
Delhi,2024,7,7,4.2502,30.08,76.58,1.75
Delhi,2024,7,8,3.6223,30.69,75.18,2.88
Delhi,2024,7,9,3.8213,30.22,75.75,2.54
Delhi,2024,7,10,3.4006,32.47,67.97,2.32
Delhi,2024,7,11,5.365,33.28,69.07,2.77
Delhi,2024,7,12,3.677,33.58,66.0,3.16
Delhi,2024,7,13,5.0957,31.54,68.35,1.78
Delhi,2024,7,14,6.151,32.44,62.33,2.13
Delhi,2024,7,15,4.4182,32.3,66.1,3.26
Delhi,2024,7,16,5.7718,32.53,68.17,4.07
Delhi,2024,7,17,5.6038,32.47,67.72,3.23
Delhi,2024,7,18,3.9266,32.3,70.47,2.39
Delhi,2024,7,19,3.5263,31.87,70.77,3.05
Delhi,2024,7,20,5.9998,32.13,68.07,2.44
Delhi,2024,7,21,5.0054,33.17,64.19,3.63
Delhi,2024,7,22,3.5302,32.43,68.85,3.82
Delhi,2024,7,23,4.5866,32.15,72.55,3.46
Delhi,2024,7,24,3.9125,29.89,83.12,4.0
Delhi,2024,7,25,4.6171,31.07,76.87,3.28
Delhi,2024,7,26,3.318,31.09,76.35,2.1
Delhi,2024,7,27,5.1545,30.71,81.12,2.73
Delhi,2024,7,28,6.0888,31.95,72.77,3.06
Delhi,2024,7,29,5.8927,31.85,72.43,3.59
Delhi,2024,7,30,6.1906,32.47,71.56,2.91
Delhi,2024,7,31,4.0613,31.78,78.87,2.98
Delhi,2024,8,1,4.5722,28.8,89.15,3.62
Delhi,2024,8,2,4.0054,29.08,84.65,3.11
Delhi,2024,8,3,5.0522,29.1,82.36,4.23
Delhi,2024,8,4,5.263,29.18,80.32,4.8
Delhi,2024,8,5,4.5869,29.17,82.51,6.22
Delhi,2024,8,6,4.9586,28.67,83.27,4.65
Delhi,2024,8,7,2.6407,27.1,89.45,4.55
Delhi,2024,8,8,4.2331,28.22,88.12,3.8
Delhi,2024,8,9,4.5859,28.26,91.23,1.67
Delhi,2024,8,10,3.8791,28.99,86.05,1.95
Delhi,2024,8,11,3.2141,28.22,87.73,2.57
Delhi,2024,8,12,3.8534,28.35,86.09,2.36
Delhi,2024,8,13,4.6968,28.34,89.16,2.77
Delhi,2024,8,14,4.5058,28.44,90.84,2.15
Delhi,2024,8,15,4.4165,28.95,87.24,2.37
Delhi,2024,8,16,4.848,28.83,86.75,3.75
Delhi,2024,8,17,5.1482,29.18,86.82,1.54
Delhi,2024,8,18,4.416,29.51,84.28,2.36
Delhi,2024,8,19,4.1119,29.09,84.54,2.28
Delhi,2024,8,20,3.9494,28.75,84.75,2.33
Delhi,2024,8,21,5.3148,29.34,82.12,2.15
Delhi,2024,8,22,5.3978,29.87,81.01,1.93
Delhi,2024,8,23,3.0641,28.56,83.46,1.1
Delhi,2024,8,24,4.775,29.31,81.68,1.55
Delhi,2024,8,25,5.2565,28.75,84.05,4.23
Delhi,2024,8,26,4.6332,28.34,84.37,4.55
Delhi,2024,8,27,4.8938,28.21,84.66,4.83
Delhi,2024,8,28,4.5396,28.07,86.49,3.0
Delhi,2024,8,29,3.6274,27.75,85.08,3.1
Delhi,2024,8,30,5.9062,28.75,77.73,1.12
Delhi,2024,8,31,5.849,29.17,77.81,2.66
Delhi,2024,9,1,5.5102,29.91,76.99,2.02
Delhi,2024,9,2,4.4071,27.22,88.06,3.05
Delhi,2024,9,3,4.9798,29.25,79.5,2.3
Delhi,2024,9,4,2.7811,28.4,83.96,1.5
Delhi,2024,9,5,4.8204,28.44,81.96,1.4
Delhi,2024,9,6,3.5388,27.31,88.27,2.76
Delhi,2024,9,7,4.0334,28.01,84.63,1.63
Delhi,2024,9,8,2.0954,28.99,81.18,1.09
Delhi,2024,9,9,4.6397,28.69,82.94,1.18
Delhi,2024,9,10,4.4892,30.0,76.36,1.31
Delhi,2024,9,11,3.1966,28.44,85.21,1.9
Delhi,2024,9,12,1.8802,27.35,90.04,4.95
Delhi,2024,9,13,1.7683,27.54,87.18,4.31
Delhi,2024,9,14,3.5424,27.08,85.49,3.92
Delhi,2024,9,15,4.4321,26.87,84.11,3.1
Delhi,2024,9,16,5.2207,26.51,81.5,3.06
Delhi,2024,9,17,4.5737,27.04,80.19,1.72
Delhi,2024,9,18,1.5871,26.05,88.8,2.69
Delhi,2024,9,19,3.5921,27.14,86.45,3.27
Delhi,2024,9,20,5.4283,27.8,83.68,1.46
Delhi,2024,9,21,5.4576,28.37,82.88,1.57
Delhi,2024,9,22,5.3738,29.22,81.54,1.65
Delhi,2024,9,23,5.4022,29.32,82.91,1.74
Delhi,2024,9,24,4.981,30.37,75.8,0.73
Delhi,2024,9,25,3.8654,28.54,86.49,2.79
Delhi,2024,9,26,4.4165,27.38,88.79,2.83
Delhi,2024,9,27,4.4179,26.73,87.68,4.17
Delhi,2024,9,28,4.0512,26.14,90.19,3.35
Delhi,2024,9,29,4.0015,28.16,81.01,1.49
Delhi,2024,9,30,4.7453,27.27,80.79,2.68
Delhi,2024,10,1,5.1468,27.23,77.42,2.93
Delhi,2024,10,2,5.64,27.21,74.81,3.06
Delhi,2024,10,3,5.8001,26.92,69.29,2.62
Delhi,2024,10,4,5.6942,26.56,74.69,2.27
Delhi,2024,10,5,5.4314,27.28,78.14,2.5
Delhi,2024,10,6,5.2092,26.54,73.77,2.25
Delhi,2024,10,7,5.2404,26.26,71.46,1.81
Delhi,2024,10,8,5.0172,26.64,65.25,1.35
Delhi,2024,10,9,4.9322,26.25,64.92,1.76
Delhi,2024,10,10,5.172,25.34,69.56,2.98
Delhi,2024,10,11,5.3902,24.17,64.88,2.75
Delhi,2024,10,12,5.1607,24.43,59.33,2.38
Delhi,2024,10,13,4.6046,24.45,60.75,1.82
Delhi,2024,10,14,4.6848,25.38,66.48,2.31
Delhi,2024,10,15,4.9889,24.78,56.2,2.1
Delhi,2024,10,16,4.3752,24.55,58.63,2.28
Delhi,2024,10,17,4.6193,24.79,64.25,2.33
Delhi,2024,10,18,4.9606,25.25,62.99,1.88
Delhi,2024,10,19,4.9543,25.18,67.11,2.08
Delhi,2024,10,20,4.5816,25.16,66.14,1.52
Delhi,2024,10,21,4.2096,24.92,72.21,1.59
Delhi,2024,10,22,4.0846,24.93,74.97,1.65
Delhi,2024,10,23,3.9871,24.6,66.57,2.49
Delhi,2024,10,24,4.476,24.33,66.73,3.02
Delhi,2024,10,25,4.595,24.85,63.01,2.84
Delhi,2024,10,26,4.7285,24.5,61.69,2.73
Delhi,2024,10,27,4.7846,24.14,69.85,2.14
Delhi,2024,10,28,4.5379,24.25,79.63,2.72
Delhi,2024,10,29,4.4899,25.41,74.41,2.24
Delhi,2024,10,30,4.5672,26.67,65.07,1.93
Delhi,2024,10,31,4.5072,25.63,58.6,2.87
Delhi,2024,11,1,4.3332,24.15,49.4,3.07
Delhi,2024,11,2,4.0375,23.87,52.38,2.09
Delhi,2024,11,3,3.8587,23.81,57.63,1.47
Delhi,2024,11,4,3.4493,22.93,64.86,1.72
Delhi,2024,11,5,3.3622,22.69,69.13,2.16
Delhi,2024,11,6,3.1752,22.81,68.3,1.9
Delhi,2024,11,7,2.9434,22.78,71.49,2.08
Delhi,2024,11,8,3.0682,23.16,73.68,2.16
Delhi,2024,11,9,3.3658,23.17,75.92,2.85
Delhi,2024,11,10,3.0595,23.65,66.71,2.05
Delhi,2024,11,11,3.0391,23.76,64.43,1.71
Delhi,2024,11,12,3.5602,23.21,60.45,2.44
Delhi,2024,11,13,2.4797,22.04,53.42,1.95
Delhi,2024,11,14,3.061,22.31,48.97,1.49
Delhi,2024,11,15,3.4565,22.05,50.03,2.36
Delhi,2024,11,16,3.1747,21.45,51.4,2.45
Delhi,2024,11,17,3.0682,21.13,53.46,2.27
Delhi,2024,11,18,2.2733,19.08,52.76,2.29
Delhi,2024,11,19,2.6321,18.59,48.16,2.7
Delhi,2024,11,20,3.1397,18.65,44.78,2.15
Delhi,2024,11,21,3.3406,18.98,41.55,1.89
Delhi,2024,11,22,2.9786,18.87,41.14,1.96
Delhi,2024,11,23,2.911,18.68,48.05,2.2
Delhi,2024,11,24,3.5671,19.16,50.04,3.14
Delhi,2024,11,25,3.1238,17.93,52.52,3.35
Delhi,2024,11,26,3.4862,17.53,48.36,3.06
Delhi,2024,11,27,3.4126,17.98,48.55,2.51
Delhi,2024,11,28,3.4874,18.53,44.89,1.63
Delhi,2024,11,29,3.3734,18.3,44.33,1.71
Delhi,2024,11,30,3.3274,17.7,47.81,2.45
Delhi,2024,12,1,3.474,17.19,48.45,2.27
Delhi,2024,12,2,3.6542,19.09,47.4,1.92
Delhi,2024,12,3,3.6629,19.33,51.27,2.3
Delhi,2024,12,4,3.8798,18.25,52.08,4.23
Delhi,2024,12,5,4.073,16.13,46.62,3.77
Delhi,2024,12,6,3.8549,16.31,46.85,3.33
Delhi,2024,12,7,3.8304,16.12,37.67,1.79
Delhi,2024,12,8,3.0907,14.81,45.52,3.3
Delhi,2024,12,9,3.317,13.93,60.69,2.42
Delhi,2024,12,10,3.5837,12.7,48.65,4.05
Delhi,2024,12,11,3.8904,12.36,33.17,3.38
Delhi,2024,12,12,3.7884,11.45,35.65,3.62
Delhi,2024,12,13,3.7879,12.23,38.43,5.26
Delhi,2024,12,14,3.997,11.82,36.87,4.11
Delhi,2024,12,15,3.7145,12.42,35.5,2.17
Delhi,2024,12,16,3.4157,13.8,33.94,2.02
Delhi,2024,12,17,3.2525,15.19,31.46,1.21
Delhi,2024,12,18,2.855,13.99,35.23,1.74
Delhi,2024,12,19,2.8308,13.91,42.94,1.76
Delhi,2024,12,20,2.7506,14.24,48.53,1.98
Delhi,2024,12,21,2.8488,14.06,52.19,2.63
Delhi,2024,12,22,2.7989,15.63,47.83,1.69
Delhi,2024,12,23,1.2804,13.26,57.92,2.41
Delhi,2024,12,24,1.3817,15.63,63.86,1.86
Delhi,2024,12,25,1.967,15.14,66.08,2.26
Delhi,2024,12,26,2.3045,16.27,52.7,1.55
Delhi,2024,12,27,0.383,17.27,64.59,3.1
Delhi,2024,12,28,0.4714,15.2,87.76,2.61
Delhi,2024,12,29,1.8948,14.42,72.73,3.86
Delhi,2024,12,30,1.4419,12.35,55.76,3.76
Delhi,2024,12,31,1.7251,11.62,49.13,2.33
Delhi,2025,1,1,2.1576,12.22,45.72,3.66
Delhi,2025,1,2,2.3964,13.24,47.31,3.77
Delhi,2025,1,3,2.3753,14.55,51.3,2.65
Delhi,2025,1,4,2.1782,15.22,51.49,2.24
Delhi,2025,1,5,2.5596,14.42,56.55,2.83
Delhi,2025,1,6,1.9538,14.03,61.57,2.11
Delhi,2025,1,7,1.3056,12.53,58.99,4.2
Delhi,2025,1,8,3.7836,11.72,41.82,4.13
Delhi,2025,1,9,3.4121,13.72,34.59,1.74
Delhi,2025,1,10,2.3134,13.74,32.88,1.24
Delhi,2025,1,11,1.9841,12.18,49.01,2.72
Delhi,2025,1,12,1.4659,12.42,74.62,2.34
Delhi,2025,1,13,2.8987,13.3,69.46,3.62
Delhi,2025,1,14,3.245,13.24,48.98,2.48
Delhi,2025,1,15,1.1215,13.74,46.41,2.17
Delhi,2025,1,16,2.2543,13.22,78.08,1.52
Delhi,2025,1,17,2.9698,12.46,65.43,3.31
Delhi,2025,1,18,2.9484,13.15,44.93,2.13
Delhi,2025,1,19,3.2758,16.1,46.35,2.42
Delhi,2025,1,20,3.4944,15.84,46.96,3.97
Delhi,2025,1,21,3.8606,15.73,45.82,3.86
Delhi,2025,1,22,3.4882,16.37,50.48,2.4
Delhi,2025,1,23,3.2873,16.68,46.63,3.13
Delhi,2025,1,24,4.4983,14.34,44.5,4.3
Delhi,2025,1,25,4.1167,13.83,35.54,4.35
Delhi,2025,1,26,4.7412,13.03,32.29,3.39
Delhi,2025,1,27,4.5833,12.61,33.66,3.66
Delhi,2025,1,28,4.6606,14.52,30.52,2.62
Delhi,2025,1,29,4.3404,15.14,34.13,2.88
Delhi,2025,1,30,4.231,15.7,38.91,2.56
Delhi,2025,1,31,4.1251,16.72,41.71,2.15
Delhi,2025,2,1,3.751,17.76,39.68,2.17
Delhi,2025,2,2,3.462,16.86,48.01,2.89
Delhi,2025,2,3,4.0433,17.31,42.49,2.76
Delhi,2025,2,4,2.1864,18.36,44.6,2.19
Delhi,2025,2,5,4.6699,15.06,44.38,4.1
Delhi,2025,2,6,4.7016,14.44,35.93,4.72
Delhi,2025,2,7,4.8588,14.4,37.24,4.92
Delhi,2025,2,8,4.8266,15.54,33.55,3.92
Delhi,2025,2,9,4.8242,17.53,30.48,2.49
Delhi,2025,2,10,4.362,19.01,30.7,2.34
Delhi,2025,2,11,4.7755,19.49,33.14,2.41
Delhi,2025,2,12,4.9956,18.17,38.97,4.4
Delhi,2025,2,13,5.2306,16.98,30.39,5.55
Delhi,2025,2,14,5.1828,17.23,30.19,4.86
Delhi,2025,2,15,4.2893,18.74,34.76,3.0
Delhi,2025,2,16,4.6613,18.73,42.91,2.23
Delhi,2025,2,17,4.4544,20.86,35.99,1.95
Delhi,2025,2,18,4.279,20.42,36.46,2.75
Delhi,2025,2,19,4.2907,20.55,34.88,2.18
Delhi,2025,2,20,4.2468,20.54,52.68,3.91
Delhi,2025,2,21,4.6442,19.68,51.58,2.64
Delhi,2025,2,22,4.8792,17.79,48.25,3.88
Delhi,2025,2,23,5.4403,18.57,44.16,2.76
Delhi,2025,2,24,5.4103,19.0,42.58,2.76
Delhi,2025,2,25,4.8866,20.52,40.05,2.1
Delhi,2025,2,26,4.7659,21.59,37.94,1.46
Delhi,2025,2,27,2.0894,20.7,52.51,2.6
Delhi,2025,2,28,2.7492,19.3,68.65,3.83
Delhi,2025,3,1,4.1359,20.62,63.49,3.34
Delhi,2025,3,2,5.5037,20.6,45.89,3.75
Delhi,2025,3,3,5.5656,20.77,33.78,2.3
Delhi,2025,3,4,5.718,20.32,39.08,4.66
Delhi,2025,3,5,5.8517,17.4,29.95,7.11
Delhi,2025,3,6,6.2342,18.08,27.46,4.89
Delhi,2025,3,7,6.0809,19.71,29.36,3.2
Delhi,2025,3,8,6.2942,21.37,30.1,3.34
Delhi,2025,3,9,6.1054,23.17,28.32,2.58
Delhi,2025,3,10,5.4828,23.86,28.97,3.26
Delhi,2025,3,11,4.8535,24.95,31.41,2.39
Delhi,2025,3,12,5.4698,25.54,37.05,3.45
Delhi,2025,3,13,4.703,27.48,38.0,1.92
Delhi,2025,3,14,5.5416,27.97,35.16,1.9
Delhi,2025,3,15,5.0194,26.17,34.74,3.17
Delhi,2025,3,16,5.9033,24.39,36.11,3.56
Delhi,2025,3,17,6.0818,23.08,37.59,3.25
Delhi,2025,3,18,6.3149,23.01,32.91,3.18
Delhi,2025,3,19,6.5566,24.59,26.63,3.08
Delhi,2025,3,20,6.1361,25.13,25.87,3.04
Delhi,2025,3,21,6.2909,24.86,26.81,4.07
Delhi,2025,3,22,5.849,24.69,22.56,2.87
Delhi,2025,3,23,6.629,25.11,20.84,1.91
Delhi,2025,3,24,6.7697,26.4,17.23,2.29
Delhi,2025,3,25,6.6463,27.38,19.38,2.6
Delhi,2025,3,26,6.4591,30.47,19.44,1.53
Delhi,2025,3,27,5.7739,29.66,19.25,3.16
Delhi,2025,3,28,7.1167,26.13,11.72,5.0
Delhi,2025,3,29,6.0725,22.34,10.3,4.79
Delhi,2025,3,30,7.1299,24.53,11.33,4.4
Delhi,2025,3,31,7.2797,25.55,12.65,3.78
Delhi,2025,4,1,7.1366,25.98,16.39,3.59
Delhi,2025,4,2,7.0493,28.07,13.08,2.13
Delhi,2025,4,3,6.5074,29.69,11.41,1.34
Delhi,2025,4,4,6.6233,29.37,14.3,2.72
Delhi,2025,4,5,7.1412,28.32,19.24,3.48
Delhi,2025,4,6,6.9564,30.31,16.07,2.81
Delhi,2025,4,7,6.8064,31.6,16.86,2.94
Delhi,2025,4,8,6.5986,31.5,16.94,4.13
Delhi,2025,4,9,6.4061,32.23,22.7,2.92
Delhi,2025,4,10,5.4391,32.64,26.03,2.18
Delhi,2025,4,11,5.916,31.09,33.81,4.77
Delhi,2025,4,12,6.5362,29.21,37.59,2.49
Delhi,2025,4,13,6.5724,30.67,28.17,2.04
Delhi,2025,4,14,6.9113,30.47,25.88,3.17
Delhi,2025,4,15,6.493,30.98,29.1,3.33
Delhi,2025,4,16,6.1606,32.04,27.42,3.09
Delhi,2025,4,17,6.4706,33.11,25.1,2.98
Delhi,2025,4,18,6.5846,33.37,25.63,3.23
Delhi,2025,4,19,6.3482,33.11,29.96,6.23
Delhi,2025,4,20,6.3302,33.06,27.35,4.44
Delhi,2025,4,21,6.4654,33.41,15.3,2.79
Delhi,2025,4,22,7.6039,31.49,8.6,3.62
Delhi,2025,4,23,7.5432,31.97,11.75,3.86
Delhi,2025,4,24,7.7299,33.22,6.93,2.26
Delhi,2025,4,25,7.3795,33.22,8.1,2.76
Delhi,2025,4,26,6.0634,34.22,9.49,2.34
Delhi,2025,4,27,6.4603,33.14,12.17,2.11
Delhi,2025,4,28,6.4666,32.68,15.72,4.17
Delhi,2025,4,29,6.6672,30.9,23.65,4.43
Delhi,2025,4,30,6.461,31.55,30.42,4.44
Delhi,2025,5,1,6.0518,31.98,33.83,4.89
Delhi,2025,5,2,3.497,28.81,51.26,3.29
Delhi,2025,5,3,5.4058,28.57,52.19,2.91
Delhi,2025,5,4,5.1146,29.66,47.06,4.92
Delhi,2025,5,5,4.2862,29.2,51.07,3.68
Delhi,2025,5,6,6.2789,29.33,41.23,3.27
Delhi,2025,5,7,5.1161,31.04,42.05,3.17
Delhi,2025,5,8,5.5639,31.12,43.49,3.43
Delhi,2025,5,9,5.8716,31.33,42.01,2.57
Delhi,2025,5,10,4.5307,32.01,44.7,2.11
Delhi,2025,5,11,6.564,33.3,41.14,1.82
Delhi,2025,5,12,6.9718,34.0,32.25,2.86
Delhi,2025,5,13,6.2762,34.08,37.81,4.19
Delhi,2025,5,14,7.1234,33.9,37.71,2.56
Delhi,2025,5,15,7.074,35.04,27.46,2.49
Delhi,2025,5,16,7.0078,36.41,25.4,3.55
Delhi,2025,5,17,6.3053,35.78,26.85,3.8
Delhi,2025,5,18,7.2053,35.87,27.74,3.26
Delhi,2025,5,19,6.5158,35.48,23.43,3.22
Delhi,2025,5,20,6.7649,36.28,25.06,3.46
Delhi,2025,5,21,6.9365,36.9,24.03,4.0
Delhi,2025,5,22,6.7874,31.36,44.63,4.44
Delhi,2025,5,23,6.8388,32.68,38.75,4.24
Delhi,2025,5,24,6.2489,33.54,37.73,5.15
Delhi,2025,5,25,4.0022,30.6,54.34,3.5
Delhi,2025,5,26,5.603,31.97,48.46,3.23
Delhi,2025,5,27,6.6132,32.94,41.29,2.26
Delhi,2025,5,28,5.9364,33.92,45.99,2.22
Delhi,2025,5,29,4.6176,34.71,42.33,1.95
Delhi,2025,5,30,3.9259,34.38,42.26,1.48
Delhi,2025,5,31,5.85,34.29,33.24,2.05
Delhi,2025,6,1,4.932,32.98,40.29,4.74
Delhi,2025,6,2,6.162,31.39,46.42,1.86
Delhi,2025,6,3,4.2955,30.76,39.17,1.73
Delhi,2025,6,4,5.268,30.8,39.34,1.97
Delhi,2025,6,5,6.9379,32.28,38.34,1.44
Delhi,2025,6,6,6.7406,33.28,34.1,1.81
Delhi,2025,6,7,6.6864,34.66,31.95,2.06
Delhi,2025,6,8,6.4327,36.93,29.6,2.57
Delhi,2025,6,9,7.0109,37.85,24.42,2.58
Delhi,2025,6,10,7.2144,37.75,21.43,3.34
Delhi,2025,6,11,6.9569,37.93,22.58,2.41
Delhi,2025,6,12,6.0113,37.77,27.84,2.69
Delhi,2025,6,13,5.3856,37.99,33.0,3.57
Delhi,2025,6,14,6.018,36.81,34.83,2.38
Delhi,2025,6,15,4.6694,35.63,38.54,3.59
Delhi,2025,6,16,3.7464,33.25,53.61,3.45
Delhi,2025,6,17,3.7961,32.52,58.95,2.69
Delhi,2025,6,18,4.5528,29.89,74.29,2.5
Delhi,2025,6,19,5.5586,32.24,60.04,3.76
Delhi,2025,6,20,3.5496,33.21,58.38,3.65
Delhi,2025,6,21,5.4694,34.39,51.18,3.35
Delhi,2025,6,22,3.8122,34.88,49.49,1.82
Delhi,2025,6,23,4.873,34.15,53.1,2.74
Delhi,2025,6,24,3.6631,34.02,51.05,2.0
Delhi,2025,6,25,2.6086,34.03,51.69,4.18
Delhi,2025,6,26,5.9496,34.08,53.01,4.88
Delhi,2025,6,27,6.7207,34.7,49.95,4.41
Delhi,2025,6,28,4.0819,33.5,54.03,3.17
Delhi,2025,6,29,2.3417,32.06,64.5,2.59
Delhi,2025,6,30,1.9836,27.98,87.23,3.32
Delhi,2025,7,1,4.205,30.61,65.92,2.98
Delhi,2025,7,2,6.0535,31.8,64.87,3.26
Delhi,2025,7,3,5.6854,32.16,64.38,3.83
Delhi,2025,7,4,5.184,31.73,68.34,2.97
Delhi,2025,7,5,4.6118,32.46,64.19,2.43
Delhi,2025,7,6,3.3667,31.16,70.86,2.41
Delhi,2025,7,7,3.8988,32.05,67.35,1.73
Delhi,2025,7,8,5.4583,31.84,69.82,1.97
Delhi,2025,7,9,4.5062,30.84,71.74,2.47
Delhi,2025,7,10,3.102,28.07,84.64,3.23
Delhi,2025,7,11,4.5235,30.23,71.62,1.69
Delhi,2025,7,12,4.9747,31.18,68.06,1.96
Delhi,2025,7,13,4.9423,29.16,76.68,2.32
Delhi,2025,7,14,4.4746,28.8,81.26,5.55
Delhi,2025,7,15,4.9757,29.0,81.5,7.27
Delhi,2025,7,16,5.0138,28.18,78.12,4.17
Delhi,2025,7,17,4.3865,28.82,78.18,3.35
Delhi,2025,7,18,4.5,28.83,76.98,6.47
Delhi,2025,7,19,6.0,29.38,76.54,5.43
Delhi,2025,7,20,5.7254,31.04,70.69,3.36
Delhi,2025,7,21,2.8409,30.02,72.1,2.59
Delhi,2025,7,22,3.8326,29.39,79.71,1.96
Delhi,2025,7,23,2.0186,29.87,82.6,2.37
Delhi,2025,7,24,5.8296,31.09,74.16,2.58
Delhi,2025,7,25,5.9798,31.91,71.93,2.28
Delhi,2025,7,26,5.8668,32.27,69.54,1.59
Delhi,2025,7,27,5.1494,31.35,69.97,3.07
Delhi,2025,7,28,4.3445,29.46,77.1,1.28
Delhi,2025,7,29,2.2692,28.56,85.44,1.9
Delhi,2025,7,30,3.4735,29.34,84.33,3.39
Delhi,2025,7,31,2.4106,29.14,85.09,2.28
Delhi,2025,8,1,3.7394,29.74,81.49,1.67
Delhi,2025,8,2,4.7086,29.59,81.07,2.9
Delhi,2025,8,3,4.3567,29.19,82.74,3.07
Delhi,2025,8,4,2.5202,29.26,83.93,3.76
Delhi,2025,8,5,2.4782,28.34,88.16,3.33
Delhi,2025,8,6,5.023,28.43,82.44,2.29
Delhi,2025,8,7,6.4154,29.14,78.66,3.27
Delhi,2025,8,8,5.245,29.74,77.12,2.93
Delhi,2025,8,9,1.1544,28.42,83.7,1.96
Delhi,2025,8,10,4.2838,29.06,81.88,1.79
Delhi,2025,8,11,3.7248,29.49,82.53,2.55
Delhi,2025,8,12,4.133,29.18,83.34,2.55
Delhi,2025,8,13,4.5948,29.01,83.08,2.36
Delhi,2025,8,14,1.8487,27.34,89.8,2.62
Delhi,2025,8,15,3.0154,27.92,83.6,1.43
Delhi,2025,8,16,4.2655,28.38,83.95,2.23
Delhi,2025,8,17,3.9698,29.06,84.89,2.39
Delhi,2025,8,18,5.1017,28.01,90.4,3.18
Delhi,2025,8,19,5.2262,28.77,83.85,2.67
Delhi,2025,8,20,6.0924,28.55,84.55,3.66
Delhi,2025,8,21,5.3758,28.94,84.6,3.07
Delhi,2025,8,22,4.3255,29.52,81.54,1.48
Delhi,2025,8,23,4.4542,28.47,86.76,2.06
Delhi,2025,8,24,4.8046,28.29,86.64,3.36
Delhi,2025,8,25,2.3993,27.19,92.24,4.41
Delhi,2025,8,26,3.6698,27.86,87.58,3.99
Delhi,2025,8,27,3.811,28.73,85.08,2.02
Delhi,2025,8,28,4.2526,28.75,84.1,2.23
Delhi,2025,8,29,2.237,27.16,90.71,3.6
Delhi,2025,8,30,4.7849,27.84,89.03,3.21
Delhi,2025,8,31,1.8288,27.23,92.43,3.0
Delhi,2025,9,1,2.2627,26.64,91.2,4.08
Delhi,2025,9,2,2.1708,26.68,90.94,4.99
Delhi,2025,9,3,2.7994,26.81,90.66,2.85
Delhi,2025,9,4,5.0734,27.73,85.18,1.98
Delhi,2025,9,5,4.117,26.75,89.64,4.71
Delhi,2025,9,6,4.703,27.6,88.02,3.78
Delhi,2025,9,7,4.1364,27.51,88.05,3.07
Delhi,2025,9,8,5.3208,27.41,85.93,2.18
Delhi,2025,9,9,5.755,27.96,84.64,2.86
Delhi,2025,9,10,5.7182,27.33,85.49,4.49
Delhi,2025,9,11,5.7259,26.78,83.76,3.94
Delhi,2025,9,12,5.5075,27.69,81.75,2.77
Delhi,2025,9,13,5.1242,28.34,76.07,1.57
Delhi,2025,9,14,4.2576,28.41,78.05,2.2
Delhi,2025,9,15,5.7142,28.05,82.12,2.88
Delhi,2025,9,16,5.375,28.57,77.49,1.56
Delhi,2025,9,17,4.0572,28.53,80.07,1.71
Delhi,2025,9,18,4.4364,28.0,83.26,1.45
Delhi,2025,9,19,4.5382,28.25,81.67,2.23
Delhi,2025,9,20,5.46,27.57,79.8,2.94
Delhi,2025,9,21,5.9556,26.7,79.21,3.13
Delhi,2025,9,22,5.9621,25.97,77.63,3.14
Delhi,2025,9,23,5.9544,25.83,76.49,3.34
Delhi,2025,9,24,5.9767,26.04,73.43,3.3
Delhi,2025,9,25,5.8654,26.02,74.8,3.01
Delhi,2025,9,26,5.8898,26.34,77.33,3.16
Delhi,2025,9,27,5.2793,28.45,79.25,1.43
Delhi,2025,9,28,5.405,28.25,82.42,3.11
Delhi,2025,9,29,5.0753,27.92,82.78,2.44
Delhi,2025,9,30,1.5161,26.35,88.32,1.96
Delhi,2025,10,1,4.7321,26.77,79.51,1.22
Delhi,2025,10,2,4.1844,26.28,81.31,2.05
Delhi,2025,10,3,4.7743,26.46,83.0,1.8
Delhi,2025,10,4,5.0086,26.97,76.61,2.31
Delhi,2025,10,5,5.2073,26.79,67.73,1.94
Delhi,2025,10,6,1.7909,24.99,81.68,1.96
Delhi,2025,10,7,4.0385,23.76,87.72,3.03
Delhi,2025,10,8,3.5071,22.14,81.68,2.2
Delhi,2025,10,9,4.8065,21.88,78.45,2.78
Delhi,2025,10,10,5.215,22.21,67.44,1.83
Delhi,2025,10,11,4.969,22.94,61.73,1.39
Delhi,2025,10,12,5.1494,23.53,69.84,2.07
Delhi,2025,10,13,5.0998,23.99,56.77,1.25
Delhi,2025,10,14,5.1065,23.6,55.44,1.4
Delhi,2025,10,15,4.8977,23.55,55.3,1.37
Delhi,2025,10,16,4.9711,23.23,55.43,1.68
Delhi,2025,10,17,4.8492,23.72,62.22,1.28
Delhi,2025,10,18,4.5578,23.69,66.53,1.57
Delhi,2025,10,19,4.271,23.81,65.52,1.84
Delhi,2025,10,20,3.875,24.01,65.73,2.0
Delhi,2025,10,21,3.5482,24.04,72.68,1.58
Delhi,2025,10,22,3.8513,24.85,66.67,1.52
Delhi,2025,10,23,4.2266,24.09,55.94,1.8
Delhi,2025,10,24,4.3126,23.5,53.52,1.56
Delhi,2025,10,25,4.134,22.83,52.32,1.51
Delhi,2025,10,26,4.0265,23.09,49.0,1.37
Delhi,2025,10,27,1.9534,22.51,58.09,1.61
Delhi,2025,10,28,2.0203,20.95,75.55,1.7
Delhi,2025,10,29,3.4169,22.92,70.8,1.24
Delhi,2025,10,30,1.7167,23.02,78.93,1.43
Delhi,2025,10,31,3.2402,23.62,76.05,2.53
Delhi,2025,11,1,3.4433,23.21,64.18,2.51
Delhi,2025,11,2,3.5261,21.88,60.14,3.23
Delhi,2025,11,3,4.1266,21.41,53.53,3.19
Delhi,2025,11,4,3.6751,20.47,56.64,1.84
Delhi,2025,11,5,4.1554,21.47,53.4,2.25
Delhi,2025,11,6,4.4486,18.53,59.42,3.74
Delhi,2025,11,7,4.4354,17.23,52.47,3.6
Delhi,2025,11,8,4.163,16.34,50.6,3.01
Delhi,2025,11,9,3.8239,16.75,52.45,3.05
Delhi,2025,11,10,3.6763,18.08,47.78,2.17
Delhi,2025,11,11,3.5866,17.64,47.28,2.78
Delhi,2025,11,12,3.6557,16.97,53.47,3.52
Delhi,2025,11,13,3.5378,16.77,51.62,2.76
Delhi,2025,11,14,3.5479,16.94,48.65,2.52
Delhi,2025,11,15,3.51,17.13,46.68,2.71
Delhi,2025,11,16,3.9324,16.31,47.41,3.14
Delhi,2025,11,17,3.7102,16.85,45.66,2.42
Delhi,2025,11,18,3.4922,17.94,44.29,2.04
Delhi,2025,11,19,3.3286,18.32,50.34,1.72
Delhi,2025,11,20,3.1992,17.37,64.17,2.41
Delhi,2025,11,21,2.928,17.59,63.95,2.27
Delhi,2025,11,22,3.335,18.52,55.67,1.82
Delhi,2025,11,23,3.5362,18.51,46.61,1.32
Delhi,2025,11,24,3.2885,17.42,46.77,1.73
Delhi,2025,11,25,3.45,15.89,48.08,2.4
Delhi,2025,11,26,3.559,16.42,44.76,1.49
Delhi,2025,11,27,3.3324,17.79,38.62,0.79
Delhi,2025,11,28,3.0086,17.18,53.02,2.38
Delhi,2025,11,29,3.3062,16.68,54.48,3.53
Delhi,2025,11,30,3.0307,14.69,44.21,3.79
Delhi,2025,12,1,3.3936,15.52,41.43,2.13
Delhi,2025,12,2,2.9489,16.46,51.65,1.98
Delhi,2025,12,3,3.6742,14.32,47.51,3.13
Delhi,2025,12,4,3.5803,13.37,49.44,3.33
Delhi,2025,12,5,3.5249,13.62,45.56,2.42
Delhi,2025,12,6,3.6211,14.33,51.46,4.0
Delhi,2025,12,7,3.6307,14.68,44.86,3.6
Delhi,2025,12,8,3.7517,16.27,46.28,4.16
Delhi,2025,12,9,3.9281,14.67,47.23,4.44
Delhi,2025,12,10,3.8071,14.82,45.33,3.17
Delhi,2025,12,11,3.696,15.94,41.44,2.62
Delhi,2025,12,12,3.3228,16.11,43.09,2.09
Delhi,2025,12,13,2.6616,16.52,51.18,1.49
Delhi,2025,12,14,2.4518,17.01,50.34,1.39
Delhi,2025,12,15,2.7156,16.32,50.13,2.53
Delhi,2025,12,16,3.6221,14.36,53.83,3.87
Delhi,2025,12,17,3.3535,14.9,52.28,3.14
Delhi,2025,12,18,2.1554,14.97,64.01,2.12
Delhi,2025,12,19,2.5032,15.45,59.12,2.53
Delhi,2025,12,20,1.667,14.61,47.18,1.74
Delhi,2025,12,21,1.8982,13.95,55.99,2.01
Delhi,2025,12,22,2.0573,15.97,59.08,1.16
Delhi,2025,12,23,3.2671,16.15,60.92,3.55
Delhi,2025,12,24,3.833,13.76,57.15,4.01
Delhi,2025,12,25,3.5335,14.21,48.2,1.95
Delhi,2025,12,26,2.8954,14.57,46.98,1.52
Delhi,2025,12,27,2.3846,13.95,47.65,1.81
Delhi,2025,12,28,2.0813,13.37,47.97,2.04
Delhi,2025,12,29,1.4858,14.25,45.59,2.17
Delhi,2025,12,30,2.4972,14.64,40.85,2.19
Delhi,2025,12,31,1.5086,13.62,51.12,2.5
Hyderabad,2018,1,1,5.136,21.5,52.57,1.91
Hyderabad,2018,1,2,4.4431,19.99,56.52,2.17
Hyderabad,2018,1,3,4.307,19.99,53.93,2.11
Hyderabad,2018,1,4,4.5307,19.38,46.52,2.64
Hyderabad,2018,1,5,4.7618,19.87,43.59,1.96
Hyderabad,2018,1,6,4.7558,19.67,44.25,1.89
Hyderabad,2018,1,7,4.4544,19.9,45.26,1.8
Hyderabad,2018,1,8,4.5252,19.02,51.92,2.85
Hyderabad,2018,1,9,4.8281,18.88,51.37,2.76
Hyderabad,2018,1,10,5.0395,20.79,47.46,2.2
Hyderabad,2018,1,11,4.9392,22.1,42.53,2.07
Hyderabad,2018,1,12,4.9258,22.66,35.42,2.52
Hyderabad,2018,1,13,5.0834,23.73,34.49,2.57
Hyderabad,2018,1,14,4.6649,22.97,42.05,2.67
Hyderabad,2018,1,15,4.1124,23.44,46.47,2.45
Hyderabad,2018,1,16,5.0758,22.95,40.49,2.97
Hyderabad,2018,1,17,5.1187,22.43,34.4,2.56
Hyderabad,2018,1,18,5.341,22.02,33.36,2.88
Hyderabad,2018,1,19,5.5666,21.41,27.61,2.82
Hyderabad,2018,1,20,5.509,21.09,26.66,2.46
Hyderabad,2018,1,21,5.251,21.8,27.82,2.25
Hyderabad,2018,1,22,5.2145,20.79,44.02,2.51
Hyderabad,2018,1,23,4.8751,21.63,52.72,2.55
Hyderabad,2018,1,24,4.5406,21.98,37.94,3.02
Hyderabad,2018,1,25,5.0429,21.18,28.13,2.84
Hyderabad,2018,1,26,5.4778,20.92,15.62,2.53
Hyderabad,2018,1,27,5.1782,21.81,16.37,1.57
Hyderabad,2018,1,28,4.9663,21.42,23.21,2.5
Hyderabad,2018,1,29,5.4547,21.78,28.56,2.85
Hyderabad,2018,1,30,5.7583,21.54,22.46,3.46
Hyderabad,2018,1,31,6.1135,22.47,18.55,3.22
Hyderabad,2018,2,1,6.0857,23.5,15.75,2.8
Hyderabad,2018,2,2,6.066,24.09,16.0,1.7
Hyderabad,2018,2,3,6.1013,22.88,26.9,2.62
Hyderabad,2018,2,4,6.0554,22.57,41.12,3.09
Hyderabad,2018,2,5,5.6537,22.62,40.67,3.44
Hyderabad,2018,2,6,5.4931,23.83,36.51,2.53
Hyderabad,2018,2,7,3.1397,23.5,33.71,1.99
Hyderabad,2018,2,8,5.9537,25.93,25.91,1.16
Hyderabad,2018,2,9,4.6973,25.86,29.29,2.17
Hyderabad,2018,2,10,2.8735,25.09,37.02,1.77
Hyderabad,2018,2,11,4.585,24.72,54.47,4.86
Hyderabad,2018,2,12,4.9193,25.2,56.98,4.18
Hyderabad,2018,2,13,4.6634,24.34,54.98,3.59
Hyderabad,2018,2,14,5.6438,23.84,55.37,3.21
Hyderabad,2018,2,15,5.5471,23.92,45.5,3.17
Hyderabad,2018,2,16,5.909,23.48,28.28,3.56
Hyderabad,2018,2,17,6.6226,24.07,22.51,3.67
Hyderabad,2018,2,18,6.4027,24.59,25.89,2.3
Hyderabad,2018,2,19,5.9582,25.0,39.42,2.39
Hyderabad,2018,2,20,5.5529,25.68,46.17,2.64
Hyderabad,2018,2,21,5.4564,25.94,40.58,2.65
Hyderabad,2018,2,22,5.6038,25.97,37.35,2.62
Hyderabad,2018,2,23,6.0804,25.69,39.1,2.89
Hyderabad,2018,2,24,6.5018,25.11,40.27,3.56
Hyderabad,2018,2,25,6.5957,25.24,32.7,3.02
Hyderabad,2018,2,26,6.4222,26.73,22.7,2.55
Hyderabad,2018,2,27,6.0835,27.58,25.46,3.18
Hyderabad,2018,2,28,6.6209,27.4,20.85,2.86
Hyderabad,2018,3,1,6.5669,27.54,18.16,2.25
Hyderabad,2018,3,2,6.4954,28.28,19.5,1.93
Hyderabad,2018,3,3,6.1668,28.17,21.21,2.07
Hyderabad,2018,3,4,6.2155,28.42,20.48,2.7
Hyderabad,2018,3,5,6.3737,27.73,25.81,3.73
Hyderabad,2018,3,6,6.2856,27.87,24.4,3.11
Hyderabad,2018,3,7,6.1027,27.82,29.07,3.23
Hyderabad,2018,3,8,5.9566,27.56,26.06,3.63
Hyderabad,2018,3,9,6.0931,27.85,30.41,3.02
Hyderabad,2018,3,10,5.5709,28.29,34.81,2.21
Hyderabad,2018,3,11,5.575,28.48,35.02,3.15
Hyderabad,2018,3,12,5.3582,28.5,35.68,3.06
Hyderabad,2018,3,13,6.5969,28.51,33.42,3.35
Hyderabad,2018,3,14,6.3605,29.44,27.18,3.26
Hyderabad,2018,3,15,3.6811,29.79,31.91,2.55
Hyderabad,2018,3,16,3.1613,27.7,37.21,3.83
Hyderabad,2018,3,17,5.4883,27.14,46.02,2.1
Hyderabad,2018,3,18,6.3058,28.52,41.85,2.69
Hyderabad,2018,3,19,5.8284,28.33,37.42,2.36
Hyderabad,2018,3,20,6.0252,29.58,32.5,2.04
Hyderabad,2018,3,21,6.0096,30.65,30.61,2.85
Hyderabad,2018,3,22,6.7022,30.88,24.45,2.97
Hyderabad,2018,3,23,7.1909,30.27,18.98,2.8
Hyderabad,2018,3,24,6.8496,29.84,17.92,2.84
Hyderabad,2018,3,25,6.2506,29.98,26.63,2.57
Hyderabad,2018,3,26,6.5405,30.05,29.21,2.46
Hyderabad,2018,3,27,6.8486,30.75,27.05,2.05
Hyderabad,2018,3,28,6.7903,32.23,21.44,2.11
Hyderabad,2018,3,29,6.5623,31.22,22.3,2.2
Hyderabad,2018,3,30,6.0962,31.67,23.78,2.5
Hyderabad,2018,3,31,5.5939,31.48,44.51,3.81
Hyderabad,2018,4,1,5.6002,31.33,45.74,3.1
Hyderabad,2018,4,2,6.301,29.75,49.81,2.8
Hyderabad,2018,4,3,6.2374,28.56,54.59,2.45
Hyderabad,2018,4,4,6.078,30.32,43.17,2.91
Hyderabad,2018,4,5,5.376,30.21,46.57,2.78
Hyderabad,2018,4,6,4.8535,29.73,48.33,1.84
Hyderabad,2018,4,7,5.0266,29.24,52.05,2.42
Hyderabad,2018,4,8,5.2884,27.07,62.35,2.36
Hyderabad,2018,4,9,6.5016,27.83,54.62,2.82
Hyderabad,2018,4,10,6.9775,28.23,54.86,3.2
Hyderabad,2018,4,11,6.7414,28.71,52.34,2.41
Hyderabad,2018,4,12,6.7291,29.79,46.34,2.04
Hyderabad,2018,4,13,7.2276,30.53,41.25,3.23
Hyderabad,2018,4,14,6.5359,30.97,43.42,2.59
Hyderabad,2018,4,15,4.7762,30.49,47.14,3.08
Hyderabad,2018,4,16,7.0543,32.08,38.75,2.22
Hyderabad,2018,4,17,7.067,33.45,35.89,2.61
Hyderabad,2018,4,18,6.9874,34.43,32.3,2.38
Hyderabad,2018,4,19,6.9811,34.46,25.73,3.12
Hyderabad,2018,4,20,7.1873,34.36,22.69,3.22
Hyderabad,2018,4,21,7.4914,33.14,33.41,2.59
Hyderabad,2018,4,22,6.5945,33.42,39.24,2.04
Hyderabad,2018,4,23,6.6718,33.82,34.78,2.07
Hyderabad,2018,4,24,7.1489,33.76,25.67,2.7
Hyderabad,2018,4,25,6.9086,32.7,36.83,2.79
Hyderabad,2018,4,26,6.2314,33.06,37.07,3.93
Hyderabad,2018,4,27,7.0274,33.77,30.12,4.25
Hyderabad,2018,4,28,7.3673,32.85,38.38,4.11
Hyderabad,2018,4,29,6.8928,34.62,28.02,3.12
Hyderabad,2018,4,30,7.3778,35.24,24.75,3.28
Hyderabad,2018,5,1,6.7848,34.91,28.78,3.36
Hyderabad,2018,5,2,6.8386,33.73,44.6,3.99
Hyderabad,2018,5,3,4.542,31.48,52.26,4.04
Hyderabad,2018,5,4,6.5594,29.55,60.89,2.79
Hyderabad,2018,5,5,6.78,31.11,53.05,3.46
Hyderabad,2018,5,6,6.0691,32.66,44.04,3.41
Hyderabad,2018,5,7,6.8278,32.99,39.94,2.98
Hyderabad,2018,5,8,6.427,33.51,41.82,3.01
Hyderabad,2018,5,9,5.3594,33.42,41.27,3.58
Hyderabad,2018,5,10,6.1649,32.69,44.76,3.84
Hyderabad,2018,5,11,6.7848,33.21,40.34,3.21
Hyderabad,2018,5,12,6.287,34.3,34.95,2.86
Hyderabad,2018,5,13,5.4955,33.61,36.49,2.9
Hyderabad,2018,5,14,5.7173,33.07,38.07,3.82
Hyderabad,2018,5,15,6.9878,32.8,39.3,3.02
Hyderabad,2018,5,16,6.4222,33.47,33.09,3.53
Hyderabad,2018,5,17,6.0178,33.65,36.15,3.5
Hyderabad,2018,5,18,6.5093,33.13,39.3,3.18
Hyderabad,2018,5,19,6.9043,34.71,33.74,4.66
Hyderabad,2018,5,20,6.9552,34.31,33.99,4.37
Hyderabad,2018,5,21,6.294,32.53,38.82,4.31
Hyderabad,2018,5,22,6.1747,31.04,51.15,3.19
Hyderabad,2018,5,23,5.0621,32.73,43.62,3.03
Hyderabad,2018,5,24,5.6926,31.99,45.78,4.34
Hyderabad,2018,5,25,6.4097,33.89,37.3,4.56
Hyderabad,2018,5,26,6.762,33.43,42.41,4.4
Hyderabad,2018,5,27,6.3139,32.5,47.04,2.67
Hyderabad,2018,5,28,6.9166,33.22,42.95,3.87
Hyderabad,2018,5,29,6.6372,34.22,43.3,3.85
Hyderabad,2018,5,30,6.0924,34.41,40.84,3.72
Hyderabad,2018,5,31,5.6767,31.15,52.4,3.96
Hyderabad,2018,6,1,5.6482,30.8,58.36,1.97
Hyderabad,2018,6,2,2.6626,28.3,64.79,2.67
Hyderabad,2018,6,3,5.9633,31.34,52.14,2.91
Hyderabad,2018,6,4,6.5645,32.41,47.53,3.83
Hyderabad,2018,6,5,5.8478,30.67,52.54,3.59
Hyderabad,2018,6,6,5.6918,28.94,64.9,3.62
Hyderabad,2018,6,7,4.1131,27.43,76.49,4.11
Hyderabad,2018,6,8,4.23,27.42,74.35,3.65
Hyderabad,2018,6,9,4.2962,27.44,71.32,5.92
Hyderabad,2018,6,10,4.6922,27.95,66.92,7.56
Hyderabad,2018,6,11,3.3667,27.33,73.52,7.73
Hyderabad,2018,6,12,4.759,28.28,68.97,6.98
Hyderabad,2018,6,13,6.607,29.51,60.74,7.23
Hyderabad,2018,6,14,5.6153,30.34,54.32,6.67
Hyderabad,2018,6,15,6.5878,30.12,53.68,6.18
Hyderabad,2018,6,16,6.7418,30.08,49.83,6.67
Hyderabad,2018,6,17,6.4349,29.4,53.18,6.46
Hyderabad,2018,6,18,5.9347,28.95,57.25,6.9
Hyderabad,2018,6,19,7.0766,28.75,59.61,6.39
Hyderabad,2018,6,20,7.2655,28.8,60.96,3.67
Hyderabad,2018,6,21,6.6713,29.36,61.23,2.71
Hyderabad,2018,6,22,3.9816,27.81,73.72,2.23
Hyderabad,2018,6,23,3.985,26.74,78.6,2.66
Hyderabad,2018,6,24,5.6909,27.19,68.82,4.59
Hyderabad,2018,6,25,5.6611,27.5,63.19,7.08
Hyderabad,2018,6,26,5.1336,27.73,64.31,7.18
Hyderabad,2018,6,27,4.7945,26.73,71.67,6.64
Hyderabad,2018,6,28,3.6456,26.51,71.43,5.77
Hyderabad,2018,6,29,5.2164,27.48,64.14,4.52
Hyderabad,2018,6,30,6.5806,26.87,63.59,3.24
Hyderabad,2018,7,1,5.0681,28.01,58.51,4.06
Hyderabad,2018,7,2,6.0869,28.48,57.65,4.39
Hyderabad,2018,7,3,4.6702,26.44,65.23,6.92
Hyderabad,2018,7,4,5.2438,27.83,62.53,7.14
Hyderabad,2018,7,5,5.0921,27.34,68.47,6.97
Hyderabad,2018,7,6,3.4241,26.28,72.05,6.64
Hyderabad,2018,7,7,1.9351,24.94,73.26,7.09
Hyderabad,2018,7,8,1.9726,25.0,77.08,8.43
Hyderabad,2018,7,9,3.281,25.38,78.27,6.77
Hyderabad,2018,7,10,4.0171,26.78,71.98,7.23
Hyderabad,2018,7,11,2.8464,27.03,72.12,6.49
Hyderabad,2018,7,12,2.6114,25.24,77.79,8.31
Hyderabad,2018,7,13,3.7553,25.54,79.22,7.09
Hyderabad,2018,7,14,2.8682,25.73,76.91,6.24
Hyderabad,2018,7,15,3.3706,25.79,78.53,7.47
Hyderabad,2018,7,16,2.5457,25.41,81.28,7.66
Hyderabad,2018,7,17,4.7935,26.86,72.74,8.2
Hyderabad,2018,7,18,4.9687,27.04,71.85,7.07
Hyderabad,2018,7,19,5.2222,26.3,74.01,6.85
Hyderabad,2018,7,20,3.6571,25.38,79.57,7.09
Hyderabad,2018,7,21,4.1494,25.59,76.97,6.64
Hyderabad,2018,7,22,4.0711,26.21,72.84,6.98
Hyderabad,2018,7,23,5.0892,26.95,68.11,6.52
Hyderabad,2018,7,24,4.9838,27.41,67.67,6.73
Hyderabad,2018,7,25,5.0969,27.4,68.16,6.39
Hyderabad,2018,7,26,4.2168,26.54,70.95,6.38
Hyderabad,2018,7,27,4.6889,27.17,68.32,6.15
Hyderabad,2018,7,28,4.2106,27.56,65.78,5.82
Hyderabad,2018,7,29,4.8758,27.98,64.89,5.58
Hyderabad,2018,7,30,5.3642,28.14,62.69,5.65
Hyderabad,2018,7,31,5.1898,27.77,63.73,6.01
Hyderabad,2018,8,1,4.4587,27.45,66.85,6.24
Hyderabad,2018,8,2,4.7398,27.48,68.52,6.1
Hyderabad,2018,8,3,5.2183,27.28,66.78,5.96
Hyderabad,2018,8,4,4.776,27.17,67.76,6.06
Hyderabad,2018,8,5,4.8182,27.16,66.49,6.51
Hyderabad,2018,8,6,4.2965,26.78,66.99,7.0
Hyderabad,2018,8,7,3.1531,26.41,68.97,6.81
Hyderabad,2018,8,8,3.36,25.78,71.94,6.78
Hyderabad,2018,8,9,4.4364,26.95,73.23,5.15
Hyderabad,2018,8,10,4.5826,26.97,71.26,6.41
Hyderabad,2018,8,11,1.3344,25.56,79.64,7.48
Hyderabad,2018,8,12,3.1306,24.5,82.14,7.61
Hyderabad,2018,8,13,3.875,24.92,78.21,7.79
Hyderabad,2018,8,14,3.4886,25.22,79.6,5.54
Hyderabad,2018,8,15,2.105,24.94,81.97,6.22
Hyderabad,2018,8,16,2.1127,24.45,85.85,8.51
Hyderabad,2018,8,17,3.8645,25.69,75.71,7.98
Hyderabad,2018,8,18,4.4717,25.47,76.88,6.94
Hyderabad,2018,8,19,2.4012,25.39,80.36,7.03
Hyderabad,2018,8,20,1.6625,23.88,86.15,8.07
Hyderabad,2018,8,21,4.236,25.22,79.37,7.38
Hyderabad,2018,8,22,4.685,25.9,77.23,6.28
Hyderabad,2018,8,23,4.8346,26.18,77.2,6.2
Hyderabad,2018,8,24,5.383,25.53,78.44,5.57
Hyderabad,2018,8,25,5.3074,25.35,77.98,5.87
Hyderabad,2018,8,26,3.8669,25.03,79.14,5.71
Hyderabad,2018,8,27,3.7164,24.24,83.48,5.34
Hyderabad,2018,8,28,5.2843,25.1,79.81,4.85
Hyderabad,2018,8,29,5.8615,25.84,76.43,3.99
Hyderabad,2018,8,30,6.1162,25.84,73.63,4.47
Hyderabad,2018,8,31,4.6474,25.94,73.61,4.33
Hyderabad,2018,9,1,5.6342,25.28,77.73,4.1
Hyderabad,2018,9,2,5.225,25.52,76.98,4.59
Hyderabad,2018,9,3,5.0626,25.86,74.85,4.48
Hyderabad,2018,9,4,6.1277,25.87,72.3,4.83
Hyderabad,2018,9,5,4.889,25.5,72.72,5.15
Hyderabad,2018,9,6,4.5924,24.93,74.56,4.83
Hyderabad,2018,9,7,5.3184,25.56,70.3,4.95
Hyderabad,2018,9,8,6.0646,26.18,66.87,3.85
Hyderabad,2018,9,9,5.6268,26.26,67.44,1.84
Hyderabad,2018,9,10,5.3717,26.6,70.56,1.62
Hyderabad,2018,9,11,5.6441,26.66,76.0,1.7
Hyderabad,2018,9,12,4.5305,26.82,73.55,1.32
Hyderabad,2018,9,13,5.6664,27.27,67.79,1.72
Hyderabad,2018,9,14,5.569,27.15,68.8,1.41
Hyderabad,2018,9,15,5.4336,27.37,66.22,2.26
Hyderabad,2018,9,16,5.5937,26.36,71.56,3.05
Hyderabad,2018,9,17,3.5628,24.65,83.88,2.11
Hyderabad,2018,9,18,4.6639,24.78,82.27,3.54
Hyderabad,2018,9,19,3.6655,25.08,81.79,3.43
Hyderabad,2018,9,20,4.0394,24.86,81.97,3.65
Hyderabad,2018,9,21,1.3306,23.12,85.03,6.58
Hyderabad,2018,9,22,4.9601,24.76,77.27,3.96
Hyderabad,2018,9,23,5.6114,25.33,76.41,2.39
Hyderabad,2018,9,24,5.1754,25.37,80.68,1.82
Hyderabad,2018,9,25,5.2414,26.27,77.04,2.04
Hyderabad,2018,9,26,4.2432,25.82,78.69,1.8
Hyderabad,2018,9,27,5.5243,25.62,78.35,1.79
Hyderabad,2018,9,28,4.3714,25.63,79.8,2.16
Hyderabad,2018,9,29,4.7762,25.98,78.68,2.63
Hyderabad,2018,9,30,5.3599,26.42,75.12,2.63
Hyderabad,2018,10,1,4.9301,25.99,75.74,2.61
Hyderabad,2018,10,2,5.7526,26.82,74.03,2.01
Hyderabad,2018,10,3,5.8219,26.87,73.94,2.03
Hyderabad,2018,10,4,5.8445,26.38,74.73,2.72
Hyderabad,2018,10,5,6.3362,25.72,70.17,3.16
Hyderabad,2018,10,6,5.9904,25.91,63.86,2.82
Hyderabad,2018,10,7,5.5798,26.1,67.87,2.97
Hyderabad,2018,10,8,6.1452,25.85,63.5,3.14
Hyderabad,2018,10,9,5.7422,25.4,62.65,3.86
Hyderabad,2018,10,10,4.8602,25.43,55.83,4.89
Hyderabad,2018,10,11,4.9658,25.44,55.99,5.64
Hyderabad,2018,10,12,5.741,26.15,64.13,4.21
Hyderabad,2018,10,13,5.5704,26.77,65.86,2.62
Hyderabad,2018,10,14,5.1178,26.57,65.05,2.63
Hyderabad,2018,10,15,3.9293,26.22,60.05,2.62
Hyderabad,2018,10,16,4.1971,25.26,70.18,1.9
Hyderabad,2018,10,17,3.6206,24.6,77.77,1.69
Hyderabad,2018,10,18,4.5379,24.74,71.01,2.0
Hyderabad,2018,10,19,5.9088,24.86,67.5,2.54
Hyderabad,2018,10,20,5.8313,25.52,58.04,2.57
Hyderabad,2018,10,21,5.4612,25.97,60.12,2.2
Hyderabad,2018,10,22,5.4624,26.71,54.6,1.91
Hyderabad,2018,10,23,5.0122,26.65,59.73,2.17
Hyderabad,2018,10,24,2.927,26.47,57.78,2.38
Hyderabad,2018,10,25,5.2022,24.92,55.19,3.08
Hyderabad,2018,10,26,5.9614,23.86,51.21,3.69
Hyderabad,2018,10,27,6.0298,24.44,49.69,3.09
Hyderabad,2018,10,28,5.7749,23.6,53.02,4.11
Hyderabad,2018,10,29,5.795,22.82,53.54,4.5
Hyderabad,2018,10,30,5.899,22.94,59.94,3.38
Hyderabad,2018,10,31,5.9069,23.74,62.81,2.9
Hyderabad,2018,11,1,4.8504,24.85,73.86,3.37
Hyderabad,2018,11,2,3.4183,25.54,71.78,3.4
Hyderabad,2018,11,3,4.4568,26.07,68.72,3.26
Hyderabad,2018,11,4,5.1586,26.0,68.44,3.05
Hyderabad,2018,11,5,4.9536,25.94,64.64,2.58
Hyderabad,2018,11,6,4.7114,26.09,63.65,2.73
Hyderabad,2018,11,7,4.8986,26.41,60.01,2.22
Hyderabad,2018,11,8,4.8468,25.9,59.28,2.56
Hyderabad,2018,11,9,5.1041,25.02,56.65,2.34
Hyderabad,2018,11,10,5.3549,24.66,45.33,2.44
Hyderabad,2018,11,11,5.5894,23.07,43.57,3.13
Hyderabad,2018,11,12,5.4319,22.3,45.52,3.4
Hyderabad,2018,11,13,5.5015,22.63,43.95,3.3
Hyderabad,2018,11,14,5.4806,22.85,45.09,2.95
Hyderabad,2018,11,15,5.6851,23.39,42.39,3.53
Hyderabad,2018,11,16,5.2848,25.1,54.32,3.06
Hyderabad,2018,11,17,4.2979,26.24,69.41,2.61
Hyderabad,2018,11,18,4.0457,26.72,64.59,2.8
Hyderabad,2018,11,19,4.5461,26.4,63.02,3.18
Hyderabad,2018,11,20,3.9605,25.55,61.09,3.0
Hyderabad,2018,11,21,5.0534,25.13,56.08,3.24
Hyderabad,2018,11,22,4.8259,24.89,58.39,3.08
Hyderabad,2018,11,23,4.0399,24.18,55.5,2.63
Hyderabad,2018,11,24,4.8595,23.92,41.4,2.81
Hyderabad,2018,11,25,5.227,22.91,39.93,2.98
Hyderabad,2018,11,26,5.2517,22.44,35.97,2.82
Hyderabad,2018,11,27,5.2793,22.07,41.39,2.7
Hyderabad,2018,11,28,5.0647,22.02,52.86,2.63
Hyderabad,2018,11,29,4.9159,22.64,57.05,2.29
Hyderabad,2018,11,30,4.7527,22.87,43.45,2.57
Hyderabad,2018,12,1,4.578,22.63,47.63,2.61
Hyderabad,2018,12,2,4.2185,22.97,59.31,2.41
Hyderabad,2018,12,3,4.0654,22.79,64.31,2.85
Hyderabad,2018,12,4,3.4154,24.17,55.77,2.2
Hyderabad,2018,12,5,2.8627,24.27,65.81,1.65
Hyderabad,2018,12,6,2.9426,24.99,64.41,1.79
Hyderabad,2018,12,7,3.1805,25.42,63.06,2.37
Hyderabad,2018,12,8,3.0821,25.39,62.68,2.63
Hyderabad,2018,12,9,3.0749,25.28,59.48,2.78
Hyderabad,2018,12,10,2.8339,25.82,57.62,3.37
Hyderabad,2018,12,11,3.0538,25.0,56.93,2.17
Hyderabad,2018,12,12,3.3367,24.98,52.87,2.25
Hyderabad,2018,12,13,2.5913,23.25,68.3,2.3
Hyderabad,2018,12,14,1.9068,20.81,78.15,3.01
Hyderabad,2018,12,15,4.3423,21.27,58.17,4.11
Hyderabad,2018,12,16,3.8662,18.34,63.92,4.7
Hyderabad,2018,12,17,2.2138,17.62,81.11,5.94
Hyderabad,2018,12,18,1.8221,18.39,73.31,5.06
Hyderabad,2018,12,19,3.6492,18.83,70.53,3.31
Hyderabad,2018,12,20,3.4061,20.01,64.55,2.1
Hyderabad,2018,12,21,4.7827,20.57,58.08,2.29
Hyderabad,2018,12,22,4.6946,20.36,52.47,2.34
Hyderabad,2018,12,23,4.1021,20.72,53.46,2.1
Hyderabad,2018,12,24,4.4263,20.77,43.74,2.58
Hyderabad,2018,12,25,4.7506,21.9,41.13,2.38
Hyderabad,2018,12,26,3.7709,23.32,48.9,1.99
Hyderabad,2018,12,27,4.3027,21.96,37.0,3.81
Hyderabad,2018,12,28,5.148,17.63,28.08,3.84
Hyderabad,2018,12,29,5.0966,17.23,32.72,3.4
Hyderabad,2018,12,30,5.1559,17.05,35.89,2.93
Hyderabad,2018,12,31,5.3686,17.66,26.55,3.02
Hyderabad,2019,1,1,5.4518,19.05,24.4,3.02
Hyderabad,2019,1,2,5.3398,20.76,27.93,2.32
Hyderabad,2019,1,3,4.9553,20.46,37.4,2.74
Hyderabad,2019,1,4,4.9826,20.11,35.13,3.02
Hyderabad,2019,1,5,4.8048,20.53,57.59,2.94
Hyderabad,2019,1,6,4.1794,20.54,60.69,3.27
Hyderabad,2019,1,7,4.38,21.26,54.18,2.47
Hyderabad,2019,1,8,4.6867,19.87,32.39,3.41
Hyderabad,2019,1,9,5.287,19.97,20.72,3.14
Hyderabad,2019,1,10,5.0801,19.99,27.5,2.57
Hyderabad,2019,1,11,4.4633,21.03,59.24,2.8
Hyderabad,2019,1,12,4.1923,21.89,60.8,3.34
Hyderabad,2019,1,13,4.4597,22.03,58.36,3.38
Hyderabad,2019,1,14,4.5626,21.85,54.21,2.94
Hyderabad,2019,1,15,4.3202,21.19,45.43,3.22
Hyderabad,2019,1,16,4.8706,20.91,33.34,2.84
Hyderabad,2019,1,17,5.2594,21.75,31.82,2.38
Hyderabad,2019,1,18,4.9594,21.92,42.36,2.4
Hyderabad,2019,1,19,5.1434,21.32,34.48,2.59
Hyderabad,2019,1,20,5.5224,22.23,37.79,2.47
Hyderabad,2019,1,21,5.4014,22.13,47.4,3.28
Hyderabad,2019,1,22,4.9776,22.08,52.86,4.23
Hyderabad,2019,1,23,4.7071,22.76,56.94,3.02
Hyderabad,2019,1,24,4.14,24.33,57.21,3.6
Hyderabad,2019,1,25,4.0894,24.23,60.56,4.61
Hyderabad,2019,1,26,2.4305,23.58,70.02,3.59
Hyderabad,2019,1,27,0.989,21.41,75.62,3.38
Hyderabad,2019,1,28,2.4293,18.93,75.88,3.74
Hyderabad,2019,1,29,5.6261,16.94,40.47,4.02
Hyderabad,2019,1,30,6.055,16.96,36.31,3.05
Hyderabad,2019,1,31,5.0302,18.76,59.67,3.04
Hyderabad,2019,2,1,5.106,20.88,67.36,3.06
Hyderabad,2019,2,2,5.3059,21.35,62.89,2.97
Hyderabad,2019,2,3,5.4818,21.29,58.85,2.97
Hyderabad,2019,2,4,5.4084,21.9,62.55,3.01
Hyderabad,2019,2,5,5.5529,22.72,58.43,2.14
Hyderabad,2019,2,6,5.358,23.44,47.87,2.09
Hyderabad,2019,2,7,5.189,24.02,57.6,4.22
Hyderabad,2019,2,8,4.405,24.27,63.28,2.21
Hyderabad,2019,2,9,5.3561,22.74,41.24,3.45
Hyderabad,2019,2,10,5.9287,21.29,25.53,2.57
Hyderabad,2019,2,11,4.4386,22.38,48.96,3.16
Hyderabad,2019,2,12,5.1725,24.2,58.63,3.27
Hyderabad,2019,2,13,5.9556,23.94,54.03,3.13
Hyderabad,2019,2,14,6.0216,24.49,48.11,2.99
Hyderabad,2019,2,15,5.8274,25.94,51.01,3.26
Hyderabad,2019,2,16,5.6741,26.38,48.1,2.39
Hyderabad,2019,2,17,5.4806,25.81,51.04,3.08
Hyderabad,2019,2,18,5.7718,24.86,32.21,2.55
Hyderabad,2019,2,19,5.6354,26.54,35.59,3.04
Hyderabad,2019,2,20,5.8817,26.79,55.25,4.06
Hyderabad,2019,2,21,6.1025,26.95,48.07,2.83
Hyderabad,2019,2,22,5.9467,28.49,34.58,2.58
Hyderabad,2019,2,23,6.0134,28.85,30.31,1.95
Hyderabad,2019,2,24,6.3017,28.42,25.0,3.41
Hyderabad,2019,2,25,5.9378,27.81,29.74,3.08
Hyderabad,2019,2,26,6.1918,27.3,30.76,1.89
Hyderabad,2019,2,27,5.2536,27.35,50.63,1.88
Hyderabad,2019,2,28,6.2702,26.38,40.37,2.66
Hyderabad,2019,3,1,5.5286,26.69,35.35,2.62
Hyderabad,2019,3,2,5.2342,27.85,55.59,4.78
Hyderabad,2019,3,3,5.7163,28.75,51.64,3.29
Hyderabad,2019,3,4,6.3238,29.39,40.61,3.76
Hyderabad,2019,3,5,6.5054,28.3,26.52,3.99
Hyderabad,2019,3,6,6.8753,27.35,19.1,3.85
Hyderabad,2019,3,7,6.6298,26.7,21.6,2.78
Hyderabad,2019,3,8,6.0734,27.2,27.04,2.48
Hyderabad,2019,3,9,5.7876,28.27,37.55,2.17
Hyderabad,2019,3,10,6.2974,28.95,40.66,1.88
Hyderabad,2019,3,11,6.1006,30.18,43.35,3.91
Hyderabad,2019,3,12,5.7756,30.51,35.9,3.34
Hyderabad,2019,3,13,6.4742,29.87,32.36,4.35
Hyderabad,2019,3,14,6.377,29.6,24.52,3.33
Hyderabad,2019,3,15,6.7356,29.6,26.44,3.66
Hyderabad,2019,3,16,6.6744,29.22,30.38,4.72
Hyderabad,2019,3,17,6.6857,29.01,37.52,5.09
Hyderabad,2019,3,18,6.9324,28.59,32.07,4.15
Hyderabad,2019,3,19,6.7234,29.04,44.54,3.47
Hyderabad,2019,3,20,5.6448,29.83,47.17,5.06
Hyderabad,2019,3,21,6.3053,29.76,44.35,4.97
Hyderabad,2019,3,22,6.391,29.83,39.22,2.68
Hyderabad,2019,3,23,6.2508,31.45,38.47,2.48
Hyderabad,2019,3,24,6.4716,32.0,31.3,2.61
Hyderabad,2019,3,25,6.4116,31.37,31.59,2.87
Hyderabad,2019,3,26,6.2369,31.46,35.18,2.72
Hyderabad,2019,3,27,6.499,32.24,33.02,2.08
Hyderabad,2019,3,28,6.7414,31.87,29.45,2.38
Hyderabad,2019,3,29,7.0704,31.61,20.68,2.8
Hyderabad,2019,3,30,6.7853,31.81,27.91,2.73
Hyderabad,2019,3,31,6.5424,33.19,28.62,3.0
Hyderabad,2019,4,1,6.4685,33.78,22.19,2.24
Hyderabad,2019,4,2,6.9178,32.68,25.93,3.29
Hyderabad,2019,4,3,6.1246,31.4,41.68,4.53
Hyderabad,2019,4,4,6.2698,31.07,37.16,3.64
Hyderabad,2019,4,5,5.8944,32.19,38.38,2.6
Hyderabad,2019,4,6,5.9998,32.77,34.05,2.53
Hyderabad,2019,4,7,6.66,32.16,32.23,2.81
Hyderabad,2019,4,8,6.5683,32.17,35.96,3.21
Hyderabad,2019,4,9,6.1855,32.56,38.86,2.97
Hyderabad,2019,4,10,6.396,33.01,35.67,2.59
Hyderabad,2019,4,11,6.9955,33.1,31.39,2.78
Hyderabad,2019,4,12,6.7754,33.15,33.16,2.94
Hyderabad,2019,4,13,6.5695,31.71,37.43,3.46
Hyderabad,2019,4,14,7.0613,32.01,33.58,3.4
Hyderabad,2019,4,15,7.0121,32.73,26.3,3.3
Hyderabad,2019,4,16,7.4734,32.0,24.87,3.91
Hyderabad,2019,4,17,6.4457,31.5,35.81,3.06
Hyderabad,2019,4,18,6.738,32.49,39.88,3.39
Hyderabad,2019,4,19,6.4807,30.28,56.19,3.3
Hyderabad,2019,4,20,6.2851,31.06,51.2,4.88
Hyderabad,2019,4,21,6.372,31.93,41.07,3.54
Hyderabad,2019,4,22,6.6902,31.42,43.22,4.22
Hyderabad,2019,4,23,7.1232,31.62,38.49,3.36
Hyderabad,2019,4,24,7.5278,32.03,36.76,3.88
Hyderabad,2019,4,25,6.9566,33.14,30.16,3.75
Hyderabad,2019,4,26,7.098,34.28,28.85,3.99
Hyderabad,2019,4,27,6.4145,34.43,32.09,3.5
Hyderabad,2019,4,28,5.6868,34.48,32.24,3.54
Hyderabad,2019,4,29,6.5693,34.27,32.61,4.14
Hyderabad,2019,4,30,5.8745,34.38,34.49,2.64
Hyderabad,2019,5,1,6.4402,34.24,32.08,3.59
Hyderabad,2019,5,2,6.0626,34.72,25.63,4.57
Hyderabad,2019,5,3,7.2358,33.18,22.25,4.59
Hyderabad,2019,5,4,7.6202,33.49,19.35,5.36
Hyderabad,2019,5,5,7.1443,33.97,17.44,4.79
Hyderabad,2019,5,6,6.9199,34.61,17.56,3.04
Hyderabad,2019,5,7,6.6662,34.98,21.47,1.95
Hyderabad,2019,5,8,6.6749,34.96,19.81,3.58
Hyderabad,2019,5,9,7.4774,34.82,19.1,4.5
Hyderabad,2019,5,10,7.2473,35.19,22.44,3.04
Hyderabad,2019,5,11,6.1159,33.45,45.26,2.34
Hyderabad,2019,5,12,5.4838,32.21,39.73,2.58
Hyderabad,2019,5,13,6.4075,33.98,37.31,2.35
Hyderabad,2019,5,14,6.1843,34.25,37.09,3.2
Hyderabad,2019,5,15,6.2654,33.95,40.65,2.66
Hyderabad,2019,5,16,6.929,34.64,35.22,3.45
Hyderabad,2019,5,17,6.6571,34.91,31.09,2.26
Hyderabad,2019,5,18,7.2725,35.28,27.98,2.31
Hyderabad,2019,5,19,7.0925,35.81,24.35,1.91
Hyderabad,2019,5,20,6.2515,35.15,31.97,2.88
Hyderabad,2019,5,21,6.0173,35.18,34.49,3.74
Hyderabad,2019,5,22,6.4838,33.7,43.52,2.99
Hyderabad,2019,5,23,6.0091,34.14,42.97,3.35
Hyderabad,2019,5,24,6.9283,34.83,40.2,2.74
Hyderabad,2019,5,25,7.4143,35.37,32.63,4.49
Hyderabad,2019,5,26,7.1854,36.21,32.49,2.95
Hyderabad,2019,5,27,7.2086,37.2,28.79,2.92
Hyderabad,2019,5,28,7.247,37.04,29.1,2.74
Hyderabad,2019,5,29,7.019,36.11,36.18,3.67
Hyderabad,2019,5,30,5.8846,34.54,42.85,4.33
Hyderabad,2019,5,31,6.2455,34.33,44.81,4.64
Hyderabad,2019,6,1,3.5962,34.11,41.51,3.02
Hyderabad,2019,6,2,6.0062,34.19,37.74,3.09
Hyderabad,2019,6,3,5.9441,34.29,44.33,3.54
Hyderabad,2019,6,4,6.6492,33.02,49.43,2.67
Hyderabad,2019,6,5,6.3221,34.29,42.05,2.98
Hyderabad,2019,6,6,5.6474,32.4,46.27,5.0
Hyderabad,2019,6,7,5.8018,32.11,46.2,3.32
Hyderabad,2019,6,8,3.449,28.97,61.54,2.77
Hyderabad,2019,6,9,6.3389,32.3,52.47,3.61
Hyderabad,2019,6,10,6.4853,31.6,51.94,3.8
Hyderabad,2019,6,11,7.3296,32.55,47.02,5.51
Hyderabad,2019,6,12,7.2372,31.77,49.66,6.89
Hyderabad,2019,6,13,6.0007,29.72,55.22,6.35
Hyderabad,2019,6,14,7.0783,31.72,41.89,6.75
Hyderabad,2019,6,15,7.4242,31.63,39.66,6.39
Hyderabad,2019,6,16,7.0073,32.42,42.22,6.59
Hyderabad,2019,6,17,5.3501,29.79,51.3,5.01
Hyderabad,2019,6,18,6.6804,33.09,38.95,5.41
Hyderabad,2019,6,19,7.3663,34.13,38.98,6.15
Hyderabad,2019,6,20,5.9935,31.11,55.87,4.8
Hyderabad,2019,6,21,4.992,27.39,72.27,2.31
Hyderabad,2019,6,22,3.24,26.82,77.24,4.36
Hyderabad,2019,6,23,4.1134,27.82,67.52,2.9
Hyderabad,2019,6,24,5.2008,28.88,67.21,3.38
Hyderabad,2019,6,25,5.3482,28.47,73.47,3.1
Hyderabad,2019,6,26,5.8418,28.23,69.7,4.23
Hyderabad,2019,6,27,6.7469,29.01,65.18,5.14
Hyderabad,2019,6,28,4.8504,28.33,66.2,6.78
Hyderabad,2019,6,29,4.2766,26.95,68.14,8.2
Hyderabad,2019,6,30,3.1224,26.0,70.17,7.7
Hyderabad,2019,7,1,2.7264,26.93,66.52,6.64
Hyderabad,2019,7,2,3.3132,26.7,67.38,7.84
Hyderabad,2019,7,3,3.9946,27.27,62.87,8.27
Hyderabad,2019,7,4,4.9229,28.9,58.19,7.9
Hyderabad,2019,7,5,3.474,27.71,65.11,7.94
Hyderabad,2019,7,6,3.431,28.91,63.31,8.96
Hyderabad,2019,7,7,4.6332,27.86,65.55,8.41
Hyderabad,2019,7,8,5.0496,28.32,67.84,7.26
Hyderabad,2019,7,9,4.7078,28.22,67.16,6.68
Hyderabad,2019,7,10,5.5414,28.07,65.6,7.61
Hyderabad,2019,7,11,5.1554,27.38,68.81,6.69
Hyderabad,2019,7,12,5.2699,27.74,67.15,4.93
Hyderabad,2019,7,13,5.8162,27.62,68.64,5.07
Hyderabad,2019,7,14,5.6858,27.47,70.7,4.75
Hyderabad,2019,7,15,5.3326,27.76,66.68,4.78
Hyderabad,2019,7,16,5.9234,27.63,65.88,4.78
Hyderabad,2019,7,17,6.2537,27.6,68.16,4.76
Hyderabad,2019,7,18,5.8603,28.37,68.03,3.6
Hyderabad,2019,7,19,4.5062,27.12,73.45,2.08
Hyderabad,2019,7,20,4.1047,27.8,72.19,2.79
Hyderabad,2019,7,21,5.1295,28.19,71.11,4.2
Hyderabad,2019,7,22,6.0862,27.68,72.87,4.67
Hyderabad,2019,7,23,5.5106,27.48,73.01,4.11
Hyderabad,2019,7,24,5.8013,28.12,68.64,4.47
Hyderabad,2019,7,25,4.5965,27.03,75.2,5.91
Hyderabad,2019,7,26,2.4293,25.41,80.28,6.7
Hyderabad,2019,7,27,2.7204,25.72,75.62,8.49
Hyderabad,2019,7,28,2.1019,25.14,81.58,7.36
Hyderabad,2019,7,29,1.8715,24.76,81.85,6.91
Hyderabad,2019,7,30,3.5299,25.21,78.44,7.93
Hyderabad,2019,7,31,4.9102,27.01,71.7,6.75
Hyderabad,2019,8,1,3.7951,26.46,75.58,7.01
Hyderabad,2019,8,2,1.1498,24.97,82.07,8.09
Hyderabad,2019,8,3,2.6285,24.49,84.6,8.73
Hyderabad,2019,8,4,3.6802,24.68,78.76,10.57
Hyderabad,2019,8,5,4.32,25.17,83.89,8.04
Hyderabad,2019,8,6,3.4918,25.06,84.29,9.88
Hyderabad,2019,8,7,2.4432,24.54,83.34,9.24
Hyderabad,2019,8,8,3.6091,25.37,81.66,8.7
Hyderabad,2019,8,9,3.7625,26.71,76.99,7.6
Hyderabad,2019,8,10,4.7832,26.93,75.48,6.04
Hyderabad,2019,8,11,5.8121,26.64,75.87,5.42
Hyderabad,2019,8,12,4.7525,25.76,80.61,5.34
Hyderabad,2019,8,13,3.8472,25.72,81.1,4.91
Hyderabad,2019,8,14,4.6723,25.85,81.49,3.69
Hyderabad,2019,8,15,5.4737,26.14,78.67,3.66
Hyderabad,2019,8,16,6.0161,26.96,75.95,4.11
Hyderabad,2019,8,17,5.6294,25.71,81.57,3.47
Hyderabad,2019,8,18,2.6153,24.77,87.52,3.3
Hyderabad,2019,8,19,4.9454,26.63,79.88,2.31
Hyderabad,2019,8,20,4.4064,26.02,83.84,4.22
Hyderabad,2019,8,21,4.3128,25.3,86.05,3.46
Hyderabad,2019,8,22,5.2248,25.57,82.46,4.23
Hyderabad,2019,8,23,4.0452,25.07,83.61,4.72
Hyderabad,2019,8,24,5.8862,25.95,77.69,4.8
Hyderabad,2019,8,25,5.7158,26.4,75.13,5.16
Hyderabad,2019,8,26,5.6503,26.19,72.06,5.6
Hyderabad,2019,8,27,6.8772,26.31,70.21,5.44
Hyderabad,2019,8,28,6.4044,27.11,69.97,4.23
Hyderabad,2019,8,29,5.9642,26.96,76.01,3.75
Hyderabad,2019,8,30,4.607,26.49,80.23,4.15
Hyderabad,2019,8,31,4.0793,24.67,90.15,4.31
Hyderabad,2019,9,1,3.595,24.92,85.07,5.24
Hyderabad,2019,9,2,3.769,24.56,83.64,5.55
Hyderabad,2019,9,3,3.4867,24.12,88.25,6.05
Hyderabad,2019,9,4,3.5662,24.63,83.13,6.45
Hyderabad,2019,9,5,4.7561,25.49,83.99,6.52
Hyderabad,2019,9,6,3.3982,24.69,86.67,6.73
Hyderabad,2019,9,7,3.5885,25.16,83.56,7.05
Hyderabad,2019,9,8,4.2499,25.99,79.69,6.55
Hyderabad,2019,9,9,4.1074,26.39,78.15,6.35
Hyderabad,2019,9,10,4.967,26.75,78.28,5.39
Hyderabad,2019,9,11,4.763,26.65,76.08,5.0
Hyderabad,2019,9,12,2.987,25.41,81.01,5.2
Hyderabad,2019,9,13,4.7585,25.88,78.49,4.59
Hyderabad,2019,9,14,4.9536,26.32,79.51,3.72
Hyderabad,2019,9,15,4.9056,25.88,79.6,4.21
Hyderabad,2019,9,16,4.2408,25.85,82.0,3.48
Hyderabad,2019,9,17,4.5569,26.72,82.1,2.3
Hyderabad,2019,9,18,4.1388,26.26,82.68,2.04
Hyderabad,2019,9,19,4.2682,25.48,84.49,1.86
Hyderabad,2019,9,20,4.307,25.58,84.21,2.04
Hyderabad,2019,9,21,5.5104,25.88,84.3,1.45
Hyderabad,2019,9,22,4.9879,26.06,83.77,2.06
Hyderabad,2019,9,23,4.9248,26.3,84.04,2.07
Hyderabad,2019,9,24,4.1345,25.8,88.45,1.84
Hyderabad,2019,9,25,4.2108,24.8,90.45,5.2
Hyderabad,2019,9,26,3.9924,24.67,87.75,4.75
Hyderabad,2019,9,27,4.7854,24.91,86.5,2.96
Hyderabad,2019,9,28,4.29,24.69,87.91,2.93
Hyderabad,2019,9,29,4.5547,24.74,86.45,2.82
Hyderabad,2019,9,30,4.115,25.24,82.07,2.63
Hyderabad,2019,10,1,5.3417,25.36,82.18,2.38
Hyderabad,2019,10,2,5.1869,25.29,84.42,2.27
Hyderabad,2019,10,3,4.7734,25.22,81.39,1.06
Hyderabad,2019,10,4,4.8821,24.73,85.13,1.45
Hyderabad,2019,10,5,4.7899,24.56,85.39,1.81
Hyderabad,2019,10,6,3.3631,24.96,82.42,1.19
Hyderabad,2019,10,7,5.1658,24.93,84.0,1.62
Hyderabad,2019,10,8,4.2727,24.39,87.83,2.54
Hyderabad,2019,10,9,4.1762,24.42,88.36,1.6
Hyderabad,2019,10,10,4.0356,24.26,90.93,1.46
Hyderabad,2019,10,11,4.2158,23.76,93.08,2.03
Hyderabad,2019,10,12,4.8384,24.41,89.24,2.0
Hyderabad,2019,10,13,4.3435,24.79,86.38,1.91
Hyderabad,2019,10,14,4.5206,24.59,88.96,2.99
Hyderabad,2019,10,15,4.6915,23.47,87.62,2.44
Hyderabad,2019,10,16,3.3542,23.98,87.74,2.1
Hyderabad,2019,10,17,4.3258,23.46,89.09,2.88
Hyderabad,2019,10,18,4.4726,23.45,90.6,3.3
Hyderabad,2019,10,19,4.1616,23.67,88.43,2.94
Hyderabad,2019,10,20,3.7918,23.17,90.35,2.66
Hyderabad,2019,10,21,3.8491,23.39,89.09,3.24
Hyderabad,2019,10,22,4.1477,23.78,86.02,2.46
Hyderabad,2019,10,23,4.163,23.7,87.67,2.78
Hyderabad,2019,10,24,3.3288,24.01,87.12,1.97
Hyderabad,2019,10,25,4.3483,23.58,85.65,2.32
Hyderabad,2019,10,26,4.783,23.85,87.08,3.05
Hyderabad,2019,10,27,5.023,24.03,86.97,2.72
Hyderabad,2019,10,28,5.0179,24.13,88.8,2.82
Hyderabad,2019,10,29,4.139,23.81,88.75,2.84
Hyderabad,2019,10,30,3.9497,23.46,88.27,2.75
Hyderabad,2019,10,31,3.606,23.22,86.73,2.57
Hyderabad,2019,11,1,4.7726,23.96,85.0,2.46
Hyderabad,2019,11,2,4.8226,23.96,85.79,2.12
Hyderabad,2019,11,3,4.855,24.03,85.26,2.11
Hyderabad,2019,11,4,5.4005,23.67,81.03,2.34
Hyderabad,2019,11,5,4.9044,23.45,79.88,2.58
Hyderabad,2019,11,6,4.5144,24.01,79.34,1.69
Hyderabad,2019,11,7,4.6992,23.45,84.96,1.7
Hyderabad,2019,11,8,4.1527,23.49,81.52,2.44
Hyderabad,2019,11,9,4.709,22.57,78.08,3.33
Hyderabad,2019,11,10,5.3474,21.79,79.52,3.08
Hyderabad,2019,11,11,5.0971,22.47,83.52,3.21
Hyderabad,2019,11,12,5.0062,21.85,80.56,2.88
Hyderabad,2019,11,13,5.0138,20.93,78.97,2.82
Hyderabad,2019,11,14,4.0958,21.36,84.17,2.62
Hyderabad,2019,11,15,3.541,22.13,81.92,2.7
Hyderabad,2019,11,16,5.075,22.74,82.04,2.41
Hyderabad,2019,11,17,5.1,21.66,80.92,3.15
Hyderabad,2019,11,18,5.01,20.88,79.82,3.29
Hyderabad,2019,11,19,4.4254,21.12,80.71,2.5
Hyderabad,2019,11,20,4.1299,21.18,81.77,2.49
Hyderabad,2019,11,21,4.0488,21.28,82.53,2.81
Hyderabad,2019,11,22,4.7395,20.71,80.69,2.37
Hyderabad,2019,11,23,5.0971,20.11,78.98,2.67
Hyderabad,2019,11,24,4.8197,20.31,80.54,2.45
Hyderabad,2019,11,25,4.866,20.49,81.01,3.16
Hyderabad,2019,11,26,4.7602,20.68,80.67,3.37
Hyderabad,2019,11,27,4.8722,20.8,79.15,3.04
Hyderabad,2019,11,28,4.7371,21.23,80.03,3.0
Hyderabad,2019,11,29,4.6231,21.23,80.34,2.55
Hyderabad,2019,11,30,4.3159,22.12,78.78,2.6
Hyderabad,2019,12,1,3.2851,22.15,83.44,2.93
Hyderabad,2019,12,2,1.8638,22.35,85.6,2.94
Hyderabad,2019,12,3,2.7098,22.49,82.6,3.33
Hyderabad,2019,12,4,3.9175,21.61,79.94,3.44
Hyderabad,2019,12,5,3.9518,20.56,79.77,2.79
Hyderabad,2019,12,6,3.816,19.3,78.93,2.61
Hyderabad,2019,12,7,4.4318,19.62,76.05,2.47
Hyderabad,2019,12,8,3.6571,20.63,79.17,2.8
Hyderabad,2019,12,9,4.0258,20.94,78.43,2.45
Hyderabad,2019,12,10,4.4436,20.77,78.42,2.41
Hyderabad,2019,12,11,4.488,21.04,76.64,2.43
Hyderabad,2019,12,12,4.7501,21.06,77.14,3.39
Hyderabad,2019,12,13,4.4549,21.82,77.12,3.44
Hyderabad,2019,12,14,4.4666,22.66,78.42,3.31
Hyderabad,2019,12,15,4.4746,22.26,76.38,3.36
Hyderabad,2019,12,16,4.4909,21.78,76.68,2.89
Hyderabad,2019,12,17,4.4314,21.14,77.02,3.07
Hyderabad,2019,12,18,4.0044,20.76,77.07,2.6
Hyderabad,2019,12,19,4.0951,20.48,74.81,2.64
Hyderabad,2019,12,20,4.1266,20.34,69.16,2.65
Hyderabad,2019,12,21,3.9605,20.46,71.09,2.71
Hyderabad,2019,12,22,3.7421,20.89,76.87,3.01
Hyderabad,2019,12,23,3.7006,20.54,73.38,3.17
Hyderabad,2019,12,24,4.2538,20.83,72.49,3.31
Hyderabad,2019,12,25,4.1988,21.42,72.77,3.21
Hyderabad,2019,12,26,3.2794,22.2,74.76,2.16
Hyderabad,2019,12,27,2.965,21.52,75.83,2.81
Hyderabad,2019,12,28,3.5993,18.76,62.78,3.51
Hyderabad,2019,12,29,4.1582,18.47,59.39,2.45
Hyderabad,2019,12,30,3.6163,19.62,72.68,2.97
Hyderabad,2019,12,31,2.567,20.84,77.05,4.9
Hyderabad,2020,1,1,3.6199,21.74,76.54,4.73
Hyderabad,2020,1,2,3.1978,22.47,80.43,4.09
Hyderabad,2020,1,3,3.0269,22.84,80.3,2.82
Hyderabad,2020,1,4,3.1584,21.81,75.49,2.24
Hyderabad,2020,1,5,4.3918,19.77,72.43,4.15
Hyderabad,2020,1,6,3.8186,20.28,73.8,3.4
Hyderabad,2020,1,7,3.1176,22.03,76.72,3.15
Hyderabad,2020,1,8,3.6264,22.74,75.76,3.94
Hyderabad,2020,1,9,3.0792,22.5,75.36,3.44
Hyderabad,2020,1,10,3.8429,20.23,70.81,3.91
Hyderabad,2020,1,11,4.4743,19.28,65.09,3.13
Hyderabad,2020,1,12,5.3311,18.64,55.18,2.91
Hyderabad,2020,1,13,5.269,20.11,46.28,1.99
Hyderabad,2020,1,14,4.7069,20.53,60.67,2.88
Hyderabad,2020,1,15,4.9128,20.73,67.47,4.17
Hyderabad,2020,1,16,5.1391,20.96,67.56,4.05
Hyderabad,2020,1,17,4.3745,21.58,67.23,3.38
Hyderabad,2020,1,18,4.1923,22.72,72.51,3.44
Hyderabad,2020,1,19,4.2384,22.88,70.28,2.53
Hyderabad,2020,1,20,4.0505,22.31,66.51,2.23
Hyderabad,2020,1,21,5.0086,22.22,66.23,3.5
Hyderabad,2020,1,22,5.166,22.2,65.88,3.83
Hyderabad,2020,1,23,5.1108,22.06,64.18,3.02
Hyderabad,2020,1,24,5.1394,21.76,60.63,3.17
Hyderabad,2020,1,25,5.0762,22.2,55.03,2.9
Hyderabad,2020,1,26,5.1322,23.58,49.0,2.46
Hyderabad,2020,1,27,5.3527,23.03,46.6,2.9
Hyderabad,2020,1,28,4.5996,24.53,58.2,3.89
Hyderabad,2020,1,29,4.1998,25.23,54.49,2.74
Hyderabad,2020,1,30,4.6382,22.92,55.47,3.38
Hyderabad,2020,1,31,4.5343,22.83,48.79,2.85
Hyderabad,2020,2,1,4.2082,24.59,61.4,3.75
Hyderabad,2020,2,2,3.4018,24.25,64.01,3.34
Hyderabad,2020,2,3,4.4294,24.4,63.62,3.61
Hyderabad,2020,2,4,5.4211,24.33,60.2,3.95
Hyderabad,2020,2,5,5.0578,24.89,56.77,2.7
Hyderabad,2020,2,6,5.027,24.92,54.76,3.05
Hyderabad,2020,2,7,4.5718,25.81,53.91,3.7
Hyderabad,2020,2,8,3.1819,23.87,67.18,4.23
Hyderabad,2020,2,9,2.5954,21.16,72.03,4.38
Hyderabad,2020,2,10,3.821,22.6,70.15,4.11
Hyderabad,2020,2,11,3.9703,23.24,67.4,4.22
Hyderabad,2020,2,12,3.7142,23.34,63.07,3.02
Hyderabad,2020,2,13,6.1476,22.6,41.81,3.65
Hyderabad,2020,2,14,6.3523,23.31,32.45,3.2
Hyderabad,2020,2,15,6.1572,24.84,30.19,2.37
Hyderabad,2020,2,16,6.1253,24.11,35.11,3.15
Hyderabad,2020,2,17,6.1642,24.15,32.0,3.29
Hyderabad,2020,2,18,6.4704,23.37,25.43,3.84
Hyderabad,2020,2,19,6.1961,23.92,33.77,3.01
Hyderabad,2020,2,20,5.8634,24.68,57.47,4.24
Hyderabad,2020,2,21,6.1382,23.87,51.78,4.25
Hyderabad,2020,2,22,6.2534,24.37,51.74,3.86
Hyderabad,2020,2,23,6.2743,24.65,52.06,3.79
Hyderabad,2020,2,24,6.1044,26.43,49.06,3.15
Hyderabad,2020,2,25,4.9889,25.86,48.24,3.48
Hyderabad,2020,2,26,5.8723,24.29,30.97,3.83
Hyderabad,2020,2,27,6.5928,24.07,28.3,3.46
Hyderabad,2020,2,28,5.9182,24.9,46.09,3.26
Hyderabad,2020,2,29,5.8003,25.98,54.49,2.96
Hyderabad,2020,3,1,5.981,26.74,52.48,3.01
Hyderabad,2020,3,2,5.4845,27.26,44.95,1.99
Hyderabad,2020,3,3,5.2735,27.8,42.34,2.95
Hyderabad,2020,3,4,5.7576,27.99,34.47,2.12
Hyderabad,2020,3,5,5.6021,27.32,47.62,2.63
Hyderabad,2020,3,6,5.0299,26.85,54.74,4.8
Hyderabad,2020,3,7,4.7695,27.05,57.54,3.07
Hyderabad,2020,3,8,4.5118,27.41,52.07,2.31
Hyderabad,2020,3,9,4.2641,27.28,54.72,2.49
Hyderabad,2020,3,10,6.113,28.47,48.42,3.76
Hyderabad,2020,3,11,4.6529,28.43,50.08,3.76
Hyderabad,2020,3,12,4.525,27.97,49.43,3.73
Hyderabad,2020,3,13,6.2054,28.38,47.98,4.99
Hyderabad,2020,3,14,4.9459,28.64,44.36,2.78
Hyderabad,2020,3,15,6.5604,28.16,48.77,3.65
Hyderabad,2020,3,16,6.7294,28.13,47.8,2.83
Hyderabad,2020,3,17,6.8076,28.73,44.15,3.62
Hyderabad,2020,3,18,6.7531,29.73,35.86,1.97
Hyderabad,2020,3,19,5.5073,28.32,44.03,2.61
Hyderabad,2020,3,20,6.0163,28.6,47.16,2.67
Hyderabad,2020,3,21,6.5868,28.2,39.82,3.26
Hyderabad,2020,3,22,6.6785,27.71,31.9,2.11
Hyderabad,2020,3,23,6.2306,28.65,38.63,2.62
Hyderabad,2020,3,24,6.5666,29.41,44.06,3.37
Hyderabad,2020,3,25,6.474,29.58,41.97,3.54
Hyderabad,2020,3,26,6.786,29.43,42.13,3.04
Hyderabad,2020,3,27,7.0277,30.01,35.74,3.34
Hyderabad,2020,3,28,6.6638,30.51,32.69,2.47
Hyderabad,2020,3,29,6.3425,31.15,34.76,1.67
Hyderabad,2020,3,30,6.4145,30.91,36.64,2.7
Hyderabad,2020,3,31,6.1289,31.54,33.89,1.61
Hyderabad,2020,4,1,4.9106,31.95,31.32,2.29
Hyderabad,2020,4,2,5.2913,32.47,29.79,2.35
Hyderabad,2020,4,3,4.6586,31.72,36.5,3.46
Hyderabad,2020,4,4,3.0665,29.12,42.23,1.93
Hyderabad,2020,4,5,6.1836,31.1,34.65,3.62
Hyderabad,2020,4,6,5.0522,31.34,42.15,2.37
Hyderabad,2020,4,7,5.7934,31.9,39.14,2.58
Hyderabad,2020,4,8,6.5873,32.34,34.36,2.91
Hyderabad,2020,4,9,6.3869,30.81,42.28,3.24
Hyderabad,2020,4,10,6.8477,30.12,44.14,2.97
Hyderabad,2020,4,11,7.2384,30.63,38.58,2.95
Hyderabad,2020,4,12,6.8215,31.7,33.31,2.81
Hyderabad,2020,4,13,6.0334,32.07,32.41,3.2
Hyderabad,2020,4,14,6.6226,32.04,28.71,3.74
Hyderabad,2020,4,15,6.3828,31.57,30.19,3.22
Hyderabad,2020,4,16,6.7121,32.18,28.53,3.41
Hyderabad,2020,4,17,6.3914,32.41,34.02,3.43
Hyderabad,2020,4,18,6.221,32.7,37.07,3.8
Hyderabad,2020,4,19,5.9914,32.2,37.94,3.34
Hyderabad,2020,4,20,5.6263,32.62,37.03,3.37
Hyderabad,2020,4,21,6.744,32.59,34.35,3.41
Hyderabad,2020,4,22,6.9274,32.93,35.75,4.48
Hyderabad,2020,4,23,6.9775,33.55,41.24,3.96
Hyderabad,2020,4,24,6.361,33.64,42.65,4.6
Hyderabad,2020,4,25,6.7819,33.98,39.51,3.62
Hyderabad,2020,4,26,6.5558,32.39,50.3,4.6
Hyderabad,2020,4,27,6.8474,31.02,55.19,4.86
Hyderabad,2020,4,28,6.5628,30.05,54.12,4.11
Hyderabad,2020,4,29,7.014,30.93,47.78,3.07
Hyderabad,2020,4,30,6.2045,32.38,39.26,2.78
Hyderabad,2020,5,1,5.8034,32.99,40.39,2.62
Hyderabad,2020,5,2,6.1843,31.73,47.3,2.61
Hyderabad,2020,5,3,7.1861,32.77,39.84,2.99
Hyderabad,2020,5,4,6.7114,33.87,38.86,2.49
Hyderabad,2020,5,5,6.9401,34.33,35.77,3.43
Hyderabad,2020,5,6,6.2278,33.89,39.63,3.58
Hyderabad,2020,5,7,5.285,32.61,45.49,3.99
Hyderabad,2020,5,8,5.689,32.04,46.92,3.0
Hyderabad,2020,5,9,6.3799,33.41,41.13,3.0
Hyderabad,2020,5,10,4.3855,32.87,39.68,3.08
Hyderabad,2020,5,11,6.7589,32.81,37.24,3.16
Hyderabad,2020,5,12,6.5218,32.45,42.94,3.62
Hyderabad,2020,5,13,6.81,31.96,46.62,3.34
Hyderabad,2020,5,14,6.9986,32.93,40.43,3.74
Hyderabad,2020,5,15,6.5638,33.44,38.22,2.98
Hyderabad,2020,5,16,5.4931,33.24,43.75,2.42
Hyderabad,2020,5,17,5.305,32.2,52.34,2.64
Hyderabad,2020,5,18,5.995,32.86,42.75,3.08
Hyderabad,2020,5,19,5.1766,33.33,34.35,4.91
Hyderabad,2020,5,20,6.805,33.75,28.32,3.74
Hyderabad,2020,5,21,7.6675,33.04,17.84,5.2
Hyderabad,2020,5,22,7.7112,33.98,18.43,3.64
Hyderabad,2020,5,23,7.6274,34.75,24.63,2.94
Hyderabad,2020,5,24,6.7982,34.19,39.13,2.73
Hyderabad,2020,5,25,6.3358,34.8,38.02,3.59
Hyderabad,2020,5,26,6.5712,35.17,40.91,3.37
Hyderabad,2020,5,27,7.1741,35.93,34.75,3.51
Hyderabad,2020,5,28,7.7076,37.04,26.36,4.0
Hyderabad,2020,5,29,7.0997,36.36,30.29,4.38
Hyderabad,2020,5,30,6.133,33.47,39.98,4.03
Hyderabad,2020,5,31,3.8455,31.61,51.06,3.03
Hyderabad,2020,6,1,5.6314,28.46,70.01,1.64
Hyderabad,2020,6,2,6.2062,26.02,75.77,2.76
Hyderabad,2020,6,3,5.6119,27.05,75.31,4.09
Hyderabad,2020,6,4,5.7355,28.92,63.84,6.5
Hyderabad,2020,6,5,6.7193,29.92,57.46,4.76
Hyderabad,2020,6,6,6.9053,30.06,51.0,6.04
Hyderabad,2020,6,7,6.5393,30.14,53.75,5.39
Hyderabad,2020,6,8,6.2218,30.42,50.88,5.35
Hyderabad,2020,6,9,6.7622,30.18,50.68,4.58
Hyderabad,2020,6,10,4.8166,28.15,72.59,4.33
Hyderabad,2020,6,11,2.5298,25.58,82.61,6.29
Hyderabad,2020,6,12,3.271,24.48,80.39,5.05
Hyderabad,2020,6,13,5.2226,27.37,71.55,6.03
Hyderabad,2020,6,14,5.3172,27.88,69.76,4.58
Hyderabad,2020,6,15,5.0414,28.11,70.47,5.89
Hyderabad,2020,6,16,4.1846,27.6,75.42,5.26
Hyderabad,2020,6,17,4.0416,26.76,78.38,6.17
Hyderabad,2020,6,18,4.5094,27.35,72.86,6.37
Hyderabad,2020,6,19,5.0153,27.5,73.26,6.07
Hyderabad,2020,6,20,4.9858,26.86,74.46,6.2
Hyderabad,2020,6,21,4.2703,26.55,75.31,6.03
Hyderabad,2020,6,22,4.4232,27.53,70.05,5.79
Hyderabad,2020,6,23,6.1416,27.3,71.25,4.17
Hyderabad,2020,6,24,6.7656,28.71,65.54,2.66
Hyderabad,2020,6,25,6.7586,28.87,64.04,3.28
Hyderabad,2020,6,26,5.6974,28.65,67.8,3.02
Hyderabad,2020,6,27,5.693,27.87,75.38,2.47
Hyderabad,2020,6,28,5.087,26.99,82.55,2.09
Hyderabad,2020,6,29,4.8396,26.16,84.38,2.19
Hyderabad,2020,6,30,5.0976,26.86,80.84,1.55
Hyderabad,2020,7,1,5.863,27.24,76.6,4.12
Hyderabad,2020,7,2,5.6563,25.56,81.86,6.14
Hyderabad,2020,7,3,4.9658,25.88,81.11,6.41
Hyderabad,2020,7,4,4.0063,24.29,84.91,5.79
Hyderabad,2020,7,5,3.2945,25.59,80.0,7.06
Hyderabad,2020,7,6,3.1001,25.51,80.82,5.28
Hyderabad,2020,7,7,5.3933,26.14,78.17,5.42
Hyderabad,2020,7,8,5.4259,27.11,75.73,4.18
Hyderabad,2020,7,9,4.6819,25.75,78.63,4.16
Hyderabad,2020,7,10,3.3055,25.35,83.47,4.76
Hyderabad,2020,7,11,5.2822,26.28,79.78,4.15
Hyderabad,2020,7,12,5.0606,26.18,78.87,4.39
Hyderabad,2020,7,13,4.3325,24.92,87.2,3.71
Hyderabad,2020,7,14,3.5959,24.85,87.13,2.26
Hyderabad,2020,7,15,2.5039,24.88,88.33,4.84
Hyderabad,2020,7,16,4.3301,25.1,82.96,7.23
Hyderabad,2020,7,17,5.3527,25.68,79.13,4.78
Hyderabad,2020,7,18,6.2496,26.3,80.84,3.09
Hyderabad,2020,7,19,4.8019,26.16,85.07,2.9
Hyderabad,2020,7,20,5.087,26.22,83.06,3.62
Hyderabad,2020,7,21,6.4788,26.07,84.41,2.37
Hyderabad,2020,7,22,4.879,26.05,85.43,3.04
Hyderabad,2020,7,23,1.6255,24.75,88.12,2.26
Hyderabad,2020,7,24,4.4705,24.42,89.86,2.87
Hyderabad,2020,7,25,4.3272,24.78,85.85,2.77
Hyderabad,2020,7,26,6.8158,25.62,79.99,3.31
Hyderabad,2020,7,27,6.7435,26.07,81.76,3.93
Hyderabad,2020,7,28,5.0062,25.73,87.42,2.57
Hyderabad,2020,7,29,5.2274,26.07,84.93,2.25
Hyderabad,2020,7,30,6.0696,26.8,81.06,2.23
Hyderabad,2020,7,31,5.7526,26.39,85.36,2.86
Hyderabad,2020,8,1,4.8206,25.96,86.1,2.87
Hyderabad,2020,8,2,5.8457,25.97,86.15,4.27
Hyderabad,2020,8,3,4.6896,24.93,88.64,5.47
Hyderabad,2020,8,4,4.297,24.97,86.51,7.6
Hyderabad,2020,8,5,3.8342,25.04,88.27,6.0
Hyderabad,2020,8,6,5.4175,26.41,82.3,5.84
Hyderabad,2020,8,7,4.8286,26.03,84.99,5.03
Hyderabad,2020,8,8,4.861,25.81,84.65,4.98
Hyderabad,2020,8,9,3.0367,25.33,86.07,5.56
Hyderabad,2020,8,10,1.8398,25.29,84.75,5.28
Hyderabad,2020,8,11,4.8451,25.43,85.34,5.55
Hyderabad,2020,8,12,3.313,24.54,88.65,6.31
Hyderabad,2020,8,13,1.4335,24.57,88.66,7.0
Hyderabad,2020,8,14,1.8298,24.32,87.73,7.55
Hyderabad,2020,8,15,1.6284,23.92,91.99,6.76
Hyderabad,2020,8,16,1.5367,24.17,89.18,6.34
Hyderabad,2020,8,17,2.9693,24.73,85.76,6.39
Hyderabad,2020,8,18,4.7652,25.28,86.92,5.42
Hyderabad,2020,8,19,1.9949,25.06,88.98,4.52
Hyderabad,2020,8,20,1.8233,24.74,90.22,6.49
Hyderabad,2020,8,21,3.9166,25.04,87.83,6.58
Hyderabad,2020,8,22,5.2483,25.21,87.39,5.16
Hyderabad,2020,8,23,5.2678,25.79,85.44,3.8
Hyderabad,2020,8,24,5.965,25.71,85.91,4.08
Hyderabad,2020,8,25,5.7629,25.71,85.53,3.32
Hyderabad,2020,8,26,4.5444,24.92,89.34,2.99
Hyderabad,2020,8,27,2.5932,24.23,90.86,3.25
Hyderabad,2020,8,28,5.0537,24.9,86.84,3.34
Hyderabad,2020,8,29,5.9011,25.75,85.18,3.97
Hyderabad,2020,8,30,6.2316,25.47,85.73,3.71
Hyderabad,2020,8,31,6.5503,25.46,84.37,3.02
Hyderabad,2020,9,1,5.7967,25.45,89.69,3.35
Hyderabad,2020,9,2,4.5516,24.44,90.96,2.74
Hyderabad,2020,9,3,5.9964,24.38,88.68,1.79
Hyderabad,2020,9,4,6.0962,25.29,88.03,2.76
Hyderabad,2020,9,5,5.8102,25.94,84.5,2.09
Hyderabad,2020,9,6,5.9018,25.82,83.88,2.21
Hyderabad,2020,9,7,5.5063,26.35,80.4,1.87
Hyderabad,2020,9,8,6.0862,26.13,82.93,1.42
Hyderabad,2020,9,9,5.495,25.86,85.19,1.76
Hyderabad,2020,9,10,4.8898,25.88,82.84,1.24
Hyderabad,2020,9,11,3.5592,25.8,84.5,1.95
Hyderabad,2020,9,12,4.8761,24.61,88.85,2.76
Hyderabad,2020,9,13,2.9429,24.52,91.54,3.33
Hyderabad,2020,9,14,2.5567,24.99,90.18,3.51
Hyderabad,2020,9,15,3.8789,25.3,91.64,2.91
Hyderabad,2020,9,16,4.6325,25.79,88.03,2.26
Hyderabad,2020,9,17,3.9804,25.6,90.02,1.69
Hyderabad,2020,9,18,4.3807,26.13,86.8,1.28
Hyderabad,2020,9,19,2.7235,25.54,90.06,2.1
Hyderabad,2020,9,20,4.3651,24.69,92.97,3.52
Hyderabad,2020,9,21,4.3277,24.41,90.89,5.3
Hyderabad,2020,9,22,4.1616,23.97,91.53,5.59
Hyderabad,2020,9,23,3.4589,24.5,86.41,5.67
Hyderabad,2020,9,24,4.4251,24.71,88.75,4.47
Hyderabad,2020,9,25,3.1822,25.08,90.78,3.24
Hyderabad,2020,9,26,1.5451,24.36,93.6,4.27
Hyderabad,2020,9,27,4.4722,23.32,85.93,3.81
Hyderabad,2020,9,28,4.9644,24.39,87.33,3.04
Hyderabad,2020,9,29,4.5,24.26,91.29,3.23
Hyderabad,2020,9,30,4.1998,24.01,91.15,3.16
Hyderabad,2020,10,1,4.8739,24.16,87.8,4.15
Hyderabad,2020,10,2,6.0298,24.23,88.61,3.95
Hyderabad,2020,10,3,5.483,24.85,87.26,3.58
Hyderabad,2020,10,4,5.1125,24.01,86.85,4.24
Hyderabad,2020,10,5,5.4434,24.35,88.16,4.28
Hyderabad,2020,10,6,5.2925,23.78,82.12,3.97
Hyderabad,2020,10,7,2.1096,22.05,84.17,3.98
Hyderabad,2020,10,8,4.3409,23.76,86.45,2.4
Hyderabad,2020,10,9,4.7515,25.12,87.47,1.97
Hyderabad,2020,10,10,4.013,25.25,87.23,1.25
Hyderabad,2020,10,11,2.3294,24.21,92.84,2.55
Hyderabad,2020,10,12,3.3338,24.05,90.53,2.04
Hyderabad,2020,10,13,1.1467,24.03,92.66,5.84
Hyderabad,2020,10,14,2.2483,24.75,92.86,4.31
Hyderabad,2020,10,15,3.8006,24.82,90.92,3.09
Hyderabad,2020,10,16,4.7261,25.13,86.06,2.13
Hyderabad,2020,10,17,5.0813,25.31,86.23,1.33
Hyderabad,2020,10,18,5.3566,25.18,88.22,2.56
Hyderabad,2020,10,19,4.6284,24.61,90.58,2.55
Hyderabad,2020,10,20,3.5695,24.53,91.32,1.97
Hyderabad,2020,10,21,3.7034,24.67,89.51,2.04
Hyderabad,2020,10,22,5.1209,24.28,86.04,2.78
Hyderabad,2020,10,23,5.1648,24.62,82.76,2.09
Hyderabad,2020,10,24,5.4125,24.84,78.95,1.79
Hyderabad,2020,10,25,5.1338,24.17,83.28,2.27
Hyderabad,2020,10,26,5.1384,22.47,84.34,2.87
Hyderabad,2020,10,27,5.3635,22.0,83.57,3.12
Hyderabad,2020,10,28,5.4576,21.99,81.08,2.71
Hyderabad,2020,10,29,5.0467,22.08,81.98,2.64
Hyderabad,2020,10,30,4.6661,22.36,83.92,2.98
Hyderabad,2020,10,31,5.3568,21.7,83.34,3.08
Hyderabad,2020,11,1,5.4204,21.02,82.45,3.18
Hyderabad,2020,11,2,5.4648,22.49,86.95,3.34
Hyderabad,2020,11,3,4.9579,22.41,86.91,3.73
Hyderabad,2020,11,4,5.1859,20.04,76.81,3.79
Hyderabad,2020,11,5,5.1504,19.66,70.55,3.24
Hyderabad,2020,11,6,3.9742,20.67,82.8,3.07
Hyderabad,2020,11,7,4.4933,22.53,88.92,3.19
Hyderabad,2020,11,8,5.0784,20.86,81.79,3.05
Hyderabad,2020,11,9,5.3743,18.11,79.21,3.25
Hyderabad,2020,11,10,5.5762,17.75,81.19,3.31
Hyderabad,2020,11,11,5.7725,19.99,85.99,3.64
Hyderabad,2020,11,12,3.1198,22.43,91.5,3.63
Hyderabad,2020,11,13,3.5136,22.93,87.57,3.13
Hyderabad,2020,11,14,5.7086,21.99,85.19,2.36
Hyderabad,2020,11,15,5.2618,22.12,87.14,3.23
Hyderabad,2020,11,16,4.8396,22.52,87.15,3.6
Hyderabad,2020,11,17,5.4269,21.98,86.55,3.21
Hyderabad,2020,11,18,4.6049,21.73,88.88,2.84
Hyderabad,2020,11,19,5.0042,22.46,87.47,2.75
Hyderabad,2020,11,20,5.2961,23.28,85.02,2.23
Hyderabad,2020,11,21,4.7419,23.24,86.04,1.99
Hyderabad,2020,11,22,4.3805,21.83,85.09,3.5
Hyderabad,2020,11,23,4.3949,20.08,81.4,3.03
Hyderabad,2020,11,24,4.3786,19.55,79.27,2.84
Hyderabad,2020,11,25,4.645,20.05,83.14,3.75
Hyderabad,2020,11,26,2.3222,19.5,92.69,4.48
Hyderabad,2020,11,27,1.6822,19.7,90.39,5.86
Hyderabad,2020,11,28,2.623,21.1,89.58,4.67
Hyderabad,2020,11,29,3.1421,22.03,87.15,3.18
Hyderabad,2020,11,30,4.2804,21.51,84.29,2.0
Hyderabad,2020,12,1,5.1641,20.99,82.88,1.99
Hyderabad,2020,12,2,5.0158,20.48,81.67,2.24
Hyderabad,2020,12,3,4.4666,19.91,81.26,2.46
Hyderabad,2020,12,4,4.595,20.33,82.8,2.33
Hyderabad,2020,12,5,4.8893,20.05,81.39,2.7
Hyderabad,2020,12,6,5.1845,19.27,74.47,2.74
Hyderabad,2020,12,7,5.1955,19.43,73.81,2.84
Hyderabad,2020,12,8,5.3026,19.63,76.83,2.38
Hyderabad,2020,12,9,5.2478,20.05,75.35,1.72
Hyderabad,2020,12,10,4.9987,19.63,78.08,2.06
Hyderabad,2020,12,11,4.8391,19.04,80.44,2.52
Hyderabad,2020,12,12,4.615,19.15,83.56,2.7
Hyderabad,2020,12,13,4.3166,19.59,83.11,2.36
Hyderabad,2020,12,14,4.3982,19.87,83.02,2.61
Hyderabad,2020,12,15,4.6817,19.76,84.22,3.05
Hyderabad,2020,12,16,4.224,20.25,85.66,2.75
Hyderabad,2020,12,17,4.4959,20.61,83.01,2.08
Hyderabad,2020,12,18,3.9742,19.47,81.84,2.79
Hyderabad,2020,12,19,4.5115,18.04,78.81,3.07
Hyderabad,2020,12,20,5.1886,16.95,72.48,3.0
Hyderabad,2020,12,21,5.4144,16.21,61.43,2.33
Hyderabad,2020,12,22,5.3472,16.81,64.48,1.85
Hyderabad,2020,12,23,5.1355,16.76,79.48,2.32
Hyderabad,2020,12,24,4.7866,16.96,80.77,2.54
Hyderabad,2020,12,25,4.5494,18.14,79.93,2.48
Hyderabad,2020,12,26,4.5799,18.42,79.78,2.07
Hyderabad,2020,12,27,4.8247,18.57,72.49,1.53
Hyderabad,2020,12,28,4.3253,18.18,80.22,2.38
Hyderabad,2020,12,29,4.315,18.7,78.48,2.3
Hyderabad,2020,12,30,4.2518,18.58,82.33,2.72
Hyderabad,2020,12,31,3.8124,19.22,84.83,2.68
Hyderabad,2021,1,1,3.9331,19.23,86.43,2.87
Hyderabad,2021,1,2,4.2252,18.29,87.87,2.83
Hyderabad,2021,1,3,4.1683,17.98,83.71,2.96
Hyderabad,2021,1,4,4.6901,18.42,82.88,3.19
Hyderabad,2021,1,5,4.9272,20.39,85.31,2.91
Hyderabad,2021,1,6,2.1137,21.86,87.96,2.73
Hyderabad,2021,1,7,2.881,22.06,86.52,2.79
Hyderabad,2021,1,8,4.26,21.7,80.89,3.48
Hyderabad,2021,1,9,5.2243,20.58,77.24,3.56
Hyderabad,2021,1,10,4.9234,21.03,73.59,2.58
Hyderabad,2021,1,11,4.307,21.86,70.32,2.32
Hyderabad,2021,1,12,4.1546,22.73,74.11,2.28
Hyderabad,2021,1,13,4.3181,21.9,76.56,2.32
Hyderabad,2021,1,14,4.7914,21.37,72.56,2.29
Hyderabad,2021,1,15,4.7225,21.0,76.0,2.21
Hyderabad,2021,1,16,4.4465,21.2,77.04,2.43
Hyderabad,2021,1,17,4.9963,21.28,73.32,2.52
Hyderabad,2021,1,18,4.5674,20.9,80.98,2.75
Hyderabad,2021,1,19,4.7395,21.59,77.71,2.36
Hyderabad,2021,1,20,4.7467,21.97,70.6,1.95
Hyderabad,2021,1,21,4.5506,22.24,66.83,1.97
Hyderabad,2021,1,22,4.2242,21.66,68.54,2.39
Hyderabad,2021,1,23,4.6037,21.3,64.7,1.98
Hyderabad,2021,1,24,4.8494,21.98,69.78,2.25
Hyderabad,2021,1,25,5.0311,22.02,68.92,2.1
Hyderabad,2021,1,26,4.8948,22.18,67.85,2.34
Hyderabad,2021,1,27,4.1885,21.93,70.07,2.74
Hyderabad,2021,1,28,4.3447,21.93,73.48,3.34
Hyderabad,2021,1,29,4.0574,22.67,73.4,2.8
Hyderabad,2021,1,30,4.2302,22.48,71.91,1.94
Hyderabad,2021,1,31,3.8813,21.34,61.0,2.5
Hyderabad,2021,2,1,4.0044,20.2,65.22,2.6
Hyderabad,2021,2,2,5.8339,19.71,45.16,2.54
Hyderabad,2021,2,3,5.8342,20.85,52.69,2.09
Hyderabad,2021,2,4,5.8157,20.51,58.63,2.78
Hyderabad,2021,2,5,5.6767,20.76,61.55,2.5
Hyderabad,2021,2,6,5.706,20.97,58.19,2.44
Hyderabad,2021,2,7,5.5193,19.82,49.88,3.94
Hyderabad,2021,2,8,6.0367,19.72,47.68,3.26
Hyderabad,2021,2,9,5.8848,21.66,46.2,1.79
Hyderabad,2021,2,10,6.0324,21.65,50.47,1.98
Hyderabad,2021,2,11,6.0062,21.42,58.63,2.95
Hyderabad,2021,2,12,5.519,21.86,62.35,2.92
Hyderabad,2021,2,13,5.6143,21.84,60.95,3.19
Hyderabad,2021,2,14,5.6669,22.11,57.45,2.97
Hyderabad,2021,2,15,5.6861,22.8,53.93,2.58
Hyderabad,2021,2,16,5.5442,23.2,50.74,3.38
Hyderabad,2021,2,17,5.4569,22.93,54.74,3.97
Hyderabad,2021,2,18,4.6433,22.45,65.61,3.6
Hyderabad,2021,2,19,3.799,21.81,69.61,2.67
Hyderabad,2021,2,20,4.9627,21.95,63.58,3.72
Hyderabad,2021,2,21,5.0482,22.32,67.98,3.32
Hyderabad,2021,2,22,5.5423,23.67,62.84,1.83
Hyderabad,2021,2,23,6.2186,24.47,45.37,2.61
Hyderabad,2021,2,24,6.305,24.73,36.64,2.41
Hyderabad,2021,2,25,6.367,25.89,34.31,1.78
Hyderabad,2021,2,26,6.1687,26.72,30.95,1.62
Hyderabad,2021,2,27,6.2146,26.46,34.82,2.16
Hyderabad,2021,2,28,6.3907,26.66,31.0,1.84
Hyderabad,2021,3,1,5.4134,27.1,33.2,2.42
Hyderabad,2021,3,2,6.283,26.59,35.96,3.23
Hyderabad,2021,3,3,6.7654,25.82,28.39,3.51
Hyderabad,2021,3,4,6.7303,25.5,29.38,2.87
Hyderabad,2021,3,5,6.7193,25.61,36.01,2.73
Hyderabad,2021,3,6,6.6893,26.44,29.78,2.38
Hyderabad,2021,3,7,6.5323,26.56,32.64,3.15
Hyderabad,2021,3,8,6.4985,26.65,35.07,3.76
Hyderabad,2021,3,9,6.4428,26.56,44.27,3.66
Hyderabad,2021,3,10,6.5527,27.11,38.74,3.53
Hyderabad,2021,3,11,6.7584,26.66,35.43,4.06
Hyderabad,2021,3,12,6.6955,26.3,32.55,3.99
Hyderabad,2021,3,13,6.6394,26.15,31.89,3.21
Hyderabad,2021,3,14,6.66,26.73,30.17,3.23
Hyderabad,2021,3,15,6.4474,27.43,32.99,2.91
Hyderabad,2021,3,16,5.8622,28.01,34.9,2.73
Hyderabad,2021,3,17,5.591,28.8,34.15,2.66
Hyderabad,2021,3,18,5.4456,29.01,37.62,3.21
Hyderabad,2021,3,19,5.5783,27.76,36.91,2.26
Hyderabad,2021,3,20,5.3503,28.65,35.97,2.57
Hyderabad,2021,3,21,6.0638,29.05,32.58,2.59
Hyderabad,2021,3,22,4.9512,29.59,32.38,3.31
Hyderabad,2021,3,23,6.1138,29.49,34.75,3.24
Hyderabad,2021,3,24,6.1541,29.7,30.79,2.59
Hyderabad,2021,3,25,5.4041,30.07,26.59,3.34
Hyderabad,2021,3,26,5.9921,29.88,24.91,3.27
Hyderabad,2021,3,27,6.1075,30.31,24.33,2.31
Hyderabad,2021,3,28,6.7032,30.66,22.48,1.96
Hyderabad,2021,3,29,6.6466,30.37,27.59,2.59
Hyderabad,2021,3,30,6.671,31.0,22.4,3.16
Hyderabad,2021,3,31,7.3776,30.98,13.75,4.59
Hyderabad,2021,4,1,7.2067,31.29,18.24,3.9
Hyderabad,2021,4,2,7.2223,31.38,17.14,3.53
Hyderabad,2021,4,3,6.8758,31.92,15.31,1.64
Hyderabad,2021,4,4,6.6118,31.1,26.84,2.41
Hyderabad,2021,4,5,6.0902,30.57,26.82,3.34
Hyderabad,2021,4,6,6.3245,30.81,42.01,3.66
Hyderabad,2021,4,7,6.1793,31.35,33.15,3.25
Hyderabad,2021,4,8,4.9418,32.14,28.92,2.6
Hyderabad,2021,4,9,5.6506,31.11,33.9,2.29
Hyderabad,2021,4,10,6.2839,30.09,42.51,3.8
Hyderabad,2021,4,11,6.637,30.44,40.95,3.44
Hyderabad,2021,4,12,4.5158,30.74,40.08,2.59
Hyderabad,2021,4,13,5.9342,30.51,45.2,2.55
Hyderabad,2021,4,14,5.4857,28.88,53.71,2.1
Hyderabad,2021,4,15,6.5986,29.65,48.18,1.84
Hyderabad,2021,4,16,6.9852,30.32,43.38,3.41
Hyderabad,2021,4,17,6.888,30.99,39.42,3.23
Hyderabad,2021,4,18,5.8879,32.02,38.17,2.57
Hyderabad,2021,4,19,5.9045,32.75,36.86,2.8
Hyderabad,2021,4,20,6.0442,32.94,38.24,4.78
Hyderabad,2021,4,21,5.6974,32.32,39.44,3.95
Hyderabad,2021,4,22,5.9035,31.43,43.56,2.5
Hyderabad,2021,4,23,5.9952,29.33,53.74,2.26
Hyderabad,2021,4,24,6.3391,30.63,42.92,2.66
Hyderabad,2021,4,25,6.301,31.37,41.47,2.87
Hyderabad,2021,4,26,6.1987,31.34,41.03,2.3
Hyderabad,2021,4,27,6.0,32.68,35.64,2.22
Hyderabad,2021,4,28,5.671,32.52,37.96,1.95
Hyderabad,2021,4,29,6.0773,33.45,31.99,2.28
Hyderabad,2021,4,30,6.3706,33.29,32.99,3.4
Hyderabad,2021,5,1,5.9448,32.04,40.19,3.75
Hyderabad,2021,5,2,6.6482,31.78,42.03,2.61
Hyderabad,2021,5,3,5.7734,31.63,40.08,1.98
Hyderabad,2021,5,4,5.85,31.4,41.31,2.61
Hyderabad,2021,5,5,6.1817,31.87,42.64,2.83
Hyderabad,2021,5,6,6.3816,32.15,43.69,4.56
Hyderabad,2021,5,7,6.6612,32.45,41.59,4.26
Hyderabad,2021,5,8,6.7214,32.02,44.77,3.64
Hyderabad,2021,5,9,7.1184,32.89,40.17,3.25
Hyderabad,2021,5,10,5.5097,32.87,44.17,2.88
Hyderabad,2021,5,11,5.6136,33.0,46.8,2.54
Hyderabad,2021,5,12,6.9934,33.52,44.56,2.86
Hyderabad,2021,5,13,5.9916,32.04,46.28,4.24
Hyderabad,2021,5,14,4.9867,32.34,47.03,3.2
Hyderabad,2021,5,15,6.1018,29.63,62.84,7.74
Hyderabad,2021,5,16,4.7609,28.1,70.35,6.9
Hyderabad,2021,5,17,6.6643,28.57,66.8,5.33
Hyderabad,2021,5,18,6.1771,29.48,62.85,4.61
Hyderabad,2021,5,19,6.649,29.72,60.97,4.34
Hyderabad,2021,5,20,5.6599,28.66,65.62,3.83
Hyderabad,2021,5,21,5.7912,30.19,57.1,3.0
Hyderabad,2021,5,22,6.0446,30.55,54.26,3.27
Hyderabad,2021,5,23,6.3814,32.13,45.03,3.63
Hyderabad,2021,5,24,4.9123,32.29,40.33,4.45
Hyderabad,2021,5,25,6.0818,33.26,29.61,5.83
Hyderabad,2021,5,26,6.4258,34.16,33.48,7.1
Hyderabad,2021,5,27,6.432,34.29,33.71,6.85
Hyderabad,2021,5,28,5.495,32.79,43.76,5.98
Hyderabad,2021,5,29,5.9446,32.22,48.82,4.85
Hyderabad,2021,5,30,6.5071,32.8,46.46,3.29
Hyderabad,2021,5,31,6.1858,32.06,50.0,3.47
Hyderabad,2021,6,1,6.2736,30.77,60.7,2.16
Hyderabad,2021,6,2,5.5075,28.06,75.52,3.25
Hyderabad,2021,6,3,3.4109,26.67,79.22,2.28
Hyderabad,2021,6,4,4.7206,27.19,73.69,2.18
Hyderabad,2021,6,5,6.7018,27.81,69.73,3.31
Hyderabad,2021,6,6,6.1934,28.58,65.44,3.52
Hyderabad,2021,6,7,6.4073,29.24,63.75,3.82
Hyderabad,2021,6,8,7.0138,28.8,66.44,4.47
Hyderabad,2021,6,9,3.0185,27.56,72.85,5.68
Hyderabad,2021,6,10,4.9562,26.29,77.51,7.34
Hyderabad,2021,6,11,3.841,27.03,65.73,7.35
Hyderabad,2021,6,12,4.8854,27.61,69.2,5.36
Hyderabad,2021,6,13,4.7808,26.27,82.5,6.22
Hyderabad,2021,6,14,4.8638,25.28,79.89,6.24
Hyderabad,2021,6,15,5.3316,27.39,67.9,7.13
Hyderabad,2021,6,16,4.9668,26.09,72.1,6.86
Hyderabad,2021,6,17,5.2104,26.19,73.07,7.51
Hyderabad,2021,6,18,4.0651,27.3,70.49,7.57
Hyderabad,2021,6,19,4.3121,27.37,69.29,7.18
Hyderabad,2021,6,20,6.5647,27.51,66.82,6.61
Hyderabad,2021,6,21,6.3559,27.74,66.17,5.28
Hyderabad,2021,6,22,5.4542,27.15,68.93,4.49
Hyderabad,2021,6,23,3.7529,26.54,69.73,5.17
Hyderabad,2021,6,24,3.6218,27.01,66.75,5.73
Hyderabad,2021,6,25,5.1871,27.34,64.12,6.5
Hyderabad,2021,6,26,5.1386,25.91,76.85,5.26
Hyderabad,2021,6,27,2.3734,25.98,80.74,3.51
Hyderabad,2021,6,28,4.3457,26.76,81.14,1.45
Hyderabad,2021,6,29,5.9398,27.57,74.06,2.15
Hyderabad,2021,6,30,5.9167,28.22,74.4,3.84
Hyderabad,2021,7,1,3.5381,26.18,83.26,3.45
Hyderabad,2021,7,2,3.1262,25.8,78.61,4.53
Hyderabad,2021,7,3,5.9494,26.63,75.62,3.97
Hyderabad,2021,7,4,6.0943,27.08,76.58,3.86
Hyderabad,2021,7,5,4.8665,27.54,75.7,2.06
Hyderabad,2021,7,6,5.7302,27.38,76.26,2.11
Hyderabad,2021,7,7,5.6395,27.64,77.52,2.45
Hyderabad,2021,7,8,3.0869,25.44,87.49,2.07
Hyderabad,2021,7,9,4.8125,26.48,79.79,2.04
Hyderabad,2021,7,10,3.8189,25.5,83.13,3.11
Hyderabad,2021,7,11,1.3267,25.28,86.04,3.09
Hyderabad,2021,7,12,3.7212,25.63,84.83,3.09
Hyderabad,2021,7,13,3.485,25.12,87.0,5.05
Hyderabad,2021,7,14,3.1812,24.53,86.83,6.38
Hyderabad,2021,7,15,3.9574,26.08,83.37,4.48
Hyderabad,2021,7,16,4.5773,26.58,82.91,1.77
Hyderabad,2021,7,17,5.8032,26.73,84.21,2.58
Hyderabad,2021,7,18,4.5094,26.55,86.91,1.54
Hyderabad,2021,7,19,4.8655,26.04,83.68,5.62
Hyderabad,2021,7,20,4.3356,24.88,84.54,7.62
Hyderabad,2021,7,21,1.7522,24.12,86.23,9.45
Hyderabad,2021,7,22,1.2336,24.23,90.31,9.12
Hyderabad,2021,7,23,3.2546,24.71,85.93,6.81
Hyderabad,2021,7,24,5.2224,26.07,79.51,6.23
Hyderabad,2021,7,25,5.3506,26.42,81.61,6.05
Hyderabad,2021,7,26,5.6201,26.37,81.53,6.8
Hyderabad,2021,7,27,6.0389,25.47,82.27,6.45
Hyderabad,2021,7,28,5.7732,25.63,79.8,6.84
Hyderabad,2021,7,29,3.757,25.08,81.04,7.65
Hyderabad,2021,7,30,4.4357,24.28,85.88,6.44
Hyderabad,2021,7,31,4.1206,24.54,83.84,6.61
Hyderabad,2021,8,1,4.4086,25.62,79.77,6.86
Hyderabad,2021,8,2,5.1986,25.76,79.22,6.6
Hyderabad,2021,8,3,4.8972,25.7,80.52,5.75
Hyderabad,2021,8,4,4.949,26.2,80.37,5.87
Hyderabad,2021,8,5,4.6586,25.07,84.94,5.63
Hyderabad,2021,8,6,4.7741,26.33,79.87,5.6
Hyderabad,2021,8,7,6.3233,26.37,81.11,3.96
Hyderabad,2021,8,8,5.3594,26.02,83.91,2.51
Hyderabad,2021,8,9,5.0669,26.2,84.61,2.38
Hyderabad,2021,8,10,4.8091,26.01,86.35,3.11
Hyderabad,2021,8,11,5.611,26.0,85.53,3.09
Hyderabad,2021,8,12,5.5406,25.34,87.68,2.8
Hyderabad,2021,8,13,4.4083,24.61,87.62,3.46
Hyderabad,2021,8,14,5.106,25.27,84.82,3.66
Hyderabad,2021,8,15,5.0129,24.89,85.46,4.01
Hyderabad,2021,8,16,2.6414,24.16,89.11,4.27
Hyderabad,2021,8,17,1.9421,24.39,87.26,4.76
Hyderabad,2021,8,18,3.089,25.05,83.54,4.54
Hyderabad,2021,8,19,3.6156,24.5,87.56,5.43
Hyderabad,2021,8,20,3.1776,24.7,86.34,3.06
Hyderabad,2021,8,21,3.7596,24.36,85.62,3.06
Hyderabad,2021,8,22,6.1378,25.01,83.24,2.74
Hyderabad,2021,8,23,5.9479,25.85,81.56,1.51
Hyderabad,2021,8,24,5.9513,27.0,79.09,1.51
Hyderabad,2021,8,25,5.3501,26.23,86.73,1.96
Hyderabad,2021,8,26,4.231,24.93,89.25,3.23
Hyderabad,2021,8,27,3.2227,25.41,84.79,1.5
Hyderabad,2021,8,28,3.2093,25.42,83.46,1.97
Hyderabad,2021,8,29,4.1438,25.51,86.88,2.01
Hyderabad,2021,8,30,1.717,24.01,89.0,5.42
Hyderabad,2021,8,31,2.7624,23.59,88.86,4.59
Hyderabad,2021,9,1,4.5818,24.64,86.37,2.56
Hyderabad,2021,9,2,4.8331,25.92,82.47,1.57
Hyderabad,2021,9,3,3.4099,25.03,89.12,2.53
Hyderabad,2021,9,4,4.8353,24.79,89.74,3.3
Hyderabad,2021,9,5,3.8616,24.37,91.63,3.79
Hyderabad,2021,9,6,1.53,23.69,94.17,3.78
Hyderabad,2021,9,7,2.4835,24.34,89.35,5.4
Hyderabad,2021,9,8,4.4623,24.87,86.6,5.92
Hyderabad,2021,9,9,5.2853,25.3,84.99,5.77
Hyderabad,2021,9,10,5.2474,25.66,85.13,5.04
Hyderabad,2021,9,11,4.818,25.69,85.9,5.05
Hyderabad,2021,9,12,4.6385,25.24,87.45,5.26
Hyderabad,2021,9,13,4.3291,24.88,90.84,5.1
Hyderabad,2021,9,14,4.4352,25.5,85.99,5.68
Hyderabad,2021,9,15,5.7197,25.37,85.03,4.63
Hyderabad,2021,9,16,5.7593,25.52,83.28,4.24
Hyderabad,2021,9,17,5.9587,25.42,83.54,3.64
Hyderabad,2021,9,18,4.5043,25.34,82.68,2.35
Hyderabad,2021,9,19,5.0143,25.55,81.46,1.68
Hyderabad,2021,9,20,4.657,25.71,86.76,1.7
Hyderabad,2021,9,21,4.375,24.92,90.27,2.9
Hyderabad,2021,9,22,3.1937,24.71,89.41,3.47
Hyderabad,2021,9,23,3.7946,24.3,92.55,3.04
Hyderabad,2021,9,24,4.8185,25.06,87.32,2.34
Hyderabad,2021,9,25,4.7688,25.08,87.39,2.63
Hyderabad,2021,9,26,3.6276,24.9,89.96,3.67
Hyderabad,2021,9,27,1.3927,24.21,91.99,4.75
Hyderabad,2021,9,28,3.6744,24.1,86.43,6.0
Hyderabad,2021,9,29,4.5912,23.97,78.82,2.88
Hyderabad,2021,9,30,5.3566,25.61,83.75,1.62
Hyderabad,2021,10,1,5.6179,25.52,87.29,2.24
Hyderabad,2021,10,2,5.4012,25.15,87.01,2.17
Hyderabad,2021,10,3,5.5229,25.6,85.16,1.79
Hyderabad,2021,10,4,5.0386,25.73,85.93,1.91
Hyderabad,2021,10,5,4.6044,25.46,89.91,2.18
Hyderabad,2021,10,6,5.7958,24.68,90.53,2.91
Hyderabad,2021,10,7,5.4569,25.26,89.52,2.31
Hyderabad,2021,10,8,5.203,26.07,84.94,1.02
Hyderabad,2021,10,9,4.6898,25.81,87.43,1.73
Hyderabad,2021,10,10,5.1734,24.39,90.47,2.39
Hyderabad,2021,10,11,5.9112,23.95,82.96,2.59
Hyderabad,2021,10,12,5.334,24.11,82.45,2.55
Hyderabad,2021,10,13,4.793,24.22,84.5,2.71
Hyderabad,2021,10,14,5.3266,24.39,83.24,3.0
Hyderabad,2021,10,15,4.9879,24.5,86.37,3.0
Hyderabad,2021,10,16,2.5622,25.0,88.67,1.55
Hyderabad,2021,10,17,3.5719,24.77,89.53,2.6
Hyderabad,2021,10,18,5.4137,25.27,86.95,3.76
Hyderabad,2021,10,19,4.9106,24.43,81.56,3.19
Hyderabad,2021,10,20,5.4185,23.23,77.81,2.64
Hyderabad,2021,10,21,5.8858,22.86,81.72,2.74
Hyderabad,2021,10,22,5.9477,21.89,76.33,2.69
Hyderabad,2021,10,23,5.8471,22.66,73.15,2.02
Hyderabad,2021,10,24,4.8026,22.96,76.02,1.82
Hyderabad,2021,10,25,5.3237,21.97,81.13,2.53
Hyderabad,2021,10,26,5.4538,21.56,85.99,3.2
Hyderabad,2021,10,27,5.5531,20.93,82.14,3.57
Hyderabad,2021,10,28,4.799,22.27,86.39,4.21
Hyderabad,2021,10,29,4.3063,22.93,89.95,4.1
Hyderabad,2021,10,30,4.1177,23.33,89.44,3.56
Hyderabad,2021,10,31,5.0412,22.41,85.6,3.46
Hyderabad,2021,11,1,3.5359,21.04,87.71,2.35
Hyderabad,2021,11,2,3.6504,22.9,90.4,2.41
Hyderabad,2021,11,3,3.5959,22.93,88.93,2.56
Hyderabad,2021,11,4,3.7997,23.16,90.06,2.56
Hyderabad,2021,11,5,3.9682,23.29,87.7,2.65
Hyderabad,2021,11,6,4.843,22.72,87.18,2.51
Hyderabad,2021,11,7,4.8634,21.33,84.5,2.94
Hyderabad,2021,11,8,5.3851,20.08,82.01,2.99
Hyderabad,2021,11,9,4.0788,19.41,79.94,3.36
Hyderabad,2021,11,10,4.5194,19.16,79.1,3.31
Hyderabad,2021,11,11,3.2818,19.75,83.94,3.99
Hyderabad,2021,11,12,2.7348,21.96,91.22,3.83
Hyderabad,2021,11,13,3.2551,23.67,90.79,2.81
Hyderabad,2021,11,14,3.4567,24.01,90.31,2.68
Hyderabad,2021,11,15,3.4874,24.48,89.2,2.89
Hyderabad,2021,11,16,3.3509,24.44,88.99,3.43
Hyderabad,2021,11,17,2.8392,23.96,88.39,3.54
Hyderabad,2021,11,18,2.6638,23.52,91.11,2.3
Hyderabad,2021,11,19,3.0029,23.12,91.8,4.01
Hyderabad,2021,11,20,2.695,24.21,89.37,4.02
Hyderabad,2021,11,21,2.5714,24.24,89.48,3.89
Hyderabad,2021,11,22,4.5427,24.62,85.88,1.81
Hyderabad,2021,11,23,4.2322,24.68,86.05,1.81
Hyderabad,2021,11,24,4.1666,23.88,88.75,2.9
Hyderabad,2021,11,25,4.6538,22.75,84.0,2.32
Hyderabad,2021,11,26,4.6826,21.14,80.11,2.59
Hyderabad,2021,11,27,3.9914,19.79,81.23,2.8
Hyderabad,2021,11,28,4.1455,19.7,83.81,2.82
Hyderabad,2021,11,29,2.4149,21.06,86.91,2.83
Hyderabad,2021,11,30,3.864,20.8,79.29,2.37
Hyderabad,2021,12,1,4.6716,20.77,80.71,2.23
Hyderabad,2021,12,2,3.9746,20.75,84.74,2.04
Hyderabad,2021,12,3,3.4582,20.45,83.18,2.03
Hyderabad,2021,12,4,4.7947,21.0,79.54,2.76
Hyderabad,2021,12,5,5.0777,21.6,79.47,2.62
Hyderabad,2021,12,6,5.0628,21.08,77.4,2.55
Hyderabad,2021,12,7,4.2907,20.37,76.66,2.97
Hyderabad,2021,12,8,3.8976,20.78,87.42,2.68
Hyderabad,2021,12,9,3.6593,21.53,87.5,2.49
Hyderabad,2021,12,10,2.881,21.76,88.05,2.51
Hyderabad,2021,12,11,4.093,21.66,86.36,2.18
Hyderabad,2021,12,12,3.966,21.35,85.81,2.35
Hyderabad,2021,12,13,3.4831,21.07,86.38,1.94
Hyderabad,2021,12,14,3.0593,20.4,89.36,2.12
Hyderabad,2021,12,15,3.5126,20.21,85.45,1.98
Hyderabad,2021,12,16,4.5482,18.99,77.17,2.09
Hyderabad,2021,12,17,4.8744,18.89,72.13,1.8
Hyderabad,2021,12,18,4.8571,17.76,69.2,2.71
Hyderabad,2021,12,19,4.2974,17.02,75.96,2.84
Hyderabad,2021,12,20,4.6891,15.9,65.42,2.92
Hyderabad,2021,12,21,5.1456,16.46,50.91,2.31
Hyderabad,2021,12,22,5.2243,18.3,47.37,1.75
Hyderabad,2021,12,23,4.9056,18.83,55.79,1.96
Hyderabad,2021,12,24,4.5103,19.16,65.43,2.28
Hyderabad,2021,12,25,4.254,20.19,75.07,2.44
Hyderabad,2021,12,26,3.786,20.61,78.38,1.85
Hyderabad,2021,12,27,3.0953,20.66,81.98,2.76
Hyderabad,2021,12,28,3.8141,20.61,81.36,3.21
Hyderabad,2021,12,29,3.8443,20.68,78.1,3.29
Hyderabad,2021,12,30,4.0054,20.13,80.31,3.5
Hyderabad,2021,12,31,4.1945,20.41,79.83,2.75
Hyderabad,2022,1,1,3.8839,20.18,80.05,2.23
Hyderabad,2022,1,2,4.0747,20.38,79.59,2.19
Hyderabad,2022,1,3,4.6819,19.34,68.96,2.07
Hyderabad,2022,1,4,4.9514,18.86,70.35,2.39
Hyderabad,2022,1,5,4.4784,19.32,76.61,2.71
Hyderabad,2022,1,6,4.6673,19.6,76.0,3.38
Hyderabad,2022,1,7,4.5317,20.42,75.65,3.95
Hyderabad,2022,1,8,3.5554,21.12,78.29,3.72
Hyderabad,2022,1,9,3.7704,22.06,77.68,3.27
Hyderabad,2022,1,10,3.2112,21.95,80.96,3.26
Hyderabad,2022,1,11,3.2131,22.45,79.49,3.12
Hyderabad,2022,1,12,3.1073,21.99,82.08,2.96
Hyderabad,2022,1,13,3.1608,20.74,85.1,2.73
Hyderabad,2022,1,14,4.1702,22.05,76.89,2.8
Hyderabad,2022,1,15,3.8554,20.92,81.82,2.49
Hyderabad,2022,1,16,2.3825,20.39,79.84,2.94
Hyderabad,2022,1,17,3.7166,20.18,79.53,2.36
Hyderabad,2022,1,18,4.9627,19.71,70.6,2.33
Hyderabad,2022,1,19,5.0686,19.47,66.3,2.45
Hyderabad,2022,1,20,5.2488,20.49,60.19,1.68
Hyderabad,2022,1,21,5.3556,20.83,61.73,3.2
Hyderabad,2022,1,22,5.2814,22.61,56.35,2.08
Hyderabad,2022,1,23,5.1223,21.09,65.39,3.39
Hyderabad,2022,1,24,5.0388,19.53,61.43,2.77
Hyderabad,2022,1,25,4.6214,18.25,62.13,2.26
Hyderabad,2022,1,26,4.7328,18.29,61.46,2.56
Hyderabad,2022,1,27,5.064,17.71,55.82,3.68
Hyderabad,2022,1,28,5.8942,16.52,47.91,3.62
Hyderabad,2022,1,29,5.9942,16.83,47.93,2.97
Hyderabad,2022,1,30,5.8776,19.65,40.89,2.13
Hyderabad,2022,1,31,5.8452,21.03,39.97,1.64
Hyderabad,2022,2,1,5.4221,21.17,47.46,1.91
Hyderabad,2022,2,2,5.357,22.0,50.91,1.72
Hyderabad,2022,2,3,5.0899,22.14,65.9,3.86
Hyderabad,2022,2,4,5.8541,20.2,51.14,3.42
Hyderabad,2022,2,5,5.9842,19.61,43.82,2.31
Hyderabad,2022,2,6,5.922,19.75,46.11,2.77
Hyderabad,2022,2,7,5.6338,21.9,66.3,2.28
Hyderabad,2022,2,8,4.7906,22.67,65.02,2.55
Hyderabad,2022,2,9,4.307,22.88,71.32,4.3
Hyderabad,2022,2,10,4.3615,22.81,67.81,2.27
Hyderabad,2022,2,11,4.783,21.87,61.34,3.61
Hyderabad,2022,2,12,6.0362,20.4,44.55,3.14
Hyderabad,2022,2,13,6.1927,20.26,41.83,2.71
Hyderabad,2022,2,14,5.5634,21.75,63.86,2.95
Hyderabad,2022,2,15,4.903,22.86,63.97,3.1
Hyderabad,2022,2,16,4.0949,23.2,64.47,2.38
Hyderabad,2022,2,17,4.302,23.7,61.5,2.78
Hyderabad,2022,2,18,4.9709,23.47,62.26,3.13
Hyderabad,2022,2,19,5.567,23.89,59.2,2.76
Hyderabad,2022,2,20,5.561,25.62,50.59,3.51
Hyderabad,2022,2,21,6.0566,24.33,40.5,2.69
Hyderabad,2022,2,22,6.2362,23.85,33.95,2.78
Hyderabad,2022,2,23,6.0902,24.0,61.35,3.72
Hyderabad,2022,2,24,6.2441,24.49,58.28,3.73
Hyderabad,2022,2,25,6.2448,24.45,51.78,3.37
Hyderabad,2022,2,26,6.5131,23.46,54.62,4.5
Hyderabad,2022,2,27,6.7706,23.52,52.83,3.92
Hyderabad,2022,2,28,6.8338,23.6,46.28,3.51
Hyderabad,2022,3,1,6.5078,24.52,39.2,3.3
Hyderabad,2022,3,2,6.7056,24.68,40.63,3.22
Hyderabad,2022,3,3,6.3799,25.2,44.26,3.31
Hyderabad,2022,3,4,6.3002,25.54,49.06,3.34
Hyderabad,2022,3,5,6.1951,25.79,43.34,3.02
Hyderabad,2022,3,6,5.8543,26.8,42.29,2.88
Hyderabad,2022,3,7,6.2923,26.73,40.45,3.2
Hyderabad,2022,3,8,6.0101,27.25,39.87,2.34
Hyderabad,2022,3,9,6.239,27.18,30.09,2.79
Hyderabad,2022,3,10,5.4108,27.61,32.01,2.68
Hyderabad,2022,3,11,5.0986,28.59,34.46,2.07
Hyderabad,2022,3,12,5.1264,27.13,35.63,2.76
Hyderabad,2022,3,13,6.1874,28.22,33.55,2.87
Hyderabad,2022,3,14,7.0973,28.15,24.04,3.19
Hyderabad,2022,3,15,6.8719,28.87,17.67,3.49
Hyderabad,2022,3,16,6.9886,30.87,18.58,2.63
Hyderabad,2022,3,17,7.0478,31.06,18.54,2.88
Hyderabad,2022,3,18,6.6557,30.33,28.23,2.58
Hyderabad,2022,3,19,5.6923,29.79,40.26,3.2
Hyderabad,2022,3,20,5.2826,30.52,37.41,3.02
Hyderabad,2022,3,21,5.4763,31.06,29.37,2.98
Hyderabad,2022,3,22,5.1365,30.58,30.0,2.8
Hyderabad,2022,3,23,5.7768,31.66,25.76,2.41
Hyderabad,2022,3,24,5.568,31.64,37.99,2.89
Hyderabad,2022,3,25,5.4461,31.6,39.4,3.05
Hyderabad,2022,3,26,5.5409,32.64,35.16,2.1
Hyderabad,2022,3,27,5.459,32.44,33.18,2.53
Hyderabad,2022,3,28,6.1526,32.18,33.83,2.18
Hyderabad,2022,3,29,6.5815,32.1,31.24,2.31
Hyderabad,2022,3,30,7.002,31.99,27.11,1.85
Hyderabad,2022,3,31,6.8592,32.08,34.95,2.23
Hyderabad,2022,4,1,6.7109,32.18,41.68,3.13
Hyderabad,2022,4,2,6.133,31.9,43.31,3.33
Hyderabad,2022,4,3,6.0048,32.04,34.84,2.87
Hyderabad,2022,4,4,5.9731,32.41,34.27,3.57
Hyderabad,2022,4,5,6.1486,31.94,35.59,3.32
Hyderabad,2022,4,6,6.3394,32.64,30.03,3.46
Hyderabad,2022,4,7,6.3319,32.24,32.64,3.66
Hyderabad,2022,4,8,6.3528,31.56,37.26,4.32
Hyderabad,2022,4,9,5.5529,31.85,40.36,3.66
Hyderabad,2022,4,10,6.4898,32.1,36.73,3.37
Hyderabad,2022,4,11,5.7526,32.17,34.79,3.38
Hyderabad,2022,4,12,6.3002,33.04,33.38,3.5
Hyderabad,2022,4,13,5.8714,32.67,33.75,4.04
Hyderabad,2022,4,14,6.294,32.57,37.33,3.55
Hyderabad,2022,4,15,4.589,32.78,39.73,2.1
Hyderabad,2022,4,16,5.3597,30.57,41.79,1.27
Hyderabad,2022,4,17,5.8416,32.41,38.45,2.93
Hyderabad,2022,4,18,6.3823,33.06,33.38,2.77
Hyderabad,2022,4,19,6.4526,34.21,29.83,2.9
Hyderabad,2022,4,20,6.7262,34.86,28.46,2.87
Hyderabad,2022,4,21,5.771,33.78,35.4,4.47
Hyderabad,2022,4,22,4.908,31.45,43.72,2.63
Hyderabad,2022,4,23,6.1807,29.75,44.11,2.1
Hyderabad,2022,4,24,6.3658,32.54,36.39,2.6
Hyderabad,2022,4,25,6.4459,34.17,31.44,1.95
Hyderabad,2022,4,26,5.7986,34.1,31.37,2.49
Hyderabad,2022,4,27,6.2078,34.49,30.26,2.88
Hyderabad,2022,4,28,5.9474,34.62,30.97,2.58
Hyderabad,2022,4,29,6.8806,35.24,27.88,2.91
Hyderabad,2022,4,30,6.6545,35.38,25.65,2.52
Hyderabad,2022,5,1,7.091,35.13,25.28,2.44
Hyderabad,2022,5,2,6.5878,34.61,30.73,3.7
Hyderabad,2022,5,3,6.6715,33.66,43.93,3.64
Hyderabad,2022,5,4,5.1194,29.33,67.09,2.37
Hyderabad,2022,5,5,5.897,30.98,55.03,2.68
Hyderabad,2022,5,6,6.7968,32.11,47.89,3.33
Hyderabad,2022,5,7,6.8395,32.89,44.61,3.53
Hyderabad,2022,5,8,5.5934,33.45,38.79,2.71
Hyderabad,2022,5,9,6.1481,32.68,39.22,3.13
Hyderabad,2022,5,10,5.3321,32.82,38.27,5.18
Hyderabad,2022,5,11,2.376,28.96,61.21,4.71
Hyderabad,2022,5,12,4.8091,29.56,62.56,3.51
Hyderabad,2022,5,13,6.6866,31.28,57.09,3.63
Hyderabad,2022,5,14,6.9022,33.13,48.64,4.27
Hyderabad,2022,5,15,6.5448,31.97,53.53,3.79
Hyderabad,2022,5,16,6.4198,29.57,67.16,3.42
Hyderabad,2022,5,17,5.1739,28.83,69.73,2.61
Hyderabad,2022,5,18,4.9046,30.68,53.58,3.34
Hyderabad,2022,5,19,5.1456,28.49,70.85,3.44
Hyderabad,2022,5,20,5.2747,30.22,60.78,2.04
Hyderabad,2022,5,21,4.6514,31.46,46.0,5.73
Hyderabad,2022,5,22,7.3438,31.48,44.55,8.34
Hyderabad,2022,5,23,7.483,32.03,42.97,7.28
Hyderabad,2022,5,24,7.0766,33.47,41.34,5.88
Hyderabad,2022,5,25,6.1562,33.52,37.68,4.81
Hyderabad,2022,5,26,5.9311,34.1,36.79,4.05
Hyderabad,2022,5,27,6.6266,32.39,42.53,5.55
Hyderabad,2022,5,28,7.3723,33.25,34.28,6.11
Hyderabad,2022,5,29,7.1693,33.94,35.3,5.37
Hyderabad,2022,5,30,6.6643,33.96,36.41,4.67
Hyderabad,2022,5,31,5.8692,33.64,40.64,5.33
Hyderabad,2022,6,1,6.2218,32.07,45.32,5.92
Hyderabad,2022,6,2,6.6046,33.47,39.59,5.99
Hyderabad,2022,6,3,5.7434,34.46,34.69,5.87
Hyderabad,2022,6,4,6.0154,32.66,37.78,5.7
Hyderabad,2022,6,5,6.2102,31.88,46.82,4.36
Hyderabad,2022,6,6,4.5643,30.11,56.15,5.41
Hyderabad,2022,6,7,6.7178,32.43,44.38,5.62
Hyderabad,2022,6,8,4.3176,32.12,43.67,6.52
Hyderabad,2022,6,9,5.9016,30.42,54.01,6.63
Hyderabad,2022,6,10,6.391,30.03,54.97,3.49
Hyderabad,2022,6,11,6.3526,29.93,57.14,4.28
Hyderabad,2022,6,12,6.4668,29.02,62.12,3.02
Hyderabad,2022,6,13,6.4358,28.63,63.67,3.88
Hyderabad,2022,6,14,6.0497,28.56,67.66,2.2
Hyderabad,2022,6,15,5.1574,27.12,75.49,3.49
Hyderabad,2022,6,16,4.615,28.25,68.09,2.65
Hyderabad,2022,6,17,5.4946,28.22,70.08,2.14
Hyderabad,2022,6,18,5.2762,28.26,67.67,3.63
Hyderabad,2022,6,19,3.9338,28.4,68.69,3.11
Hyderabad,2022,6,20,5.5697,26.84,76.31,4.08
Hyderabad,2022,6,21,5.6573,25.82,79.87,4.35
Hyderabad,2022,6,22,4.5912,26.95,74.15,5.08
Hyderabad,2022,6,23,6.1834,27.15,72.77,3.37
Hyderabad,2022,6,24,4.5533,26.78,74.36,2.95
Hyderabad,2022,6,25,4.7501,26.85,73.54,4.04
Hyderabad,2022,6,26,4.0618,26.28,76.98,4.22
Hyderabad,2022,6,27,3.8712,26.62,72.41,5.63
Hyderabad,2022,6,28,4.0805,27.15,71.95,5.54
Hyderabad,2022,6,29,5.568,27.51,70.52,4.42
Hyderabad,2022,6,30,4.8185,27.81,70.32,4.26
Hyderabad,2022,7,1,5.6683,28.56,64.58,4.54
Hyderabad,2022,7,2,4.5653,27.56,73.46,4.92
Hyderabad,2022,7,3,4.7162,26.22,80.98,4.68
Hyderabad,2022,7,4,4.1988,26.23,76.12,5.71
Hyderabad,2022,7,5,4.9162,26.6,77.96,5.21
Hyderabad,2022,7,6,3.5021,25.6,82.09,5.33
Hyderabad,2022,7,7,4.0882,25.55,82.06,5.92
Hyderabad,2022,7,8,1.7362,24.68,88.43,6.61
Hyderabad,2022,7,9,1.1383,24.43,89.84,6.84
Hyderabad,2022,7,10,1.3178,24.74,85.09,9.24
Hyderabad,2022,7,11,2.3875,24.35,85.3,9.52
Hyderabad,2022,7,12,1.2902,23.72,86.11,10.92
Hyderabad,2022,7,13,1.067,23.2,87.51,13.38
Hyderabad,2022,7,14,3.0252,23.62,84.54,11.34
Hyderabad,2022,7,15,4.8343,25.32,79.21,8.86
Hyderabad,2022,7,16,5.723,25.01,84.57,5.61
Hyderabad,2022,7,17,2.8788,25.04,87.18,6.25
Hyderabad,2022,7,18,4.237,25.23,83.44,6.01
Hyderabad,2022,7,19,5.8051,26.05,81.43,4.88
Hyderabad,2022,7,20,6.695,26.52,80.76,4.85
Hyderabad,2022,7,21,4.9471,25.31,84.75,4.88
Hyderabad,2022,7,22,2.2834,23.85,91.13,4.95
Hyderabad,2022,7,23,3.2676,24.14,88.59,4.97
Hyderabad,2022,7,24,4.0966,25.15,84.35,4.81
Hyderabad,2022,7,25,5.2572,25.04,83.29,3.41
Hyderabad,2022,7,26,2.6021,24.02,89.52,3.09
Hyderabad,2022,7,27,5.1382,25.43,85.06,2.1
Hyderabad,2022,7,28,5.6362,26.06,84.58,2.06
Hyderabad,2022,7,29,5.3609,26.65,82.03,1.56
Hyderabad,2022,7,30,6.5206,26.45,84.42,1.26
Hyderabad,2022,7,31,5.7386,26.48,83.34,1.11
Hyderabad,2022,8,1,4.1126,26.04,86.7,1.51
Hyderabad,2022,8,2,3.7474,25.43,90.34,3.25
Hyderabad,2022,8,3,5.2054,25.99,85.52,2.29
Hyderabad,2022,8,4,4.1851,26.51,83.8,1.55
Hyderabad,2022,8,5,4.0116,25.89,84.78,3.38
Hyderabad,2022,8,6,4.5014,25.19,86.21,3.79
Hyderabad,2022,8,7,3.1627,24.44,88.46,5.7
Hyderabad,2022,8,8,2.2351,24.32,85.43,8.58
Hyderabad,2022,8,9,3.1346,24.12,86.66,9.25
Hyderabad,2022,8,10,4.2106,24.5,82.42,8.83
Hyderabad,2022,8,11,4.4789,24.99,83.65,6.44
Hyderabad,2022,8,12,4.7861,25.48,82.27,6.32
Hyderabad,2022,8,13,4.1971,25.17,83.5,6.28
Hyderabad,2022,8,14,1.7424,24.03,87.63,6.63
Hyderabad,2022,8,15,2.172,24.62,84.97,6.43
Hyderabad,2022,8,16,5.971,25.32,83.22,4.61
Hyderabad,2022,8,17,6.4157,25.98,81.47,4.01
Hyderabad,2022,8,18,5.8548,25.08,86.11,3.6
Hyderabad,2022,8,19,4.8336,25.01,87.54,4.97
Hyderabad,2022,8,20,4.8626,25.65,84.97,5.63
Hyderabad,2022,8,21,5.4338,25.64,83.13,5.96
Hyderabad,2022,8,22,4.7467,25.93,82.43,5.54
Hyderabad,2022,8,23,5.4358,26.06,81.83,3.71
Hyderabad,2022,8,24,5.713,25.67,83.27,3.03
Hyderabad,2022,8,25,5.4583,25.27,84.64,2.8
Hyderabad,2022,8,26,5.4463,25.94,81.65,2.15
Hyderabad,2022,8,27,4.8509,25.06,86.95,2.8
Hyderabad,2022,8,28,5.3779,24.07,88.41,2.82
Hyderabad,2022,8,29,3.7526,25.46,83.59,1.96
Hyderabad,2022,8,30,5.3455,24.75,89.19,2.17
Hyderabad,2022,8,31,6.2563,25.14,87.5,2.34
Hyderabad,2022,9,1,5.6911,25.27,86.73,2.4
Hyderabad,2022,9,2,5.725,25.07,87.3,2.48
Hyderabad,2022,9,3,6.3314,26.24,83.9,1.31
Hyderabad,2022,9,4,4.0464,25.66,86.67,2.12
Hyderabad,2022,9,5,5.3448,25.76,80.86,2.13
Hyderabad,2022,9,6,5.0426,26.15,81.99,1.52
Hyderabad,2022,9,7,4.9562,25.43,87.6,1.14
Hyderabad,2022,9,8,4.205,25.53,86.92,1.33
Hyderabad,2022,9,9,3.0562,25.67,87.97,1.95
Hyderabad,2022,9,10,2.1336,25.02,92.05,3.71
Hyderabad,2022,9,11,1.447,24.34,91.05,5.04
Hyderabad,2022,9,12,3.5402,24.92,87.08,6.31
Hyderabad,2022,9,13,3.6463,25.04,85.48,5.68
Hyderabad,2022,9,14,3.8474,25.35,84.19,4.69
Hyderabad,2022,9,15,4.3301,24.78,86.9,4.87
Hyderabad,2022,9,16,4.523,25.4,84.98,5.77
Hyderabad,2022,9,17,4.9267,25.52,84.44,4.16
Hyderabad,2022,9,18,5.8075,25.16,83.51,4.55
Hyderabad,2022,9,19,4.3615,23.88,88.74,3.83
Hyderabad,2022,9,20,2.6875,24.11,86.06,4.87
Hyderabad,2022,9,21,4.259,24.12,86.9,4.32
Hyderabad,2022,9,22,2.6897,24.22,87.32,4.17
Hyderabad,2022,9,23,5.5159,23.79,82.56,3.73
Hyderabad,2022,9,24,5.7862,24.39,81.71,3.5
Hyderabad,2022,9,25,5.6964,24.95,81.38,2.15
Hyderabad,2022,9,26,4.8893,25.28,83.31,1.49
Hyderabad,2022,9,27,4.4362,25.27,87.13,2.37
Hyderabad,2022,9,28,4.4873,25.0,88.47,2.41
Hyderabad,2022,9,29,3.3269,24.55,88.54,2.1
Hyderabad,2022,9,30,4.056,24.02,89.79,3.58
Hyderabad,2022,10,1,4.9601,24.72,86.22,3.65
Hyderabad,2022,10,2,5.8663,24.93,85.34,4.93
Hyderabad,2022,10,3,5.4996,24.96,85.24,5.01
Hyderabad,2022,10,4,3.7078,24.34,88.84,3.87
Hyderabad,2022,10,5,3.8698,24.26,92.29,2.49
Hyderabad,2022,10,6,3.0101,24.06,91.1,3.72
Hyderabad,2022,10,7,3.4594,24.18,91.06,4.83
Hyderabad,2022,10,8,5.0952,24.66,88.05,1.96
Hyderabad,2022,10,9,4.655,24.57,87.6,2.46
Hyderabad,2022,10,10,3.7169,24.42,91.91,3.8
Hyderabad,2022,10,11,4.7734,24.69,89.22,3.97
Hyderabad,2022,10,12,4.6289,24.62,87.82,2.27
Hyderabad,2022,10,13,4.5742,24.5,87.91,1.92
Hyderabad,2022,10,14,3.9223,24.15,90.81,2.32
Hyderabad,2022,10,15,2.6604,23.48,93.9,3.3
Hyderabad,2022,10,16,4.0877,24.68,89.57,3.64
Hyderabad,2022,10,17,5.6916,24.66,88.33,2.6
Hyderabad,2022,10,18,5.1024,24.93,85.17,1.51
Hyderabad,2022,10,19,4.8787,24.78,85.36,1.44
Hyderabad,2022,10,20,4.7129,24.11,86.51,2.78
Hyderabad,2022,10,21,4.0421,23.43,86.21,2.61
Hyderabad,2022,10,22,6.0538,20.6,79.2,3.56
Hyderabad,2022,10,23,6.1318,19.72,81.39,4.07
Hyderabad,2022,10,24,5.9153,19.87,80.03,3.83
Hyderabad,2022,10,25,6.0545,20.32,74.84,2.79
Hyderabad,2022,10,26,6.0264,20.56,71.57,2.31
Hyderabad,2022,10,27,5.815,21.0,73.21,2.12
Hyderabad,2022,10,28,5.9246,20.51,77.39,2.8
Hyderabad,2022,10,29,6.0221,19.37,75.67,3.32
Hyderabad,2022,10,30,5.9446,18.86,78.53,3.41
Hyderabad,2022,10,31,5.7374,19.24,78.51,3.05
Hyderabad,2022,11,1,2.5999,20.86,82.13,2.34
Hyderabad,2022,11,2,3.0948,21.96,87.92,3.01
Hyderabad,2022,11,3,4.8888,22.63,85.34,2.57
Hyderabad,2022,11,4,4.4599,22.6,85.2,2.29
Hyderabad,2022,11,5,5.0671,22.57,83.95,2.21
Hyderabad,2022,11,6,5.5862,21.76,75.82,2.11
Hyderabad,2022,11,7,5.443,21.88,75.21,1.84
Hyderabad,2022,11,8,5.3947,21.75,76.82,1.8
Hyderabad,2022,11,9,5.2306,20.5,77.7,2.28
Hyderabad,2022,11,10,5.0981,20.05,79.68,3.04
Hyderabad,2022,11,11,5.0491,19.57,80.86,3.75
Hyderabad,2022,11,12,4.7268,19.87,80.13,3.47
Hyderabad,2022,11,13,5.0827,20.49,81.07,3.3
Hyderabad,2022,11,14,5.0604,20.96,82.55,2.22
Hyderabad,2022,11,15,5.3638,20.0,77.83,2.14
Hyderabad,2022,11,16,5.4574,19.15,71.09,2.14
Hyderabad,2022,11,17,5.4166,18.32,72.74,3.14
Hyderabad,2022,11,18,4.7822,18.04,76.72,3.13
Hyderabad,2022,11,19,4.6349,17.98,77.25,3.07
Hyderabad,2022,11,20,4.9627,18.04,76.31,3.0
Hyderabad,2022,11,21,4.1729,20.1,78.53,3.08
Hyderabad,2022,11,22,4.2396,22.09,85.24,2.75
Hyderabad,2022,11,23,3.0499,22.7,85.57,2.45
Hyderabad,2022,11,24,3.1534,23.15,85.64,1.7
Hyderabad,2022,11,25,4.4686,22.29,83.73,2.51
Hyderabad,2022,11,26,4.7138,20.78,76.37,2.33
Hyderabad,2022,11,27,5.0443,20.32,69.55,1.84
Hyderabad,2022,11,28,5.1127,20.63,67.42,1.63
Hyderabad,2022,11,29,4.9776,19.81,63.16,2.02
Hyderabad,2022,11,30,4.8079,19.7,66.45,1.75
Hyderabad,2022,12,1,4.3363,21.43,72.29,1.61
Hyderabad,2022,12,2,3.6197,22.49,82.02,1.73
Hyderabad,2022,12,3,3.5273,22.75,84.5,2.21
Hyderabad,2022,12,4,3.822,22.55,80.41,1.96
Hyderabad,2022,12,5,4.1746,21.18,71.41,2.23
Hyderabad,2022,12,6,4.7866,20.11,71.1,2.59
Hyderabad,2022,12,7,3.8618,19.32,75.71,3.54
Hyderabad,2022,12,8,4.6159,18.83,66.8,3.94
Hyderabad,2022,12,9,3.8386,17.87,71.04,3.86
Hyderabad,2022,12,10,2.7139,20.11,81.44,3.96
Hyderabad,2022,12,11,1.7249,22.29,86.61,4.49
Hyderabad,2022,12,12,2.8327,22.81,84.63,3.67
Hyderabad,2022,12,13,3.415,23.02,85.07,3.15
Hyderabad,2022,12,14,4.6622,23.84,80.24,2.22
Hyderabad,2022,12,15,4.267,24.02,75.6,1.75
Hyderabad,2022,12,16,4.1818,23.88,72.83,1.74
Hyderabad,2022,12,17,3.9514,23.6,73.19,2.01
Hyderabad,2022,12,18,5.1182,21.81,73.05,2.67
Hyderabad,2022,12,19,4.9524,20.61,64.62,1.93
Hyderabad,2022,12,20,4.9363,21.41,60.04,1.86
Hyderabad,2022,12,21,4.865,21.45,62.57,1.9
Hyderabad,2022,12,22,4.8396,21.42,66.23,2.24
Hyderabad,2022,12,23,5.1226,21.12,67.38,2.36
Hyderabad,2022,12,24,4.9956,20.12,65.79,3.14
Hyderabad,2022,12,25,5.1679,21.36,73.18,3.13
Hyderabad,2022,12,26,3.1834,23.22,79.59,3.12
Hyderabad,2022,12,27,4.3834,23.9,76.74,2.52
Hyderabad,2022,12,28,4.4532,24.29,71.71,1.89
Hyderabad,2022,12,29,4.368,23.06,65.19,2.05
Hyderabad,2022,12,30,4.2778,23.11,62.25,1.42
Hyderabad,2022,12,31,4.1962,23.17,60.72,1.56
Hyderabad,2023,1,1,3.8635,22.65,69.13,1.5
Hyderabad,2023,1,2,3.8614,22.19,74.37,2.16
Hyderabad,2023,1,3,3.8964,21.85,74.11,2.46
Hyderabad,2023,1,4,4.1453,21.77,75.43,3.42
Hyderabad,2023,1,5,3.3816,22.06,76.2,3.27
Hyderabad,2023,1,6,2.0796,21.02,77.99,2.5
Hyderabad,2023,1,7,4.6181,20.23,60.78,3.52
Hyderabad,2023,1,8,5.5361,18.05,38.76,3.27
Hyderabad,2023,1,9,5.4046,18.42,41.49,2.56
Hyderabad,2023,1,10,5.4202,20.77,39.19,1.99
Hyderabad,2023,1,11,5.1986,21.52,38.06,1.59
Hyderabad,2023,1,12,4.7606,21.45,47.08,2.15
Hyderabad,2023,1,13,4.7146,21.32,60.28,2.05
Hyderabad,2023,1,14,4.9042,21.41,64.03,2.17
Hyderabad,2023,1,15,4.8482,21.4,59.43,2.52
Hyderabad,2023,1,16,5.0244,21.48,58.69,2.63
Hyderabad,2023,1,17,5.0736,21.49,60.78,3.15
Hyderabad,2023,1,18,5.099,21.26,62.5,2.67
Hyderabad,2023,1,19,4.9394,21.25,64.09,2.99
Hyderabad,2023,1,20,4.7906,21.37,67.0,3.16
Hyderabad,2023,1,21,4.8893,21.72,66.22,2.69
Hyderabad,2023,1,22,4.8845,21.62,64.52,3.08
Hyderabad,2023,1,23,5.0719,22.34,68.67,3.78
Hyderabad,2023,1,24,5.341,22.28,63.47,4.4
Hyderabad,2023,1,25,5.281,21.67,61.86,4.46
Hyderabad,2023,1,26,5.4828,21.19,59.26,3.48
Hyderabad,2023,1,27,5.5558,21.87,59.94,3.09
Hyderabad,2023,1,28,5.4166,23.12,48.69,2.07
Hyderabad,2023,1,29,4.9946,22.35,61.73,4.21
Hyderabad,2023,1,30,4.2886,23.03,64.08,3.51
Hyderabad,2023,1,31,4.4911,23.22,61.65,2.83
Hyderabad,2023,2,1,4.4462,22.7,50.67,4.04
Hyderabad,2023,2,2,5.6184,21.88,44.89,3.86
Hyderabad,2023,2,3,5.91,21.75,35.76,2.9
Hyderabad,2023,2,4,5.9935,23.04,32.91,2.49
Hyderabad,2023,2,5,5.9429,23.07,31.56,2.21
Hyderabad,2023,2,6,5.5402,24.0,40.93,2.12
Hyderabad,2023,2,7,4.5876,24.87,53.09,2.29
Hyderabad,2023,2,8,5.3563,25.14,47.3,2.65
Hyderabad,2023,2,9,6.1126,24.33,27.55,2.89
Hyderabad,2023,2,10,6.3233,25.14,24.4,2.62
Hyderabad,2023,2,11,6.3538,26.04,22.7,2.46
Hyderabad,2023,2,12,6.3662,25.89,20.9,3.23
Hyderabad,2023,2,13,6.6432,23.67,21.74,4.48
Hyderabad,2023,2,14,6.7188,23.24,17.25,3.93
Hyderabad,2023,2,15,6.649,23.99,17.88,3.74
Hyderabad,2023,2,16,6.6624,25.06,19.99,3.77
Hyderabad,2023,2,17,6.4584,25.11,21.93,3.26
Hyderabad,2023,2,18,6.0802,25.67,30.43,2.26
Hyderabad,2023,2,19,5.7902,25.29,49.39,2.78
Hyderabad,2023,2,20,6.0528,26.65,32.67,2.12
Hyderabad,2023,2,21,6.5066,27.38,22.02,2.19
Hyderabad,2023,2,22,6.3554,26.77,28.38,2.6
Hyderabad,2023,2,23,6.2935,26.51,32.77,2.45
Hyderabad,2023,2,24,6.4838,26.62,30.35,2.9
Hyderabad,2023,2,25,6.6274,26.54,20.71,2.8
Hyderabad,2023,2,26,6.5381,26.41,30.54,2.91
Hyderabad,2023,2,27,6.313,25.76,37.79,3.41
Hyderabad,2023,2,28,5.9806,25.92,35.92,3.6
Hyderabad,2023,3,1,5.5934,25.8,36.77,3.46
Hyderabad,2023,3,2,5.6443,26.15,35.41,2.76
Hyderabad,2023,3,3,5.5865,27.63,28.06,2.73
Hyderabad,2023,3,4,5.7972,26.94,32.39,3.15
Hyderabad,2023,3,5,6.0787,27.06,30.17,2.52
Hyderabad,2023,3,6,5.7168,27.47,28.79,2.53
Hyderabad,2023,3,7,5.5327,26.74,27.97,2.56
Hyderabad,2023,3,8,5.9621,26.84,26.29,2.97
Hyderabad,2023,3,9,5.9275,25.79,41.54,2.96
Hyderabad,2023,3,10,5.7857,27.49,33.99,2.69
Hyderabad,2023,3,11,5.7218,26.93,44.17,3.63
Hyderabad,2023,3,12,6.0758,26.86,40.41,3.23
Hyderabad,2023,3,13,5.5819,27.1,30.55,2.72
Hyderabad,2023,3,14,5.4756,28.41,24.27,2.39
Hyderabad,2023,3,15,4.848,27.48,37.48,3.26
Hyderabad,2023,3,16,2.8423,26.93,48.74,2.8
Hyderabad,2023,3,17,4.5077,24.11,70.55,3.54
Hyderabad,2023,3,18,4.5833,24.5,74.01,2.87
Hyderabad,2023,3,19,5.8894,24.86,72.94,1.75
Hyderabad,2023,3,20,6.498,25.39,61.24,2.2
Hyderabad,2023,3,21,6.7349,25.83,48.91,2.28
Hyderabad,2023,3,22,6.4224,27.01,53.84,2.0
Hyderabad,2023,3,23,6.341,28.18,47.74,1.95
Hyderabad,2023,3,24,5.9726,28.01,58.27,2.31
Hyderabad,2023,3,25,5.2078,28.29,58.68,3.1
Hyderabad,2023,3,26,5.7509,29.06,54.67,2.02
Hyderabad,2023,3,27,6.4898,29.36,48.54,2.66
Hyderabad,2023,3,28,6.377,29.6,50.35,2.01
Hyderabad,2023,3,29,6.467,29.79,50.7,3.38
Hyderabad,2023,3,30,7.0862,30.16,44.37,3.04
Hyderabad,2023,3,31,6.2297,29.44,43.53,3.32
Hyderabad,2023,4,1,6.7694,29.62,40.81,1.99
Hyderabad,2023,4,2,6.7272,29.1,46.96,2.08
Hyderabad,2023,4,3,5.9614,29.92,52.04,3.26
Hyderabad,2023,4,4,6.4766,31.16,44.62,2.91
Hyderabad,2023,4,5,6.349,31.41,42.41,2.19
Hyderabad,2023,4,6,5.3458,30.5,50.03,2.63
Hyderabad,2023,4,7,5.1449,29.46,50.98,2.63
Hyderabad,2023,4,8,6.871,29.97,45.0,2.86
Hyderabad,2023,4,9,7.283,29.57,39.3,2.88
Hyderabad,2023,4,10,7.2986,29.87,33.42,2.47
Hyderabad,2023,4,11,7.0466,30.95,32.05,3.06
Hyderabad,2023,4,12,6.2064,32.25,27.76,2.8
Hyderabad,2023,4,13,5.2805,32.74,30.8,2.0
Hyderabad,2023,4,14,4.6541,31.29,43.58,2.21
Hyderabad,2023,4,15,5.6746,30.66,39.41,3.36
Hyderabad,2023,4,16,6.2606,32.11,31.62,2.67
Hyderabad,2023,4,17,5.7204,31.97,31.93,1.71
Hyderabad,2023,4,18,6.2594,32.27,28.98,3.04
Hyderabad,2023,4,19,6.2933,33.14,23.85,2.93
Hyderabad,2023,4,20,6.2441,32.79,23.88,2.16
Hyderabad,2023,4,21,6.4846,31.91,31.23,2.66
Hyderabad,2023,4,22,6.1738,32.36,37.82,2.62
Hyderabad,2023,4,23,6.5009,31.86,36.89,3.2
Hyderabad,2023,4,24,6.2873,30.05,55.02,5.31
Hyderabad,2023,4,25,6.6869,29.62,56.2,5.02
Hyderabad,2023,4,26,6.7759,27.86,56.57,2.66
Hyderabad,2023,4,27,6.4421,28.19,58.49,3.28
Hyderabad,2023,4,28,5.5334,28.21,63.5,2.04
Hyderabad,2023,4,29,5.947,28.41,60.7,1.88
Hyderabad,2023,4,30,5.3695,26.98,69.11,3.4
Hyderabad,2023,5,1,5.1103,26.08,78.2,3.23
Hyderabad,2023,5,2,5.2606,26.02,73.96,4.27
Hyderabad,2023,5,3,5.071,27.1,67.06,2.3
Hyderabad,2023,5,4,6.1236,27.83,67.9,2.99
Hyderabad,2023,5,5,5.0412,27.99,66.64,1.9
Hyderabad,2023,5,6,5.8752,29.02,62.25,2.17
Hyderabad,2023,5,7,6.0588,29.89,60.87,1.76
Hyderabad,2023,5,8,6.3331,30.39,60.32,2.02
Hyderabad,2023,5,9,6.2378,30.79,59.07,2.57
Hyderabad,2023,5,10,5.9707,31.78,53.44,2.98
Hyderabad,2023,5,11,5.9086,31.69,49.44,2.84
Hyderabad,2023,5,12,6.6641,31.8,35.15,2.83
Hyderabad,2023,5,13,6.8602,32.2,32.94,3.56
Hyderabad,2023,5,14,7.6236,31.93,36.04,5.86
Hyderabad,2023,5,15,7.5182,31.73,41.09,6.13
Hyderabad,2023,5,16,7.6975,31.5,41.14,5.22
Hyderabad,2023,5,17,7.6488,31.9,36.59,3.67
Hyderabad,2023,5,18,6.919,33.44,36.27,1.85
Hyderabad,2023,5,19,6.6698,33.07,43.71,2.49
Hyderabad,2023,5,20,6.5573,32.35,48.15,2.84
Hyderabad,2023,5,21,6.475,32.75,48.86,3.06
Hyderabad,2023,5,22,6.2311,31.18,55.2,1.83
Hyderabad,2023,5,23,6.4488,31.96,50.76,2.49
Hyderabad,2023,5,24,6.4963,32.33,46.1,3.31
Hyderabad,2023,5,25,5.6318,32.25,45.07,4.44
Hyderabad,2023,5,26,7.2278,32.24,42.32,4.93
Hyderabad,2023,5,27,6.6802,32.42,39.41,3.78
Hyderabad,2023,5,28,6.6936,33.15,38.75,4.22
Hyderabad,2023,5,29,6.2126,32.79,45.59,2.28
Hyderabad,2023,5,30,4.8103,30.99,54.15,2.29
Hyderabad,2023,5,31,6.3703,31.96,48.75,2.85
Hyderabad,2023,6,1,6.6797,33.29,41.64,2.89
Hyderabad,2023,6,2,7.5636,33.89,33.42,4.4
Hyderabad,2023,6,3,7.015,34.54,32.23,3.86
Hyderabad,2023,6,4,4.8187,33.27,40.0,4.65
Hyderabad,2023,6,5,6.8909,32.4,41.63,4.75
Hyderabad,2023,6,6,6.7478,33.3,37.57,4.43
Hyderabad,2023,6,7,6.1526,34.62,34.68,4.57
Hyderabad,2023,6,8,6.6955,34.62,36.88,5.74
Hyderabad,2023,6,9,6.7634,34.6,36.67,6.11
Hyderabad,2023,6,10,6.671,32.43,45.91,7.95
Hyderabad,2023,6,11,6.2059,32.9,42.4,6.05
Hyderabad,2023,6,12,7.4614,33.89,38.84,5.86
Hyderabad,2023,6,13,7.5816,34.03,38.66,6.24
Hyderabad,2023,6,14,7.4863,33.5,40.24,6.55
Hyderabad,2023,6,15,7.5432,33.64,37.1,6.15
Hyderabad,2023,6,16,7.5118,34.73,34.92,6.14
Hyderabad,2023,6,17,6.9168,33.69,41.67,6.03
Hyderabad,2023,6,18,6.8251,31.71,44.29,3.99
Hyderabad,2023,6,19,5.7391,32.26,42.19,3.41
Hyderabad,2023,6,20,5.9681,33.05,39.25,3.65
Hyderabad,2023,6,21,5.6237,28.99,62.81,3.98
Hyderabad,2023,6,22,4.0378,26.0,79.25,5.01
Hyderabad,2023,6,23,3.3233,27.27,71.58,3.72
Hyderabad,2023,6,24,3.3197,26.37,78.73,4.26
Hyderabad,2023,6,25,4.5458,26.8,69.3,6.12
Hyderabad,2023,6,26,3.8486,26.78,67.56,7.65
Hyderabad,2023,6,27,4.3296,26.86,63.04,7.5
Hyderabad,2023,6,28,5.075,27.22,62.84,6.14
Hyderabad,2023,6,29,5.2603,28.57,59.61,6.51
Hyderabad,2023,6,30,6.4236,28.35,57.96,6.86
Hyderabad,2023,7,1,6.5381,29.23,56.82,6.62
Hyderabad,2023,7,2,5.9126,28.6,65.06,5.39
Hyderabad,2023,7,3,6.0084,27.71,71.93,5.02
Hyderabad,2023,7,4,5.5754,26.65,81.36,3.84
Hyderabad,2023,7,5,4.4398,26.98,75.6,5.18
Hyderabad,2023,7,6,4.1016,27.22,68.94,7.42
Hyderabad,2023,7,7,4.8686,27.13,65.52,7.82
Hyderabad,2023,7,8,4.7081,27.53,67.99,6.16
Hyderabad,2023,7,9,5.3251,27.73,68.94,4.75
Hyderabad,2023,7,10,5.9386,28.49,66.91,4.91
Hyderabad,2023,7,11,2.6378,26.59,72.95,5.04
Hyderabad,2023,7,12,3.6408,25.44,74.78,5.7
Hyderabad,2023,7,13,5.19,26.36,73.52,4.41
Hyderabad,2023,7,14,5.7722,27.9,68.9,4.13
Hyderabad,2023,7,15,3.9838,27.76,70.98,5.37
Hyderabad,2023,7,16,3.6576,26.18,75.25,6.31
Hyderabad,2023,7,17,3.1771,26.04,73.71,7.41
Hyderabad,2023,7,18,1.715,24.69,85.06,9.19
Hyderabad,2023,7,19,1.128,24.7,86.71,9.37
Hyderabad,2023,7,20,1.2658,23.57,87.87,9.83
Hyderabad,2023,7,21,2.2483,24.65,82.0,9.7
Hyderabad,2023,7,22,3.33,25.47,80.7,8.05
Hyderabad,2023,7,23,3.3271,26.13,80.48,6.53
Hyderabad,2023,7,24,3.6026,25.83,83.82,6.97
Hyderabad,2023,7,25,1.8574,25.02,87.13,7.9
Hyderabad,2023,7,26,1.3447,24.7,90.0,7.79
Hyderabad,2023,7,27,1.5019,24.65,89.86,10.53
Hyderabad,2023,7,28,3.2947,24.94,85.65,9.1
Hyderabad,2023,7,29,4.2626,26.03,82.34,6.93
Hyderabad,2023,7,30,4.5509,25.28,85.9,6.39
Hyderabad,2023,7,31,4.703,25.36,88.1,5.96
Hyderabad,2023,8,1,4.4004,25.65,85.1,6.97
Hyderabad,2023,8,2,3.5203,25.67,83.0,7.3
Hyderabad,2023,8,3,3.0197,25.89,80.92,7.1
Hyderabad,2023,8,4,5.3398,26.2,80.54,5.9
Hyderabad,2023,8,5,5.8699,25.9,81.53,5.64
Hyderabad,2023,8,6,5.4394,26.07,80.7,5.6
Hyderabad,2023,8,7,4.7093,25.78,81.03,5.63
Hyderabad,2023,8,8,4.3927,25.99,79.49,5.28
Hyderabad,2023,8,9,4.7854,25.85,80.97,4.35
Hyderabad,2023,8,10,5.4948,26.18,79.27,3.36
Hyderabad,2023,8,11,5.7401,26.13,80.56,2.86
Hyderabad,2023,8,12,3.9734,25.39,83.54,3.1
Hyderabad,2023,8,13,5.4396,25.58,81.67,3.58
Hyderabad,2023,8,14,4.7206,25.04,83.13,3.0
Hyderabad,2023,8,15,5.2493,25.64,81.71,3.52
Hyderabad,2023,8,16,4.7878,25.0,79.9,3.99
Hyderabad,2023,8,17,4.4208,24.57,86.74,4.08
Hyderabad,2023,8,18,2.6369,24.34,86.39,5.57
Hyderabad,2023,8,19,1.6068,24.02,86.4,5.96
Hyderabad,2023,8,20,4.4479,25.38,82.79,4.05
Hyderabad,2023,8,21,5.5222,26.27,76.09,3.37
Hyderabad,2023,8,22,4.6272,26.43,78.43,2.42
Hyderabad,2023,8,23,5.5022,25.53,82.06,3.35
Hyderabad,2023,8,24,5.1631,26.0,78.89,3.69
Hyderabad,2023,8,25,5.3311,26.26,78.79,3.93
Hyderabad,2023,8,26,5.4228,25.76,82.94,4.22
Hyderabad,2023,8,27,6.1766,26.5,80.43,4.39
Hyderabad,2023,8,28,5.4648,26.07,80.87,4.56
Hyderabad,2023,8,29,5.0587,25.76,80.4,3.41
Hyderabad,2023,8,30,6.174,25.84,78.82,3.29
Hyderabad,2023,8,31,5.7871,25.74,80.55,3.24
Hyderabad,2023,9,1,4.9954,26.6,80.78,2.25
Hyderabad,2023,9,2,4.2322,26.22,82.77,0.89
Hyderabad,2023,9,3,2.3554,25.76,87.02,2.46
Hyderabad,2023,9,4,1.3176,25.01,91.56,3.79
Hyderabad,2023,9,5,1.5439,24.76,91.19,5.23
Hyderabad,2023,9,6,2.7432,24.3,91.03,4.99
Hyderabad,2023,9,7,3.4886,24.16,83.3,6.82
Hyderabad,2023,9,8,3.2966,24.42,84.67,6.54
Hyderabad,2023,9,9,3.2256,25.59,87.15,5.13
Hyderabad,2023,9,10,2.688,25.64,87.72,4.83
Hyderabad,2023,9,11,4.9358,25.74,84.69,4.58
Hyderabad,2023,9,12,4.0505,25.38,86.87,3.92
Hyderabad,2023,9,13,5.0446,24.57,85.8,3.84
Hyderabad,2023,9,14,3.7054,24.6,86.54,4.35
Hyderabad,2023,9,15,5.0153,25.0,83.51,4.21
Hyderabad,2023,9,16,5.3957,25.39,82.23,4.5
Hyderabad,2023,9,17,6.073,25.82,81.33,3.71
Hyderabad,2023,9,18,6.0715,26.17,80.2,3.73
Hyderabad,2023,9,19,5.8826,26.01,81.62,3.84
Hyderabad,2023,9,20,5.4497,25.24,87.95,3.55
Hyderabad,2023,9,21,3.0914,25.08,90.25,2.48
Hyderabad,2023,9,22,2.8229,25.02,86.32,3.09
Hyderabad,2023,9,23,4.4098,25.74,83.38,2.34
Hyderabad,2023,9,24,3.8604,25.4,88.52,2.02
Hyderabad,2023,9,25,3.931,25.12,89.73,3.06
Hyderabad,2023,9,26,3.6794,25.38,87.4,1.77
Hyderabad,2023,9,27,4.8593,25.89,85.3,1.1
Hyderabad,2023,9,28,4.8022,25.92,85.83,1.62
Hyderabad,2023,9,29,4.2744,25.76,84.64,1.51
Hyderabad,2023,9,30,4.9651,25.27,86.48,2.85
Hyderabad,2023,10,1,4.7628,25.79,83.49,2.76
Hyderabad,2023,10,2,3.6583,25.42,86.46,3.29
Hyderabad,2023,10,3,5.1026,25.3,82.25,4.71
Hyderabad,2023,10,4,5.8728,25.13,79.8,3.5
Hyderabad,2023,10,5,6.3324,23.94,76.69,3.46
Hyderabad,2023,10,6,6.4423,23.9,79.15,3.65
Hyderabad,2023,10,7,6.2035,24.47,80.43,3.24
Hyderabad,2023,10,8,6.0754,24.83,78.55,2.52
Hyderabad,2023,10,9,5.8606,25.26,77.05,2.16
Hyderabad,2023,10,10,5.6306,25.38,78.96,2.42
Hyderabad,2023,10,11,5.7242,24.53,79.51,3.05
Hyderabad,2023,10,12,5.9705,24.5,77.02,2.42
Hyderabad,2023,10,13,5.639,24.55,75.23,2.23
Hyderabad,2023,10,14,5.563,24.76,74.99,1.97
Hyderabad,2023,10,15,5.1881,24.6,74.86,1.95
Hyderabad,2023,10,16,4.9546,24.42,76.7,2.03
Hyderabad,2023,10,17,5.4874,24.24,79.38,2.14
Hyderabad,2023,10,18,5.7362,23.75,73.65,2.4
Hyderabad,2023,10,19,5.5282,24.21,77.45,2.42
Hyderabad,2023,10,20,5.2658,24.04,80.14,2.7
Hyderabad,2023,10,21,5.399,23.43,81.24,2.88
Hyderabad,2023,10,22,5.934,22.01,76.64,3.82
Hyderabad,2023,10,23,5.8572,21.58,73.99,3.64
Hyderabad,2023,10,24,6.1466,21.24,74.49,3.41
Hyderabad,2023,10,25,6.0972,20.77,70.2,3.5
Hyderabad,2023,10,26,5.9971,20.61,68.56,3.56
Hyderabad,2023,10,27,6.0403,20.42,65.37,3.17
Hyderabad,2023,10,28,5.2394,21.17,67.25,2.71
Hyderabad,2023,10,29,4.1962,22.42,68.49,2.27
Hyderabad,2023,10,30,4.0433,22.69,76.22,2.15
Hyderabad,2023,10,31,4.1155,22.34,77.9,2.22
Hyderabad,2023,11,1,3.833,22.75,74.88,2.25
Hyderabad,2023,11,2,3.7594,23.97,74.11,1.91
Hyderabad,2023,11,3,3.6202,24.74,78.22,1.86
Hyderabad,2023,11,4,3.8556,24.47,78.71,2.75
Hyderabad,2023,11,5,3.8102,23.47,79.93,2.15
Hyderabad,2023,11,6,3.1625,24.16,81.04,3.02
Hyderabad,2023,11,7,2.9741,24.0,84.29,2.71
Hyderabad,2023,11,8,3.2297,24.41,82.5,2.31
Hyderabad,2023,11,9,3.8981,23.69,83.91,2.07
Hyderabad,2023,11,10,5.0446,23.87,76.16,2.43
Hyderabad,2023,11,11,5.0494,22.88,67.56,2.22
Hyderabad,2023,11,12,4.9675,22.68,65.04,2.94
Hyderabad,2023,11,13,4.5245,22.81,71.42,2.54
Hyderabad,2023,11,14,3.6734,22.84,71.22,2.59
Hyderabad,2023,11,15,4.4426,21.95,68.67,2.77
Hyderabad,2023,11,16,4.8077,21.43,68.65,3.48
Hyderabad,2023,11,17,5.137,22.15,71.06,3.1
Hyderabad,2023,11,18,4.9798,23.11,67.08,2.51
Hyderabad,2023,11,19,4.5629,23.21,71.31,2.77
Hyderabad,2023,11,20,4.1654,22.95,71.88,2.87
Hyderabad,2023,11,21,3.7442,23.61,75.17,2.7
Hyderabad,2023,11,22,4.0999,24.17,78.01,2.33
Hyderabad,2023,11,23,2.1343,23.87,82.73,2.88
Hyderabad,2023,11,24,1.9438,23.78,80.85,3.26
Hyderabad,2023,11,25,3.7006,23.79,76.84,3.01
Hyderabad,2023,11,26,2.9484,23.82,76.16,2.8
Hyderabad,2023,11,27,3.161,23.93,74.28,3.83
Hyderabad,2023,11,28,4.2012,24.14,74.11,3.78
Hyderabad,2023,11,29,4.65,23.7,73.11,4.1
Hyderabad,2023,11,30,4.1335,23.66,69.89,3.73
Hyderabad,2023,12,1,4.8934,23.35,70.51,3.3
Hyderabad,2023,12,2,4.879,23.04,62.9,3.54
Hyderabad,2023,12,3,4.205,23.92,73.65,4.41
Hyderabad,2023,12,4,1.9243,23.12,74.13,4.88
Hyderabad,2023,12,5,1.9723,20.53,88.9,7.9
Hyderabad,2023,12,6,2.281,21.68,82.75,5.26
Hyderabad,2023,12,7,2.1125,22.54,70.36,3.38
Hyderabad,2023,12,8,4.5466,21.94,74.12,2.49
Hyderabad,2023,12,9,5.0822,21.16,67.92,3.04
Hyderabad,2023,12,10,5.1427,20.23,65.89,2.99
Hyderabad,2023,12,11,5.0112,20.23,64.94,2.27
Hyderabad,2023,12,12,5.003,20.25,69.53,2.3
Hyderabad,2023,12,13,4.3553,20.22,71.23,2.65
Hyderabad,2023,12,14,4.717,19.8,71.04,2.65
Hyderabad,2023,12,15,4.644,19.61,70.59,2.45
Hyderabad,2023,12,16,2.9628,20.25,70.33,2.27
Hyderabad,2023,12,17,3.667,20.26,60.85,2.86
Hyderabad,2023,12,18,3.595,19.68,60.15,3.24
Hyderabad,2023,12,19,3.5611,18.67,58.27,3.74
Hyderabad,2023,12,20,4.4662,18.02,56.58,3.02
Hyderabad,2023,12,21,4.9313,18.36,49.18,2.74
Hyderabad,2023,12,22,4.9313,19.65,53.73,2.33
Hyderabad,2023,12,23,4.0606,19.72,70.58,2.75
Hyderabad,2023,12,24,4.1618,19.98,70.87,2.4
Hyderabad,2023,12,25,4.3985,20.56,61.83,1.71
Hyderabad,2023,12,26,4.4477,21.16,66.33,2.11
Hyderabad,2023,12,27,4.4155,20.7,72.28,2.45
Hyderabad,2023,12,28,4.4213,20.42,70.47,2.65
Hyderabad,2023,12,29,4.2276,20.42,73.48,2.94
Hyderabad,2023,12,30,4.3447,20.83,70.57,2.29
Hyderabad,2023,12,31,4.381,20.66,69.04,2.54
Hyderabad,2024,1,1,4.135,20.76,73.7,2.74
Hyderabad,2024,1,2,4.0961,20.86,71.95,2.94
Hyderabad,2024,1,3,4.1326,21.04,73.01,3.44
Hyderabad,2024,1,4,4.092,21.58,70.15,3.65
Hyderabad,2024,1,5,4.1962,20.98,67.38,3.89
Hyderabad,2024,1,6,4.6466,20.81,66.03,3.57
Hyderabad,2024,1,7,4.327,21.07,66.54,3.59
Hyderabad,2024,1,8,4.6013,21.27,60.04,3.72
Hyderabad,2024,1,9,3.0706,22.06,61.73,3.56
Hyderabad,2024,1,10,2.6962,22.39,61.5,2.5
Hyderabad,2024,1,11,4.433,23.53,49.36,2.11
Hyderabad,2024,1,12,4.5173,23.27,56.3,2.17
Hyderabad,2024,1,13,4.0598,23.34,58.76,2.28
Hyderabad,2024,1,14,4.7114,23.25,51.76,2.26
Hyderabad,2024,1,15,4.2449,23.34,53.3,1.54
Hyderabad,2024,1,16,4.2941,23.17,66.7,2.88
Hyderabad,2024,1,17,4.1741,23.38,64.13,3.83
Hyderabad,2024,1,18,4.1434,23.25,62.22,3.0
Hyderabad,2024,1,19,4.4122,23.68,57.96,2.98
Hyderabad,2024,1,20,4.4522,23.68,61.46,3.62
Hyderabad,2024,1,21,4.2778,24.39,61.52,2.69
Hyderabad,2024,1,22,4.5019,25.0,59.56,2.53
Hyderabad,2024,1,23,4.5775,24.61,64.1,4.31
Hyderabad,2024,1,24,3.9458,24.61,62.71,2.63
Hyderabad,2024,1,25,4.1472,22.39,52.5,2.96
Hyderabad,2024,1,26,4.1866,22.19,49.62,2.46
Hyderabad,2024,1,27,4.0968,22.22,40.39,2.83
Hyderabad,2024,1,28,5.2234,21.64,40.91,2.86
Hyderabad,2024,1,29,4.3226,22.91,57.59,2.85
Hyderabad,2024,1,30,4.8674,22.82,51.72,2.65
Hyderabad,2024,1,31,5.0676,23.17,51.89,2.93
Hyderabad,2024,2,1,5.1634,24.36,56.43,3.61
Hyderabad,2024,2,2,4.6346,24.93,47.55,1.45
Hyderabad,2024,2,3,4.5696,24.97,48.72,2.61
Hyderabad,2024,2,4,5.345,24.74,42.35,2.77
Hyderabad,2024,2,5,5.1211,25.58,54.22,2.56
Hyderabad,2024,2,6,5.201,26.54,50.84,2.14
Hyderabad,2024,2,7,5.0378,27.73,42.93,1.61
Hyderabad,2024,2,8,5.0098,26.41,36.66,3.19
Hyderabad,2024,2,9,5.3981,25.29,37.39,2.99
Hyderabad,2024,2,10,4.8074,26.04,57.36,4.45
Hyderabad,2024,2,11,5.0237,26.17,57.25,5.21
Hyderabad,2024,2,12,5.6323,25.31,52.92,4.92
Hyderabad,2024,2,13,5.8068,24.82,48.77,4.78
Hyderabad,2024,2,14,5.4446,25.64,48.2,4.35
Hyderabad,2024,2,15,5.7761,25.38,42.97,3.72
Hyderabad,2024,2,16,6.4498,24.74,35.44,3.57
Hyderabad,2024,2,17,6.461,24.82,34.61,2.62
Hyderabad,2024,2,18,6.3346,25.16,32.8,3.04
Hyderabad,2024,2,19,6.0074,25.88,43.67,3.46
Hyderabad,2024,2,20,5.7324,27.01,41.62,2.29
Hyderabad,2024,2,21,5.814,27.65,32.59,2.2
Hyderabad,2024,2,22,6.2018,27.42,28.08,2.27
Hyderabad,2024,2,23,6.0828,26.04,40.76,2.28
Hyderabad,2024,2,24,4.4621,27.45,52.31,3.2
Hyderabad,2024,2,25,4.6078,27.22,59.11,4.17
Hyderabad,2024,2,26,5.3664,26.8,54.99,5.23
Hyderabad,2024,2,27,6.4315,26.24,48.4,3.6
Hyderabad,2024,2,28,6.299,26.92,47.65,3.25
Hyderabad,2024,2,29,5.725,27.48,43.42,2.92
Hyderabad,2024,3,1,6.055,28.36,40.27,3.02
Hyderabad,2024,3,2,6.1258,28.93,40.03,3.73
Hyderabad,2024,3,3,5.9546,28.74,40.04,3.31
Hyderabad,2024,3,4,5.5282,29.15,36.87,2.6
Hyderabad,2024,3,5,6.2261,29.78,33.05,2.13
Hyderabad,2024,3,6,5.8685,30.22,33.98,2.75
Hyderabad,2024,3,7,5.969,30.39,29.76,3.02
Hyderabad,2024,3,8,6.0689,29.66,27.61,1.86
Hyderabad,2024,3,9,5.6498,28.88,29.37,2.09
Hyderabad,2024,3,10,5.7754,28.96,46.13,3.92
Hyderabad,2024,3,11,5.2682,29.12,45.44,2.95
Hyderabad,2024,3,12,5.5162,30.92,40.29,2.12
Hyderabad,2024,3,13,4.777,31.75,31.91,3.02
Hyderabad,2024,3,14,5.4439,30.83,33.05,1.85
Hyderabad,2024,3,15,4.7582,30.41,39.4,3.27
Hyderabad,2024,3,16,5.087,29.85,45.11,4.27
Hyderabad,2024,3,17,4.7741,29.14,50.77,4.48
Hyderabad,2024,3,18,5.0669,29.31,44.39,2.76
Hyderabad,2024,3,19,4.2223,28.68,41.37,3.02
Hyderabad,2024,3,20,5.6758,28.33,44.24,2.74
Hyderabad,2024,3,21,6.9468,27.89,47.18,3.41
Hyderabad,2024,3,22,6.8441,28.99,44.25,2.45
Hyderabad,2024,3,23,6.3722,30.5,38.47,2.71
Hyderabad,2024,3,24,6.0518,30.44,38.34,3.5
Hyderabad,2024,3,25,4.8619,31.01,36.57,3.16
Hyderabad,2024,3,26,6.463,31.28,35.44,3.75
Hyderabad,2024,3,27,6.522,31.0,32.74,3.6
Hyderabad,2024,3,28,6.6818,31.47,31.39,3.5
Hyderabad,2024,3,29,6.2174,32.67,32.0,3.8
Hyderabad,2024,3,30,6.4459,32.53,32.45,3.77
Hyderabad,2024,3,31,6.6084,31.9,29.44,3.48
Hyderabad,2024,4,1,6.5282,32.76,29.65,2.59
Hyderabad,2024,4,2,6.2076,33.4,26.68,3.07
Hyderabad,2024,4,3,5.2519,32.87,30.85,2.74
Hyderabad,2024,4,4,6.2772,33.65,32.23,2.91
Hyderabad,2024,4,5,6.4385,34.56,25.02,2.34
Hyderabad,2024,4,6,5.9582,34.81,25.14,2.45
Hyderabad,2024,4,7,5.7677,34.56,27.68,3.54
Hyderabad,2024,4,8,6.0713,32.27,37.0,5.68
Hyderabad,2024,4,9,6.2335,30.41,49.96,5.28
Hyderabad,2024,4,10,6.474,31.2,40.99,4.77
Hyderabad,2024,4,11,5.7528,31.27,38.7,4.28
Hyderabad,2024,4,12,5.4247,30.73,44.32,3.92
Hyderabad,2024,4,13,3.8522,31.25,40.59,3.31
Hyderabad,2024,4,14,6.5117,31.93,37.66,3.59
Hyderabad,2024,4,15,6.8066,32.82,33.26,3.06
Hyderabad,2024,4,16,6.8402,34.03,29.97,2.45
Hyderabad,2024,4,17,5.3081,35.07,27.49,2.16
Hyderabad,2024,4,18,5.79,35.57,28.64,2.8
Hyderabad,2024,4,19,4.9435,34.95,31.52,1.44
Hyderabad,2024,4,20,3.1982,33.06,39.34,2.21
Hyderabad,2024,4,21,5.4238,34.17,37.15,2.31
Hyderabad,2024,4,22,6.3598,34.59,30.12,2.43
Hyderabad,2024,4,23,7.151,33.6,29.78,3.69
Hyderabad,2024,4,24,7.1009,33.17,29.23,2.46
Hyderabad,2024,4,25,7.1988,33.92,27.93,3.62
Hyderabad,2024,4,26,7.1594,34.66,28.04,3.86
Hyderabad,2024,4,27,6.6605,34.61,31.39,3.43
Hyderabad,2024,4,28,6.3962,35.5,26.89,3.38
Hyderabad,2024,4,29,6.6401,35.12,30.14,3.41
Hyderabad,2024,4,30,6.8954,36.15,24.62,2.2
Hyderabad,2024,5,1,6.9562,36.11,21.49,3.65
Hyderabad,2024,5,2,7.4609,35.17,16.83,3.53
Hyderabad,2024,5,3,7.6728,34.59,15.14,3.07
Hyderabad,2024,5,4,6.9581,34.61,35.74,2.49
Hyderabad,2024,5,5,6.6511,35.49,33.07,2.36
Hyderabad,2024,5,6,6.858,35.62,39.6,2.88
Hyderabad,2024,5,7,6.0221,34.28,43.58,5.2
Hyderabad,2024,5,8,6.9206,29.6,58.5,3.62
Hyderabad,2024,5,9,5.7869,30.78,55.28,3.48
Hyderabad,2024,5,10,5.7422,30.69,57.62,2.88
Hyderabad,2024,5,11,6.8731,31.18,56.39,3.74
Hyderabad,2024,5,12,6.1596,30.28,60.84,3.1
Hyderabad,2024,5,13,5.9539,29.82,60.08,2.78
Hyderabad,2024,5,14,6.5338,30.04,59.96,2.7
Hyderabad,2024,5,15,5.5169,29.99,60.29,2.79
Hyderabad,2024,5,16,4.5521,27.74,75.88,3.51
Hyderabad,2024,5,17,4.9303,27.63,72.06,2.99
Hyderabad,2024,5,18,4.6498,28.66,67.67,2.86
Hyderabad,2024,5,19,4.9668,28.98,68.46,3.16
Hyderabad,2024,5,20,6.0672,30.27,63.76,2.9
Hyderabad,2024,5,21,6.8465,31.44,59.35,3.84
Hyderabad,2024,5,22,6.9874,31.68,58.42,3.44
Hyderabad,2024,5,23,6.1013,31.37,60.22,3.11
Hyderabad,2024,5,24,6.2482,32.29,54.05,2.24
Hyderabad,2024,5,25,5.3208,32.04,53.56,4.53
Hyderabad,2024,5,26,5.4444,33.72,46.78,5.48
Hyderabad,2024,5,27,5.1826,34.13,43.28,6.74
Hyderabad,2024,5,28,6.5542,31.94,45.38,6.42
Hyderabad,2024,5,29,7.1203,33.33,44.42,4.61
Hyderabad,2024,5,30,6.9754,34.37,43.3,4.06
Hyderabad,2024,5,31,6.9667,34.6,40.8,3.94
Hyderabad,2024,6,1,5.3753,32.9,46.8,3.15
Hyderabad,2024,6,2,5.424,31.47,57.61,4.32
Hyderabad,2024,6,3,3.4529,28.59,68.08,2.94
Hyderabad,2024,6,4,5.029,30.37,61.72,2.63
Hyderabad,2024,6,5,5.5966,29.46,67.71,2.96
Hyderabad,2024,6,6,5.4806,28.89,69.67,2.15
Hyderabad,2024,6,7,4.89,28.5,71.31,2.46
Hyderabad,2024,6,8,4.8514,27.87,71.54,3.09
Hyderabad,2024,6,9,4.4455,27.25,73.37,2.69
Hyderabad,2024,6,10,4.565,27.99,73.85,2.44
Hyderabad,2024,6,11,4.4527,29.04,68.97,4.55
Hyderabad,2024,6,12,5.2538,27.71,72.85,5.09
Hyderabad,2024,6,13,5.6047,27.48,73.2,5.81
Hyderabad,2024,6,14,5.1886,27.97,69.48,5.48
Hyderabad,2024,6,15,6.2119,27.39,68.08,6.19
Hyderabad,2024,6,16,6.1824,28.29,71.96,3.95
Hyderabad,2024,6,17,5.3719,28.29,72.02,2.87
Hyderabad,2024,6,18,6.0574,28.13,71.79,4.61
Hyderabad,2024,6,19,5.1355,25.83,77.79,5.71
Hyderabad,2024,6,20,6.0631,28.39,65.85,5.85
Hyderabad,2024,6,21,4.3819,28.17,67.98,5.42
Hyderabad,2024,6,22,4.6642,27.1,75.06,4.7
Hyderabad,2024,6,23,4.2859,27.53,73.26,2.64
Hyderabad,2024,6,24,5.7485,29.01,68.08,3.91
Hyderabad,2024,6,25,5.3018,28.48,68.78,4.86
Hyderabad,2024,6,26,5.981,25.99,73.92,6.91
Hyderabad,2024,6,27,3.8933,25.39,71.54,8.11
Hyderabad,2024,6,28,4.2655,26.66,68.49,7.81
Hyderabad,2024,6,29,3.895,27.22,71.77,5.66
Hyderabad,2024,6,30,3.3365,27.82,71.65,5.78
Hyderabad,2024,7,1,3.5326,27.5,71.5,7.48
Hyderabad,2024,7,2,5.142,27.77,66.71,8.14
Hyderabad,2024,7,3,5.0623,27.74,72.9,5.81
Hyderabad,2024,7,4,5.2781,27.67,71.88,5.75
Hyderabad,2024,7,5,5.1487,26.41,75.51,6.0
Hyderabad,2024,7,6,4.1376,25.95,78.57,6.0
Hyderabad,2024,7,7,5.1672,25.98,78.1,5.58
Hyderabad,2024,7,8,3.6002,25.64,82.87,4.52
Hyderabad,2024,7,9,3.4574,26.06,77.6,3.75
Hyderabad,2024,7,10,5.5286,26.59,74.19,4.27
Hyderabad,2024,7,11,5.9513,28.11,66.58,5.45
Hyderabad,2024,7,12,4.752,26.12,75.11,6.82
Hyderabad,2024,7,13,3.9576,25.82,78.49,7.13
Hyderabad,2024,7,14,2.8238,25.76,81.83,7.3
Hyderabad,2024,7,15,2.513,25.5,84.97,4.99
Hyderabad,2024,7,16,3.9478,26.53,74.91,5.73
Hyderabad,2024,7,17,4.0176,26.11,75.05,6.65
Hyderabad,2024,7,18,3.1858,25.38,83.38,7.26
Hyderabad,2024,7,19,3.3458,24.99,82.69,9.95
Hyderabad,2024,7,20,1.3577,24.27,88.11,9.79
Hyderabad,2024,7,21,1.1261,26.12,81.03,9.15
Hyderabad,2024,7,22,3.6982,25.71,81.07,8.74
Hyderabad,2024,7,23,2.7271,25.33,81.7,8.47
Hyderabad,2024,7,24,1.8833,25.54,82.03,7.77
Hyderabad,2024,7,25,1.6193,25.35,83.21,8.0
Hyderabad,2024,7,26,4.0896,25.08,80.76,8.15
Hyderabad,2024,7,27,2.581,25.35,82.37,9.3
Hyderabad,2024,7,28,4.0658,25.59,79.63,7.62
Hyderabad,2024,7,29,4.0632,26.82,78.68,5.76
Hyderabad,2024,7,30,4.9464,27.18,77.54,5.0
Hyderabad,2024,7,31,5.3705,26.94,80.37,5.2
Hyderabad,2024,8,1,3.5986,26.29,83.06,6.27
Hyderabad,2024,8,2,3.7721,25.52,83.88,6.8
Hyderabad,2024,8,3,4.3174,26.45,78.52,6.8
Hyderabad,2024,8,4,4.3142,25.81,80.65,5.75
Hyderabad,2024,8,5,5.387,26.33,79.47,4.9
Hyderabad,2024,8,6,2.7139,25.25,86.38,4.39
Hyderabad,2024,8,7,2.0688,24.89,86.99,4.56
Hyderabad,2024,8,8,3.0821,26.03,80.57,4.61
Hyderabad,2024,8,9,5.2862,26.35,80.11,3.58
Hyderabad,2024,8,10,5.8819,26.73,79.41,3.35
Hyderabad,2024,8,11,5.3429,26.84,81.22,3.05
Hyderabad,2024,8,12,5.2322,26.9,81.44,2.82
Hyderabad,2024,8,13,5.1516,27.22,81.15,1.12
Hyderabad,2024,8,14,4.4918,27.22,82.15,1.36
Hyderabad,2024,8,15,5.149,26.44,87.89,2.03
Hyderabad,2024,8,16,4.7333,26.72,85.05,2.11
Hyderabad,2024,8,17,5.3026,26.32,86.83,2.04
Hyderabad,2024,8,18,5.1314,26.03,87.72,2.0
Hyderabad,2024,8,19,3.6434,26.54,83.03,1.84
Hyderabad,2024,8,20,4.6126,26.35,84.25,1.66
Hyderabad,2024,8,21,5.6789,26.77,83.67,3.46
Hyderabad,2024,8,22,4.9781,26.27,85.82,2.61
Hyderabad,2024,8,23,4.595,25.24,85.71,4.83
Hyderabad,2024,8,24,3.079,25.42,87.42,6.28
Hyderabad,2024,8,25,4.1554,25.74,82.72,6.39
Hyderabad,2024,8,26,5.3832,25.72,80.45,6.34
Hyderabad,2024,8,27,4.7261,25.87,82.12,5.05
Hyderabad,2024,8,28,4.703,25.61,82.6,4.66
Hyderabad,2024,8,29,5.3059,25.47,83.66,4.02
Hyderabad,2024,8,30,3.6173,24.69,88.69,5.15
Hyderabad,2024,8,31,1.0073,24.56,91.11,6.81
Hyderabad,2024,9,1,0.7058,25.04,92.95,5.34
Hyderabad,2024,9,2,1.4681,24.65,86.89,6.52
Hyderabad,2024,9,3,3.0554,23.98,85.22,6.45
Hyderabad,2024,9,4,2.7775,25.1,89.57,4.81
Hyderabad,2024,9,5,4.8636,25.64,87.16,5.36
Hyderabad,2024,9,6,4.8871,25.83,86.79,5.01
Hyderabad,2024,9,7,4.1825,24.75,90.48,5.11
Hyderabad,2024,9,8,2.6986,24.28,90.99,5.5
Hyderabad,2024,9,9,1.944,24.03,90.09,5.78
Hyderabad,2024,9,10,4.441,25.19,85.59,6.02
Hyderabad,2024,9,11,5.369,25.38,82.8,5.33
Hyderabad,2024,9,12,4.9435,25.17,82.54,4.77
Hyderabad,2024,9,13,5.9904,24.78,82.17,4.85
Hyderabad,2024,9,14,6.1202,24.78,83.44,4.73
Hyderabad,2024,9,15,6.0778,24.6,82.0,5.21
Hyderabad,2024,9,16,4.2475,24.23,83.77,5.34
Hyderabad,2024,9,17,5.7538,24.7,83.12,4.9
Hyderabad,2024,9,18,6.4606,24.59,80.16,3.56
Hyderabad,2024,9,19,5.951,25.07,78.75,2.46
Hyderabad,2024,9,20,4.5986,25.39,82.27,2.68
Hyderabad,2024,9,21,3.6302,24.98,90.27,3.33
Hyderabad,2024,9,22,5.1749,25.53,86.21,3.08
Hyderabad,2024,9,23,4.799,25.32,89.9,2.38
Hyderabad,2024,9,24,4.1311,25.94,88.79,2.3
Hyderabad,2024,9,25,3.6072,25.79,88.36,2.23
Hyderabad,2024,9,26,3.5962,24.87,87.75,4.56
Hyderabad,2024,9,27,5.149,24.6,87.96,4.54
Hyderabad,2024,9,28,5.6678,25.64,82.95,2.95
Hyderabad,2024,9,29,5.4209,25.8,82.72,1.7
Hyderabad,2024,9,30,5.0767,26.18,84.5,1.68
Hyderabad,2024,10,1,5.7125,26.74,81.76,1.25
Hyderabad,2024,10,2,5.4926,26.65,85.29,2.24
Hyderabad,2024,10,3,4.6658,25.95,86.69,3.48
Hyderabad,2024,10,4,5.0376,26.04,85.4,2.89
Hyderabad,2024,10,5,3.8602,26.21,82.93,1.87
Hyderabad,2024,10,6,4.5247,25.25,86.87,2.46
Hyderabad,2024,10,7,4.7107,24.69,86.19,2.03
Hyderabad,2024,10,8,5.6398,24.89,85.67,2.13
Hyderabad,2024,10,9,5.4334,25.08,88.0,3.29
Hyderabad,2024,10,10,4.6812,24.82,89.11,3.51
Hyderabad,2024,10,11,3.9578,24.98,89.3,3.61
Hyderabad,2024,10,12,4.7714,25.02,89.4,2.98
Hyderabad,2024,10,13,5.5898,25.23,87.39,2.73
Hyderabad,2024,10,14,4.463,24.61,88.63,2.28
Hyderabad,2024,10,15,4.2314,24.71,87.51,2.47
Hyderabad,2024,10,16,4.2871,25.06,86.55,2.57
Hyderabad,2024,10,17,4.284,25.26,89.85,3.59
Hyderabad,2024,10,18,4.7074,25.26,90.39,3.56
Hyderabad,2024,10,19,5.243,24.78,91.01,2.3
Hyderabad,2024,10,20,4.477,24.56,88.55,2.34
Hyderabad,2024,10,21,5.1744,24.64,87.06,2.28
Hyderabad,2024,10,22,4.2384,24.79,87.38,1.75
Hyderabad,2024,10,23,5.0861,23.84,85.06,3.13
Hyderabad,2024,10,24,4.7263,23.12,84.01,3.59
Hyderabad,2024,10,25,5.0407,23.27,81.78,4.23
Hyderabad,2024,10,26,5.5123,23.8,83.64,4.7
Hyderabad,2024,10,27,5.6834,23.0,81.6,2.83
Hyderabad,2024,10,28,4.8701,24.22,76.62,1.35
Hyderabad,2024,10,29,4.8775,25.4,74.37,0.88
Hyderabad,2024,10,30,3.3967,24.19,90.26,2.15
Hyderabad,2024,10,31,3.8086,24.37,87.8,2.49
Hyderabad,2024,11,1,3.5059,23.92,86.59,2.03
Hyderabad,2024,11,2,4.2002,23.62,87.15,2.62
Hyderabad,2024,11,3,4.4662,22.64,84.94,2.94
Hyderabad,2024,11,4,4.7506,22.62,82.32,2.34
Hyderabad,2024,11,5,5.2421,21.93,73.7,2.53
Hyderabad,2024,11,6,5.3306,22.12,77.8,2.64
Hyderabad,2024,11,7,5.2265,21.63,78.89,2.33
Hyderabad,2024,11,8,5.0854,22.44,77.01,1.87
Hyderabad,2024,11,9,4.7443,22.56,79.31,2.23
Hyderabad,2024,11,10,5.2183,21.93,82.08,2.96
Hyderabad,2024,11,11,4.8696,20.89,80.32,3.38
Hyderabad,2024,11,12,4.9632,21.68,83.17,3.87
Hyderabad,2024,11,13,4.2254,22.75,86.34,3.7
Hyderabad,2024,11,14,3.565,23.18,85.37,3.15
Hyderabad,2024,11,15,4.6193,23.11,83.35,2.42
Hyderabad,2024,11,16,5.028,21.42,77.3,3.21
Hyderabad,2024,11,17,4.9831,19.58,74.86,3.41
Hyderabad,2024,11,18,4.931,19.0,75.57,2.83
Hyderabad,2024,11,19,4.9726,19.11,75.46,2.32
Hyderabad,2024,11,20,4.9766,18.89,79.04,2.39
Hyderabad,2024,11,21,4.8283,19.25,75.24,2.21
Hyderabad,2024,11,22,4.5024,19.2,77.35,2.15
Hyderabad,2024,11,23,4.1902,19.66,75.28,1.57
Hyderabad,2024,11,24,4.212,19.16,76.46,2.29
Hyderabad,2024,11,25,4.452,19.11,78.84,3.06
Hyderabad,2024,11,26,4.6565,19.38,77.64,2.9
Hyderabad,2024,11,27,4.2576,18.96,73.25,3.46
Hyderabad,2024,11,28,4.7765,18.37,71.04,4.23
Hyderabad,2024,11,29,4.458,20.8,77.49,4.49
Hyderabad,2024,11,30,3.1366,22.52,84.62,4.93
Hyderabad,2024,12,1,2.6916,23.01,86.69,3.76
Hyderabad,2024,12,2,2.7914,23.37,87.35,4.3
Hyderabad,2024,12,3,2.2433,23.99,84.88,3.76
Hyderabad,2024,12,4,3.0425,24.41,84.75,3.05
Hyderabad,2024,12,5,3.4378,24.65,84.23,2.05
Hyderabad,2024,12,6,3.355,23.79,86.59,2.0
Hyderabad,2024,12,7,2.8034,24.29,81.07,1.57
Hyderabad,2024,12,8,2.8303,23.74,84.62,2.08
Hyderabad,2024,12,9,2.7526,23.57,85.48,1.65
Hyderabad,2024,12,10,4.1647,21.51,64.62,3.68
Hyderabad,2024,12,11,4.7244,19.47,65.57,3.3
Hyderabad,2024,12,12,4.7393,20.27,63.29,1.85
Hyderabad,2024,12,13,4.1671,19.98,60.99,3.1
Hyderabad,2024,12,14,4.4448,18.97,64.73,3.44
Hyderabad,2024,12,15,4.7952,17.37,59.46,3.23
Hyderabad,2024,12,16,5.0066,17.31,54.74,2.82
Hyderabad,2024,12,17,4.9289,19.35,51.2,2.33
Hyderabad,2024,12,18,4.8317,20.29,55.86,3.2
Hyderabad,2024,12,19,4.1683,20.84,75.36,3.05
Hyderabad,2024,12,20,3.047,23.37,81.62,2.84
Hyderabad,2024,12,21,3.5474,23.03,70.89,3.1
Hyderabad,2024,12,22,4.1381,21.29,69.21,3.11
Hyderabad,2024,12,23,4.5026,20.78,63.29,2.44
Hyderabad,2024,12,24,3.2635,20.94,74.17,3.29
Hyderabad,2024,12,25,2.257,20.93,84.16,4.25
Hyderabad,2024,12,26,1.9414,22.18,81.72,4.05
Hyderabad,2024,12,27,3.1003,22.69,75.91,4.58
Hyderabad,2024,12,28,4.6502,22.19,75.97,3.3
Hyderabad,2024,12,29,5.0131,22.42,71.01,2.78
Hyderabad,2024,12,30,4.7302,22.04,62.7,2.56
Hyderabad,2024,12,31,4.2101,21.66,68.1,2.31
Hyderabad,2025,1,1,4.1518,20.4,65.44,3.18
Hyderabad,2025,1,2,4.9908,19.12,50.34,3.91
Hyderabad,2025,1,3,5.1223,18.88,50.64,3.18
Hyderabad,2025,1,4,5.0806,19.4,50.32,3.02
Hyderabad,2025,1,5,4.716,20.1,65.42,2.27
Hyderabad,2025,1,6,4.6202,20.19,67.99,2.69
Hyderabad,2025,1,7,4.6704,20.29,62.79,2.76
Hyderabad,2025,1,8,5.1494,18.56,52.94,3.3
Hyderabad,2025,1,9,5.0278,18.39,57.63,3.0
Hyderabad,2025,1,10,4.6901,19.49,72.2,3.6
Hyderabad,2025,1,11,4.2014,20.37,69.87,3.74
Hyderabad,2025,1,12,3.9662,21.23,67.45,3.44
Hyderabad,2025,1,13,4.2725,21.51,68.78,2.54
Hyderabad,2025,1,14,4.2883,21.33,67.93,2.67
Hyderabad,2025,1,15,3.5904,21.34,73.41,3.05
Hyderabad,2025,1,16,3.3679,21.03,71.21,2.84
Hyderabad,2025,1,17,4.3867,20.69,62.44,2.93
Hyderabad,2025,1,18,4.6505,20.25,61.65,2.89
Hyderabad,2025,1,19,5.1403,20.78,50.14,2.81
Hyderabad,2025,1,20,5.4756,20.32,44.24,3.1
Hyderabad,2025,1,21,5.6434,21.4,39.94,2.85
Hyderabad,2025,1,22,5.525,22.2,50.8,2.77
Hyderabad,2025,1,23,5.3911,22.11,64.0,3.42
Hyderabad,2025,1,24,5.4034,22.31,64.7,3.13
Hyderabad,2025,1,25,5.4912,22.68,54.93,2.59
Hyderabad,2025,1,26,5.4305,23.54,45.31,2.61
Hyderabad,2025,1,27,5.3998,23.39,44.12,2.1
Hyderabad,2025,1,28,5.2654,23.15,51.81,2.59
Hyderabad,2025,1,29,4.8934,22.81,61.83,3.21
Hyderabad,2025,1,30,5.1103,23.0,60.39,2.8
Hyderabad,2025,1,31,5.323,24.0,46.06,2.62
Hyderabad,2025,2,1,5.544,24.02,47.53,2.89
Hyderabad,2025,2,2,5.6849,24.14,48.24,3.18
Hyderabad,2025,2,3,5.9537,24.83,45.59,2.95
Hyderabad,2025,2,4,5.6515,25.81,38.94,2.41
Hyderabad,2025,2,5,5.4682,25.77,40.73,2.55
Hyderabad,2025,2,6,5.1862,25.37,45.62,2.77
Hyderabad,2025,2,7,4.8833,24.98,41.75,3.68
Hyderabad,2025,2,8,4.9531,24.9,36.86,3.46
Hyderabad,2025,2,9,5.4934,25.03,38.68,3.19
Hyderabad,2025,2,10,5.3004,25.01,49.92,2.55
Hyderabad,2025,2,11,5.0369,25.47,45.14,2.37
Hyderabad,2025,2,12,5.1324,26.75,35.89,2.15
Hyderabad,2025,2,13,5.9333,25.88,25.59,3.06
Hyderabad,2025,2,14,6.3358,24.15,22.06,3.85
Hyderabad,2025,2,15,6.4805,24.85,20.55,3.78
Hyderabad,2025,2,16,6.3977,25.37,25.48,2.48
Hyderabad,2025,2,17,6.0898,25.99,37.09,2.54
Hyderabad,2025,2,18,6.0118,26.97,37.56,2.33
Hyderabad,2025,2,19,5.838,27.22,38.75,2.26
Hyderabad,2025,2,20,5.2145,27.04,44.27,1.93
Hyderabad,2025,2,21,5.5735,27.17,43.68,1.77
Hyderabad,2025,2,22,5.9568,27.29,30.64,2.47
Hyderabad,2025,2,23,6.2431,25.95,25.61,3.91
Hyderabad,2025,2,24,6.565,25.19,27.34,3.37
Hyderabad,2025,2,25,6.1186,25.3,46.89,3.07
Hyderabad,2025,2,26,5.8234,25.91,39.07,3.18
Hyderabad,2025,2,27,6.1147,25.91,43.94,3.08
Hyderabad,2025,2,28,6.0626,26.25,47.99,3.23
Hyderabad,2025,3,1,6.1788,26.95,43.36,3.05
Hyderabad,2025,3,2,6.1975,28.17,35.62,2.69
Hyderabad,2025,3,3,6.1387,28.97,28.97,3.08
Hyderabad,2025,3,4,5.713,29.57,22.18,3.29
Hyderabad,2025,3,5,6.8126,27.28,18.4,4.91
Hyderabad,2025,3,6,7.4146,24.73,8.07,4.8
Hyderabad,2025,3,7,7.2058,25.32,10.92,3.65
Hyderabad,2025,3,8,6.9182,27.74,11.92,2.6
Hyderabad,2025,3,9,6.4061,26.96,38.42,3.69
Hyderabad,2025,3,10,6.1675,26.9,49.06,3.97
Hyderabad,2025,3,11,6.3878,27.16,42.94,3.16
Hyderabad,2025,3,12,6.6144,28.8,33.81,2.54
Hyderabad,2025,3,13,6.0991,30.2,30.4,2.17
Hyderabad,2025,3,14,6.1877,30.55,27.89,2.31
Hyderabad,2025,3,15,6.4622,30.54,32.57,3.55
Hyderabad,2025,3,16,6.8011,30.42,30.21,4.34
Hyderabad,2025,3,17,6.7274,30.58,23.71,3.3
Hyderabad,2025,3,18,6.7212,30.76,31.15,3.48
Hyderabad,2025,3,19,7.0027,29.77,38.82,4.88
Hyderabad,2025,3,20,7.1318,28.69,47.63,4.73
Hyderabad,2025,3,21,6.3703,28.89,51.73,2.64
Hyderabad,2025,3,22,5.8454,27.96,60.64,3.4
Hyderabad,2025,3,23,5.6546,28.04,60.61,2.7
Hyderabad,2025,3,24,6.3228,28.62,53.17,2.53
Hyderabad,2025,3,25,6.5539,28.91,41.97,2.24
Hyderabad,2025,3,26,6.5426,29.36,33.1,2.42
Hyderabad,2025,3,27,6.1843,30.26,29.43,2.74
Hyderabad,2025,3,28,5.9369,31.05,24.25,2.26
Hyderabad,2025,3,29,5.3498,31.52,23.6,2.4
Hyderabad,2025,3,30,5.3647,31.42,27.53,2.95
Hyderabad,2025,3,31,5.4247,30.7,32.42,3.48
Hyderabad,2025,4,1,6.1848,29.17,46.82,4.33
Hyderabad,2025,4,2,6.3264,28.22,45.57,3.5
Hyderabad,2025,4,3,4.1683,28.66,54.61,2.49
Hyderabad,2025,4,4,6.5374,28.5,58.09,1.97
Hyderabad,2025,4,5,6.5208,30.07,48.32,2.25
Hyderabad,2025,4,6,6.5515,30.6,41.27,2.63
Hyderabad,2025,4,7,6.7692,30.66,39.78,3.06
Hyderabad,2025,4,8,6.9228,30.49,44.54,4.07
Hyderabad,2025,4,9,6.9442,30.31,46.43,3.52
Hyderabad,2025,4,10,5.9638,30.72,42.64,3.22
Hyderabad,2025,4,11,6.7939,31.05,32.38,3.61
Hyderabad,2025,4,12,6.798,31.52,26.68,4.28
Hyderabad,2025,4,13,6.7649,31.98,26.72,2.09
Hyderabad,2025,4,14,6.5971,31.74,34.59,2.46
Hyderabad,2025,4,15,6.3058,32.09,35.58,3.18
Hyderabad,2025,4,16,6.4034,31.0,48.07,4.36
Hyderabad,2025,4,17,6.3247,31.82,47.18,3.57
Hyderabad,2025,4,18,5.5603,31.15,53.67,2.97
Hyderabad,2025,4,19,5.567,30.83,57.11,2.84
Hyderabad,2025,4,20,6.1034,32.04,48.9,2.68
Hyderabad,2025,4,21,5.8231,32.26,47.73,3.09
Hyderabad,2025,4,22,6.0655,33.17,40.69,2.81
Hyderabad,2025,4,23,6.4951,33.49,35.7,2.95
Hyderabad,2025,4,24,6.3214,33.72,28.85,3.44
Hyderabad,2025,4,25,6.689,33.89,37.16,3.24
Hyderabad,2025,4,26,5.8274,34.18,33.86,2.68
Hyderabad,2025,4,27,4.6997,32.04,39.65,3.75
Hyderabad,2025,4,28,7.0075,32.3,39.26,3.05
Hyderabad,2025,4,29,6.3634,33.07,38.06,3.21
Hyderabad,2025,4,30,6.8206,33.94,34.33,3.68
Hyderabad,2025,5,1,6.7795,33.11,41.32,4.01
Hyderabad,2025,5,2,6.4884,33.17,42.54,3.79
Hyderabad,2025,5,3,6.5172,33.76,37.41,3.67
Hyderabad,2025,5,4,6.2676,33.69,33.05,3.37
Hyderabad,2025,5,5,7.1717,32.81,39.36,3.11
Hyderabad,2025,5,6,6.9038,31.41,44.5,2.78
Hyderabad,2025,5,7,6.8981,31.3,37.47,2.5
Hyderabad,2025,5,8,5.5978,31.17,41.28,2.46
Hyderabad,2025,5,9,6.7615,31.55,45.61,2.49
Hyderabad,2025,5,10,6.1598,32.03,44.69,2.16
Hyderabad,2025,5,11,6.2215,33.85,37.07,2.03
Hyderabad,2025,5,12,6.1622,34.44,31.48,2.17
Hyderabad,2025,5,13,5.6182,34.67,32.06,1.5
Hyderabad,2025,5,14,5.7941,33.54,41.61,2.3
Hyderabad,2025,5,15,5.1754,30.69,58.82,2.07
Hyderabad,2025,5,16,5.1386,30.68,60.36,1.51
Hyderabad,2025,5,17,5.2982,31.38,53.93,2.85
Hyderabad,2025,5,18,5.3047,29.09,64.11,2.64
Hyderabad,2025,5,19,5.3222,29.2,61.74,3.36
Hyderabad,2025,5,20,5.5634,29.14,67.13,3.32
Hyderabad,2025,5,21,2.9635,27.91,76.9,3.22
Hyderabad,2025,5,22,5.0215,26.8,78.48,1.42
Hyderabad,2025,5,23,5.6501,28.16,73.21,4.53
Hyderabad,2025,5,24,4.5331,27.74,73.98,5.12
Hyderabad,2025,5,25,4.8394,27.83,72.88,4.89
Hyderabad,2025,5,26,3.2592,27.25,74.53,3.02
Hyderabad,2025,5,27,4.8079,26.71,80.44,3.62
Hyderabad,2025,5,28,3.329,26.21,84.22,5.1
Hyderabad,2025,5,29,3.1234,26.74,80.67,5.19
Hyderabad,2025,5,30,5.1053,27.44,76.59,4.82
Hyderabad,2025,5,31,6.4082,28.58,65.23,7.21
Hyderabad,2025,6,1,6.8573,28.88,61.05,6.82
Hyderabad,2025,6,2,5.6381,28.57,64.03,6.36
Hyderabad,2025,6,3,5.7014,28.56,64.08,5.71
Hyderabad,2025,6,4,6.8446,29.08,58.9,5.39
Hyderabad,2025,6,5,5.6513,29.24,60.4,2.83
Hyderabad,2025,6,6,6.451,30.77,55.29,1.36
Hyderabad,2025,6,7,5.9045,30.68,57.22,2.84
Hyderabad,2025,6,8,5.7137,29.92,60.54,5.22
Hyderabad,2025,6,9,2.753,29.61,63.15,6.34
Hyderabad,2025,6,10,2.7725,29.74,64.62,6.51
Hyderabad,2025,6,11,4.0939,27.37,75.77,4.45
Hyderabad,2025,6,12,4.1621,26.52,82.8,2.8
Hyderabad,2025,6,13,4.4033,28.07,72.93,3.34
Hyderabad,2025,6,14,4.6562,28.31,72.69,2.82
Hyderabad,2025,6,15,3.6566,27.62,73.09,4.66
Hyderabad,2025,6,16,4.1962,26.37,74.8,6.73
Hyderabad,2025,6,17,5.5843,27.86,68.05,6.75
Hyderabad,2025,6,18,5.5118,28.98,62.94,7.72
Hyderabad,2025,6,19,4.4299,28.6,64.57,8.44
Hyderabad,2025,6,20,5.4283,28.4,65.89,7.34
Hyderabad,2025,6,21,6.3,28.8,65.13,7.29
Hyderabad,2025,6,22,5.628,28.0,65.37,7.16
Hyderabad,2025,6,23,3.5899,27.66,65.7,8.35
Hyderabad,2025,6,24,3.0734,26.99,70.88,8.29
Hyderabad,2025,6,25,4.2,25.9,78.15,7.0
Hyderabad,2025,6,26,4.0282,25.83,78.03,6.27
Hyderabad,2025,6,27,5.473,27.32,70.17,6.44
Hyderabad,2025,6,28,5.3534,28.1,65.65,6.95
Hyderabad,2025,6,29,4.5874,26.19,75.07,6.95
Hyderabad,2025,6,30,3.2606,25.3,79.09,7.5
Hyderabad,2025,7,1,2.7377,25.21,79.92,8.07
Hyderabad,2025,7,2,1.9265,25.73,78.44,7.34
Hyderabad,2025,7,3,4.1273,26.06,76.17,6.79
Hyderabad,2025,7,4,4.3855,26.55,74.3,7.49
Hyderabad,2025,7,5,4.8406,26.73,73.0,8.35
Hyderabad,2025,7,6,4.6322,26.82,72.21,8.22
Hyderabad,2025,7,7,3.4697,26.16,73.67,8.46
Hyderabad,2025,7,8,4.1191,26.45,72.16,7.91
Hyderabad,2025,7,9,4.6063,26.98,71.06,6.59
Hyderabad,2025,7,10,5.0201,27.16,70.57,5.1
Hyderabad,2025,7,11,5.0417,27.39,70.87,4.38
Hyderabad,2025,7,12,5.3856,28.12,67.29,5.39
Hyderabad,2025,7,13,5.5262,27.71,67.78,5.77
Hyderabad,2025,7,14,5.7869,28.55,64.59,5.87
Hyderabad,2025,7,15,4.9135,27.96,68.2,5.49
Hyderabad,2025,7,16,5.1372,27.99,70.06,4.8
Hyderabad,2025,7,17,4.5982,28.03,73.39,1.09
Hyderabad,2025,7,18,4.3759,26.55,83.05,1.02
Hyderabad,2025,7,19,4.5746,26.26,81.25,3.18
Hyderabad,2025,7,20,4.7918,26.29,76.08,3.84
Hyderabad,2025,7,21,3.7903,26.41,81.88,4.36
Hyderabad,2025,7,22,4.1206,26.2,83.74,5.67
Hyderabad,2025,7,23,2.3671,25.48,83.9,6.3
Hyderabad,2025,7,24,2.1962,24.69,85.39,6.82
Hyderabad,2025,7,25,2.9407,24.77,87.15,7.21
Hyderabad,2025,7,26,1.4702,24.61,85.76,8.38
Hyderabad,2025,7,27,4.9718,25.87,76.68,8.02
Hyderabad,2025,7,28,4.7772,26.06,74.62,8.12
Hyderabad,2025,7,29,4.6992,25.79,74.31,8.61
Hyderabad,2025,7,30,3.8906,25.69,78.4,6.67
Hyderabad,2025,7,31,4.7839,26.54,76.5,5.7
Hyderabad,2025,8,1,5.2445,26.67,75.5,5.04
Hyderabad,2025,8,2,5.4809,26.89,75.76,3.86
Hyderabad,2025,8,3,5.3114,26.62,79.05,2.34
Hyderabad,2025,8,4,4.8319,26.57,82.81,2.01
Hyderabad,2025,8,5,4.7246,26.77,84.08,1.26
Hyderabad,2025,8,6,5.711,26.18,83.3,1.85
Hyderabad,2025,8,7,4.4383,25.99,84.54,1.09
Hyderabad,2025,8,8,3.8808,25.32,85.72,2.15
Hyderabad,2025,8,9,4.4402,25.72,81.85,1.59
Hyderabad,2025,8,10,4.0874,24.76,86.57,2.27
Hyderabad,2025,8,11,4.3406,25.39,84.71,4.14
Hyderabad,2025,8,12,4.2533,24.71,87.53,4.79
Hyderabad,2025,8,13,2.5819,24.24,90.8,5.1
Hyderabad,2025,8,14,3.361,24.97,86.93,4.39
Hyderabad,2025,8,15,4.0186,23.97,90.9,4.88
Hyderabad,2025,8,16,2.0342,24.26,91.24,5.44
Hyderabad,2025,8,17,3.5266,25.01,86.96,5.16
Hyderabad,2025,8,18,2.1768,23.76,90.76,7.33
Hyderabad,2025,8,19,2.9988,24.47,88.21,7.22
Hyderabad,2025,8,20,3.6686,24.85,85.14,6.72
Hyderabad,2025,8,21,4.9322,25.33,84.12,5.49
Hyderabad,2025,8,22,5.3107,24.91,84.84,5.32
Hyderabad,2025,8,23,5.5073,24.96,83.59,6.05
Hyderabad,2025,8,24,4.7861,24.77,82.77,6.31
Hyderabad,2025,8,25,5.7835,24.85,82.4,5.55
Hyderabad,2025,8,26,2.5862,24.34,87.48,5.27
Hyderabad,2025,8,27,0.9823,23.88,92.53,5.78
Hyderabad,2025,8,28,2.1588,24.09,91.28,6.63
Hyderabad,2025,8,29,4.3327,25.12,86.56,4.83
Hyderabad,2025,8,30,4.83,25.42,86.58,3.68
Hyderabad,2025,8,31,4.0841,24.92,88.86,4.44
Hyderabad,2025,9,1,3.3941,25.08,88.08,5.1
Hyderabad,2025,9,2,3.2354,24.3,89.81,5.37
Hyderabad,2025,9,3,5.0472,24.02,90.46,4.2
Hyderabad,2025,9,4,5.5404,24.8,85.34,4.43
Hyderabad,2025,9,5,5.3779,24.85,84.48,4.32
Hyderabad,2025,9,6,5.4953,24.94,85.3,3.23
Hyderabad,2025,9,7,5.7046,24.99,82.07,3.8
Hyderabad,2025,9,8,6.072,24.97,85.43,3.82
Hyderabad,2025,9,9,5.802,24.69,85.98,2.38
Hyderabad,2025,9,10,4.1412,25.05,87.79,2.57
Hyderabad,2025,9,11,2.2769,23.96,92.9,4.72
Hyderabad,2025,9,12,2.7307,23.71,92.65,4.68
Hyderabad,2025,9,13,2.6196,24.48,92.18,4.58
Hyderabad,2025,9,14,4.1362,25.56,89.14,1.95
Hyderabad,2025,9,15,4.0877,24.76,91.44,3.25
Hyderabad,2025,9,16,3.931,25.41,88.06,1.7
Hyderabad,2025,9,17,4.3771,25.38,88.7,1.72
Hyderabad,2025,9,18,5.2457,25.77,87.08,1.84
Hyderabad,2025,9,19,4.6543,25.93,86.04,1.85
Hyderabad,2025,9,20,4.8324,25.61,88.34,2.8
Hyderabad,2025,9,21,4.9994,25.15,92.52,3.05
Hyderabad,2025,9,22,3.809,24.76,91.16,3.62
Hyderabad,2025,9,23,3.63,24.59,89.25,3.44
Hyderabad,2025,9,24,4.1659,24.27,90.63,5.12
Hyderabad,2025,9,25,2.0407,23.5,92.1,6.42
Hyderabad,2025,9,26,2.4751,24.42,91.87,5.22
Hyderabad,2025,9,27,2.1026,24.21,91.28,2.8
Hyderabad,2025,9,28,2.0201,23.88,90.1,4.91
Hyderabad,2025,9,29,5.3854,24.09,87.3,3.93
Hyderabad,2025,9,30,5.3602,23.97,87.74,4.2
Hyderabad,2025,10,1,5.6141,24.49,86.24,4.52
Hyderabad,2025,10,2,3.6451,23.74,89.79,4.56
Hyderabad,2025,10,3,5.3911,24.44,87.49,4.4
Hyderabad,2025,10,4,4.4323,24.07,89.48,3.93
Hyderabad,2025,10,5,3.5731,24.54,89.67,2.8
Hyderabad,2025,10,6,4.89,24.39,89.53,2.15
Hyderabad,2025,10,7,4.9519,24.22,90.09,3.19
Hyderabad,2025,10,8,5.2219,24.41,89.01,2.22
Hyderabad,2025,10,9,4.9454,23.86,89.54,3.0
Hyderabad,2025,10,10,5.4749,23.07,84.87,3.18
Hyderabad,2025,10,11,5.19,22.51,84.85,3.91
Hyderabad,2025,10,12,5.9002,23.01,88.86,3.11
Hyderabad,2025,10,13,3.5333,23.25,91.66,3.36
Hyderabad,2025,10,14,3.6403,24.01,90.12,2.83
Hyderabad,2025,10,15,5.3354,23.89,89.3,3.42
Hyderabad,2025,10,16,5.9998,23.56,87.19,2.81
Hyderabad,2025,10,17,5.273,22.94,88.34,2.84
Hyderabad,2025,10,18,5.2541,22.69,85.57,2.69
Hyderabad,2025,10,19,4.4388,22.69,89.0,2.88
Hyderabad,2025,10,20,4.3596,23.44,88.85,2.25
Hyderabad,2025,10,21,4.5835,23.75,89.66,3.25
Hyderabad,2025,10,22,4.7114,23.95,90.36,3.78
Hyderabad,2025,10,23,4.0078,23.7,90.36,3.65
Hyderabad,2025,10,24,3.0082,23.42,90.92,2.93
Hyderabad,2025,10,25,3.1366,23.74,88.55,2.51
Hyderabad,2025,10,26,4.6135,23.88,87.39,2.62
Hyderabad,2025,10,27,5.0508,23.88,88.61,2.35
Hyderabad,2025,10,28,2.9386,23.44,93.45,5.37
Hyderabad,2025,10,29,0.4987,24.07,93.37,4.93
Hyderabad,2025,10,30,4.2823,24.38,88.18,5.15
Hyderabad,2025,10,31,5.4662,23.38,82.48,3.45
Hyderabad,2025,11,1,4.7386,24.48,84.05,2.33
Hyderabad,2025,11,2,4.1419,25.07,87.11,1.94
Hyderabad,2025,11,3,4.392,24.84,88.04,3.52
Hyderabad,2025,11,4,3.2158,24.22,88.18,3.19
Hyderabad,2025,11,5,4.4009,23.08,87.76,3.26
Hyderabad,2025,11,6,4.4035,22.02,83.18,3.33
Hyderabad,2025,11,7,5.4528,20.83,79.75,3.42
Hyderabad,2025,11,8,5.6381,19.27,78.37,3.14
Hyderabad,2025,11,9,5.5747,18.07,80.07,3.06
Hyderabad,2025,11,10,5.4991,18.27,75.58,2.47
Hyderabad,2025,11,11,5.0806,18.5,75.94,3.04
Hyderabad,2025,11,12,5.3086,18.12,74.97,3.51
Hyderabad,2025,11,13,5.719,16.86,74.42,3.3
Hyderabad,2025,11,14,5.4768,16.67,80.69,3.1
Hyderabad,2025,11,15,5.3599,16.96,78.58,2.64
Hyderabad,2025,11,16,5.3064,16.67,79.53,3.48
Hyderabad,2025,11,17,5.4528,15.37,80.57,3.55
Hyderabad,2025,11,18,5.4401,15.84,80.23,3.02
Hyderabad,2025,11,19,5.4266,16.39,77.48,2.64
Hyderabad,2025,11,20,5.5039,16.93,81.36,2.92
Hyderabad,2025,11,21,4.8024,19.5,84.99,2.4
Hyderabad,2025,11,22,4.7784,20.68,84.92,2.39
Hyderabad,2025,11,23,4.7503,20.75,81.62,2.35
Hyderabad,2025,11,24,4.8934,20.34,81.93,2.62
Hyderabad,2025,11,25,4.5545,20.26,87.45,2.39
Hyderabad,2025,11,26,4.32,19.85,86.85,2.55
Hyderabad,2025,11,27,4.159,19.11,86.06,2.64
Hyderabad,2025,11,28,4.9142,17.29,80.99,3.34
Hyderabad,2025,11,29,3.8964,18.18,81.83,2.8
Hyderabad,2025,11,30,3.5638,18.84,87.9,3.43
Hyderabad,2025,12,1,4.5002,19.68,86.24,2.78
Hyderabad,2025,12,2,4.3634,19.56,85.91,2.77
Hyderabad,2025,12,3,3.7822,19.85,84.8,2.82
Hyderabad,2025,12,4,3.8237,20.42,88.13,2.8
Hyderabad,2025,12,5,4.2341,18.36,81.76,3.18
Hyderabad,2025,12,6,4.6344,16.83,84.03,2.9
Hyderabad,2025,12,7,4.74,17.37,75.51,2.83
Hyderabad,2025,12,8,4.6718,16.58,74.41,3.1
Hyderabad,2025,12,9,5.3621,15.79,71.77,3.59
Hyderabad,2025,12,10,5.2337,15.57,70.3,3.86
Hyderabad,2025,12,11,5.3446,15.3,66.99,3.3
Hyderabad,2025,12,12,5.3162,16.46,66.27,2.61
Hyderabad,2025,12,13,5.1079,17.97,63.73,1.85
Hyderabad,2025,12,14,4.8307,17.91,71.02,1.69
Hyderabad,2025,12,15,4.6958,17.37,73.74,2.13
Hyderabad,2025,12,16,4.7107,17.88,73.82,2.15
Hyderabad,2025,12,17,4.5454,17.57,76.82,2.73
Hyderabad,2025,12,18,5.0938,16.33,72.74,3.54
Hyderabad,2025,12,19,5.1535,15.49,68.91,3.71
Hyderabad,2025,12,20,4.8281,15.78,70.5,3.12
Hyderabad,2025,12,21,4.5022,17.35,74.44,2.39
Hyderabad,2025,12,22,4.6267,18.03,76.01,2.08
Hyderabad,2025,12,23,4.3589,17.02,73.09,2.76
Hyderabad,2025,12,24,4.3219,16.24,75.74,2.87
Hyderabad,2025,12,25,4.7398,17.25,67.51,1.85
Hyderabad,2025,12,26,4.567,17.46,71.14,1.98
Hyderabad,2025,12,27,4.6438,17.78,71.11,1.43
Hyderabad,2025,12,28,4.668,17.21,70.27,1.96
Hyderabad,2025,12,29,4.8847,17.61,65.76,2.01
Hyderabad,2025,12,30,4.9457,18.8,61.25,1.13
Hyderabad,2025,12,31,4.1177,19.01,68.81,1.62
Kolkata,2018,1,1,3.4733,16.9,78.55,2.37
Kolkata,2018,1,2,3.8194,16.32,77.15,2.93
Kolkata,2018,1,3,3.7968,15.42,69.96,3.05
Kolkata,2018,1,4,3.805,13.68,71.46,3.06
Kolkata,2018,1,5,3.679,13.66,67.68,2.66
Kolkata,2018,1,6,4.1422,14.19,64.23,2.53
Kolkata,2018,1,7,4.3231,14.22,60.22,2.52
Kolkata,2018,1,8,3.9326,14.07,60.71,2.11
Kolkata,2018,1,9,4.0942,13.21,65.15,2.64
Kolkata,2018,1,10,4.2101,13.37,64.57,2.44
Kolkata,2018,1,11,3.4786,13.42,67.1,2.26
Kolkata,2018,1,12,3.3406,14.46,69.86,1.53
Kolkata,2018,1,13,3.0218,14.91,70.7,1.73
Kolkata,2018,1,14,2.741,14.42,70.95,2.5
Kolkata,2018,1,15,3.2988,14.66,63.37,2.54
Kolkata,2018,1,16,3.8184,15.4,64.84,2.61
Kolkata,2018,1,17,3.6598,15.73,62.28,2.23
Kolkata,2018,1,18,4.031,15.08,60.51,2.46
Kolkata,2018,1,19,4.3183,14.94,57.98,2.39
Kolkata,2018,1,20,4.236,16.53,61.19,2.04
Kolkata,2018,1,21,4.1762,16.75,65.26,2.12
Kolkata,2018,1,22,4.4105,16.43,61.36,2.26
Kolkata,2018,1,23,4.379,17.17,59.84,1.66
Kolkata,2018,1,24,4.0534,18.42,75.86,2.38
Kolkata,2018,1,25,3.5746,18.13,69.3,2.73
Kolkata,2018,1,26,4.1614,17.77,64.08,2.2
Kolkata,2018,1,27,3.6317,16.86,59.48,2.36
Kolkata,2018,1,28,4.4412,16.81,54.87,1.88
Kolkata,2018,1,29,4.6714,17.1,55.72,2.06
Kolkata,2018,1,30,4.6673,17.41,56.96,2.38
Kolkata,2018,1,31,4.8456,17.24,65.43,2.57
Kolkata,2018,2,1,3.8323,18.15,64.22,1.87
Kolkata,2018,2,2,4.1045,19.34,62.74,1.87
Kolkata,2018,2,3,4.0644,19.61,66.88,2.01
Kolkata,2018,2,4,4.5521,20.58,72.24,2.66
Kolkata,2018,2,5,3.9214,21.6,74.18,1.47
Kolkata,2018,2,6,4.1834,20.72,71.6,2.47
Kolkata,2018,2,7,4.7225,21.22,68.93,2.45
Kolkata,2018,2,8,3.1958,21.46,58.67,2.39
Kolkata,2018,2,9,3.8299,21.69,66.6,2.25
Kolkata,2018,2,10,3.5364,21.03,67.02,2.68
Kolkata,2018,2,11,3.7195,19.02,57.12,2.05
Kolkata,2018,2,12,5.2063,19.55,53.64,2.84
Kolkata,2018,2,13,4.3421,19.43,60.9,3.07
Kolkata,2018,2,14,4.7717,21.12,69.52,3.13
Kolkata,2018,2,15,5.1708,19.98,60.86,2.83
Kolkata,2018,2,16,5.5678,19.7,53.05,2.81
Kolkata,2018,2,17,5.1118,20.74,57.55,2.38
Kolkata,2018,2,18,5.0458,21.8,61.38,2.38
Kolkata,2018,2,19,4.8144,21.78,70.48,2.53
Kolkata,2018,2,20,4.2804,23.17,68.9,1.99
Kolkata,2018,2,21,4.6517,23.31,63.62,1.86
Kolkata,2018,2,22,4.7676,23.08,55.3,2.19
Kolkata,2018,2,23,5.1262,23.62,64.49,3.09
Kolkata,2018,2,24,5.2925,24.7,63.75,2.68
Kolkata,2018,2,25,5.1142,24.81,63.05,2.64
Kolkata,2018,2,26,4.5662,25.1,61.05,2.26
Kolkata,2018,2,27,4.8876,24.79,53.18,2.3
Kolkata,2018,2,28,4.6459,24.05,51.73,2.32
Kolkata,2018,3,1,4.8742,24.61,53.9,2.66
Kolkata,2018,3,2,5.2781,25.02,63.97,3.06
Kolkata,2018,3,3,5.5092,26.76,60.83,3.31
Kolkata,2018,3,4,5.5699,26.87,59.28,2.47
Kolkata,2018,3,5,4.9558,26.25,57.11,2.83
Kolkata,2018,3,6,4.8199,25.96,48.73,2.78
Kolkata,2018,3,7,5.9882,25.97,43.44,2.72
Kolkata,2018,3,8,5.9885,24.97,35.05,2.57
Kolkata,2018,3,9,5.5054,25.16,36.89,2.84
Kolkata,2018,3,10,6.1937,25.41,42.11,2.98
Kolkata,2018,3,11,6.0535,25.49,54.13,3.2
Kolkata,2018,3,12,4.9452,26.52,61.56,3.37
Kolkata,2018,3,13,5.4691,28.17,52.78,2.54
Kolkata,2018,3,14,6.0893,26.97,49.65,2.67
Kolkata,2018,3,15,5.3136,27.86,57.18,2.58
Kolkata,2018,3,16,2.2498,28.51,62.08,3.11
Kolkata,2018,3,17,5.5334,28.41,52.52,3.89
Kolkata,2018,3,18,5.7422,28.64,52.54,2.09
Kolkata,2018,3,19,5.8066,27.53,45.96,2.69
Kolkata,2018,3,20,6.0374,26.79,44.99,2.48
Kolkata,2018,3,21,6.0096,27.51,50.19,2.24
Kolkata,2018,3,22,5.1881,28.42,60.94,3.18
Kolkata,2018,3,23,4.4009,29.44,62.18,3.68
Kolkata,2018,3,24,4.6385,29.54,64.8,2.69
Kolkata,2018,3,25,4.5874,29.7,59.54,2.32
Kolkata,2018,3,26,4.001,29.46,62.7,2.68
Kolkata,2018,3,27,5.0966,29.98,54.11,2.74
Kolkata,2018,3,28,5.7823,29.52,59.27,2.92
Kolkata,2018,3,29,5.4826,29.44,65.68,4.2
Kolkata,2018,3,30,4.8782,29.8,64.69,4.48
Kolkata,2018,3,31,4.147,28.82,68.25,3.68
Kolkata,2018,4,1,4.8506,28.29,70.31,2.15
Kolkata,2018,4,2,3.3029,26.06,69.71,2.05
Kolkata,2018,4,3,6.1222,27.51,62.12,2.52
Kolkata,2018,4,4,6.1246,28.18,65.69,3.18
Kolkata,2018,4,5,6.0734,28.18,70.69,3.87
Kolkata,2018,4,6,5.2428,28.74,70.03,3.7
Kolkata,2018,4,7,4.2737,26.81,82.69,1.9
Kolkata,2018,4,8,5.8536,26.62,78.28,2.56
Kolkata,2018,4,9,5.6064,27.88,70.92,3.27
Kolkata,2018,4,10,5.7506,28.29,67.94,3.4
Kolkata,2018,4,11,6.0569,29.12,66.57,3.84
Kolkata,2018,4,12,5.4828,29.19,67.59,3.57
Kolkata,2018,4,13,6.217,29.26,66.49,3.41
Kolkata,2018,4,14,6.2453,30.48,63.52,3.54
Kolkata,2018,4,15,6.5647,29.92,58.44,3.54
Kolkata,2018,4,16,6.8059,30.45,62.97,3.12
Kolkata,2018,4,17,6.4409,31.33,63.68,4.28
Kolkata,2018,4,18,5.4852,30.44,66.39,3.98
Kolkata,2018,4,19,6.7438,31.09,65.86,4.44
Kolkata,2018,4,20,6.5724,31.24,67.59,5.1
Kolkata,2018,4,21,5.7175,31.37,69.02,5.8
Kolkata,2018,4,22,4.608,30.9,70.61,4.48
Kolkata,2018,4,23,5.8529,31.38,64.69,2.96
Kolkata,2018,4,24,6.3101,31.34,59.8,2.88
Kolkata,2018,4,25,6.3413,31.05,61.67,3.97
Kolkata,2018,4,26,5.6378,30.42,66.91,4.39
Kolkata,2018,4,27,6.6283,29.33,68.73,3.05
Kolkata,2018,4,28,5.0004,29.95,63.83,4.05
Kolkata,2018,4,29,6.1718,30.17,67.43,5.38
Kolkata,2018,4,30,4.5739,29.88,70.34,4.58
Kolkata,2018,5,1,5.359,29.4,70.79,2.88
Kolkata,2018,5,2,5.7125,29.55,71.26,3.04
Kolkata,2018,5,3,6.2491,29.34,67.59,1.66
Kolkata,2018,5,4,5.8889,30.19,65.3,4.17
Kolkata,2018,5,5,6.4356,30.79,69.65,5.98
Kolkata,2018,5,6,5.855,31.54,68.45,6.86
Kolkata,2018,5,7,4.9481,32.27,65.69,5.56
Kolkata,2018,5,8,6.2285,32.83,64.82,5.68
Kolkata,2018,5,9,5.5925,32.89,63.27,4.62
Kolkata,2018,5,10,4.4239,32.23,62.39,4.24
Kolkata,2018,5,11,6.0674,31.7,64.47,4.09
Kolkata,2018,5,12,5.9707,31.27,64.24,3.69
Kolkata,2018,5,13,4.8698,30.35,72.17,3.77
Kolkata,2018,5,14,5.9988,29.58,72.39,2.47
Kolkata,2018,5,15,6.4706,30.27,63.38,4.11
Kolkata,2018,5,16,3.5818,29.2,74.08,5.05
Kolkata,2018,5,17,6.1942,29.92,72.57,2.43
Kolkata,2018,5,18,4.8146,31.15,69.06,3.52
Kolkata,2018,5,19,6.7464,31.42,68.29,3.62
Kolkata,2018,5,20,4.4518,31.25,67.77,4.7
Kolkata,2018,5,21,5.6095,31.39,67.91,4.74
Kolkata,2018,5,22,4.453,30.58,72.41,5.25
Kolkata,2018,5,23,3.5858,29.09,79.63,5.23
Kolkata,2018,5,24,4.9721,29.61,75.92,6.08
Kolkata,2018,5,25,5.1425,30.23,75.12,5.96
Kolkata,2018,5,26,5.9292,30.5,73.9,5.36
Kolkata,2018,5,27,6.8194,30.54,74.48,4.88
Kolkata,2018,5,28,5.6386,31.01,70.61,4.65
Kolkata,2018,5,29,5.7103,31.53,65.19,4.03
Kolkata,2018,5,30,5.5906,31.66,64.21,3.35
Kolkata,2018,5,31,4.5557,31.27,72.18,4.33
Kolkata,2018,6,1,3.2035,28.95,83.27,3.39
Kolkata,2018,6,2,5.4895,28.95,82.0,3.44
Kolkata,2018,6,3,5.1154,29.85,78.97,3.2
Kolkata,2018,6,4,4.5703,29.77,80.14,2.89
Kolkata,2018,6,5,4.6776,29.09,81.26,3.07
Kolkata,2018,6,6,5.591,29.89,76.41,2.37
Kolkata,2018,6,7,6.3341,30.21,76.83,2.74
Kolkata,2018,6,8,6.1193,29.87,79.72,1.71
Kolkata,2018,6,9,4.1405,29.62,80.01,1.7
Kolkata,2018,6,10,3.8131,28.98,82.81,3.43
Kolkata,2018,6,11,3.2966,30.51,79.58,4.26
Kolkata,2018,6,12,4.3166,29.52,85.69,4.6
Kolkata,2018,6,13,5.8188,30.67,77.29,5.26
Kolkata,2018,6,14,5.6621,30.96,76.75,5.3
Kolkata,2018,6,15,6.3941,32.47,68.54,4.6
Kolkata,2018,6,16,6.0336,32.4,66.87,3.47
Kolkata,2018,6,17,4.0793,30.7,71.57,4.5
Kolkata,2018,6,18,6.4752,32.19,70.79,3.22
Kolkata,2018,6,19,5.1314,31.7,71.4,2.59
Kolkata,2018,6,20,3.3509,30.23,83.37,3.53
Kolkata,2018,6,21,3.6362,29.32,82.26,3.89
Kolkata,2018,6,22,5.088,29.27,80.83,3.71
Kolkata,2018,6,23,2.7199,28.92,84.8,4.68
Kolkata,2018,6,24,1.2672,28.92,84.68,4.95
Kolkata,2018,6,25,0.5117,28.68,88.31,4.46
Kolkata,2018,6,26,3.0293,27.83,87.37,2.77
Kolkata,2018,6,27,4.1746,28.0,88.06,3.69
Kolkata,2018,6,28,5.5042,28.03,86.07,4.51
Kolkata,2018,6,29,4.8898,28.85,81.61,3.73
Kolkata,2018,6,30,5.502,29.29,81.1,5.12
Kolkata,2018,7,1,4.9877,29.17,83.66,5.08
Kolkata,2018,7,2,4.9063,29.12,83.79,4.85
Kolkata,2018,7,3,2.4355,28.52,86.24,5.37
Kolkata,2018,7,4,2.9774,28.04,89.18,5.11
Kolkata,2018,7,5,2.0592,29.39,81.17,3.3
Kolkata,2018,7,6,4.9877,30.04,80.45,2.17
Kolkata,2018,7,7,5.8322,29.9,82.79,2.83
Kolkata,2018,7,8,5.1758,29.02,85.2,3.13
Kolkata,2018,7,9,4.7309,29.52,83.83,4.05
Kolkata,2018,7,10,4.5377,29.4,86.12,3.38
Kolkata,2018,7,11,5.6347,29.31,84.79,2.85
Kolkata,2018,7,12,5.3136,29.06,85.79,2.78
Kolkata,2018,7,13,4.6248,29.02,87.49,2.75
Kolkata,2018,7,14,5.094,29.17,86.98,3.55
Kolkata,2018,7,15,5.3784,29.08,86.69,4.72
Kolkata,2018,7,16,4.9382,29.24,84.72,4.55
Kolkata,2018,7,17,4.4566,29.5,84.1,6.25
Kolkata,2018,7,18,5.2798,30.0,84.17,2.54
Kolkata,2018,7,19,6.6106,30.44,83.04,2.6
Kolkata,2018,7,20,5.0606,30.0,86.13,2.48
Kolkata,2018,7,21,3.1313,29.29,86.9,5.37
Kolkata,2018,7,22,2.5735,28.87,88.41,6.95
Kolkata,2018,7,23,2.7953,28.92,85.02,5.28
Kolkata,2018,7,24,3.2381,28.67,87.21,3.39
Kolkata,2018,7,25,2.076,28.11,89.18,4.27
Kolkata,2018,7,26,1.3486,27.76,90.41,4.01
Kolkata,2018,7,27,3.0787,27.58,89.09,4.55
Kolkata,2018,7,28,3.5227,28.33,88.07,3.68
Kolkata,2018,7,29,2.9258,28.26,88.8,4.33
Kolkata,2018,7,30,4.2624,28.58,87.77,4.66
Kolkata,2018,7,31,2.8795,28.42,87.26,3.42
Kolkata,2018,8,1,1.7021,27.76,87.51,5.35
Kolkata,2018,8,2,3.1253,27.68,86.14,4.53
Kolkata,2018,8,3,3.4171,28.49,86.12,3.51
Kolkata,2018,8,4,4.9246,28.93,84.27,3.09
Kolkata,2018,8,5,3.3238,28.49,89.78,2.76
Kolkata,2018,8,6,3.401,28.06,92.86,2.65
Kolkata,2018,8,7,4.4563,28.19,89.83,4.76
Kolkata,2018,8,8,5.1823,28.23,87.61,4.85
Kolkata,2018,8,9,4.8173,28.3,86.5,3.11
Kolkata,2018,8,10,5.4926,28.78,86.46,2.76
Kolkata,2018,8,11,5.6873,28.62,89.61,2.9
Kolkata,2018,8,12,4.8166,28.76,87.44,2.51
Kolkata,2018,8,13,4.6601,29.19,85.75,2.08
Kolkata,2018,8,14,4.7038,28.93,88.99,2.68
Kolkata,2018,8,15,4.08,28.75,89.61,5.58
Kolkata,2018,8,16,4.8727,28.59,88.04,4.63
Kolkata,2018,8,17,5.0772,28.55,87.01,2.52
Kolkata,2018,8,18,5.5536,28.78,87.21,1.85
Kolkata,2018,8,19,1.2043,28.4,89.56,2.24
Kolkata,2018,8,20,4.2379,28.23,90.36,4.0
Kolkata,2018,8,21,3.6902,28.42,89.02,3.51
Kolkata,2018,8,22,4.535,28.76,88.59,2.99
Kolkata,2018,8,23,5.383,28.23,88.15,3.0
Kolkata,2018,8,24,3.4212,28.26,92.63,2.34
Kolkata,2018,8,25,4.369,28.79,88.0,2.34
Kolkata,2018,8,26,5.2375,28.32,89.12,3.19
Kolkata,2018,8,27,4.2036,28.28,91.41,4.77
Kolkata,2018,8,28,4.608,28.45,89.37,3.69
Kolkata,2018,8,29,4.8653,28.41,86.87,2.84
Kolkata,2018,8,30,4.3464,28.31,87.78,3.16
Kolkata,2018,8,31,3.0406,28.79,88.71,2.06
Kolkata,2018,9,1,4.8144,27.78,90.8,2.96
Kolkata,2018,9,2,2.0621,27.39,92.06,3.72
Kolkata,2018,9,3,4.0656,27.96,88.38,3.45
Kolkata,2018,9,4,3.6994,27.39,91.48,2.3
Kolkata,2018,9,5,4.3615,27.89,87.87,1.72
Kolkata,2018,9,6,3.1145,27.13,92.23,6.02
Kolkata,2018,9,7,4.5353,27.81,88.9,4.83
Kolkata,2018,9,8,5.3849,28.11,86.6,2.94
Kolkata,2018,9,9,5.8783,27.96,87.68,2.96
Kolkata,2018,9,10,5.3683,28.23,88.09,3.78
Kolkata,2018,9,11,3.4805,27.9,89.8,2.31
Kolkata,2018,9,12,4.0654,27.71,89.52,2.66
Kolkata,2018,9,13,4.3795,28.38,87.52,2.77
Kolkata,2018,9,14,4.3296,28.65,84.17,1.68
Kolkata,2018,9,15,4.5588,28.77,83.72,1.34
Kolkata,2018,9,16,4.8828,27.92,88.07,1.9
Kolkata,2018,9,17,5.8171,28.94,83.09,2.14
Kolkata,2018,9,18,5.8987,28.64,83.35,2.45
Kolkata,2018,9,19,5.2198,28.31,85.86,2.34
Kolkata,2018,9,20,2.3023,27.46,93.72,5.18
Kolkata,2018,9,21,2.125,27.08,92.33,5.14
Kolkata,2018,9,22,4.0711,26.76,89.72,2.54
Kolkata,2018,9,23,5.8032,27.43,84.88,2.28
Kolkata,2018,9,24,5.5656,27.88,87.32,2.79
Kolkata,2018,9,25,4.4832,27.86,89.69,2.1
Kolkata,2018,9,26,3.9115,28.53,82.81,1.39
Kolkata,2018,9,27,4.0306,28.2,85.83,1.74
Kolkata,2018,9,28,4.9795,28.32,84.28,1.51
Kolkata,2018,9,29,4.9774,28.74,83.49,1.89
Kolkata,2018,9,30,5.3767,28.31,80.58,2.07
Kolkata,2018,10,1,5.8042,27.84,76.56,1.98
Kolkata,2018,10,2,5.6107,27.76,81.61,2.55
Kolkata,2018,10,3,5.5862,27.92,78.6,2.15
Kolkata,2018,10,4,5.4266,28.07,75.36,1.9
Kolkata,2018,10,5,5.2572,27.77,75.61,1.71
Kolkata,2018,10,6,5.1804,28.24,72.28,1.32
Kolkata,2018,10,7,5.1206,27.93,68.29,1.24
Kolkata,2018,10,8,5.2697,27.91,70.56,1.27
Kolkata,2018,10,9,4.5096,27.19,74.03,2.06
Kolkata,2018,10,10,2.7274,25.5,91.25,3.75
Kolkata,2018,10,11,3.0077,25.74,92.35,3.59
Kolkata,2018,10,12,0.9206,25.73,90.08,3.55
Kolkata,2018,10,13,2.4283,25.87,92.53,5.72
Kolkata,2018,10,14,4.6512,25.26,82.71,3.06
Kolkata,2018,10,15,5.0242,26.0,75.45,1.95
Kolkata,2018,10,16,5.2169,25.26,71.79,1.74
Kolkata,2018,10,17,4.8958,24.71,69.52,1.56
Kolkata,2018,10,18,4.8554,25.37,81.1,2.32
Kolkata,2018,10,19,4.5869,27.07,73.85,1.33
Kolkata,2018,10,20,4.703,26.72,72.37,1.47
Kolkata,2018,10,21,4.7287,26.07,70.52,1.85
Kolkata,2018,10,22,4.7947,25.72,70.62,1.66
Kolkata,2018,10,23,4.62,25.73,71.81,1.69
Kolkata,2018,10,24,3.9334,25.2,76.25,1.88
Kolkata,2018,10,25,5.202,23.62,64.2,2.2
Kolkata,2018,10,26,4.9354,24.05,61.44,1.63
Kolkata,2018,10,27,4.9661,24.42,62.15,1.27
Kolkata,2018,10,28,2.9551,24.16,74.32,1.76
Kolkata,2018,10,29,2.0952,23.45,89.29,2.32
Kolkata,2018,10,30,2.0798,22.82,93.13,4.9
Kolkata,2018,10,31,4.5252,24.58,86.33,2.81
Kolkata,2018,11,1,4.6584,25.35,80.02,1.53
Kolkata,2018,11,2,4.2823,25.23,79.84,1.31
Kolkata,2018,11,3,4.6872,25.4,78.92,1.51
Kolkata,2018,11,4,4.6555,25.16,83.3,2.54
Kolkata,2018,11,5,4.1863,25.55,84.6,2.94
Kolkata,2018,11,6,3.833,26.1,78.74,1.99
Kolkata,2018,11,7,1.6661,26.26,76.46,0.98
Kolkata,2018,11,8,3.7656,24.02,78.44,1.87
Kolkata,2018,11,9,3.8141,22.33,71.14,1.92
Kolkata,2018,11,10,4.1268,21.72,68.97,2.05
Kolkata,2018,11,11,4.5799,22.4,72.63,2.23
Kolkata,2018,11,12,4.5492,22.33,73.93,2.17
Kolkata,2018,11,13,4.4986,22.43,70.82,1.78
Kolkata,2018,11,14,3.7188,23.19,68.71,1.38
Kolkata,2018,11,15,3.9218,23.0,74.05,2.05
Kolkata,2018,11,16,4.1604,23.06,72.17,2.5
Kolkata,2018,11,17,3.8479,22.38,75.37,2.71
Kolkata,2018,11,18,3.8626,22.62,73.07,1.82
Kolkata,2018,11,19,3.7668,21.94,66.81,1.71
Kolkata,2018,11,20,3.487,22.71,69.11,1.34
Kolkata,2018,11,21,3.7147,21.27,71.06,2.15
Kolkata,2018,11,22,3.6787,20.78,68.34,2.32
Kolkata,2018,11,23,3.7505,20.56,66.95,2.46
Kolkata,2018,11,24,3.6646,19.61,70.14,2.51
Kolkata,2018,11,25,3.6737,20.07,76.2,2.41
Kolkata,2018,11,26,3.7061,20.52,72.78,1.96
Kolkata,2018,11,27,3.707,21.63,72.37,1.53
Kolkata,2018,11,28,4.4352,21.97,72.65,1.11
Kolkata,2018,11,29,4.4966,21.24,73.15,1.69
Kolkata,2018,11,30,3.3595,20.95,73.58,1.82
Kolkata,2018,12,1,3.552,20.93,71.21,1.95
Kolkata,2018,12,2,3.3782,20.46,71.34,2.48
Kolkata,2018,12,3,2.9246,19.93,68.99,2.48
Kolkata,2018,12,4,3.2486,19.08,69.51,2.77
Kolkata,2018,12,5,3.612,18.71,68.93,2.82
Kolkata,2018,12,6,3.0859,19.17,68.69,2.48
Kolkata,2018,12,7,3.3101,18.82,65.85,2.42
Kolkata,2018,12,8,3.2642,17.46,66.68,2.86
Kolkata,2018,12,9,3.7548,16.87,62.67,2.59
Kolkata,2018,12,10,3.9998,17.95,61.95,2.63
Kolkata,2018,12,11,3.3142,18.37,67.94,2.71
Kolkata,2018,12,12,3.6602,19.13,67.97,2.44
Kolkata,2018,12,13,3.8554,19.75,70.13,2.48
Kolkata,2018,12,14,3.6336,20.03,67.99,3.1
Kolkata,2018,12,15,3.1246,18.2,62.47,3.74
Kolkata,2018,12,16,1.9613,18.77,66.96,2.9
Kolkata,2018,12,17,1.3538,18.19,85.44,3.89
Kolkata,2018,12,18,0.865,19.13,88.84,4.74
Kolkata,2018,12,19,4.3474,17.61,76.92,3.32
Kolkata,2018,12,20,3.8945,16.59,75.86,2.81
Kolkata,2018,12,21,3.5513,16.08,70.27,2.64
Kolkata,2018,12,22,3.4409,15.4,67.92,2.88
Kolkata,2018,12,23,3.535,15.01,64.64,3.15
Kolkata,2018,12,24,3.6895,15.3,62.13,2.94
Kolkata,2018,12,25,3.8126,15.49,59.35,2.64
Kolkata,2018,12,26,3.7483,15.26,59.24,2.82
Kolkata,2018,12,27,3.6338,14.66,58.81,3.0
Kolkata,2018,12,28,3.51,14.61,59.12,3.06
Kolkata,2018,12,29,3.9185,13.14,60.48,3.06
Kolkata,2018,12,30,3.9811,13.36,60.63,3.62
Kolkata,2018,12,31,4.0394,14.19,65.33,3.5
Kolkata,2019,1,1,4.2526,15.07,63.18,3.18
Kolkata,2019,1,2,4.231,15.65,60.85,3.07
Kolkata,2019,1,3,3.8006,15.98,57.9,2.61
Kolkata,2019,1,4,3.4078,15.41,59.53,2.73
Kolkata,2019,1,5,3.6065,15.68,60.89,2.99
Kolkata,2019,1,6,4.1813,17.4,62.02,2.62
Kolkata,2019,1,7,4.6152,18.01,61.15,2.87
Kolkata,2019,1,8,3.8326,17.86,64.97,3.27
Kolkata,2019,1,9,3.2412,18.03,65.16,2.25
Kolkata,2019,1,10,3.4862,17.52,61.56,2.24
Kolkata,2019,1,11,3.6912,16.34,55.27,2.69
Kolkata,2019,1,12,3.6449,16.62,56.5,2.83
Kolkata,2019,1,13,3.8897,17.09,57.02,2.9
Kolkata,2019,1,14,2.8166,18.15,64.02,2.39
Kolkata,2019,1,15,3.2911,17.56,58.47,3.07
Kolkata,2019,1,16,4.3759,15.82,50.43,2.95
Kolkata,2019,1,17,4.1791,16.4,50.65,2.59
Kolkata,2019,1,18,3.9535,17.44,51.93,2.47
Kolkata,2019,1,19,3.7502,17.18,52.14,2.65
Kolkata,2019,1,20,3.5738,17.78,51.36,2.33
Kolkata,2019,1,21,3.7747,18.84,52.03,2.02
Kolkata,2019,1,22,4.0963,20.39,50.13,1.33
Kolkata,2019,1,23,4.2588,20.81,54.7,1.32
Kolkata,2019,1,24,4.3598,21.23,56.16,1.72
Kolkata,2019,1,25,4.2252,21.59,52.64,1.71
Kolkata,2019,1,26,4.0387,21.22,58.41,3.01
Kolkata,2019,1,27,2.9933,20.62,65.43,3.39
Kolkata,2019,1,28,2.6285,21.33,59.46,3.94
Kolkata,2019,1,29,3.7027,19.06,50.32,4.21
Kolkata,2019,1,30,4.9704,16.35,41.14,2.92
Kolkata,2019,1,31,4.8766,17.41,40.92,2.71
Kolkata,2019,2,1,4.8122,18.75,45.98,2.69
Kolkata,2019,2,2,4.9145,19.57,46.47,2.63
Kolkata,2019,2,3,4.7506,20.37,46.09,2.64
Kolkata,2019,2,4,4.7033,21.01,45.09,2.44
Kolkata,2019,2,5,4.6548,20.71,44.78,2.76
Kolkata,2019,2,6,4.4662,21.22,47.31,2.34
Kolkata,2019,2,7,4.2732,22.68,59.74,1.61
Kolkata,2019,2,8,3.6504,23.15,63.4,2.34
Kolkata,2019,2,9,3.8772,22.83,67.22,2.93
Kolkata,2019,2,10,5.1132,19.44,49.37,3.59
Kolkata,2019,2,11,5.5577,18.76,37.32,3.11
Kolkata,2019,2,12,5.382,19.87,41.4,2.92
Kolkata,2019,2,13,5.0275,20.91,42.29,2.8
Kolkata,2019,2,14,5.0066,22.57,45.49,2.4
Kolkata,2019,2,15,4.9452,23.9,45.66,2.35
Kolkata,2019,2,16,3.0907,22.33,53.2,3.53
Kolkata,2019,2,17,4.511,22.89,57.45,3.35
Kolkata,2019,2,18,4.7191,22.11,48.06,2.09
Kolkata,2019,2,19,5.0803,23.86,60.71,2.82
Kolkata,2019,2,20,4.8838,25.07,58.88,2.83
Kolkata,2019,2,21,5.033,25.5,57.36,2.67
Kolkata,2019,2,22,4.6145,26.18,58.63,3.0
Kolkata,2019,2,23,4.9207,27.65,58.34,3.18
Kolkata,2019,2,24,5.1818,26.95,53.47,2.34
Kolkata,2019,2,25,2.075,25.05,74.19,2.35
Kolkata,2019,2,26,2.2301,24.4,79.77,3.08
Kolkata,2019,2,27,3.901,24.04,85.23,4.4
Kolkata,2019,2,28,2.8478,22.25,76.01,3.46
Kolkata,2019,3,1,5.4665,20.35,61.98,2.23
Kolkata,2019,3,2,5.6213,20.69,56.15,1.96
Kolkata,2019,3,3,5.2702,21.4,62.39,2.17
Kolkata,2019,3,4,2.9873,22.64,83.23,3.36
Kolkata,2019,3,5,3.1063,25.02,78.96,3.48
Kolkata,2019,3,6,4.3538,24.51,70.04,1.72
Kolkata,2019,3,7,4.5552,23.63,62.58,2.12
Kolkata,2019,3,8,5.5397,22.41,56.07,2.45
Kolkata,2019,3,9,5.9602,22.84,65.45,2.75
Kolkata,2019,3,10,4.4371,24.17,77.5,3.69
Kolkata,2019,3,11,4.7446,26.35,72.27,2.46
Kolkata,2019,3,12,5.399,26.79,71.9,2.8
Kolkata,2019,3,13,5.2337,28.03,69.79,2.58
Kolkata,2019,3,14,4.9262,27.89,70.31,1.98
Kolkata,2019,3,15,3.8568,27.23,71.25,2.44
Kolkata,2019,3,16,4.4741,27.23,66.31,2.91
Kolkata,2019,3,17,5.5022,27.9,64.08,1.97
Kolkata,2019,3,18,3.977,24.82,71.45,3.61
Kolkata,2019,3,19,5.1154,25.91,68.25,3.39
Kolkata,2019,3,20,5.2349,26.21,66.98,2.98
Kolkata,2019,3,21,5.9566,27.36,70.93,3.79
Kolkata,2019,3,22,5.5709,28.25,70.62,4.16
Kolkata,2019,3,23,6.2422,27.26,62.01,2.92
Kolkata,2019,3,24,6.7975,26.7,51.41,2.25
Kolkata,2019,3,25,6.57,26.53,56.76,2.89
Kolkata,2019,3,26,5.802,28.3,59.01,2.89
Kolkata,2019,3,27,5.8649,26.55,58.24,2.68
Kolkata,2019,3,28,5.8142,27.53,65.02,2.94
Kolkata,2019,3,29,5.6328,27.72,70.58,4.45
Kolkata,2019,3,30,4.9536,28.98,66.62,3.54
Kolkata,2019,3,31,5.8382,29.64,68.97,4.77
Kolkata,2019,4,1,5.6244,29.41,70.72,4.64
Kolkata,2019,4,2,5.2634,29.75,64.01,4.24
Kolkata,2019,4,3,6.2791,28.69,62.54,3.48
Kolkata,2019,4,4,5.3105,29.53,68.33,4.63
Kolkata,2019,4,5,4.1556,30.07,66.45,3.62
Kolkata,2019,4,6,5.9969,30.1,68.3,2.92
Kolkata,2019,4,7,5.8421,28.75,69.67,4.28
Kolkata,2019,4,8,4.6073,29.14,70.6,4.99
Kolkata,2019,4,9,6.2794,29.9,67.42,4.18
Kolkata,2019,4,10,5.333,29.12,72.17,4.61
Kolkata,2019,4,11,5.2867,29.66,70.68,3.76
Kolkata,2019,4,12,6.0785,30.36,66.78,2.81
Kolkata,2019,4,13,6.529,31.21,62.97,2.81
Kolkata,2019,4,14,6.2856,31.15,64.53,4.26
Kolkata,2019,4,15,6.107,32.07,62.72,4.04
Kolkata,2019,4,16,5.5536,32.22,59.53,3.01
Kolkata,2019,4,17,5.2202,32.43,61.26,1.28
Kolkata,2019,4,18,6.0391,30.89,52.39,2.31
Kolkata,2019,4,19,3.9072,31.08,57.17,3.14
Kolkata,2019,4,20,6.6077,30.83,51.8,2.7
Kolkata,2019,4,21,6.4574,31.07,54.92,4.27
Kolkata,2019,4,22,6.3749,30.57,61.46,2.15
Kolkata,2019,4,23,6.9346,30.57,59.01,3.18
Kolkata,2019,4,24,6.7366,31.4,57.77,3.45
Kolkata,2019,4,25,6.7416,31.68,56.94,3.92
Kolkata,2019,4,26,6.2938,32.32,60.38,4.58
Kolkata,2019,4,27,6.4927,32.98,60.9,5.13
Kolkata,2019,4,28,6.787,33.48,59.13,5.73
Kolkata,2019,4,29,7.0709,33.04,61.38,6.6
Kolkata,2019,4,30,6.8918,32.13,62.28,7.21
Kolkata,2019,5,1,6.9718,31.49,65.32,7.1
Kolkata,2019,5,2,4.4347,31.83,63.69,5.51
Kolkata,2019,5,3,1.0428,28.77,79.32,7.5
Kolkata,2019,5,4,3.3905,29.26,74.19,8.11
Kolkata,2019,5,5,6.3898,30.88,68.86,3.71
Kolkata,2019,5,6,6.5575,32.02,60.84,3.97
Kolkata,2019,5,7,7.1189,32.03,63.67,4.97
Kolkata,2019,5,8,6.8038,31.52,67.32,4.18
Kolkata,2019,5,9,6.6934,32.52,64.82,4.92
Kolkata,2019,5,10,6.475,32.66,66.5,5.09
Kolkata,2019,5,11,6.6413,32.03,69.92,4.97
Kolkata,2019,5,12,6.0374,32.19,67.05,4.17
Kolkata,2019,5,13,5.6323,32.74,63.75,4.92
Kolkata,2019,5,14,6.185,32.14,65.89,4.56
Kolkata,2019,5,15,5.9561,32.23,62.43,5.22
Kolkata,2019,5,16,7.1282,32.52,62.8,4.12
Kolkata,2019,5,17,6.7121,32.89,63.37,5.06
Kolkata,2019,5,18,6.1745,32.63,66.16,4.31
Kolkata,2019,5,19,5.9669,32.61,67.41,3.77
Kolkata,2019,5,20,6.1286,32.17,65.59,4.2
Kolkata,2019,5,21,6.3358,32.48,65.44,4.83
Kolkata,2019,5,22,6.2988,32.36,65.38,5.7
Kolkata,2019,5,23,4.8545,31.71,67.18,5.76
Kolkata,2019,5,24,6.0132,31.62,71.0,6.09
Kolkata,2019,5,25,4.4741,30.88,74.41,5.93
Kolkata,2019,5,26,5.8402,32.19,69.21,4.17
Kolkata,2019,5,27,6.727,32.31,70.22,4.48
Kolkata,2019,5,28,6.7733,32.68,66.43,4.78
Kolkata,2019,5,29,6.707,33.29,62.22,4.37
Kolkata,2019,5,30,6.8568,33.21,63.38,5.7
Kolkata,2019,5,31,5.4295,32.77,64.02,6.1
Kolkata,2019,6,1,6.0775,32.65,66.22,6.06
Kolkata,2019,6,2,3.8314,32.03,68.18,5.54
Kolkata,2019,6,3,5.7228,31.43,69.36,3.46
Kolkata,2019,6,4,4.5324,31.76,67.31,5.88
Kolkata,2019,6,5,1.68,30.52,78.56,5.36
Kolkata,2019,6,6,4.0073,29.87,82.18,3.56
Kolkata,2019,6,7,2.6537,29.38,80.88,1.99
Kolkata,2019,6,8,4.8098,29.84,77.45,2.29
Kolkata,2019,6,9,5.1137,30.91,74.15,3.18
Kolkata,2019,6,10,6.3641,31.72,73.0,4.7
Kolkata,2019,6,11,6.2266,31.28,74.59,5.15
Kolkata,2019,6,12,5.6746,31.63,76.88,3.3
Kolkata,2019,6,13,5.5877,31.96,74.22,2.53
Kolkata,2019,6,14,6.0118,33.47,65.56,3.18
Kolkata,2019,6,15,2.9431,32.1,72.95,4.16
Kolkata,2019,6,16,6.7022,33.92,64.62,5.05
Kolkata,2019,6,17,3.8335,34.37,62.89,4.53
Kolkata,2019,6,18,4.7522,32.09,70.93,4.28
Kolkata,2019,6,19,6.0814,31.85,73.21,3.22
Kolkata,2019,6,20,4.806,30.63,78.28,2.3
Kolkata,2019,6,21,3.4286,29.82,79.15,2.68
Kolkata,2019,6,22,5.6875,30.09,76.97,5.19
Kolkata,2019,6,23,5.9383,31.1,72.85,4.63
Kolkata,2019,6,24,6.1781,31.57,71.77,4.02
Kolkata,2019,6,25,6.7879,31.92,70.38,5.12
Kolkata,2019,6,26,6.6919,31.44,73.27,6.83
Kolkata,2019,6,27,4.7784,30.99,76.16,6.07
Kolkata,2019,6,28,2.369,31.49,74.96,4.66
Kolkata,2019,6,29,3.2491,30.32,81.38,3.24
Kolkata,2019,6,30,3.8064,30.75,75.01,1.76
Kolkata,2019,7,1,4.6404,29.99,77.89,4.26
Kolkata,2019,7,2,4.3949,30.12,80.96,4.61
Kolkata,2019,7,3,4.2864,30.31,78.03,4.5
Kolkata,2019,7,4,5.3621,31.01,74.72,4.46
Kolkata,2019,7,5,3.4757,29.84,81.39,3.22
Kolkata,2019,7,6,3.4786,30.2,80.6,3.82
Kolkata,2019,7,7,3.0924,30.37,76.66,7.41
Kolkata,2019,7,8,4.7474,30.64,76.98,7.27
Kolkata,2019,7,9,4.9853,29.79,79.45,6.86
Kolkata,2019,7,10,4.1729,30.13,79.04,5.87
Kolkata,2019,7,11,2.4305,29.24,82.61,6.42
Kolkata,2019,7,12,3.3571,29.4,82.13,6.32
Kolkata,2019,7,13,4.6889,29.95,79.81,5.87
Kolkata,2019,7,14,5.0832,30.81,76.41,5.58
Kolkata,2019,7,15,4.8838,31.06,76.75,4.35
Kolkata,2019,7,16,4.9255,30.43,79.19,3.03
Kolkata,2019,7,17,6.0218,30.53,75.54,2.67
Kolkata,2019,7,18,5.5159,30.82,73.33,3.12
Kolkata,2019,7,19,6.1615,30.23,77.4,3.67
Kolkata,2019,7,20,5.7569,30.65,74.9,3.93
Kolkata,2019,7,21,6.2102,30.64,73.68,4.4
Kolkata,2019,7,22,6.1855,29.77,78.63,4.39
Kolkata,2019,7,23,5.701,29.97,76.79,4.68
Kolkata,2019,7,24,5.5231,30.25,75.89,3.85
Kolkata,2019,7,25,3.858,29.31,83.4,3.31
Kolkata,2019,7,26,2.5541,29.13,79.85,3.27
Kolkata,2019,7,27,4.8341,29.11,81.05,2.8
Kolkata,2019,7,28,5.1874,29.43,81.76,4.13
Kolkata,2019,7,29,4.7021,29.0,83.03,6.69
Kolkata,2019,7,30,4.3524,28.6,79.79,5.6
Kolkata,2019,7,31,4.4098,29.08,80.06,5.0
Kolkata,2019,8,1,5.1725,29.42,78.47,3.63
Kolkata,2019,8,2,4.6241,29.2,83.04,3.43
Kolkata,2019,8,3,4.2962,29.88,80.81,2.39
Kolkata,2019,8,4,3.8148,30.48,81.8,2.42
Kolkata,2019,8,5,5.5006,30.52,83.9,2.09
Kolkata,2019,8,6,3.2758,29.58,88.39,2.49
Kolkata,2019,8,7,3.3518,29.05,86.24,6.96
Kolkata,2019,8,8,2.6364,28.91,84.29,7.32
Kolkata,2019,8,9,4.5955,29.64,82.14,3.53
Kolkata,2019,8,10,5.0698,30.35,80.05,2.53
Kolkata,2019,8,11,5.1012,30.14,81.73,1.79
Kolkata,2019,8,12,2.3021,29.71,85.62,2.41
Kolkata,2019,8,13,2.987,28.22,89.83,4.83
Kolkata,2019,8,14,2.6395,28.35,88.12,5.82
Kolkata,2019,8,15,1.6942,28.52,87.05,4.59
Kolkata,2019,8,16,4.1184,28.33,89.66,3.62
Kolkata,2019,8,17,1.1839,27.84,92.58,2.97
Kolkata,2019,8,18,3.2484,27.52,89.56,4.71
Kolkata,2019,8,19,5.7226,28.2,86.09,5.53
Kolkata,2019,8,20,4.8017,28.88,85.61,3.6
Kolkata,2019,8,21,5.232,28.63,89.07,2.85
Kolkata,2019,8,22,5.2087,29.26,81.87,1.79
Kolkata,2019,8,23,5.023,28.44,86.92,2.71
Kolkata,2019,8,24,2.2606,28.13,86.7,1.92
Kolkata,2019,8,25,2.8327,27.54,90.45,3.11
Kolkata,2019,8,26,4.3111,27.66,89.47,3.22
Kolkata,2019,8,27,4.1652,28.41,87.07,3.23
Kolkata,2019,8,28,4.5629,28.62,89.19,3.06
Kolkata,2019,8,29,4.3747,28.45,89.39,3.39
Kolkata,2019,8,30,5.6345,28.81,85.59,2.29
Kolkata,2019,8,31,5.0906,29.0,85.59,1.98
Kolkata,2019,9,1,3.6031,29.29,85.58,1.4
Kolkata,2019,9,2,4.9733,28.97,87.92,2.5
Kolkata,2019,9,3,4.2295,28.18,89.87,2.42
Kolkata,2019,9,4,4.5029,28.21,90.56,3.13
Kolkata,2019,9,5,4.5394,28.4,90.39,3.92
Kolkata,2019,9,6,4.8043,28.82,88.57,4.21
Kolkata,2019,9,7,2.8416,28.49,91.52,4.79
Kolkata,2019,9,8,3.5268,28.63,89.64,5.26
Kolkata,2019,9,9,4.823,29.26,86.14,3.38
Kolkata,2019,9,10,4.3147,28.49,91.77,3.24
Kolkata,2019,9,11,2.4336,28.4,91.09,2.88
Kolkata,2019,9,12,1.9978,27.46,91.02,5.06
Kolkata,2019,9,13,4.0637,27.71,89.14,4.56
Kolkata,2019,9,14,4.8586,27.82,90.52,3.1
Kolkata,2019,9,15,5.5202,28.34,89.38,2.87
Kolkata,2019,9,16,4.9802,28.0,89.68,2.74
Kolkata,2019,9,17,5.5769,28.16,87.89,2.49
Kolkata,2019,9,18,4.7803,28.32,86.73,2.65
Kolkata,2019,9,19,5.389,28.55,86.18,2.37
Kolkata,2019,9,20,5.6657,28.41,83.36,1.8
Kolkata,2019,9,21,4.1621,28.42,82.97,1.49
Kolkata,2019,9,22,4.8511,28.56,84.7,1.87
Kolkata,2019,9,23,3.8551,27.32,92.61,2.9
Kolkata,2019,9,24,2.8171,27.1,95.06,3.96
Kolkata,2019,9,25,1.3356,26.65,93.96,3.92
Kolkata,2019,9,26,2.9083,25.74,88.98,1.85
Kolkata,2019,9,27,3.3734,26.07,87.03,1.72
Kolkata,2019,9,28,2.2937,25.61,90.85,2.07
Kolkata,2019,9,29,2.7154,25.55,91.53,2.19
Kolkata,2019,9,30,4.3754,25.78,89.99,2.97
Kolkata,2019,10,1,4.638,27.25,87.03,3.14
Kolkata,2019,10,2,4.795,28.03,83.94,1.74
Kolkata,2019,10,3,3.6756,27.69,86.96,2.09
Kolkata,2019,10,4,4.7376,26.62,91.14,2.1
Kolkata,2019,10,5,4.5468,27.1,87.79,2.0
Kolkata,2019,10,6,4.2814,27.36,86.65,1.72
Kolkata,2019,10,7,3.1466,26.97,87.36,1.64
Kolkata,2019,10,8,4.2646,26.62,87.06,2.04
Kolkata,2019,10,9,2.4698,26.15,89.82,2.04
Kolkata,2019,10,10,3.5326,27.18,81.02,0.94
Kolkata,2019,10,11,5.0844,27.05,81.4,1.41
Kolkata,2019,10,12,5.4818,26.99,80.01,1.49
Kolkata,2019,10,13,4.3183,26.19,84.24,2.27
Kolkata,2019,10,14,4.9241,26.4,79.38,2.02
Kolkata,2019,10,15,5.1677,26.4,76.62,1.57
Kolkata,2019,10,16,4.2977,26.78,79.89,1.36
Kolkata,2019,10,17,4.7786,27.2,81.84,1.16
Kolkata,2019,10,18,5.0935,27.57,83.89,1.79
Kolkata,2019,10,19,5.0683,27.33,84.7,1.65
Kolkata,2019,10,20,5.0938,27.1,83.55,1.89
Kolkata,2019,10,21,4.1978,26.9,83.02,1.57
Kolkata,2019,10,22,3.8232,26.91,83.57,1.34
Kolkata,2019,10,23,2.6093,25.88,87.09,1.95
Kolkata,2019,10,24,1.0673,22.53,93.51,3.82
Kolkata,2019,10,25,1.855,23.91,94.53,4.04
Kolkata,2019,10,26,2.4871,26.06,89.73,2.51
Kolkata,2019,10,27,4.206,24.9,88.09,2.59
Kolkata,2019,10,28,4.6562,23.68,87.1,2.74
Kolkata,2019,10,29,4.6764,22.88,84.86,2.37
Kolkata,2019,10,30,4.4923,23.57,83.69,2.35
Kolkata,2019,10,31,3.8244,23.79,81.69,2.21
Kolkata,2019,11,1,3.8338,24.37,83.31,2.15
Kolkata,2019,11,2,4.5118,23.9,86.32,2.91
Kolkata,2019,11,3,4.6838,24.41,85.67,2.48
Kolkata,2019,11,4,4.2946,24.83,84.26,2.31
Kolkata,2019,11,5,4.1362,24.18,84.27,2.13
Kolkata,2019,11,6,3.1752,23.7,77.87,2.67
Kolkata,2019,11,7,3.6948,22.93,79.09,2.79
Kolkata,2019,11,8,1.0627,22.51,91.83,3.69
Kolkata,2019,11,9,0.4531,22.96,94.9,9.33
Kolkata,2019,11,10,2.2495,23.93,92.37,6.96
Kolkata,2019,11,11,4.6963,23.96,84.53,2.87
Kolkata,2019,11,12,4.2821,23.18,81.94,2.28
Kolkata,2019,11,13,4.1705,21.81,79.28,2.27
Kolkata,2019,11,14,4.637,21.92,81.49,2.44
Kolkata,2019,11,15,4.8175,21.86,81.55,2.36
Kolkata,2019,11,16,4.4748,21.9,82.49,2.27
Kolkata,2019,11,17,4.127,21.91,81.06,2.13
Kolkata,2019,11,18,3.8657,21.46,82.04,2.08
Kolkata,2019,11,19,3.9394,20.97,78.88,2.45
Kolkata,2019,11,20,4.134,20.49,73.94,1.74
Kolkata,2019,11,21,3.9391,21.05,76.4,2.07
Kolkata,2019,11,22,3.9214,20.79,78.34,2.05
Kolkata,2019,11,23,3.6331,20.89,78.95,1.87
Kolkata,2019,11,24,3.3869,21.27,78.75,1.64
Kolkata,2019,11,25,3.2182,21.54,81.78,1.58
Kolkata,2019,11,26,3.5256,22.23,84.13,1.57
Kolkata,2019,11,27,4.0001,22.17,83.81,1.75
Kolkata,2019,11,28,4.1326,22.81,83.65,1.74
Kolkata,2019,11,29,4.0603,22.73,83.79,1.76
Kolkata,2019,11,30,4.1669,22.14,83.21,2.09
Kolkata,2019,12,1,3.1469,20.84,80.1,2.5
Kolkata,2019,12,2,3.4711,20.31,79.72,2.28
Kolkata,2019,12,3,3.7591,19.02,79.91,2.5
Kolkata,2019,12,4,3.6684,17.86,78.62,3.05
Kolkata,2019,12,5,4.169,18.05,79.22,2.84
Kolkata,2019,12,6,3.9883,20.26,79.0,1.76
Kolkata,2019,12,7,4.007,21.92,75.32,1.28
Kolkata,2019,12,8,3.7097,21.86,77.5,1.74
Kolkata,2019,12,9,3.7092,21.19,81.42,1.76
Kolkata,2019,12,10,3.4872,20.18,75.91,1.5
Kolkata,2019,12,11,2.9244,21.22,72.84,1.02
Kolkata,2019,12,12,2.9755,21.17,76.08,1.05
Kolkata,2019,12,13,3.163,20.63,77.0,1.31
Kolkata,2019,12,14,3.1279,21.21,78.29,1.28
Kolkata,2019,12,15,3.0055,21.31,83.77,2.03
Kolkata,2019,12,16,3.2472,19.95,85.48,2.4
Kolkata,2019,12,17,2.8632,18.72,87.16,2.64
Kolkata,2019,12,18,3.5664,15.84,82.21,3.73
Kolkata,2019,12,19,3.7697,13.27,82.06,3.14
Kolkata,2019,12,20,3.4848,13.81,78.36,2.44
Kolkata,2019,12,21,2.8202,14.58,76.51,2.14
Kolkata,2019,12,22,2.2855,15.17,76.38,2.33
Kolkata,2019,12,23,2.3659,16.31,78.13,2.46
Kolkata,2019,12,24,3.1006,16.63,74.87,2.47
Kolkata,2019,12,25,2.9232,16.24,80.33,2.17
Kolkata,2019,12,26,1.59,14.82,86.18,2.9
Kolkata,2019,12,27,2.0222,13.19,85.87,3.27
Kolkata,2019,12,28,3.2714,11.8,78.71,3.61
Kolkata,2019,12,29,3.8436,12.64,76.89,3.42
Kolkata,2019,12,30,3.1906,12.82,78.32,3.05
Kolkata,2019,12,31,3.8861,13.99,74.66,2.74
Kolkata,2020,1,1,4.0296,16.01,76.47,2.79
Kolkata,2020,1,2,2.9849,17.38,82.38,1.71
Kolkata,2020,1,3,0.93,16.24,94.02,3.21
Kolkata,2020,1,4,1.9176,18.09,83.79,1.25
Kolkata,2020,1,5,2.3189,16.96,83.15,3.1
Kolkata,2020,1,6,4.0766,14.67,78.6,3.05
Kolkata,2020,1,7,3.2146,15.07,74.82,2.04
Kolkata,2020,1,8,3.3631,16.71,71.68,1.73
Kolkata,2020,1,9,2.167,16.33,81.38,2.08
Kolkata,2020,1,10,3.0156,15.84,82.02,3.75
Kolkata,2020,1,11,3.2762,13.0,79.45,3.76
Kolkata,2020,1,12,4.176,12.97,74.88,3.3
Kolkata,2020,1,13,4.3061,13.69,69.47,2.43
Kolkata,2020,1,14,4.0397,15.6,64.97,1.64
Kolkata,2020,1,15,4.0402,17.67,65.19,1.36
Kolkata,2020,1,16,4.2593,19.6,62.92,0.72
Kolkata,2020,1,17,4.602,20.17,65.4,0.98
Kolkata,2020,1,18,4.7194,18.9,73.05,2.21
Kolkata,2020,1,19,4.1131,19.21,79.71,2.43
Kolkata,2020,1,20,3.0538,17.03,78.95,3.26
Kolkata,2020,1,21,3.889,16.04,68.44,2.4
Kolkata,2020,1,22,4.1875,16.79,66.27,1.78
Kolkata,2020,1,23,2.2358,18.97,75.29,1.7
Kolkata,2020,1,24,4.0522,16.76,66.96,2.73
Kolkata,2020,1,25,4.7273,15.39,60.86,2.5
Kolkata,2020,1,26,4.5182,15.63,63.88,2.37
Kolkata,2020,1,27,4.2288,15.71,69.77,2.52
Kolkata,2020,1,28,3.4867,18.32,71.72,1.51
Kolkata,2020,1,29,1.9954,19.66,83.16,1.34
Kolkata,2020,1,30,1.5137,18.69,91.16,2.2
Kolkata,2020,1,31,3.5333,17.4,75.12,2.6
Kolkata,2020,2,1,4.1138,17.11,66.37,2.29
Kolkata,2020,2,2,4.0555,17.04,64.92,2.59
Kolkata,2020,2,3,4.6646,16.08,61.92,2.44
Kolkata,2020,2,4,4.6637,16.59,57.81,1.93
Kolkata,2020,2,5,3.707,18.49,61.31,1.44
Kolkata,2020,2,6,3.8798,19.35,68.8,1.74
Kolkata,2020,2,7,1.7642,17.84,71.8,2.08
Kolkata,2020,2,8,0.918,17.4,79.68,2.3
Kolkata,2020,2,9,4.1042,17.91,74.1,3.16
Kolkata,2020,2,10,4.8113,15.89,61.76,3.06
Kolkata,2020,2,11,5.1833,16.06,61.86,2.99
Kolkata,2020,2,12,5.1034,16.35,59.31,2.88
Kolkata,2020,2,13,5.0405,17.19,62.28,2.65
Kolkata,2020,2,14,4.7906,19.01,69.73,2.99
Kolkata,2020,2,15,5.4118,19.42,70.84,3.2
Kolkata,2020,2,16,5.1067,19.37,61.07,2.28
Kolkata,2020,2,17,4.9111,19.18,62.26,2.5
Kolkata,2020,2,18,4.5322,19.32,63.62,2.46
Kolkata,2020,2,19,4.2024,20.43,68.12,2.05
Kolkata,2020,2,20,4.3855,21.46,75.71,2.41
Kolkata,2020,2,21,4.8845,22.0,68.0,1.55
Kolkata,2020,2,22,4.7616,22.48,60.31,1.76
Kolkata,2020,2,23,4.259,23.25,63.59,1.8
Kolkata,2020,2,24,2.081,23.38,68.23,1.6
Kolkata,2020,2,25,0.9437,22.16,75.54,2.15
Kolkata,2020,2,26,3.9821,21.09,76.36,1.87
Kolkata,2020,2,27,3.9902,20.69,68.16,2.36
Kolkata,2020,2,28,4.3157,21.61,63.56,1.84
Kolkata,2020,2,29,5.3006,21.53,63.87,2.35
Kolkata,2020,3,1,5.1648,22.39,67.98,2.34
Kolkata,2020,3,2,4.6709,23.36,67.67,2.38
Kolkata,2020,3,3,3.8758,24.0,71.13,2.55
Kolkata,2020,3,4,3.5513,24.31,76.4,2.99
Kolkata,2020,3,5,3.7932,23.5,78.35,2.61
Kolkata,2020,3,6,3.995,23.16,79.91,3.19
Kolkata,2020,3,7,3.4838,23.41,84.56,3.54
Kolkata,2020,3,8,4.817,24.35,76.13,2.67
Kolkata,2020,3,9,6.0814,22.72,60.05,2.71
Kolkata,2020,3,10,5.8313,22.95,55.49,2.21
Kolkata,2020,3,11,4.7957,24.49,68.35,1.85
Kolkata,2020,3,12,4.523,25.86,75.42,2.22
Kolkata,2020,3,13,5.6561,27.33,69.56,1.35
Kolkata,2020,3,14,5.4295,26.58,64.55,3.05
Kolkata,2020,3,15,6.0941,24.29,67.57,3.47
Kolkata,2020,3,16,4.969,25.05,68.7,2.23
Kolkata,2020,3,17,4.8624,25.47,60.89,2.01
Kolkata,2020,3,18,5.1144,25.47,58.36,2.45
Kolkata,2020,3,19,5.215,25.44,52.28,2.38
Kolkata,2020,3,20,5.7461,25.07,59.66,3.39
Kolkata,2020,3,21,5.8906,26.65,54.6,2.42
Kolkata,2020,3,22,5.7814,24.79,72.5,2.59
Kolkata,2020,3,23,5.827,25.21,65.71,2.47
Kolkata,2020,3,24,5.8397,25.94,63.38,2.19
Kolkata,2020,3,25,5.6455,26.81,59.05,2.47
Kolkata,2020,3,26,6.3398,27.74,60.8,2.52
Kolkata,2020,3,27,6.6139,28.31,59.41,3.13
Kolkata,2020,3,28,6.3734,29.35,59.07,3.01
Kolkata,2020,3,29,6.7567,29.71,53.4,3.09
Kolkata,2020,3,30,6.8477,29.07,53.89,2.98
Kolkata,2020,3,31,6.5719,28.73,49.32,2.81
Kolkata,2020,4,1,6.5446,29.41,45.51,3.12
Kolkata,2020,4,2,6.12,30.5,61.21,3.29
Kolkata,2020,4,3,5.591,30.71,56.31,3.16
Kolkata,2020,4,4,5.8747,30.41,44.76,2.44
Kolkata,2020,4,5,5.5642,29.73,50.32,2.74
Kolkata,2020,4,6,6.6715,29.11,45.49,3.01
Kolkata,2020,4,7,6.6456,30.09,47.41,3.67
Kolkata,2020,4,8,4.5058,31.26,54.14,3.68
Kolkata,2020,4,9,6.461,30.39,52.52,3.41
Kolkata,2020,4,10,6.4853,30.67,57.2,3.32
Kolkata,2020,4,11,6.4702,30.94,57.93,3.47
Kolkata,2020,4,12,6.0703,30.74,54.57,2.55
Kolkata,2020,4,13,5.7386,31.21,56.28,2.84
Kolkata,2020,4,14,6.2834,31.99,57.64,3.3
Kolkata,2020,4,15,5.3059,32.19,54.92,3.17
Kolkata,2020,4,16,5.2435,30.84,60.21,3.21
Kolkata,2020,4,17,6.1954,32.0,59.16,4.54
Kolkata,2020,4,18,4.9385,31.8,62.81,4.25
Kolkata,2020,4,19,6.4118,30.95,65.93,4.7
Kolkata,2020,4,20,5.4437,31.55,62.4,3.48
Kolkata,2020,4,21,2.0647,30.38,65.9,3.63
Kolkata,2020,4,22,4.7424,29.51,64.85,3.12
Kolkata,2020,4,23,4.285,30.09,65.23,3.53
Kolkata,2020,4,24,4.073,28.78,76.1,4.0
Kolkata,2020,4,25,5.5483,29.37,70.89,2.82
Kolkata,2020,4,26,4.8562,28.96,72.7,2.11
Kolkata,2020,4,27,4.7604,28.54,69.5,2.1
Kolkata,2020,4,28,4.1522,27.46,77.1,3.27
Kolkata,2020,4,29,5.663,28.24,69.69,2.75
Kolkata,2020,4,30,5.9717,29.08,68.53,2.64
Kolkata,2020,5,1,5.0004,28.58,75.68,2.34
Kolkata,2020,5,2,5.2246,28.55,73.25,2.08
Kolkata,2020,5,3,5.4346,29.41,68.78,1.08
Kolkata,2020,5,4,4.8319,30.16,70.82,2.6
Kolkata,2020,5,5,5.8008,30.89,71.23,3.86
Kolkata,2020,5,6,5.4089,30.06,70.73,2.37
Kolkata,2020,5,7,5.8709,29.9,69.11,2.3
Kolkata,2020,5,8,6.8774,30.15,66.92,2.62
Kolkata,2020,5,9,7.105,31.31,63.71,1.74
Kolkata,2020,5,10,6.6713,31.4,64.75,2.96
Kolkata,2020,5,11,6.4762,30.42,68.87,1.98
Kolkata,2020,5,12,7.0805,31.27,64.03,2.6
Kolkata,2020,5,13,6.4409,31.28,63.71,4.23
Kolkata,2020,5,14,7.1196,31.76,64.59,4.44
Kolkata,2020,5,15,7.0164,31.84,65.59,4.79
Kolkata,2020,5,16,7.1623,32.35,63.84,4.44
Kolkata,2020,5,17,6.287,32.61,63.32,3.44
Kolkata,2020,5,18,6.9684,31.83,64.5,3.7
Kolkata,2020,5,19,2.9959,28.4,72.08,4.68
Kolkata,2020,5,20,1.1659,26.33,90.18,11.08
Kolkata,2020,5,21,2.6138,27.25,80.55,7.08
Kolkata,2020,5,22,5.5565,29.53,76.1,3.46
Kolkata,2020,5,23,5.9074,30.21,80.44,4.22
Kolkata,2020,5,24,5.4756,30.49,80.53,6.77
Kolkata,2020,5,25,3.9598,30.09,80.38,8.08
Kolkata,2020,5,26,4.1928,30.06,79.14,8.94
Kolkata,2020,5,27,3.9761,29.97,81.23,7.4
Kolkata,2020,5,28,1.6198,28.92,84.86,4.14
Kolkata,2020,5,29,6.0984,29.16,81.23,2.51
Kolkata,2020,5,30,5.6234,29.65,79.52,2.78
Kolkata,2020,5,31,4.9697,29.95,79.62,2.95
Kolkata,2020,6,1,5.4797,29.47,82.02,3.41
Kolkata,2020,6,2,6.2822,29.81,81.08,3.96
Kolkata,2020,6,3,6.5138,29.87,77.88,3.28
Kolkata,2020,6,4,6.5311,29.76,79.88,3.79
Kolkata,2020,6,5,6.353,29.17,85.5,4.27
Kolkata,2020,6,6,6.221,29.79,82.06,2.8
Kolkata,2020,6,7,4.6536,29.61,81.38,2.54
Kolkata,2020,6,8,5.7986,29.31,82.13,1.88
Kolkata,2020,6,9,5.4046,29.7,80.91,1.91
Kolkata,2020,6,10,4.7443,29.19,83.85,2.07
Kolkata,2020,6,11,2.9314,28.52,89.83,3.01
Kolkata,2020,6,12,1.5571,28.8,87.85,4.14
Kolkata,2020,6,13,2.5075,29.04,89.53,5.2
Kolkata,2020,6,14,2.1602,28.97,90.81,3.68
Kolkata,2020,6,15,3.2256,28.93,89.8,3.86
Kolkata,2020,6,16,3.6298,28.45,90.38,2.66
Kolkata,2020,6,17,2.3486,28.38,90.04,5.42
Kolkata,2020,6,18,2.363,28.97,84.78,4.35
Kolkata,2020,6,19,3.1709,29.29,84.05,4.66
Kolkata,2020,6,20,4.9704,29.24,86.67,3.17
Kolkata,2020,6,21,4.4326,28.92,86.53,4.2
Kolkata,2020,6,22,5.1262,29.0,86.61,5.1
Kolkata,2020,6,23,4.2017,29.24,85.17,5.09
Kolkata,2020,6,24,6.2983,29.34,84.02,4.4
Kolkata,2020,6,25,6.3732,29.19,85.3,5.14
Kolkata,2020,6,26,6.2366,29.05,86.23,5.05
Kolkata,2020,6,27,2.6455,28.56,88.03,5.34
Kolkata,2020,6,28,4.6212,28.75,85.35,5.24
Kolkata,2020,6,29,3.1874,28.91,87.64,3.82
Kolkata,2020,6,30,5.459,29.15,84.08,3.44
Kolkata,2020,7,1,6.5633,28.92,85.06,4.34
Kolkata,2020,7,2,6.3989,29.08,86.26,4.02
Kolkata,2020,7,3,5.2853,29.39,85.64,3.16
Kolkata,2020,7,4,4.5898,29.48,84.66,3.03
Kolkata,2020,7,5,3.5962,29.18,89.41,3.52
Kolkata,2020,7,6,3.7956,29.45,86.14,5.21
Kolkata,2020,7,7,4.4551,29.4,85.35,3.94
Kolkata,2020,7,8,4.1897,28.93,87.46,3.8
Kolkata,2020,7,9,4.9202,28.83,89.12,5.22
Kolkata,2020,7,10,5.7514,28.85,89.54,5.64
Kolkata,2020,7,11,3.431,28.4,91.2,4.71
Kolkata,2020,7,12,4.2869,28.35,90.4,3.97
Kolkata,2020,7,13,3.4946,28.91,87.29,4.48
Kolkata,2020,7,14,4.9351,27.82,90.69,4.22
Kolkata,2020,7,15,5.0179,28.58,85.04,4.39
Kolkata,2020,7,16,6.0269,28.89,83.71,4.43
Kolkata,2020,7,17,5.5306,29.22,84.9,4.17
Kolkata,2020,7,18,5.5529,28.67,86.77,4.44
Kolkata,2020,7,19,5.4974,29.09,86.6,5.73
Kolkata,2020,7,20,4.4333,28.43,90.13,5.48
Kolkata,2020,7,21,1.9654,27.97,92.81,5.33
Kolkata,2020,7,22,2.5416,27.91,90.09,5.07
Kolkata,2020,7,23,1.9992,28.39,86.95,4.11
Kolkata,2020,7,24,3.4094,27.72,89.92,3.28
Kolkata,2020,7,25,5.5114,28.41,85.56,2.94
Kolkata,2020,7,26,5.8387,29.55,84.44,3.38
Kolkata,2020,7,27,3.6127,28.61,90.77,2.17
Kolkata,2020,7,28,3.3434,29.22,86.53,2.87
Kolkata,2020,7,29,3.7438,28.91,86.47,4.46
Kolkata,2020,7,30,5.7192,29.31,84.6,3.12
Kolkata,2020,7,31,5.5157,28.91,87.12,2.26
Kolkata,2020,8,1,5.9155,29.41,84.02,2.06
Kolkata,2020,8,2,4.7249,29.8,85.12,2.0
Kolkata,2020,8,3,4.8403,29.77,85.98,1.66
Kolkata,2020,8,4,0.5503,29.51,88.76,2.12
Kolkata,2020,8,5,1.9639,29.19,88.67,5.51
Kolkata,2020,8,6,2.6261,28.42,91.56,4.11
Kolkata,2020,8,7,3.8894,28.88,88.12,3.87
Kolkata,2020,8,8,4.2312,29.47,87.62,3.55
Kolkata,2020,8,9,4.8749,29.2,87.63,4.15
Kolkata,2020,8,10,5.0246,28.96,88.34,2.52
Kolkata,2020,8,11,4.517,29.26,89.96,2.94
Kolkata,2020,8,12,4.452,29.71,87.29,2.47
Kolkata,2020,8,13,5.3026,29.41,88.19,3.61
Kolkata,2020,8,14,5.0182,28.99,89.42,3.85
Kolkata,2020,8,15,3.5834,29.14,88.47,4.0
Kolkata,2020,8,16,4.1052,28.74,87.86,6.06
Kolkata,2020,8,17,2.1391,28.51,88.06,4.66
Kolkata,2020,8,18,3.1231,28.65,89.73,3.16
Kolkata,2020,8,19,3.7526,27.88,92.78,5.5
Kolkata,2020,8,20,2.1298,27.64,93.42,7.22
Kolkata,2020,8,21,1.199,27.74,94.02,4.73
Kolkata,2020,8,22,3.7582,27.89,91.83,3.01
Kolkata,2020,8,23,3.3314,27.46,92.23,2.26
Kolkata,2020,8,24,4.5708,28.38,87.77,2.12
Kolkata,2020,8,25,5.3825,28.3,92.94,3.82
Kolkata,2020,8,26,2.893,27.89,92.75,6.59
Kolkata,2020,8,27,1.5377,27.87,91.88,5.75
Kolkata,2020,8,28,4.5766,27.68,90.46,4.23
Kolkata,2020,8,29,5.5322,28.48,87.97,3.56
Kolkata,2020,8,30,5.6784,28.53,88.69,2.71
Kolkata,2020,8,31,4.4822,28.52,90.93,2.06
Kolkata,2020,9,1,1.0361,27.06,93.09,2.88
Kolkata,2020,9,2,4.4738,27.74,88.1,3.13
Kolkata,2020,9,3,6.0391,28.23,86.09,2.11
Kolkata,2020,9,4,6.0614,28.7,84.57,1.94
Kolkata,2020,9,5,6.0905,28.64,87.08,3.54
Kolkata,2020,9,6,5.4446,28.17,92.16,3.79
Kolkata,2020,9,7,4.6601,28.52,88.82,3.76
Kolkata,2020,9,8,4.6111,27.73,94.6,3.08
Kolkata,2020,9,9,4.9673,28.17,91.56,2.68
Kolkata,2020,9,10,3.1303,28.15,90.08,3.17
Kolkata,2020,9,11,4.8797,28.53,87.7,3.58
Kolkata,2020,9,12,5.2742,28.28,89.17,2.62
Kolkata,2020,9,13,4.8624,28.57,88.18,1.79
Kolkata,2020,9,14,5.0674,28.18,89.87,2.13
Kolkata,2020,9,15,3.4546,28.37,88.94,2.37
Kolkata,2020,9,16,5.1612,28.36,90.45,2.74
Kolkata,2020,9,17,5.1626,28.09,91.83,2.7
Kolkata,2020,9,18,4.9627,28.88,86.48,1.69
Kolkata,2020,9,19,5.191,28.53,88.65,1.77
Kolkata,2020,9,20,2.3064,28.38,89.14,1.71
Kolkata,2020,9,21,3.1469,28.11,90.93,4.33
Kolkata,2020,9,22,2.7722,28.36,90.34,4.3
Kolkata,2020,9,23,2.1298,28.3,91.73,4.21
Kolkata,2020,9,24,2.8824,27.95,93.42,4.14
Kolkata,2020,9,25,1.8646,27.96,91.94,4.56
Kolkata,2020,9,26,2.5399,27.46,93.58,3.44
Kolkata,2020,9,27,5.0088,28.41,84.97,1.44
Kolkata,2020,9,28,4.7174,28.08,84.36,1.32
Kolkata,2020,9,29,4.9426,28.19,85.25,1.26
Kolkata,2020,9,30,4.3126,27.86,86.31,1.16
Kolkata,2020,10,1,4.3322,27.72,88.03,1.54
Kolkata,2020,10,2,4.1093,27.45,92.45,2.2
Kolkata,2020,10,3,3.7306,27.9,90.43,2.2
Kolkata,2020,10,4,3.881,27.78,91.41,2.3
Kolkata,2020,10,5,3.4946,27.48,90.82,2.23
Kolkata,2020,10,6,3.9898,26.93,93.61,2.24
Kolkata,2020,10,7,3.3773,27.5,91.81,1.96
Kolkata,2020,10,8,4.6778,28.12,87.58,1.35
Kolkata,2020,10,9,4.5946,28.48,85.23,1.07
Kolkata,2020,10,10,4.9896,28.57,86.28,1.08
Kolkata,2020,10,11,4.9066,28.91,84.6,1.3
Kolkata,2020,10,12,5.1497,29.22,81.6,1.35
Kolkata,2020,10,13,5.3813,28.57,85.93,1.86
Kolkata,2020,10,14,4.7208,28.31,88.28,2.22
Kolkata,2020,10,15,4.9831,28.03,89.6,2.0
Kolkata,2020,10,16,5.0753,28.89,82.03,1.27
Kolkata,2020,10,17,4.6157,28.76,83.36,1.7
Kolkata,2020,10,18,3.6418,28.59,83.34,1.26
Kolkata,2020,10,19,3.8138,28.25,82.91,1.3
Kolkata,2020,10,20,4.6762,27.94,86.84,2.15
Kolkata,2020,10,21,4.4165,26.69,92.54,2.37
Kolkata,2020,10,22,1.944,25.98,94.45,3.4
Kolkata,2020,10,23,1.7952,25.41,92.61,3.68
Kolkata,2020,10,24,3.7262,26.71,86.74,2.84
Kolkata,2020,10,25,3.6535,26.65,81.16,1.27
Kolkata,2020,10,26,4.5521,25.44,74.18,1.84
Kolkata,2020,10,27,4.6925,24.24,80.4,2.26
Kolkata,2020,10,28,4.717,23.26,80.78,2.56
Kolkata,2020,10,29,4.7582,23.73,86.07,2.9
Kolkata,2020,10,30,4.9078,25.75,88.01,3.19
Kolkata,2020,10,31,3.7548,26.33,83.88,2.27
Kolkata,2020,11,1,4.1081,26.13,89.95,2.2
Kolkata,2020,11,2,4.5994,26.14,87.51,2.28
Kolkata,2020,11,3,4.8182,25.23,82.27,2.31
Kolkata,2020,11,4,3.707,23.29,67.72,2.18
Kolkata,2020,11,5,4.134,22.81,61.29,1.74
Kolkata,2020,11,6,4.464,22.1,62.56,1.85
Kolkata,2020,11,7,4.3459,20.42,79.3,2.59
Kolkata,2020,11,8,4.8878,20.92,83.48,2.68
Kolkata,2020,11,9,5.2121,22.59,79.69,2.23
Kolkata,2020,11,10,4.8612,22.78,81.16,2.46
Kolkata,2020,11,11,5.045,23.01,82.27,2.72
Kolkata,2020,11,12,4.5986,22.69,85.54,3.01
Kolkata,2020,11,13,4.8919,22.94,85.43,3.18
Kolkata,2020,11,14,4.9841,22.46,83.84,2.81
Kolkata,2020,11,15,4.6678,22.16,83.58,2.65
Kolkata,2020,11,16,4.3932,22.28,81.6,2.23
Kolkata,2020,11,17,4.1033,23.3,78.71,1.96
Kolkata,2020,11,18,3.2388,23.59,80.14,1.88
Kolkata,2020,11,19,3.1013,24.34,76.93,1.34
Kolkata,2020,11,20,3.1812,24.86,80.04,1.45
Kolkata,2020,11,21,1.3661,23.34,86.69,2.77
Kolkata,2020,11,22,3.6348,20.99,72.5,2.55
Kolkata,2020,11,23,4.279,18.15,71.26,2.69
Kolkata,2020,11,24,3.5431,17.72,75.15,2.67
Kolkata,2020,11,25,3.5122,18.7,86.03,2.89
Kolkata,2020,11,26,2.9772,18.51,90.65,2.71
Kolkata,2020,11,27,3.5402,19.38,89.04,3.25
Kolkata,2020,11,28,4.4141,19.57,82.0,3.23
Kolkata,2020,11,29,4.3277,18.78,78.1,3.14
Kolkata,2020,11,30,4.405,18.66,73.16,2.48
Kolkata,2020,12,1,4.1722,19.09,70.8,2.15
Kolkata,2020,12,2,3.8803,19.7,68.83,1.73
Kolkata,2020,12,3,3.6562,20.54,70.72,1.34
Kolkata,2020,12,4,3.4176,20.52,73.39,1.16
Kolkata,2020,12,5,3.2911,20.53,79.49,1.58
Kolkata,2020,12,6,3.3187,20.62,75.68,1.35
Kolkata,2020,12,7,3.5604,19.83,72.54,1.85
Kolkata,2020,12,8,2.3974,19.25,82.03,2.07
Kolkata,2020,12,9,2.311,19.39,83.55,1.9
Kolkata,2020,12,10,2.3842,19.41,80.06,1.65
Kolkata,2020,12,11,1.6018,19.09,77.92,1.6
Kolkata,2020,12,12,3.0194,18.76,79.13,1.67
Kolkata,2020,12,13,3.2486,19.87,76.69,1.61
Kolkata,2020,12,14,3.2016,20.19,78.32,2.51
Kolkata,2020,12,15,3.0475,19.94,78.33,2.73
Kolkata,2020,12,16,3.21,20.07,78.65,2.51
Kolkata,2020,12,17,3.0118,19.9,78.96,2.71
Kolkata,2020,12,18,3.2484,17.94,76.38,2.6
Kolkata,2020,12,19,3.829,14.75,73.06,3.12
Kolkata,2020,12,20,3.8652,13.4,68.39,2.84
Kolkata,2020,12,21,3.1742,13.87,68.31,2.47
Kolkata,2020,12,22,3.0986,15.21,72.14,2.18
Kolkata,2020,12,23,3.5143,15.69,67.4,2.24
Kolkata,2020,12,24,3.3979,16.75,71.39,2.19
Kolkata,2020,12,25,3.6602,16.55,72.88,2.56
Kolkata,2020,12,26,3.8398,15.39,70.46,3.01
Kolkata,2020,12,27,3.8671,15.66,62.46,2.35
Kolkata,2020,12,28,3.7488,17.23,56.72,1.42
Kolkata,2020,12,29,3.5729,17.4,64.14,1.82
Kolkata,2020,12,30,3.4937,16.71,73.06,2.71
Kolkata,2020,12,31,3.5602,15.74,72.34,3.03
Kolkata,2021,1,1,3.8616,15.84,67.41,2.79
Kolkata,2021,1,2,3.8671,16.19,65.38,2.2
Kolkata,2021,1,3,4.0963,17.95,63.41,1.66
Kolkata,2021,1,4,4.1066,19.02,64.79,1.69
Kolkata,2021,1,5,4.1587,19.71,70.91,1.97
Kolkata,2021,1,6,4.2778,20.85,72.74,1.83
Kolkata,2021,1,7,3.7817,22.52,65.62,1.85
Kolkata,2021,1,8,3.5897,21.89,68.48,2.54
Kolkata,2021,1,9,3.6034,21.75,67.32,1.91
Kolkata,2021,1,10,3.4982,22.26,71.66,2.08
Kolkata,2021,1,11,3.0612,21.89,77.05,2.4
Kolkata,2021,1,12,3.1733,20.13,74.84,2.73
Kolkata,2021,1,13,2.6198,18.64,73.19,2.36
Kolkata,2021,1,14,2.6532,17.39,72.15,2.45
Kolkata,2021,1,15,2.8032,16.31,67.71,2.51
Kolkata,2021,1,16,2.4727,16.58,62.39,2.12
Kolkata,2021,1,17,2.429,16.14,69.31,2.55
Kolkata,2021,1,18,2.7394,16.7,67.62,2.05
Kolkata,2021,1,19,2.3455,18.09,69.62,2.05
Kolkata,2021,1,20,2.1746,21.05,78.5,2.58
Kolkata,2021,1,21,3.8662,18.81,60.95,3.02
Kolkata,2021,1,22,4.045,17.03,59.62,2.39
Kolkata,2021,1,23,3.3218,17.32,57.74,1.95
Kolkata,2021,1,24,3.5976,18.63,61.67,1.86
Kolkata,2021,1,25,2.5418,19.02,69.13,2.23
Kolkata,2021,1,26,2.7533,18.51,68.99,2.57
Kolkata,2021,1,27,3.9137,17.39,63.79,2.97
Kolkata,2021,1,28,4.4902,16.34,56.06,3.23
Kolkata,2021,1,29,3.8688,17.8,53.51,2.27
Kolkata,2021,1,30,2.9983,17.73,59.41,2.88
Kolkata,2021,1,31,3.7073,15.39,49.45,3.02
Kolkata,2021,2,1,4.3507,16.28,45.99,2.4
Kolkata,2021,2,2,4.5449,16.75,48.21,2.55
Kolkata,2021,2,3,4.3541,18.35,46.9,2.22
Kolkata,2021,2,4,4.6579,18.74,50.11,2.42
Kolkata,2021,2,5,4.9452,20.12,49.51,2.09
Kolkata,2021,2,6,4.3836,20.14,54.74,2.42
Kolkata,2021,2,7,3.7618,18.89,63.89,3.42
Kolkata,2021,2,8,4.9471,18.39,52.05,2.98
Kolkata,2021,2,9,5.1761,19.6,48.31,2.21
Kolkata,2021,2,10,4.811,21.06,48.14,1.62
Kolkata,2021,2,11,4.5617,21.67,62.94,1.96
Kolkata,2021,2,12,4.3116,22.09,56.92,2.11
Kolkata,2021,2,13,4.2876,22.7,61.1,1.52
Kolkata,2021,2,14,4.2319,22.48,61.97,1.96
Kolkata,2021,2,15,3.9809,22.77,60.08,2.49
Kolkata,2021,2,16,4.6282,23.54,51.14,1.7
Kolkata,2021,2,17,2.9376,23.7,63.03,1.86
Kolkata,2021,2,18,4.1335,24.35,49.22,1.95
Kolkata,2021,2,19,3.6998,24.17,49.64,2.28
Kolkata,2021,2,20,2.292,23.86,48.53,1.64
Kolkata,2021,2,21,4.8674,23.97,39.55,2.66
Kolkata,2021,2,22,4.6836,23.9,37.6,2.47
Kolkata,2021,2,23,4.9226,24.12,41.88,2.37
Kolkata,2021,2,24,4.895,24.77,53.47,2.5
Kolkata,2021,2,25,5.4814,25.29,49.23,2.95
Kolkata,2021,2,26,5.6885,26.43,52.04,2.98
Kolkata,2021,2,27,5.9335,26.56,45.01,2.78
Kolkata,2021,2,28,5.8272,27.15,51.35,3.0
Kolkata,2021,3,1,5.1965,28.0,52.49,2.97
Kolkata,2021,3,2,5.5567,27.44,39.81,2.13
Kolkata,2021,3,3,5.6477,26.56,43.11,2.62
Kolkata,2021,3,4,5.7715,25.84,44.37,2.78
Kolkata,2021,3,5,5.2567,27.23,57.78,4.16
Kolkata,2021,3,6,5.7439,27.54,47.04,3.06
Kolkata,2021,3,7,5.46,28.04,46.91,1.53
Kolkata,2021,3,8,5.0791,27.31,50.03,2.58
Kolkata,2021,3,9,4.5528,28.16,60.99,4.0
Kolkata,2021,3,10,3.7102,28.82,60.95,3.22
Kolkata,2021,3,11,4.0147,28.67,63.0,2.85
Kolkata,2021,3,12,3.923,28.9,55.27,1.86
Kolkata,2021,3,13,3.9106,28.05,53.01,2.46
Kolkata,2021,3,14,5.6618,28.13,44.34,1.98
Kolkata,2021,3,15,5.7077,28.12,50.0,2.52
Kolkata,2021,3,16,6.1534,28.97,45.45,2.44
Kolkata,2021,3,17,5.8788,29.07,42.83,2.28
Kolkata,2021,3,18,5.3256,29.24,43.23,2.63
Kolkata,2021,3,19,5.2102,29.38,42.76,2.37
Kolkata,2021,3,20,4.8919,29.69,41.38,2.3
Kolkata,2021,3,21,4.7083,30.91,44.44,1.37
Kolkata,2021,3,22,5.2344,31.76,45.05,1.57
Kolkata,2021,3,23,5.0861,31.87,41.56,2.05
Kolkata,2021,3,24,4.5722,32.02,43.67,2.72
Kolkata,2021,3,25,5.521,31.69,38.57,2.8
Kolkata,2021,3,26,5.3681,30.89,41.76,2.43
Kolkata,2021,3,27,5.5608,31.34,47.64,1.79
Kolkata,2021,3,28,4.71,30.88,50.24,2.69
Kolkata,2021,3,29,4.8031,31.54,53.75,3.81
Kolkata,2021,3,30,5.6822,32.44,54.07,4.2
Kolkata,2021,3,31,5.7946,32.77,40.69,3.16
Kolkata,2021,4,1,6.319,31.4,46.33,2.75
Kolkata,2021,4,2,5.5176,31.33,55.57,2.44
Kolkata,2021,4,3,5.8685,31.36,54.4,2.45
Kolkata,2021,4,4,5.4521,31.26,52.03,2.95
Kolkata,2021,4,5,6.0852,30.67,49.43,2.06
Kolkata,2021,4,6,6.0019,30.02,54.86,4.02
Kolkata,2021,4,7,5.9846,30.17,61.51,5.62
Kolkata,2021,4,8,5.07,30.35,61.07,6.34
Kolkata,2021,4,9,4.4093,30.24,59.51,5.06
Kolkata,2021,4,10,4.3846,31.44,56.26,4.07
Kolkata,2021,4,11,6.0636,32.41,52.14,3.69
Kolkata,2021,4,12,5.8022,32.58,49.29,3.95
Kolkata,2021,4,13,5.8027,32.61,47.99,3.74
Kolkata,2021,4,14,6.3602,32.93,50.56,5.05
Kolkata,2021,4,15,4.8605,31.84,52.74,4.66
Kolkata,2021,4,16,3.3773,31.48,53.69,5.08
Kolkata,2021,4,17,6.4423,31.23,54.74,4.95
Kolkata,2021,4,18,5.6258,30.44,60.94,4.46
Kolkata,2021,4,19,6.9694,31.33,53.67,3.41
Kolkata,2021,4,20,6.7817,31.87,58.48,4.42
Kolkata,2021,4,21,6.5395,32.31,59.14,5.37
Kolkata,2021,4,22,2.4406,30.96,63.21,3.53
Kolkata,2021,4,23,5.6522,31.45,52.91,2.71
Kolkata,2021,4,24,6.8666,31.92,45.62,3.17
Kolkata,2021,4,25,6.7142,32.79,52.73,3.58
Kolkata,2021,4,26,6.3168,32.71,53.6,4.48
Kolkata,2021,4,27,6.2393,32.38,55.69,4.31
Kolkata,2021,4,28,6.4397,32.79,55.58,4.18
Kolkata,2021,4,29,6.486,30.51,61.65,3.32
Kolkata,2021,4,30,6.2887,31.82,56.7,4.17
Kolkata,2021,5,1,6.341,32.57,52.5,3.84
Kolkata,2021,5,2,5.7125,31.88,58.22,4.02
Kolkata,2021,5,3,5.7902,30.51,64.66,3.97
Kolkata,2021,5,4,3.3134,28.42,70.81,2.38
Kolkata,2021,5,5,5.0592,29.14,65.06,2.94
Kolkata,2021,5,6,6.3566,30.23,65.7,3.24
Kolkata,2021,5,7,6.5038,30.81,65.71,3.93
Kolkata,2021,5,8,6.7786,31.3,61.23,3.63
Kolkata,2021,5,9,4.9968,30.93,64.4,3.71
Kolkata,2021,5,10,6.2143,30.94,66.68,3.96
Kolkata,2021,5,11,4.2583,30.46,72.08,3.86
Kolkata,2021,5,12,6.2902,30.56,69.42,2.76
Kolkata,2021,5,13,4.5458,30.82,68.47,3.14
Kolkata,2021,5,14,6.6022,31.2,65.31,3.29
Kolkata,2021,5,15,6.7562,32.16,65.06,4.05
Kolkata,2021,5,16,6.899,32.36,66.12,4.01
Kolkata,2021,5,17,7.1606,32.85,66.52,4.33
Kolkata,2021,5,18,7.3272,33.08,67.45,5.09
Kolkata,2021,5,19,6.139,32.32,70.61,4.41
Kolkata,2021,5,20,7.3294,31.21,78.29,4.48
Kolkata,2021,5,21,7.211,31.52,72.43,4.15
Kolkata,2021,5,22,6.7294,32.09,67.07,3.16
Kolkata,2021,5,23,6.8191,32.31,65.79,1.74
Kolkata,2021,5,24,3.8278,30.78,69.26,3.28
Kolkata,2021,5,25,3.3643,28.77,80.32,7.89
Kolkata,2021,5,26,2.8937,28.25,82.32,12.83
Kolkata,2021,5,27,3.097,29.52,82.69,9.74
Kolkata,2021,5,28,5.9731,29.87,83.19,5.5
Kolkata,2021,5,29,5.3952,30.01,79.73,4.0
Kolkata,2021,5,30,4.8818,29.99,81.2,4.43
Kolkata,2021,5,31,1.1762,29.42,88.56,4.85
Kolkata,2021,6,1,4.5362,29.54,87.67,3.7
Kolkata,2021,6,2,4.5857,29.75,83.34,3.03
Kolkata,2021,6,3,6.0024,29.82,82.37,3.49
Kolkata,2021,6,4,6.5945,30.0,81.8,3.13
Kolkata,2021,6,5,6.5722,30.31,79.7,3.66
Kolkata,2021,6,6,6.6324,30.0,82.33,4.15
Kolkata,2021,6,7,5.1991,30.35,83.67,5.56
Kolkata,2021,6,8,5.4994,29.8,86.24,5.36
Kolkata,2021,6,9,3.8306,27.59,84.65,4.06
Kolkata,2021,6,10,3.2383,27.37,88.2,3.1
Kolkata,2021,6,11,3.9158,28.17,87.3,1.9
Kolkata,2021,6,12,4.1902,28.62,84.25,2.34
Kolkata,2021,6,13,4.2384,29.21,83.43,2.71
Kolkata,2021,6,14,4.1357,29.25,85.98,3.93
Kolkata,2021,6,15,1.717,28.99,85.64,3.54
Kolkata,2021,6,16,1.6738,28.09,88.97,4.44
Kolkata,2021,6,17,1.2989,27.34,90.9,7.73
Kolkata,2021,6,18,3.0281,27.7,88.18,3.71
Kolkata,2021,6,19,1.1947,27.71,88.95,4.47
Kolkata,2021,6,20,2.5027,27.52,90.44,4.44
Kolkata,2021,6,21,3.7932,28.1,87.4,3.65
Kolkata,2021,6,22,3.6816,28.44,87.78,3.73
Kolkata,2021,6,23,4.3769,27.88,88.03,5.77
Kolkata,2021,6,24,5.8205,28.73,85.0,3.93
Kolkata,2021,6,25,5.3738,28.71,85.85,3.7
Kolkata,2021,6,26,4.9886,28.75,86.58,4.59
Kolkata,2021,6,27,4.7251,28.95,86.87,4.17
Kolkata,2021,6,28,5.0604,28.4,88.07,5.04
Kolkata,2021,6,29,3.745,29.23,86.73,5.73
Kolkata,2021,6,30,4.3054,28.92,91.25,5.78
Kolkata,2021,7,1,2.209,28.96,90.07,6.6
Kolkata,2021,7,2,3.0293,28.32,89.89,5.03
Kolkata,2021,7,3,4.1076,28.1,92.9,2.93
Kolkata,2021,7,4,3.4572,28.86,86.69,2.78
Kolkata,2021,7,5,4.6874,29.2,85.13,2.19
Kolkata,2021,7,6,3.6415,29.19,88.39,3.53
Kolkata,2021,7,7,2.8673,28.84,90.86,3.85
Kolkata,2021,7,8,3.5642,28.63,87.78,3.84
Kolkata,2021,7,9,4.8883,28.81,83.8,3.37
Kolkata,2021,7,10,4.6366,28.89,86.64,2.9
Kolkata,2021,7,11,5.7098,28.81,88.02,3.28
Kolkata,2021,7,12,4.9968,28.31,89.54,3.52
Kolkata,2021,7,13,5.1089,28.3,87.32,3.51
Kolkata,2021,7,14,5.1535,28.49,86.67,4.7
Kolkata,2021,7,15,6.3982,29.17,82.63,2.62
Kolkata,2021,7,16,6.0029,28.65,84.93,1.99
Kolkata,2021,7,17,5.8464,28.47,88.74,3.54
Kolkata,2021,7,18,5.7214,29.28,84.98,3.58
Kolkata,2021,7,19,3.9852,28.71,89.74,3.37
Kolkata,2021,7,20,2.573,28.98,87.28,2.5
Kolkata,2021,7,21,4.4662,29.33,83.97,1.93
Kolkata,2021,7,22,4.891,28.94,86.22,3.88
Kolkata,2021,7,23,3.1603,29.12,89.76,6.05
Kolkata,2021,7,24,2.2258,28.33,91.55,5.11
Kolkata,2021,7,25,4.9234,29.37,85.86,2.53
Kolkata,2021,7,26,3.5921,28.89,89.16,3.95
Kolkata,2021,7,27,2.6386,28.28,90.99,4.39
Kolkata,2021,7,28,2.8152,28.7,90.71,4.74
Kolkata,2021,7,29,0.9797,27.54,93.87,8.22
Kolkata,2021,7,30,3.3461,28.3,90.5,5.84
Kolkata,2021,7,31,4.123,28.48,87.98,5.19
Kolkata,2021,8,1,5.0064,28.13,90.02,3.89
Kolkata,2021,8,2,4.0985,27.52,90.89,3.33
Kolkata,2021,8,3,3.2098,28.57,87.36,2.83
Kolkata,2021,8,4,2.8385,27.84,91.16,3.11
Kolkata,2021,8,5,5.0582,28.47,88.76,4.35
Kolkata,2021,8,6,4.1602,28.26,89.99,3.35
Kolkata,2021,8,7,2.2236,28.77,90.39,3.12
Kolkata,2021,8,8,3.1164,28.26,91.77,3.81
Kolkata,2021,8,9,4.5857,29.19,88.61,3.98
Kolkata,2021,8,10,4.9726,28.5,92.69,4.0
Kolkata,2021,8,11,4.5406,28.56,93.22,4.2
Kolkata,2021,8,12,2.808,28.63,92.91,4.88
Kolkata,2021,8,13,2.9405,28.33,91.17,2.56
Kolkata,2021,8,14,4.3778,29.17,89.11,3.01
Kolkata,2021,8,15,5.4403,28.88,89.43,2.31
Kolkata,2021,8,16,3.4306,28.67,88.25,2.78
Kolkata,2021,8,17,3.0456,28.03,91.88,4.71
Kolkata,2021,8,18,3.5635,27.7,92.69,3.96
Kolkata,2021,8,19,3.666,27.46,93.21,4.46
Kolkata,2021,8,20,2.7922,27.47,92.38,4.0
Kolkata,2021,8,21,3.7882,27.81,88.77,3.9
Kolkata,2021,8,22,6.101,28.13,88.6,3.88
Kolkata,2021,8,23,5.6604,28.64,87.94,3.87
Kolkata,2021,8,24,4.6212,28.41,91.15,2.99
Kolkata,2021,8,25,4.1928,28.27,92.05,3.75
Kolkata,2021,8,26,2.075,27.79,93.94,2.47
Kolkata,2021,8,27,3.389,27.32,92.2,4.09
Kolkata,2021,8,28,4.6495,28.15,89.91,3.95
Kolkata,2021,8,29,3.9497,27.75,90.29,3.57
Kolkata,2021,8,30,4.2523,27.22,92.28,3.33
Kolkata,2021,8,31,5.2421,27.89,89.53,3.32
Kolkata,2021,9,1,5.4442,28.2,86.39,2.24
Kolkata,2021,9,2,5.3314,28.22,83.71,1.58
Kolkata,2021,9,3,5.0544,27.7,86.23,1.94
Kolkata,2021,9,4,5.2202,28.4,86.0,2.02
Kolkata,2021,9,5,5.3623,28.62,87.33,2.54
Kolkata,2021,9,6,4.3387,28.52,90.9,4.59
Kolkata,2021,9,7,2.8502,27.58,92.58,4.89
Kolkata,2021,9,8,4.4474,27.5,92.46,2.4
Kolkata,2021,9,9,4.6675,27.98,87.32,1.99
Kolkata,2021,9,10,5.3222,28.24,86.25,1.6
Kolkata,2021,9,11,3.5748,27.9,90.42,4.55
Kolkata,2021,9,12,4.2646,27.82,91.23,5.2
Kolkata,2021,9,13,2.4893,27.53,94.0,6.02
Kolkata,2021,9,14,0.6451,27.46,93.66,5.93
Kolkata,2021,9,15,3.0929,27.25,95.47,3.93
Kolkata,2021,9,16,4.0366,28.04,86.94,2.08
Kolkata,2021,9,17,4.0198,27.79,89.28,2.34
Kolkata,2021,9,18,2.7026,27.65,88.25,1.82
Kolkata,2021,9,19,3.3576,27.23,90.14,1.57
Kolkata,2021,9,20,1.2631,26.76,94.04,2.84
Kolkata,2021,9,21,2.6345,26.83,94.97,4.54
Kolkata,2021,9,22,2.7605,26.93,93.51,2.21
Kolkata,2021,9,23,4.4047,27.07,93.44,2.68
Kolkata,2021,9,24,5.2678,28.2,85.47,1.39
Kolkata,2021,9,25,3.3528,28.2,87.65,2.04
Kolkata,2021,9,26,3.8546,27.57,91.14,3.34
Kolkata,2021,9,27,4.5617,27.4,91.87,2.79
Kolkata,2021,9,28,2.1346,26.3,93.92,4.64
Kolkata,2021,9,29,1.285,26.73,90.51,1.61
Kolkata,2021,9,30,4.1186,26.97,92.45,2.57
Kolkata,2021,10,1,5.9038,27.33,89.76,2.28
Kolkata,2021,10,2,5.6465,27.55,90.05,2.98
Kolkata,2021,10,3,5.0184,27.56,92.94,3.46
Kolkata,2021,10,4,4.2458,27.36,92.15,2.75
Kolkata,2021,10,5,4.596,27.56,91.46,2.14
Kolkata,2021,10,6,4.7753,27.73,86.63,1.64
Kolkata,2021,10,7,4.3954,28.16,87.33,1.9
Kolkata,2021,10,8,4.5545,28.47,85.68,1.56
Kolkata,2021,10,9,4.4246,28.21,86.23,1.43
Kolkata,2021,10,10,4.2346,27.81,86.98,2.16
Kolkata,2021,10,11,4.8449,27.83,87.63,2.11
Kolkata,2021,10,12,4.6116,28.13,85.53,1.98
Kolkata,2021,10,13,3.0048,27.23,91.53,1.98
Kolkata,2021,10,14,3.961,27.98,87.56,1.5
Kolkata,2021,10,15,5.2536,28.74,82.5,1.51
Kolkata,2021,10,16,4.7126,27.86,90.97,2.23
Kolkata,2021,10,17,2.8985,26.91,94.51,3.04
Kolkata,2021,10,18,1.181,26.6,94.53,5.54
Kolkata,2021,10,19,1.1707,26.66,94.57,4.77
Kolkata,2021,10,20,2.7962,27.38,91.21,3.37
Kolkata,2021,10,21,4.9442,26.09,85.85,2.54
Kolkata,2021,10,22,4.968,25.93,77.14,1.35
Kolkata,2021,10,23,4.5199,25.67,70.93,0.94
Kolkata,2021,10,24,3.9917,25.77,73.79,1.08
Kolkata,2021,10,25,4.4004,26.09,76.68,0.78
Kolkata,2021,10,26,4.4198,25.57,83.52,1.57
Kolkata,2021,10,27,3.1639,25.13,88.03,2.64
Kolkata,2021,10,28,2.8301,25.14,88.28,2.77
Kolkata,2021,10,29,4.8485,24.33,86.78,3.28
Kolkata,2021,10,30,4.8895,24.19,84.03,2.44
Kolkata,2021,10,31,4.7177,24.01,80.76,2.13
Kolkata,2021,11,1,4.5346,23.51,83.97,1.76
Kolkata,2021,11,2,4.2252,23.43,82.16,2.16
Kolkata,2021,11,3,4.4194,23.76,78.32,1.51
Kolkata,2021,11,4,4.1462,24.27,78.52,1.26
Kolkata,2021,11,5,4.2826,22.35,81.66,2.14
Kolkata,2021,11,6,4.715,21.63,80.71,2.42
Kolkata,2021,11,7,4.758,21.09,79.1,2.28
Kolkata,2021,11,8,4.9018,20.67,83.07,2.55
Kolkata,2021,11,9,4.8706,20.87,85.98,2.2
Kolkata,2021,11,10,4.7993,21.95,82.9,1.66
Kolkata,2021,11,11,3.8508,22.51,82.14,1.66
Kolkata,2021,11,12,2.9244,23.96,83.3,1.81
Kolkata,2021,11,13,1.9183,24.11,88.92,1.54
Kolkata,2021,11,14,1.9538,24.68,88.34,1.31
Kolkata,2021,11,15,1.3826,23.69,90.12,1.34
Kolkata,2021,11,16,4.0766,22.55,90.51,2.67
Kolkata,2021,11,17,4.3397,22.34,87.62,3.07
Kolkata,2021,11,18,4.5252,21.52,83.67,2.57
Kolkata,2021,11,19,4.6932,22.36,79.89,1.72
Kolkata,2021,11,20,4.3565,23.32,79.08,1.14
Kolkata,2021,11,21,3.2926,23.25,82.6,1.41
Kolkata,2021,11,22,3.5009,24.08,77.87,1.13
Kolkata,2021,11,23,3.3041,23.38,83.09,2.17
Kolkata,2021,11,24,3.3372,20.88,80.47,2.85
Kolkata,2021,11,25,3.2854,20.94,71.84,2.07
Kolkata,2021,11,26,3.2813,20.38,79.26,2.21
Kolkata,2021,11,27,3.6782,19.89,82.4,2.3
Kolkata,2021,11,28,4.2358,18.95,84.43,2.53
Kolkata,2021,11,29,4.4414,19.05,86.71,2.44
Kolkata,2021,11,30,4.3637,19.01,87.89,2.86
Kolkata,2021,12,1,4.3562,19.55,85.08,2.67
Kolkata,2021,12,2,4.6334,20.42,79.65,1.85
Kolkata,2021,12,3,3.5479,20.87,83.86,1.92
Kolkata,2021,12,4,1.1328,20.4,94.39,2.98
Kolkata,2021,12,5,1.0339,22.29,94.19,4.53
Kolkata,2021,12,6,1.4357,23.02,92.75,3.8
Kolkata,2021,12,7,1.7203,21.36,89.18,2.64
Kolkata,2021,12,8,3.6214,20.78,88.57,2.68
Kolkata,2021,12,9,2.2546,20.93,88.55,2.54
Kolkata,2021,12,10,3.1814,20.17,80.58,2.35
Kolkata,2021,12,11,3.4927,19.18,81.09,2.4
Kolkata,2021,12,12,3.0962,17.93,82.44,3.23
Kolkata,2021,12,13,3.4937,17.33,80.77,2.27
Kolkata,2021,12,14,3.7476,17.13,79.67,2.04
Kolkata,2021,12,15,3.4639,17.08,76.3,1.64
Kolkata,2021,12,16,3.3922,16.65,84.61,2.54
Kolkata,2021,12,17,4.1014,16.98,77.8,2.09
Kolkata,2021,12,18,4.0457,17.35,84.9,2.68
Kolkata,2021,12,19,3.4104,14.84,78.23,3.47
Kolkata,2021,12,20,4.1102,12.55,76.81,2.76
Kolkata,2021,12,21,3.2563,13.08,81.15,2.6
Kolkata,2021,12,22,3.1596,13.69,77.11,2.81
Kolkata,2021,12,23,3.222,15.46,77.61,2.12
Kolkata,2021,12,24,3.247,17.27,70.12,1.0
Kolkata,2021,12,25,3.2858,18.27,73.89,1.11
Kolkata,2021,12,26,2.9287,19.5,77.36,0.92
Kolkata,2021,12,27,2.4996,19.47,76.63,1.16
Kolkata,2021,12,28,2.7974,18.99,83.29,1.79
Kolkata,2021,12,29,2.1936,19.09,84.24,2.04
Kolkata,2021,12,30,2.5903,18.01,85.78,3.0
Kolkata,2021,12,31,3.9487,17.97,84.68,3.26
Kolkata,2022,1,1,3.8714,16.42,82.52,3.11
Kolkata,2022,1,2,3.8057,15.76,83.96,3.19
Kolkata,2022,1,3,4.1153,15.86,80.88,2.83
Kolkata,2022,1,4,4.0306,15.28,77.44,2.9
Kolkata,2022,1,5,4.0258,15.54,76.87,2.49
Kolkata,2022,1,6,4.0104,17.31,72.58,1.71
Kolkata,2022,1,7,4.0322,17.76,74.46,2.31
Kolkata,2022,1,8,4.2809,18.44,80.7,2.09
Kolkata,2022,1,9,4.332,19.57,78.2,1.4
Kolkata,2022,1,10,3.5266,20.32,73.82,0.97
Kolkata,2022,1,11,3.1493,19.97,80.95,1.88
Kolkata,2022,1,12,1.656,18.43,87.6,1.79
Kolkata,2022,1,13,3.1416,18.29,85.97,2.31
Kolkata,2022,1,14,1.0111,17.65,85.25,2.86
Kolkata,2022,1,15,3.3394,16.62,78.83,3.03
Kolkata,2022,1,16,3.8597,15.77,80.52,3.91
Kolkata,2022,1,17,3.9329,14.31,80.39,3.21
Kolkata,2022,1,18,4.1234,14.06,80.14,2.81
Kolkata,2022,1,19,4.0121,15.36,80.19,2.72
Kolkata,2022,1,20,3.7354,15.96,71.99,2.09
Kolkata,2022,1,21,2.7811,18.32,67.72,0.91
Kolkata,2022,1,22,2.1391,19.09,81.54,2.01
Kolkata,2022,1,23,1.7753,19.83,86.14,3.06
Kolkata,2022,1,24,1.9973,19.14,92.89,2.18
Kolkata,2022,1,25,3.491,19.27,77.59,1.1
Kolkata,2022,1,26,3.067,18.65,79.59,1.77
Kolkata,2022,1,27,3.5114,16.39,75.49,3.3
Kolkata,2022,1,28,4.1352,13.99,75.39,2.87
Kolkata,2022,1,29,4.2742,13.6,72.89,3.18
Kolkata,2022,1,30,4.3495,15.09,67.04,2.11
Kolkata,2022,1,31,4.5936,17.23,68.88,2.22
Kolkata,2022,2,1,4.4861,18.44,73.72,2.15
Kolkata,2022,2,2,4.4983,19.9,60.56,0.93
Kolkata,2022,2,3,3.271,19.78,82.1,3.24
Kolkata,2022,2,4,1.1582,21.0,86.5,5.63
Kolkata,2022,2,5,4.8036,17.42,67.78,3.72
Kolkata,2022,2,6,5.0446,15.97,69.84,2.09
Kolkata,2022,2,7,4.7666,16.89,69.05,1.34
Kolkata,2022,2,8,4.3728,18.51,68.08,1.14
Kolkata,2022,2,9,3.8378,19.53,72.49,1.3
Kolkata,2022,2,10,1.9762,20.15,80.39,2.51
Kolkata,2022,2,11,3.0504,19.01,71.07,3.12
Kolkata,2022,2,12,4.7671,17.77,61.84,1.99
Kolkata,2022,2,13,5.4912,17.14,64.07,2.74
Kolkata,2022,2,14,5.3486,17.72,62.31,2.56
Kolkata,2022,2,15,5.4432,18.45,58.74,1.99
Kolkata,2022,2,16,5.0981,18.7,63.72,2.01
Kolkata,2022,2,17,4.5118,19.98,68.0,2.13
Kolkata,2022,2,18,4.5799,19.76,57.93,2.15
Kolkata,2022,2,19,5.0585,19.71,58.33,2.19
Kolkata,2022,2,20,2.0561,20.55,81.48,3.25
Kolkata,2022,2,21,4.8046,20.09,69.71,2.66
Kolkata,2022,2,22,4.1892,21.52,77.33,1.7
Kolkata,2022,2,23,4.5271,22.22,70.74,1.46
Kolkata,2022,2,24,4.7314,22.22,81.54,3.32
Kolkata,2022,2,25,3.3074,22.82,80.47,2.86
Kolkata,2022,2,26,5.3359,23.71,76.56,1.64
Kolkata,2022,2,27,4.5965,24.24,67.56,1.63
Kolkata,2022,2,28,5.3198,24.04,71.68,2.79
Kolkata,2022,3,1,4.5218,24.07,68.3,1.96
Kolkata,2022,3,2,5.095,23.84,65.76,2.14
Kolkata,2022,3,3,5.2553,23.48,62.56,1.78
Kolkata,2022,3,4,5.2622,23.24,58.63,2.08
Kolkata,2022,3,5,5.1754,23.82,67.25,2.58
Kolkata,2022,3,6,5.4494,23.84,61.46,2.25
Kolkata,2022,3,7,5.7912,22.3,61.81,3.22
Kolkata,2022,3,8,5.8339,22.87,61.9,2.95
Kolkata,2022,3,9,5.8553,23.39,56.09,2.62
Kolkata,2022,3,10,5.9561,23.56,54.87,2.52
Kolkata,2022,3,11,5.4449,23.72,56.44,2.8
Kolkata,2022,3,12,5.9436,24.42,57.47,2.59
Kolkata,2022,3,13,6.2712,24.03,59.35,2.68
Kolkata,2022,3,14,6.3413,24.82,56.66,2.7
Kolkata,2022,3,15,6.2609,25.89,51.66,2.31
Kolkata,2022,3,16,6.0338,26.16,69.53,3.71
Kolkata,2022,3,17,6.0329,27.03,71.05,3.77
Kolkata,2022,3,18,6.2474,26.94,66.7,3.17
Kolkata,2022,3,19,6.5054,26.68,62.74,3.32
Kolkata,2022,3,20,6.491,26.92,67.06,3.13
Kolkata,2022,3,21,5.9354,28.14,69.44,3.34
Kolkata,2022,3,22,5.5116,28.91,67.37,2.68
Kolkata,2022,3,23,4.7966,29.17,64.77,3.22
Kolkata,2022,3,24,5.5051,29.08,68.4,4.56
Kolkata,2022,3,25,4.2943,29.09,72.04,5.42
Kolkata,2022,3,26,3.6408,29.68,71.51,4.81
Kolkata,2022,3,27,4.9966,30.09,63.51,1.77
Kolkata,2022,3,28,6.0634,29.51,66.23,3.33
Kolkata,2022,3,29,5.8877,29.68,66.35,3.92
Kolkata,2022,3,30,5.2397,29.57,72.73,4.8
Kolkata,2022,3,31,5.1871,29.86,71.12,5.22
Kolkata,2022,4,1,4.9526,30.16,70.27,5.97
Kolkata,2022,4,2,4.1638,30.16,69.49,5.45
Kolkata,2022,4,3,5.2493,30.01,68.8,5.12
Kolkata,2022,4,4,5.1542,30.38,65.35,6.85
Kolkata,2022,4,5,5.545,30.1,64.43,5.86
Kolkata,2022,4,6,5.484,30.04,65.51,5.1
Kolkata,2022,4,7,6.006,30.54,62.0,4.6
Kolkata,2022,4,8,6.2014,30.67,61.13,5.07
Kolkata,2022,4,9,6.2654,31.07,62.94,4.86
Kolkata,2022,4,10,6.1426,31.07,65.04,5.97
Kolkata,2022,4,11,6.0835,31.67,64.27,5.2
Kolkata,2022,4,12,5.311,31.39,64.79,4.7
Kolkata,2022,4,13,5.9678,31.06,65.69,5.79
Kolkata,2022,4,14,5.3678,32.09,61.02,5.45
Kolkata,2022,4,15,5.731,33.32,55.9,4.65
Kolkata,2022,4,16,5.3369,33.03,56.24,4.84
Kolkata,2022,4,17,6.1932,32.73,58.4,5.04
Kolkata,2022,4,18,6.4802,32.67,58.29,4.45
Kolkata,2022,4,19,5.9086,31.94,62.17,5.6
Kolkata,2022,4,20,5.131,32.23,58.95,5.44
Kolkata,2022,4,21,5.4134,31.51,60.92,4.43
Kolkata,2022,4,22,4.6104,32.27,61.61,4.07
Kolkata,2022,4,23,6.2328,33.29,55.3,4.03
Kolkata,2022,4,24,6.6127,33.82,52.21,3.92
Kolkata,2022,4,25,6.4987,33.79,55.38,3.55
Kolkata,2022,4,26,6.4003,33.51,56.85,5.14
Kolkata,2022,4,27,6.385,33.3,58.65,5.29
Kolkata,2022,4,28,6.443,33.99,54.86,4.67
Kolkata,2022,4,29,6.1286,33.92,56.23,5.08
Kolkata,2022,4,30,4.7952,32.8,58.26,5.43
Kolkata,2022,5,1,5.5546,31.04,64.13,3.95
Kolkata,2022,5,2,5.4331,30.07,64.95,4.23
Kolkata,2022,5,3,3.845,29.69,69.36,4.09
Kolkata,2022,5,4,5.9201,30.26,69.52,3.51
Kolkata,2022,5,5,5.0971,30.06,69.81,1.89
Kolkata,2022,5,6,6.8045,30.25,67.81,2.03
Kolkata,2022,5,7,6.4265,31.38,59.9,1.85
Kolkata,2022,5,8,6.3089,30.88,65.92,2.83
Kolkata,2022,5,9,3.0617,29.51,73.16,4.5
Kolkata,2022,5,10,4.7309,28.59,80.26,4.48
Kolkata,2022,5,11,3.8477,29.48,77.49,5.26
Kolkata,2022,5,12,5.2733,30.2,75.45,6.2
Kolkata,2022,5,13,5.0916,30.72,74.93,7.73
Kolkata,2022,5,14,6.4042,31.15,74.33,8.2
Kolkata,2022,5,15,5.964,29.99,80.78,7.38
Kolkata,2022,5,16,5.9597,30.0,79.3,6.81
Kolkata,2022,5,17,6.2246,29.58,80.01,6.37
Kolkata,2022,5,18,5.9496,29.79,81.02,5.91
Kolkata,2022,5,19,3.9418,31.01,72.91,6.18
Kolkata,2022,5,20,6.6384,31.3,72.24,6.03
Kolkata,2022,5,21,5.7377,30.96,77.1,5.07
Kolkata,2022,5,22,3.3019,30.01,76.31,4.94
Kolkata,2022,5,23,6.4212,30.81,68.68,2.79
Kolkata,2022,5,24,6.053,31.34,65.22,1.54
Kolkata,2022,5,25,6.2866,31.29,67.32,2.86
Kolkata,2022,5,26,5.8826,31.8,64.16,3.51
Kolkata,2022,5,27,6.1337,32.09,63.43,3.81
Kolkata,2022,5,28,6.3686,32.65,63.69,2.13
Kolkata,2022,5,29,4.1218,32.9,63.18,2.13
Kolkata,2022,5,30,5.2776,31.15,71.33,2.85
Kolkata,2022,5,31,4.6714,31.13,71.29,2.77
Kolkata,2022,6,1,3.5669,30.41,76.12,3.37
Kolkata,2022,6,2,3.9564,31.09,70.52,4.14
Kolkata,2022,6,3,3.6948,30.19,78.42,4.85
Kolkata,2022,6,4,5.1787,30.97,74.24,5.77
Kolkata,2022,6,5,5.7293,31.22,72.04,5.71
Kolkata,2022,6,6,5.3057,31.24,69.53,5.66
Kolkata,2022,6,7,5.8387,31.74,70.82,5.44
Kolkata,2022,6,8,4.4568,30.49,78.67,5.3
Kolkata,2022,6,9,4.2475,31.21,76.58,5.33
Kolkata,2022,6,10,3.901,30.27,76.5,5.29
Kolkata,2022,6,11,2.9604,30.28,77.02,5.65
Kolkata,2022,6,12,5.1854,30.62,77.5,5.19
Kolkata,2022,6,13,5.527,31.62,72.3,6.16
Kolkata,2022,6,14,5.3424,30.43,79.99,6.84
Kolkata,2022,6,15,3.1795,30.05,79.74,5.95
Kolkata,2022,6,16,4.2684,29.52,81.05,6.52
Kolkata,2022,6,17,4.049,29.11,82.98,6.8
Kolkata,2022,6,18,2.4857,28.68,84.87,6.69
Kolkata,2022,6,19,4.297,28.71,82.91,6.15
Kolkata,2022,6,20,3.9,28.3,84.54,6.07
Kolkata,2022,6,21,5.1559,28.45,83.72,3.72
Kolkata,2022,6,22,3.2359,28.03,83.31,3.2
Kolkata,2022,6,23,4.7722,28.94,77.6,2.91
Kolkata,2022,6,24,4.0195,28.85,80.83,4.0
Kolkata,2022,6,25,4.3394,29.32,78.63,4.51
Kolkata,2022,6,26,5.4775,29.11,79.29,4.22
Kolkata,2022,6,27,6.2198,29.52,78.32,4.03
Kolkata,2022,6,28,5.5889,29.41,79.2,4.02
Kolkata,2022,6,29,4.4654,29.39,81.61,3.92
Kolkata,2022,6,30,3.4049,29.21,82.2,2.86
Kolkata,2022,7,1,3.4733,29.2,84.72,3.1
Kolkata,2022,7,2,4.2413,28.76,86.3,1.94
Kolkata,2022,7,3,3.8129,28.53,86.99,2.84
Kolkata,2022,7,4,5.4538,29.11,82.89,2.39
Kolkata,2022,7,5,5.2783,29.29,81.24,3.06
Kolkata,2022,7,6,4.0346,28.48,87.88,3.78
Kolkata,2022,7,7,5.772,28.81,82.48,3.48
Kolkata,2022,7,8,5.1031,28.75,83.98,4.03
Kolkata,2022,7,9,5.5951,28.84,81.72,4.55
Kolkata,2022,7,10,5.0707,28.96,83.14,4.49
Kolkata,2022,7,11,4.9224,28.79,83.36,5.69
Kolkata,2022,7,12,5.2073,29.24,82.93,6.24
Kolkata,2022,7,13,5.0484,29.34,83.9,6.47
Kolkata,2022,7,14,4.7681,28.55,85.56,5.78
Kolkata,2022,7,15,5.3407,29.16,82.68,5.57
Kolkata,2022,7,16,4.9315,29.34,83.35,5.45
Kolkata,2022,7,17,5.161,29.31,84.02,6.23
Kolkata,2022,7,18,5.2409,29.3,80.02,5.25
Kolkata,2022,7,19,5.0378,29.16,82.22,4.64
Kolkata,2022,7,20,4.8624,29.73,79.91,4.32
Kolkata,2022,7,21,4.0128,29.73,81.51,3.03
Kolkata,2022,7,22,4.5775,28.69,86.86,2.61
Kolkata,2022,7,23,3.295,28.62,85.15,3.99
Kolkata,2022,7,24,2.4566,28.04,87.12,4.3
Kolkata,2022,7,25,3.6038,27.89,86.18,4.33
Kolkata,2022,7,26,4.6229,28.19,82.53,3.12
Kolkata,2022,7,27,5.4566,28.42,82.78,2.75
Kolkata,2022,7,28,5.3626,28.53,83.56,1.86
Kolkata,2022,7,29,5.4727,29.16,82.86,2.56
Kolkata,2022,7,30,5.772,28.89,87.25,3.5
Kolkata,2022,7,31,3.9708,28.63,89.94,3.73
Kolkata,2022,8,1,3.137,28.83,88.78,3.05
Kolkata,2022,8,2,3.6658,29.54,84.44,2.24
Kolkata,2022,8,3,2.5459,28.56,88.17,2.28
Kolkata,2022,8,4,4.793,28.98,83.41,2.34
Kolkata,2022,8,5,4.2264,29.13,86.54,2.83
Kolkata,2022,8,6,4.0462,28.78,86.3,2.34
Kolkata,2022,8,7,5.2426,29.17,85.96,3.62
Kolkata,2022,8,8,3.7116,28.39,87.02,5.22
Kolkata,2022,8,9,4.0382,28.06,89.06,6.26
Kolkata,2022,8,10,2.8322,27.8,91.67,5.46
Kolkata,2022,8,11,3.3941,27.65,88.94,2.66
Kolkata,2022,8,12,5.0705,28.68,83.71,1.81
Kolkata,2022,8,13,5.1086,28.98,85.15,3.25
Kolkata,2022,8,14,1.7976,27.74,91.01,7.36
Kolkata,2022,8,15,3.3936,27.82,88.9,6.47
Kolkata,2022,8,16,5.7562,28.85,84.24,3.0
Kolkata,2022,8,17,5.845,28.96,86.0,2.69
Kolkata,2022,8,18,4.7957,28.56,89.28,3.28
Kolkata,2022,8,19,2.2186,28.25,89.31,5.77
Kolkata,2022,8,20,2.9731,27.59,89.84,7.77
Kolkata,2022,8,21,4.505,28.45,86.8,3.93
Kolkata,2022,8,22,5.4518,28.93,84.84,2.04
Kolkata,2022,8,23,3.27,28.24,87.61,1.69
Kolkata,2022,8,24,3.2462,28.05,87.96,3.8
Kolkata,2022,8,25,4.9757,28.33,86.47,3.81
Kolkata,2022,8,26,5.2421,28.13,86.05,3.17
Kolkata,2022,8,27,4.0702,27.96,90.28,4.41
Kolkata,2022,8,28,4.1282,27.98,89.39,4.55
Kolkata,2022,8,29,5.567,28.41,86.32,3.08
Kolkata,2022,8,30,6.3557,28.66,85.1,2.14
Kolkata,2022,8,31,5.7816,28.54,87.65,2.99
Kolkata,2022,9,1,5.3256,28.04,89.85,3.15
Kolkata,2022,9,2,5.9834,28.23,88.5,3.02
Kolkata,2022,9,3,4.8962,28.73,87.82,3.65
Kolkata,2022,9,4,4.3826,28.62,89.79,3.02
Kolkata,2022,9,5,4.223,28.56,88.35,2.39
Kolkata,2022,9,6,3.8359,28.65,87.21,1.49
Kolkata,2022,9,7,5.4528,28.19,89.25,2.19
Kolkata,2022,9,8,6.0362,28.74,87.21,2.69
Kolkata,2022,9,9,4.4842,27.92,90.23,2.88
Kolkata,2022,9,10,4.2197,27.39,93.05,3.76
Kolkata,2022,9,11,2.6422,27.21,94.78,4.79
Kolkata,2022,9,12,0.9655,27.61,94.52,4.91
Kolkata,2022,9,13,1.3934,27.66,93.67,5.33
Kolkata,2022,9,14,2.5042,27.2,94.17,4.54
Kolkata,2022,9,15,2.8282,27.66,90.81,2.48
Kolkata,2022,9,16,4.0306,27.81,90.7,2.79
Kolkata,2022,9,17,2.6419,27.64,91.07,2.88
Kolkata,2022,9,18,4.9322,27.98,88.9,1.6
Kolkata,2022,9,19,4.2396,27.94,90.09,3.26
Kolkata,2022,9,20,3.7442,27.69,91.49,5.12
Kolkata,2022,9,21,4.2912,27.87,89.16,4.12
Kolkata,2022,9,22,4.8274,28.0,88.1,3.46
Kolkata,2022,9,23,4.8096,27.89,88.76,3.56
Kolkata,2022,9,24,5.0978,27.8,88.0,2.92
Kolkata,2022,9,25,4.8281,27.48,88.63,2.12
Kolkata,2022,9,26,4.9306,27.96,84.49,1.7
Kolkata,2022,9,27,4.9546,27.83,84.25,1.18
Kolkata,2022,9,28,4.284,28.21,85.33,1.35
Kolkata,2022,9,29,5.3155,28.42,85.06,1.3
Kolkata,2022,9,30,4.8468,28.29,83.39,1.85
Kolkata,2022,10,1,4.4424,28.3,85.26,1.52
Kolkata,2022,10,2,2.5553,26.67,94.12,2.11
Kolkata,2022,10,3,2.7749,27.26,90.9,2.78
Kolkata,2022,10,4,4.3682,27.43,92.85,3.83
Kolkata,2022,10,5,4.0368,27.51,90.69,3.2
Kolkata,2022,10,6,4.2269,27.1,89.38,2.91
Kolkata,2022,10,7,4.8686,27.04,88.45,1.77
Kolkata,2022,10,8,5.6352,27.55,84.97,1.58
Kolkata,2022,10,9,5.1838,26.82,91.04,2.28
Kolkata,2022,10,10,5.2058,26.55,91.15,2.25
Kolkata,2022,10,11,4.5655,26.8,91.57,3.02
Kolkata,2022,10,12,4.3913,27.05,90.07,2.26
Kolkata,2022,10,13,4.9234,26.71,88.62,1.73
Kolkata,2022,10,14,4.2912,27.53,82.61,0.91
Kolkata,2022,10,15,5.459,27.18,86.38,1.98
Kolkata,2022,10,16,5.443,26.11,84.36,2.56
Kolkata,2022,10,17,5.5723,26.2,83.47,2.33
Kolkata,2022,10,18,4.9092,26.65,82.68,2.2
Kolkata,2022,10,19,3.6406,25.82,85.7,2.53
Kolkata,2022,10,20,5.0669,25.05,85.67,3.5
Kolkata,2022,10,21,5.2613,24.55,84.84,3.4
Kolkata,2022,10,22,5.4382,25.41,84.11,3.62
Kolkata,2022,10,23,3.0372,24.72,89.58,3.32
Kolkata,2022,10,24,0.8441,23.47,93.62,6.84
Kolkata,2022,10,25,4.9891,25.14,83.89,2.68
Kolkata,2022,10,26,5.0448,25.95,77.41,1.71
Kolkata,2022,10,27,4.4076,25.44,75.79,1.77
Kolkata,2022,10,28,4.2852,23.75,79.18,2.44
Kolkata,2022,10,29,4.879,23.02,76.85,2.39
Kolkata,2022,10,30,5.1389,23.54,82.22,2.34
Kolkata,2022,10,31,5.021,24.12,80.7,2.26
Kolkata,2022,11,1,5.125,24.45,83.45,2.45
Kolkata,2022,11,2,4.8382,24.37,81.19,2.82
Kolkata,2022,11,3,3.6163,23.15,77.01,2.48
Kolkata,2022,11,4,4.4131,23.39,72.83,1.79
Kolkata,2022,11,5,4.2821,24.34,73.02,1.44
Kolkata,2022,11,6,4.4345,23.98,74.28,1.53
Kolkata,2022,11,7,4.2396,23.39,76.41,1.8
Kolkata,2022,11,8,3.8626,23.25,79.04,1.94
Kolkata,2022,11,9,4.0898,23.32,79.01,2.21
Kolkata,2022,11,10,4.1544,23.44,77.32,2.17
Kolkata,2022,11,11,4.35,22.41,78.55,2.32
Kolkata,2022,11,12,4.0663,22.01,81.38,2.78
Kolkata,2022,11,13,4.2408,20.56,74.15,2.8
Kolkata,2022,11,14,4.4501,19.78,71.35,2.69
Kolkata,2022,11,15,4.5598,19.72,72.5,2.55
Kolkata,2022,11,16,4.4395,19.73,76.36,2.54
Kolkata,2022,11,17,4.2415,20.59,77.93,2.81
Kolkata,2022,11,18,3.8849,19.79,80.31,3.5
Kolkata,2022,11,19,3.9739,18.69,77.44,3.49
Kolkata,2022,11,20,3.8304,19.93,78.48,3.15
Kolkata,2022,11,21,4.3764,19.55,75.29,3.15
Kolkata,2022,11,22,4.2115,19.05,76.75,2.95
Kolkata,2022,11,23,4.0238,18.81,79.78,2.99
Kolkata,2022,11,24,4.0042,18.34,74.53,3.02
Kolkata,2022,11,25,4.1705,17.95,77.68,3.32
Kolkata,2022,11,26,4.1575,18.42,77.13,2.73
Kolkata,2022,11,27,4.1194,18.99,75.39,2.2
Kolkata,2022,11,28,4.1016,19.62,80.06,2.34
Kolkata,2022,11,29,3.5854,20.75,78.07,2.48
Kolkata,2022,11,30,3.9454,20.94,78.14,2.96
Kolkata,2022,12,1,4.103,19.75,76.74,3.3
Kolkata,2022,12,2,3.8119,18.28,73.71,3.11
Kolkata,2022,12,3,3.8369,17.39,72.73,2.94
Kolkata,2022,12,4,3.8995,17.65,75.9,3.05
Kolkata,2022,12,5,3.8647,17.53,76.78,3.05
Kolkata,2022,12,6,3.8206,17.22,78.84,3.25
Kolkata,2022,12,7,3.3427,16.66,77.13,2.99
Kolkata,2022,12,8,3.2292,16.62,75.44,3.16
Kolkata,2022,12,9,3.7164,17.56,76.36,2.51
Kolkata,2022,12,10,3.1193,18.53,72.9,2.7
Kolkata,2022,12,11,3.7519,18.77,73.73,2.59
Kolkata,2022,12,12,3.4294,19.22,70.91,2.17
Kolkata,2022,12,13,3.2098,20.02,70.55,2.17
Kolkata,2022,12,14,3.635,19.47,71.19,2.82
Kolkata,2022,12,15,3.7898,18.43,66.66,2.5
Kolkata,2022,12,16,4.1988,17.26,66.65,2.92
Kolkata,2022,12,17,3.9084,16.21,69.01,3.02
Kolkata,2022,12,18,2.9081,16.26,76.01,2.96
Kolkata,2022,12,19,3.2606,17.75,81.18,2.9
Kolkata,2022,12,20,3.1661,17.72,75.56,2.58
Kolkata,2022,12,21,3.1742,17.32,71.79,2.71
Kolkata,2022,12,22,2.8363,17.15,72.34,2.41
Kolkata,2022,12,23,3.6706,18.56,62.34,2.12
Kolkata,2022,12,24,3.7769,19.54,62.79,1.71
Kolkata,2022,12,25,3.4826,19.64,77.64,2.51
Kolkata,2022,12,26,3.6667,21.06,76.37,2.27
Kolkata,2022,12,27,3.0691,21.94,74.98,2.49
Kolkata,2022,12,28,2.3004,19.82,71.8,2.86
Kolkata,2022,12,29,3.372,17.01,64.3,2.4
Kolkata,2022,12,30,3.2959,17.01,59.75,2.18
Kolkata,2022,12,31,3.0307,19.01,57.84,1.15
Kolkata,2023,1,1,2.2951,18.4,72.31,1.94
Kolkata,2023,1,2,2.3107,17.99,73.74,2.39
Kolkata,2023,1,3,2.5044,16.9,70.1,2.93
Kolkata,2023,1,4,2.2973,15.67,67.75,3.46
Kolkata,2023,1,5,3.1843,15.51,69.21,3.74
Kolkata,2023,1,6,4.1141,14.83,64.64,3.97
Kolkata,2023,1,7,3.8414,14.73,66.05,3.76
Kolkata,2023,1,8,3.6252,15.46,63.29,3.37
Kolkata,2023,1,9,4.0282,16.38,63.24,3.26
Kolkata,2023,1,10,4.127,16.6,60.65,3.27
Kolkata,2023,1,11,3.8993,16.0,60.69,3.1
Kolkata,2023,1,12,4.0824,17.09,56.96,2.33
Kolkata,2023,1,13,3.1925,19.29,64.24,1.8
Kolkata,2023,1,14,2.6191,20.47,70.42,2.17
Kolkata,2023,1,15,2.5378,20.02,67.0,2.35
Kolkata,2023,1,16,2.7895,18.65,68.77,2.56
Kolkata,2023,1,17,2.424,18.49,67.99,2.24
Kolkata,2023,1,18,1.6769,17.91,71.71,2.26
Kolkata,2023,1,19,2.1324,17.74,66.17,2.7
Kolkata,2023,1,20,3.2278,17.94,55.57,2.23
Kolkata,2023,1,21,3.2796,19.82,55.59,1.88
Kolkata,2023,1,22,2.9942,20.54,65.72,2.12
Kolkata,2023,1,23,2.8102,21.13,64.68,2.6
Kolkata,2023,1,24,2.5726,22.18,62.45,1.88
Kolkata,2023,1,25,2.9453,22.42,61.35,1.83
Kolkata,2023,1,26,3.666,22.42,66.03,2.31
Kolkata,2023,1,27,4.0018,22.43,63.53,3.13
Kolkata,2023,1,28,4.0166,21.79,63.56,3.19
Kolkata,2023,1,29,4.4832,20.95,50.36,3.18
Kolkata,2023,1,30,4.3555,21.18,50.33,2.6
Kolkata,2023,1,31,3.0444,20.79,47.31,3.43
Kolkata,2023,2,1,3.241,21.43,56.03,4.05
Kolkata,2023,2,2,5.0424,19.19,46.01,3.7
Kolkata,2023,2,3,4.8953,18.37,45.73,3.77
Kolkata,2023,2,4,4.5062,19.1,46.65,3.06
Kolkata,2023,2,5,4.8974,20.68,46.14,2.56
Kolkata,2023,2,6,4.8612,21.24,49.86,2.69
Kolkata,2023,2,7,4.5955,22.22,62.63,2.95
Kolkata,2023,2,8,4.5454,22.83,59.2,3.16
Kolkata,2023,2,9,4.013,22.68,47.72,1.96
Kolkata,2023,2,10,4.6462,21.93,46.13,2.34
Kolkata,2023,2,11,4.5773,23.73,61.68,3.36
Kolkata,2023,2,12,4.9181,23.51,55.19,3.36
Kolkata,2023,2,13,5.9846,20.88,31.74,3.39
Kolkata,2023,2,14,5.5099,21.22,30.54,2.12
Kolkata,2023,2,15,5.0834,21.01,36.48,1.91
Kolkata,2023,2,16,4.7786,22.37,42.73,1.24
Kolkata,2023,2,17,3.2861,22.7,53.22,1.67
Kolkata,2023,2,18,2.6546,23.08,67.36,2.01
Kolkata,2023,2,19,3.7663,23.83,66.73,2.23
Kolkata,2023,2,20,4.0217,24.74,66.51,2.89
Kolkata,2023,2,21,4.1352,25.7,69.55,3.33
Kolkata,2023,2,22,4.967,26.35,67.67,4.51
Kolkata,2023,2,23,5.1991,26.33,59.96,2.48
Kolkata,2023,2,24,4.5437,26.69,61.93,2.57
Kolkata,2023,2,25,4.2355,26.36,37.95,1.92
Kolkata,2023,2,26,4.9558,26.01,37.69,1.84
Kolkata,2023,2,27,4.9193,26.08,55.23,2.31
Kolkata,2023,2,28,5.1365,26.07,50.92,2.39
Kolkata,2023,3,1,5.2591,26.78,52.95,1.97
Kolkata,2023,3,2,5.4019,27.03,42.92,2.62
Kolkata,2023,3,3,5.6052,27.12,31.64,2.86
Kolkata,2023,3,4,4.9349,27.45,36.28,3.14
Kolkata,2023,3,5,6.0269,27.48,35.72,3.4
Kolkata,2023,3,6,5.585,27.79,34.64,2.77
Kolkata,2023,3,7,5.5003,28.21,39.06,2.21
Kolkata,2023,3,8,4.2893,28.61,40.24,1.72
Kolkata,2023,3,9,4.3003,27.55,35.3,2.22
Kolkata,2023,3,10,2.6899,27.37,38.28,1.99
Kolkata,2023,3,11,3.6086,28.06,47.02,1.92
Kolkata,2023,3,12,4.9637,28.68,43.74,1.93
Kolkata,2023,3,13,5.0117,29.21,39.6,1.88
Kolkata,2023,3,14,3.7061,28.59,55.63,4.13
Kolkata,2023,3,15,3.8275,28.85,52.36,3.38
Kolkata,2023,3,16,3.7745,26.54,68.17,3.88
Kolkata,2023,3,17,1.907,25.9,68.67,2.75
Kolkata,2023,3,18,2.8613,26.54,62.48,2.42
Kolkata,2023,3,19,2.4518,23.69,82.78,3.59
Kolkata,2023,3,20,4.2979,25.3,67.46,4.16
Kolkata,2023,3,21,4.7477,26.55,64.54,2.8
Kolkata,2023,3,22,5.694,26.55,58.93,2.51
Kolkata,2023,3,23,4.992,27.44,53.57,2.11
Kolkata,2023,3,24,5.3074,27.57,59.65,2.19
Kolkata,2023,3,25,5.3326,28.84,63.2,3.21
Kolkata,2023,3,26,5.3136,29.21,64.9,3.74
Kolkata,2023,3,27,4.1124,28.79,64.14,2.91
Kolkata,2023,3,28,5.6698,29.48,60.21,2.34
Kolkata,2023,3,29,5.2195,29.54,62.75,4.04
Kolkata,2023,3,30,5.2673,29.36,66.89,4.08
Kolkata,2023,3,31,2.6818,27.8,72.6,3.13
Kolkata,2023,4,1,3.115,25.88,79.27,2.37
Kolkata,2023,4,2,6.2837,27.55,63.78,2.93
Kolkata,2023,4,3,6.3355,29.01,56.69,3.27
Kolkata,2023,4,4,6.2995,29.86,60.08,3.38
Kolkata,2023,4,5,5.9866,30.51,55.62,3.62
Kolkata,2023,4,6,6.5477,30.3,38.98,2.28
Kolkata,2023,4,7,6.5213,30.39,40.85,2.43
Kolkata,2023,4,8,6.2542,30.35,46.04,2.5
Kolkata,2023,4,9,6.1932,30.91,44.73,2.71
Kolkata,2023,4,10,5.9762,31.57,43.96,2.2
Kolkata,2023,4,11,6.0984,31.86,39.06,2.54
Kolkata,2023,4,12,7.1278,31.06,29.79,3.08
Kolkata,2023,4,13,7.2535,32.06,29.45,3.19
Kolkata,2023,4,14,6.6857,33.68,39.97,2.53
Kolkata,2023,4,15,5.6208,33.89,46.84,1.92
Kolkata,2023,4,16,5.5498,33.69,50.02,1.96
Kolkata,2023,4,17,6.0029,33.8,54.29,3.9
Kolkata,2023,4,18,5.4619,34.03,55.48,3.29
Kolkata,2023,4,19,5.9537,34.6,52.01,3.27
Kolkata,2023,4,20,6.0857,34.94,46.14,3.26
Kolkata,2023,4,21,4.068,34.48,40.95,4.05
Kolkata,2023,4,22,5.4377,33.56,33.0,2.91
Kolkata,2023,4,23,3.7822,31.81,45.09,2.22
Kolkata,2023,4,24,3.8731,30.89,53.22,3.29
Kolkata,2023,4,25,5.9935,30.79,53.59,2.14
Kolkata,2023,4,26,6.0583,32.0,51.67,2.72
Kolkata,2023,4,27,5.5956,32.44,52.6,2.96
Kolkata,2023,4,28,5.4235,30.21,65.53,3.12
Kolkata,2023,4,29,5.4142,31.53,60.61,3.11
Kolkata,2023,4,30,4.1952,31.84,59.51,1.94
Kolkata,2023,5,1,3.5554,28.34,63.54,2.62
Kolkata,2023,5,2,6.9161,30.49,54.99,2.8
Kolkata,2023,5,3,4.8398,30.43,62.15,4.11
Kolkata,2023,5,4,4.7362,30.04,62.8,4.17
Kolkata,2023,5,5,5.868,30.9,61.84,3.11
Kolkata,2023,5,6,5.1754,31.99,60.61,2.88
Kolkata,2023,5,7,6.9391,32.54,57.17,3.05
Kolkata,2023,5,8,6.7526,33.5,55.68,3.32
Kolkata,2023,5,9,5.562,33.83,49.92,3.51
Kolkata,2023,5,10,6.0622,33.99,54.75,4.27
Kolkata,2023,5,11,6.5203,33.36,57.21,3.82
Kolkata,2023,5,12,4.7335,32.69,55.56,2.46
Kolkata,2023,5,13,4.3548,32.77,56.22,3.49
Kolkata,2023,5,14,5.4852,33.3,47.16,5.19
Kolkata,2023,5,15,6.0826,32.43,51.6,4.23
Kolkata,2023,5,16,5.4494,32.46,66.86,4.74
Kolkata,2023,5,17,6.5239,32.57,64.99,5.78
Kolkata,2023,5,18,5.5526,31.45,70.8,5.28
Kolkata,2023,5,19,6.0804,31.93,71.09,4.89
Kolkata,2023,5,20,6.4865,32.67,62.08,4.59
Kolkata,2023,5,21,5.575,32.34,65.52,5.39
Kolkata,2023,5,22,6.593,31.88,67.23,5.71
Kolkata,2023,5,23,6.3826,32.23,67.13,3.66
Kolkata,2023,5,24,5.2594,32.02,65.4,2.77
Kolkata,2023,5,25,6.3828,30.98,73.21,3.46
Kolkata,2023,5,26,5.6278,31.52,67.97,3.33
Kolkata,2023,5,27,5.7535,31.78,63.13,2.26
Kolkata,2023,5,28,6.6106,31.4,59.45,1.58
Kolkata,2023,5,29,6.6643,32.07,60.39,2.04
Kolkata,2023,5,30,6.2153,33.08,59.38,2.87
Kolkata,2023,5,31,6.2424,33.7,59.68,2.89
Kolkata,2023,6,1,5.6494,33.27,60.42,2.78
Kolkata,2023,6,2,5.6402,33.91,59.04,3.31
Kolkata,2023,6,3,6.3782,33.31,61.74,4.13
Kolkata,2023,6,4,6.3871,33.45,61.29,3.78
Kolkata,2023,6,5,6.7973,33.65,60.35,3.45
Kolkata,2023,6,6,5.9227,34.26,56.56,3.36
Kolkata,2023,6,7,5.1847,34.34,56.34,3.27
Kolkata,2023,6,8,3.2597,34.02,57.66,3.69
Kolkata,2023,6,9,3.8122,33.04,62.74,5.48
Kolkata,2023,6,10,3.6636,32.25,63.7,4.37
Kolkata,2023,6,11,5.6155,33.85,61.49,3.72
Kolkata,2023,6,12,4.1534,32.47,67.44,4.82
Kolkata,2023,6,13,6.067,33.32,66.47,3.47
Kolkata,2023,6,14,6.2009,33.46,66.09,5.97
Kolkata,2023,6,15,5.568,35.3,57.56,6.38
Kolkata,2023,6,16,5.1526,34.54,61.22,5.39
Kolkata,2023,6,17,4.9838,33.52,65.21,6.15
Kolkata,2023,6,18,2.9782,32.46,68.38,6.05
Kolkata,2023,6,19,1.7899,30.15,80.59,4.86
Kolkata,2023,6,20,4.7131,30.16,78.37,4.68
Kolkata,2023,6,21,4.9908,29.43,84.18,4.01
Kolkata,2023,6,22,3.5671,30.35,75.1,4.05
Kolkata,2023,6,23,4.9841,30.7,73.61,2.8
Kolkata,2023,6,24,3.6722,30.34,76.86,3.24
Kolkata,2023,6,25,3.8995,29.88,77.83,5.66
Kolkata,2023,6,26,2.7878,28.35,85.51,3.22
Kolkata,2023,6,27,2.706,28.65,85.04,4.99
Kolkata,2023,6,28,1.2178,28.62,87.11,5.56
Kolkata,2023,6,29,2.2246,28.16,90.99,4.33
Kolkata,2023,6,30,5.0066,28.95,88.5,4.01
Kolkata,2023,7,1,4.2358,29.74,83.65,2.88
Kolkata,2023,7,2,5.4977,30.01,84.26,3.85
Kolkata,2023,7,3,5.382,29.26,87.55,2.96
Kolkata,2023,7,4,6.1944,29.83,83.33,2.64
Kolkata,2023,7,5,4.7527,29.77,84.41,3.32
Kolkata,2023,7,6,3.6684,29.51,83.35,5.14
Kolkata,2023,7,7,4.5031,28.9,88.37,4.28
Kolkata,2023,7,8,5.1394,29.73,83.75,3.33
Kolkata,2023,7,9,5.8658,29.62,82.48,3.77
Kolkata,2023,7,10,3.6672,30.29,80.67,3.83
Kolkata,2023,7,11,5.0945,29.83,78.79,4.84
Kolkata,2023,7,12,4.7222,29.0,81.96,3.89
Kolkata,2023,7,13,4.9032,29.14,84.01,2.71
Kolkata,2023,7,14,3.93,29.07,85.68,3.51
Kolkata,2023,7,15,4.7364,29.58,82.9,1.9
Kolkata,2023,7,16,4.4705,29.21,83.62,3.89
Kolkata,2023,7,17,4.2936,29.39,84.32,2.93
Kolkata,2023,7,18,5.2615,29.06,85.97,4.24
Kolkata,2023,7,19,5.2058,29.42,84.23,4.73
Kolkata,2023,7,20,5.4833,29.71,84.8,5.05
Kolkata,2023,7,21,1.7549,29.25,88.19,4.37
Kolkata,2023,7,22,3.7337,29.16,87.5,5.16
Kolkata,2023,7,23,5.359,29.36,85.75,4.74
Kolkata,2023,7,24,5.3748,29.64,83.3,4.0
Kolkata,2023,7,25,4.3109,29.73,83.61,4.37
Kolkata,2023,7,26,4.8768,29.53,84.96,5.73
Kolkata,2023,7,27,5.141,29.57,84.1,5.37
Kolkata,2023,7,28,4.5773,29.68,85.27,4.33
Kolkata,2023,7,29,3.685,30.27,84.99,3.13
Kolkata,2023,7,30,5.0604,30.55,83.21,2.19
Kolkata,2023,7,31,5.0549,30.32,83.94,1.49
Kolkata,2023,8,1,4.0423,30.15,86.98,2.7
Kolkata,2023,8,2,3.1759,29.23,88.67,6.14
Kolkata,2023,8,3,4.5713,29.31,84.68,6.27
Kolkata,2023,8,4,3.9564,28.91,83.65,5.05
Kolkata,2023,8,5,2.9206,29.18,83.97,4.92
Kolkata,2023,8,6,1.5223,29.14,85.42,5.91
Kolkata,2023,8,7,1.2866,27.89,90.29,5.76
Kolkata,2023,8,8,2.9558,28.35,85.23,5.05
Kolkata,2023,8,9,4.0618,28.98,84.71,3.57
Kolkata,2023,8,10,3.2402,29.51,81.35,1.72
Kolkata,2023,8,11,4.3435,29.32,82.85,2.52
Kolkata,2023,8,12,3.15,27.62,89.22,3.58
Kolkata,2023,8,13,2.8116,28.23,87.94,2.4
Kolkata,2023,8,14,4.2271,29.11,83.23,1.7
Kolkata,2023,8,15,4.4911,28.78,86.41,1.89
Kolkata,2023,8,16,4.3598,29.02,86.65,2.17
Kolkata,2023,8,17,3.6295,28.46,90.8,2.4
Kolkata,2023,8,18,4.2283,28.63,86.79,4.15
Kolkata,2023,8,19,5.0376,28.91,86.78,4.34
Kolkata,2023,8,20,5.4216,28.75,85.13,3.82
Kolkata,2023,8,21,5.2111,28.63,85.97,3.32
Kolkata,2023,8,22,3.8042,28.57,90.93,4.1
Kolkata,2023,8,23,2.868,28.76,89.93,2.98
Kolkata,2023,8,24,3.2923,28.12,92.19,2.88
Kolkata,2023,8,25,1.1352,27.67,91.42,3.58
Kolkata,2023,8,26,2.6388,28.35,87.97,4.28
Kolkata,2023,8,27,5.0621,28.75,86.92,3.5
Kolkata,2023,8,28,5.034,29.34,81.28,3.16
Kolkata,2023,8,29,4.9534,29.29,80.49,2.18
Kolkata,2023,8,30,4.7443,29.73,78.69,2.03
Kolkata,2023,8,31,4.308,30.03,79.18,1.31
Kolkata,2023,9,1,4.4429,29.1,86.34,2.46
Kolkata,2023,9,2,3.5861,29.72,84.56,1.41
Kolkata,2023,9,3,4.3906,29.05,87.63,1.88
Kolkata,2023,9,4,2.634,27.8,91.97,3.09
Kolkata,2023,9,5,3.3814,28.22,90.65,3.33
Kolkata,2023,9,6,4.9918,28.27,91.57,3.21
Kolkata,2023,9,7,3.0418,28.37,91.92,3.26
Kolkata,2023,9,8,2.3746,27.7,92.66,3.35
Kolkata,2023,9,9,5.1276,28.35,88.18,2.74
Kolkata,2023,9,10,5.2718,28.7,87.57,2.84
Kolkata,2023,9,11,4.8833,28.47,88.24,1.86
Kolkata,2023,9,12,3.9022,29.2,84.71,1.13
Kolkata,2023,9,13,4.6087,28.41,89.48,4.21
Kolkata,2023,9,14,2.2253,28.12,92.46,5.66
Kolkata,2023,9,15,3.2002,27.99,93.0,3.69
Kolkata,2023,9,16,4.7827,29.02,85.01,1.23
Kolkata,2023,9,17,5.9232,29.13,85.61,1.95
Kolkata,2023,9,18,3.4514,28.49,89.07,1.98
Kolkata,2023,9,19,3.5249,28.15,89.6,2.51
Kolkata,2023,9,20,2.0443,27.52,92.69,3.53
Kolkata,2023,9,21,1.5835,27.81,92.23,5.66
Kolkata,2023,9,22,2.0249,27.74,92.51,4.62
Kolkata,2023,9,23,3.5174,27.9,90.99,3.97
Kolkata,2023,9,24,2.544,27.78,91.18,2.51
Kolkata,2023,9,25,4.0555,27.76,90.46,2.16
Kolkata,2023,9,26,4.8533,28.34,87.11,1.8
Kolkata,2023,9,27,5.3328,28.64,85.85,1.44
Kolkata,2023,9,28,5.0534,28.49,88.85,1.89
Kolkata,2023,9,29,1.4578,28.4,90.82,2.82
Kolkata,2023,9,30,1.7976,27.23,94.6,4.98
Kolkata,2023,10,1,3.5225,27.62,91.91,5.04
Kolkata,2023,10,2,2.4161,27.98,89.99,3.39
Kolkata,2023,10,3,1.6805,27.17,92.06,3.56
Kolkata,2023,10,4,1.3416,27.58,93.84,5.83
Kolkata,2023,10,5,2.333,27.27,92.8,5.28
Kolkata,2023,10,6,3.7598,27.6,90.08,3.47
Kolkata,2023,10,7,4.0032,28.32,87.15,1.65
Kolkata,2023,10,8,4.7671,28.53,86.51,1.99
Kolkata,2023,10,9,4.4338,28.33,83.66,2.37
Kolkata,2023,10,10,5.0042,28.59,81.31,1.96
Kolkata,2023,10,11,4.7839,28.49,78.77,1.76
Kolkata,2023,10,12,4.919,28.26,75.89,1.71
Kolkata,2023,10,13,5.1283,27.79,68.83,1.59
Kolkata,2023,10,14,4.903,26.95,73.54,2.02
Kolkata,2023,10,15,5.1338,25.63,76.88,2.08
Kolkata,2023,10,16,4.8288,26.57,76.33,1.68
Kolkata,2023,10,17,4.5058,27.12,73.63,0.99
Kolkata,2023,10,18,4.3824,26.0,83.92,2.21
Kolkata,2023,10,19,4.8396,25.37,83.7,2.37
Kolkata,2023,10,20,5.1905,24.57,83.23,2.56
Kolkata,2023,10,21,5.4619,23.84,83.34,2.9
Kolkata,2023,10,22,4.2338,24.56,82.7,2.45
Kolkata,2023,10,23,3.0348,25.25,87.73,2.28
Kolkata,2023,10,24,3.3386,25.4,88.58,3.68
Kolkata,2023,10,25,4.721,25.33,88.59,2.7
Kolkata,2023,10,26,4.6418,25.49,81.3,2.12
Kolkata,2023,10,27,3.0955,24.99,81.36,1.93
Kolkata,2023,10,28,3.732,24.08,78.23,2.26
Kolkata,2023,10,29,4.1652,23.06,76.02,2.42
Kolkata,2023,10,30,4.7201,23.61,76.37,2.21
Kolkata,2023,10,31,4.9594,24.23,76.64,1.95
Kolkata,2023,11,1,5.0443,24.52,80.74,2.4
Kolkata,2023,11,2,4.6421,25.11,80.85,2.11
Kolkata,2023,11,3,4.0344,25.71,79.33,1.69
Kolkata,2023,11,4,3.1594,26.03,79.33,1.33
Kolkata,2023,11,5,3.253,25.17,84.5,2.18
Kolkata,2023,11,6,3.9338,23.38,78.45,2.63
Kolkata,2023,11,7,3.6619,22.53,75.08,2.18
Kolkata,2023,11,8,3.8004,21.78,74.54,2.23
Kolkata,2023,11,9,3.9178,21.85,71.95,2.14
Kolkata,2023,11,10,4.085,22.11,76.65,2.14
Kolkata,2023,11,11,3.9307,22.36,81.35,2.32
Kolkata,2023,11,12,4.0709,22.35,84.41,2.69
Kolkata,2023,11,13,4.3157,22.02,85.04,3.03
Kolkata,2023,11,14,4.3104,21.79,81.5,2.77
Kolkata,2023,11,15,3.8503,22.32,79.68,2.54
Kolkata,2023,11,16,1.4722,22.64,84.62,3.09
Kolkata,2023,11,17,2.0424,23.92,88.76,4.97
Kolkata,2023,11,18,3.827,23.99,83.39,2.12
Kolkata,2023,11,19,4.7016,23.31,82.91,2.74
Kolkata,2023,11,20,4.2348,22.33,83.49,2.75
Kolkata,2023,11,21,3.8928,22.78,81.32,2.59
Kolkata,2023,11,22,3.4601,20.75,78.96,2.74
Kolkata,2023,11,23,3.5815,19.58,79.31,2.67
Kolkata,2023,11,24,3.6278,19.6,78.95,2.7
Kolkata,2023,11,25,3.803,19.96,80.13,2.85
Kolkata,2023,11,26,4.3937,20.64,81.08,3.04
Kolkata,2023,11,27,3.479,20.2,84.53,2.29
Kolkata,2023,11,28,3.8506,20.87,80.99,2.38
Kolkata,2023,11,29,2.6383,21.35,81.29,2.78
Kolkata,2023,11,30,3.6698,22.38,83.96,2.84
Kolkata,2023,12,1,4.307,22.36,83.33,2.95
Kolkata,2023,12,2,3.9434,22.73,82.94,2.68
Kolkata,2023,12,3,3.3662,22.81,82.12,2.74
Kolkata,2023,12,4,2.339,22.46,82.14,2.68
Kolkata,2023,12,5,1.3992,22.36,80.83,1.96
Kolkata,2023,12,6,1.8214,20.89,89.0,3.15
Kolkata,2023,12,7,0.6437,21.2,90.76,3.35
Kolkata,2023,12,8,1.8386,20.9,88.41,3.13
Kolkata,2023,12,9,3.8006,19.65,82.89,3.19
Kolkata,2023,12,10,3.5875,18.48,74.53,2.47
Kolkata,2023,12,11,3.9017,16.59,73.93,3.16
Kolkata,2023,12,12,3.707,16.6,71.95,2.69
Kolkata,2023,12,13,3.8837,17.47,66.6,2.48
Kolkata,2023,12,14,3.4291,16.7,69.94,2.54
Kolkata,2023,12,15,3.6089,15.81,73.04,2.87
Kolkata,2023,12,16,3.6794,15.68,70.57,2.72
Kolkata,2023,12,17,3.7922,15.87,68.43,2.72
Kolkata,2023,12,18,3.5026,15.56,73.6,3.0
Kolkata,2023,12,19,3.5551,15.57,73.89,3.24
Kolkata,2023,12,20,3.6638,15.73,79.73,3.39
Kolkata,2023,12,21,3.5707,16.69,80.37,3.06
Kolkata,2023,12,22,3.4517,17.92,82.52,2.56
Kolkata,2023,12,23,2.8238,18.83,82.51,2.43
Kolkata,2023,12,24,3.1752,18.43,82.92,2.63
Kolkata,2023,12,25,3.3322,18.87,80.61,2.45
Kolkata,2023,12,26,3.3276,19.26,79.39,2.32
Kolkata,2023,12,27,2.9822,18.96,82.9,2.42
Kolkata,2023,12,28,3.1334,18.64,82.14,2.49
Kolkata,2023,12,29,3.7289,18.39,81.07,2.91
Kolkata,2023,12,30,3.8741,17.96,80.97,3.3
Kolkata,2023,12,31,3.5477,16.84,76.38,3.32
Kolkata,2024,1,1,3.3631,16.18,75.29,2.9
Kolkata,2024,1,2,3.6072,15.56,72.21,3.11
Kolkata,2024,1,3,4.1467,15.79,72.35,3.07
Kolkata,2024,1,4,3.8578,17.39,71.01,2.47
Kolkata,2024,1,5,3.5316,18.15,76.22,2.61
Kolkata,2024,1,6,2.9342,18.86,78.17,2.6
Kolkata,2024,1,7,2.9606,18.62,82.27,2.93
Kolkata,2024,1,8,2.9786,18.58,79.9,3.16
Kolkata,2024,1,9,3.5172,17.33,73.15,3.22
Kolkata,2024,1,10,3.732,18.13,69.68,2.36
Kolkata,2024,1,11,2.947,17.9,79.36,3.17
Kolkata,2024,1,12,3.3866,14.69,70.26,3.41
Kolkata,2024,1,13,3.701,14.23,70.27,3.05
Kolkata,2024,1,14,3.4999,13.87,67.91,2.81
Kolkata,2024,1,15,2.2078,14.43,68.51,2.67
Kolkata,2024,1,16,2.7202,15.41,70.66,2.04
Kolkata,2024,1,17,2.0743,16.32,71.85,1.77
Kolkata,2024,1,18,0.6595,17.07,82.47,1.65
Kolkata,2024,1,19,2.2994,17.67,81.3,2.89
Kolkata,2024,1,20,2.7065,16.68,74.74,2.83
Kolkata,2024,1,21,1.7126,16.2,73.69,2.69
Kolkata,2024,1,22,3.2638,14.37,64.25,3.6
Kolkata,2024,1,23,3.8474,15.84,58.78,2.12
Kolkata,2024,1,24,1.5936,15.24,71.21,1.27
Kolkata,2024,1,25,3.0293,15.48,77.61,2.13
Kolkata,2024,1,26,3.7471,15.0,64.52,3.41
Kolkata,2024,1,27,3.7488,14.8,62.94,2.9
Kolkata,2024,1,28,3.8506,15.83,59.2,2.37
Kolkata,2024,1,29,3.864,17.6,57.25,1.82
Kolkata,2024,1,30,3.4639,18.94,66.75,2.22
Kolkata,2024,1,31,2.4694,20.46,73.47,1.16
Kolkata,2024,2,1,1.1647,20.58,71.92,1.47
Kolkata,2024,2,2,2.9105,20.65,76.06,2.6
Kolkata,2024,2,3,3.5448,19.5,67.9,2.94
Kolkata,2024,2,4,4.7014,19.89,59.79,2.56
Kolkata,2024,2,5,4.29,20.76,63.04,2.25
Kolkata,2024,2,6,2.4619,22.35,75.04,2.18
Kolkata,2024,2,7,3.377,21.33,71.44,2.65
Kolkata,2024,2,8,4.9123,18.73,53.37,3.18
Kolkata,2024,2,9,5.3976,16.66,56.31,3.21
Kolkata,2024,2,10,4.5516,16.93,53.59,3.17
Kolkata,2024,2,11,4.6058,19.35,49.09,2.61
Kolkata,2024,2,12,3.6463,21.75,47.72,1.93
Kolkata,2024,2,13,2.695,23.14,57.79,1.74
Kolkata,2024,2,14,3.5539,23.78,59.53,0.98
Kolkata,2024,2,15,3.607,23.24,63.28,2.04
Kolkata,2024,2,16,3.5741,22.39,68.11,3.06
Kolkata,2024,2,17,4.1726,21.98,55.88,2.46
Kolkata,2024,2,18,3.8182,22.29,59.18,1.9
Kolkata,2024,2,19,3.8969,22.85,67.21,2.1
Kolkata,2024,2,20,3.7951,24.19,71.22,2.87
Kolkata,2024,2,21,4.1767,25.14,63.1,2.69
Kolkata,2024,2,22,2.5838,25.81,71.13,2.51
Kolkata,2024,2,23,3.9473,23.93,66.89,2.95
Kolkata,2024,2,24,3.2054,23.41,58.82,2.55
Kolkata,2024,2,25,2.7036,23.17,62.21,2.8
Kolkata,2024,2,26,4.9008,22.88,58.35,2.57
Kolkata,2024,2,27,4.6817,23.83,56.7,2.46
Kolkata,2024,2,28,4.5,24.88,57.3,2.41
Kolkata,2024,2,29,5.0952,24.6,51.8,2.15
Kolkata,2024,3,1,5.2747,24.23,47.43,2.38
Kolkata,2024,3,2,5.2296,24.99,48.39,1.78
Kolkata,2024,3,3,3.7644,25.67,59.62,2.36
Kolkata,2024,3,4,3.7464,25.94,53.29,2.34
Kolkata,2024,3,5,5.2682,25.81,62.8,2.89
Kolkata,2024,3,6,5.7329,24.57,39.99,2.77
Kolkata,2024,3,7,2.3498,24.64,39.1,2.71
Kolkata,2024,3,8,5.4463,24.81,40.66,3.06
Kolkata,2024,3,9,6.5282,24.17,39.66,2.96
Kolkata,2024,3,10,6.2107,23.51,37.14,2.56
Kolkata,2024,3,11,6.3955,24.91,34.14,2.58
Kolkata,2024,3,12,4.2473,26.89,51.98,2.65
Kolkata,2024,3,13,4.1938,28.31,63.53,2.85
Kolkata,2024,3,14,3.4402,28.98,65.61,2.5
Kolkata,2024,3,15,4.8043,29.38,62.46,1.89
Kolkata,2024,3,16,4.1318,28.7,63.44,1.8
Kolkata,2024,3,17,3.8302,28.36,65.06,1.79
Kolkata,2024,3,18,2.6765,28.35,58.72,1.49
Kolkata,2024,3,19,3.4142,28.28,61.79,2.15
Kolkata,2024,3,20,1.4489,23.38,75.6,1.9
Kolkata,2024,3,21,5.0122,23.95,60.75,2.19
Kolkata,2024,3,22,5.2476,25.0,55.61,2.18
Kolkata,2024,3,23,6.0379,26.81,59.5,2.92
Kolkata,2024,3,24,6.0557,28.19,62.94,3.58
Kolkata,2024,3,25,5.6374,28.79,66.38,3.31
Kolkata,2024,3,26,5.604,28.68,65.41,3.57
Kolkata,2024,3,27,5.5459,29.73,59.1,2.19
Kolkata,2024,3,28,5.6407,29.8,54.39,1.65
Kolkata,2024,3,29,5.1158,30.33,60.75,2.51
Kolkata,2024,3,30,5.1977,31.24,64.65,3.01
Kolkata,2024,3,31,5.1658,31.56,61.82,3.79
Kolkata,2024,4,1,6.0869,31.54,51.0,3.69
Kolkata,2024,4,2,6.0571,31.6,51.05,2.47
Kolkata,2024,4,3,5.8958,31.56,55.47,2.6
Kolkata,2024,4,4,5.4504,32.09,60.51,3.68
Kolkata,2024,4,5,5.0722,32.74,51.19,3.38
Kolkata,2024,4,6,5.9587,33.24,55.0,2.63
Kolkata,2024,4,7,2.0306,32.7,55.21,2.9
Kolkata,2024,4,8,3.5868,31.33,44.52,4.17
Kolkata,2024,4,9,5.2651,31.23,37.77,2.5
Kolkata,2024,4,10,3.815,31.19,40.52,1.93
Kolkata,2024,4,11,2.5418,31.32,40.82,2.72
Kolkata,2024,4,12,5.1732,31.65,34.9,1.98
Kolkata,2024,4,13,5.6006,31.73,38.14,2.12
Kolkata,2024,4,14,5.7456,32.53,36.56,2.33
Kolkata,2024,4,15,5.802,33.26,44.98,3.15
Kolkata,2024,4,16,5.9551,34.28,49.45,3.55
Kolkata,2024,4,17,6.2986,35.06,49.18,3.27
Kolkata,2024,4,18,6.8071,34.79,41.13,2.7
Kolkata,2024,4,19,6.9046,34.38,48.67,4.14
Kolkata,2024,4,20,6.7613,35.24,46.01,4.56
Kolkata,2024,4,21,6.2131,35.18,47.64,3.41
Kolkata,2024,4,22,5.7386,35.67,40.25,3.22
Kolkata,2024,4,23,5.8277,35.28,34.65,3.71
Kolkata,2024,4,24,6.3559,35.14,42.85,4.11
Kolkata,2024,4,25,6.5705,35.45,38.64,2.8
Kolkata,2024,4,26,6.1793,35.25,48.87,3.01
Kolkata,2024,4,27,6.3346,35.84,45.24,3.46
Kolkata,2024,4,28,6.1721,36.03,46.8,3.18
Kolkata,2024,4,29,6.4932,36.37,42.38,3.93
Kolkata,2024,4,30,6.4414,37.25,40.23,5.39
Kolkata,2024,5,1,6.5916,36.68,40.92,3.62
Kolkata,2024,5,2,6.4958,35.88,43.72,4.01
Kolkata,2024,5,3,6.9761,35.0,35.64,2.76
Kolkata,2024,5,4,6.0965,33.31,55.2,4.7
Kolkata,2024,5,5,6.4795,33.96,56.04,6.21
Kolkata,2024,5,6,4.145,32.21,68.78,6.77
Kolkata,2024,5,7,5.5315,31.33,65.82,3.81
Kolkata,2024,5,8,5.1533,29.8,69.25,2.65
Kolkata,2024,5,9,4.309,29.53,69.34,2.35
Kolkata,2024,5,10,4.9325,29.3,74.02,3.0
Kolkata,2024,5,11,4.3742,30.19,72.32,3.91
Kolkata,2024,5,12,5.9412,30.17,72.99,2.19
Kolkata,2024,5,13,6.0473,30.64,67.86,1.9
Kolkata,2024,5,14,6.1555,31.0,65.51,2.46
Kolkata,2024,5,15,6.7754,30.78,68.48,3.0
Kolkata,2024,5,16,5.988,31.21,66.72,2.88
Kolkata,2024,5,17,6.3703,32.22,63.09,3.69
Kolkata,2024,5,18,5.2872,33.2,60.9,3.73
Kolkata,2024,5,19,4.9248,32.97,62.93,4.19
Kolkata,2024,5,20,4.5535,32.56,65.45,3.4
Kolkata,2024,5,21,5.2987,31.97,67.88,2.39
Kolkata,2024,5,22,5.196,31.71,66.76,2.87
Kolkata,2024,5,23,6.815,31.89,65.42,2.52
Kolkata,2024,5,24,6.8628,32.92,63.94,3.18
Kolkata,2024,5,25,6.0725,33.13,64.56,2.67
Kolkata,2024,5,26,2.299,30.0,80.76,8.61
Kolkata,2024,5,27,0.7181,28.1,89.53,10.0
Kolkata,2024,5,28,4.8379,30.83,80.28,3.82
Kolkata,2024,5,29,4.3764,31.54,83.12,6.17
Kolkata,2024,5,30,4.8523,31.17,81.79,6.48
Kolkata,2024,5,31,2.3544,30.17,85.27,5.13
Kolkata,2024,6,1,5.5202,30.19,82.88,4.83
Kolkata,2024,6,2,5.3246,30.35,82.02,4.92
Kolkata,2024,6,3,4.489,29.58,84.41,3.76
Kolkata,2024,6,4,6.3154,30.84,78.53,4.27
Kolkata,2024,6,5,6.3758,31.12,77.98,3.12
Kolkata,2024,6,6,5.2716,30.79,81.5,2.73
Kolkata,2024,6,7,6.119,31.54,76.34,3.83
Kolkata,2024,6,8,6.1567,31.97,73.75,5.27
Kolkata,2024,6,9,5.8656,30.88,79.15,4.54
Kolkata,2024,6,10,6.2352,31.15,78.39,4.67
Kolkata,2024,6,11,6.0022,30.16,82.01,5.46
Kolkata,2024,6,12,5.1965,30.93,75.22,4.95
Kolkata,2024,6,13,5.689,31.04,79.12,4.89
Kolkata,2024,6,14,5.9563,31.71,75.84,4.92
Kolkata,2024,6,15,5.2186,31.02,79.75,5.02
Kolkata,2024,6,16,5.191,31.39,74.76,4.32
Kolkata,2024,6,17,4.7626,31.11,76.17,5.54
Kolkata,2024,6,18,3.5314,31.39,76.78,6.44
Kolkata,2024,6,19,2.2682,29.6,85.1,5.54
Kolkata,2024,6,20,3.1106,30.4,81.94,4.36
Kolkata,2024,6,21,2.6558,29.78,79.63,2.31
Kolkata,2024,6,22,4.8451,30.27,76.68,2.94
Kolkata,2024,6,23,5.3002,30.57,76.0,3.04
Kolkata,2024,6,24,5.7761,30.08,78.24,3.73
Kolkata,2024,6,25,6.4294,30.87,75.78,3.88
Kolkata,2024,6,26,5.3251,30.77,76.92,3.15
Kolkata,2024,6,27,3.5938,29.96,82.78,3.81
Kolkata,2024,6,28,2.9254,30.28,81.96,3.41
Kolkata,2024,6,29,3.3226,29.94,83.37,3.83
Kolkata,2024,6,30,2.3186,29.66,85.54,4.35
Kolkata,2024,7,1,2.6693,29.06,84.54,5.68
Kolkata,2024,7,2,1.6289,29.21,83.46,5.4
Kolkata,2024,7,3,3.025,28.88,84.29,5.07
Kolkata,2024,7,4,3.0362,28.92,87.59,5.63
Kolkata,2024,7,5,4.3865,29.65,84.52,5.15
Kolkata,2024,7,6,3.3617,29.49,85.0,3.35
Kolkata,2024,7,7,4.8101,29.38,83.12,3.27
Kolkata,2024,7,8,5.3455,29.18,83.34,3.41
Kolkata,2024,7,9,5.2272,29.73,82.88,3.58
Kolkata,2024,7,10,5.9304,29.94,81.07,4.7
Kolkata,2024,7,11,4.9039,29.7,84.73,5.27
Kolkata,2024,7,12,2.1629,29.39,84.26,4.45
Kolkata,2024,7,13,5.2807,29.52,83.71,3.18
Kolkata,2024,7,14,5.3443,30.08,82.17,3.38
Kolkata,2024,7,15,5.0928,29.44,84.8,4.9
Kolkata,2024,7,16,4.8566,29.3,87.33,3.0
Kolkata,2024,7,17,5.0616,29.64,85.42,3.05
Kolkata,2024,7,18,5.3729,30.0,84.1,3.99
Kolkata,2024,7,19,5.0904,29.89,85.07,5.84
Kolkata,2024,7,20,5.6674,29.64,83.39,6.56
Kolkata,2024,7,21,5.0287,29.45,85.87,5.86
Kolkata,2024,7,22,4.2883,29.48,85.67,5.41
Kolkata,2024,7,23,4.3723,29.62,83.53,4.31
Kolkata,2024,7,24,3.8671,29.73,85.61,4.38
Kolkata,2024,7,25,3.8455,29.86,85.47,3.62
Kolkata,2024,7,26,3.905,30.4,86.24,3.58
Kolkata,2024,7,27,4.2643,29.57,87.43,5.72
Kolkata,2024,7,28,4.6253,29.74,85.32,3.33
Kolkata,2024,7,29,4.8492,30.04,85.19,2.71
Kolkata,2024,7,30,4.3906,29.1,88.96,3.96
Kolkata,2024,7,31,3.9305,28.58,92.12,2.94
Kolkata,2024,8,1,1.0037,28.58,90.78,4.3
Kolkata,2024,8,2,2.1458,28.26,91.46,7.19
Kolkata,2024,8,3,1.9805,27.75,91.88,6.5
Kolkata,2024,8,4,4.1222,28.73,87.24,4.51
Kolkata,2024,8,5,3.8002,29.13,86.29,2.97
Kolkata,2024,8,6,3.5791,28.28,91.08,2.28
Kolkata,2024,8,7,3.9703,27.98,89.97,2.71
Kolkata,2024,8,8,3.1534,28.2,88.98,4.31
Kolkata,2024,8,9,4.2214,28.6,88.63,4.02
Kolkata,2024,8,10,3.0118,28.24,90.75,2.97
Kolkata,2024,8,11,3.0091,28.85,88.31,3.19
Kolkata,2024,8,12,4.6522,29.02,88.89,3.03
Kolkata,2024,8,13,3.3974,28.97,91.69,2.56
Kolkata,2024,8,14,4.0034,28.56,91.12,2.14
Kolkata,2024,8,15,3.8424,29.19,89.02,1.58
Kolkata,2024,8,16,3.0977,28.45,91.18,1.26
Kolkata,2024,8,17,5.3827,28.19,89.62,2.71
Kolkata,2024,8,18,1.5754,28.11,90.98,4.62
Kolkata,2024,8,19,2.1401,27.72,92.79,4.11
Kolkata,2024,8,20,3.1133,28.84,88.78,2.71
Kolkata,2024,8,21,4.2754,28.61,92.88,4.05
Kolkata,2024,8,22,3.2652,28.28,93.1,3.28
Kolkata,2024,8,23,1.1779,28.54,87.19,1.42
Kolkata,2024,8,24,2.6458,27.17,92.01,2.92
Kolkata,2024,8,25,2.537,27.06,93.2,3.53
Kolkata,2024,8,26,2.6162,27.58,91.02,4.33
Kolkata,2024,8,27,2.5382,27.56,92.07,3.01
Kolkata,2024,8,28,5.5891,28.27,88.13,1.75
Kolkata,2024,8,29,5.7917,28.06,88.97,2.48
Kolkata,2024,8,30,6.1046,28.25,88.14,2.63
Kolkata,2024,8,31,5.3426,28.56,89.57,3.77
Kolkata,2024,9,1,4.7566,28.13,91.02,3.41
Kolkata,2024,9,2,5.4034,28.48,88.53,2.56
Kolkata,2024,9,3,4.9502,28.69,86.5,1.83
Kolkata,2024,9,4,5.1542,28.28,88.18,2.42
Kolkata,2024,9,5,5.741,28.73,86.82,2.2
Kolkata,2024,9,6,5.4509,28.2,87.54,2.08
Kolkata,2024,9,7,5.1446,28.2,89.67,2.87
Kolkata,2024,9,8,4.4167,28.81,90.13,3.68
Kolkata,2024,9,9,4.4095,28.39,92.41,4.71
Kolkata,2024,9,10,4.8079,28.69,90.33,4.37
Kolkata,2024,9,11,4.4782,29.02,90.02,1.96
Kolkata,2024,9,12,2.8262,28.54,90.87,3.01
Kolkata,2024,9,13,1.9903,27.89,93.78,3.83
Kolkata,2024,9,14,1.1146,27.2,94.45,7.56
Kolkata,2024,9,15,1.1292,27.06,95.65,7.07
Kolkata,2024,9,16,1.7954,27.15,93.28,6.87
Kolkata,2024,9,17,5.3194,27.95,89.0,3.99
Kolkata,2024,9,18,5.7262,28.49,83.07,1.16
Kolkata,2024,9,19,4.9613,28.73,85.79,2.15
Kolkata,2024,9,20,5.3429,29.36,86.13,1.98
Kolkata,2024,9,21,4.9298,29.55,85.29,1.78
Kolkata,2024,9,22,5.683,28.98,90.11,2.24
Kolkata,2024,9,23,3.5112,28.77,92.25,2.01
Kolkata,2024,9,24,3.6631,27.8,93.56,2.76
Kolkata,2024,9,25,2.0554,27.34,93.37,3.78
Kolkata,2024,9,26,1.3294,27.52,94.74,4.1
Kolkata,2024,9,27,4.1954,27.6,93.51,3.76
Kolkata,2024,9,28,4.7018,28.04,91.26,3.21
Kolkata,2024,9,29,5.1871,28.86,88.5,2.7
Kolkata,2024,9,30,4.735,28.78,90.28,2.61
Kolkata,2024,10,1,4.4333,29.22,88.65,1.95
Kolkata,2024,10,2,2.3446,27.29,93.19,2.86
Kolkata,2024,10,3,3.3557,27.88,88.5,1.92
Kolkata,2024,10,4,2.2478,27.29,94.91,2.62
Kolkata,2024,10,5,3.1274,27.0,93.16,1.89
Kolkata,2024,10,6,3.2772,27.18,89.1,2.07
Kolkata,2024,10,7,4.6039,27.21,88.94,1.55
Kolkata,2024,10,8,4.1275,27.47,87.63,1.19
Kolkata,2024,10,9,4.7755,27.36,88.42,2.38
Kolkata,2024,10,10,4.6646,27.33,89.32,2.89
Kolkata,2024,10,11,4.9498,27.86,87.94,2.77
Kolkata,2024,10,12,4.4357,28.34,85.13,2.15
Kolkata,2024,10,13,3.8054,27.91,85.26,1.87
Kolkata,2024,10,14,4.3378,27.46,83.96,1.79
Kolkata,2024,10,15,3.7762,28.25,79.92,0.97
Kolkata,2024,10,16,3.0382,28.08,82.49,1.24
Kolkata,2024,10,17,3.5642,28.01,84.63,2.01
Kolkata,2024,10,18,3.6876,27.89,86.28,1.98
Kolkata,2024,10,19,2.9858,27.75,87.45,1.98
Kolkata,2024,10,20,4.2972,26.15,86.31,2.42
Kolkata,2024,10,21,3.6838,25.53,87.45,2.55
Kolkata,2024,10,22,4.9747,25.85,85.15,2.45
Kolkata,2024,10,23,2.201,25.43,92.04,3.08
Kolkata,2024,10,24,1.4942,25.58,94.49,7.23
Kolkata,2024,10,25,0.3996,26.45,92.89,7.35
Kolkata,2024,10,26,3.7908,26.62,89.44,3.88
Kolkata,2024,10,27,3.8702,26.55,89.26,2.41
Kolkata,2024,10,28,4.4635,27.04,86.42,1.47
Kolkata,2024,10,29,4.6534,26.99,87.01,1.71
Kolkata,2024,10,30,4.3159,27.08,88.35,2.3
Kolkata,2024,10,31,4.6056,27.19,88.73,2.47
Kolkata,2024,11,1,4.2506,26.92,82.34,1.83
Kolkata,2024,11,2,4.267,26.34,72.31,1.15
Kolkata,2024,11,3,3.7896,25.89,71.09,1.13
Kolkata,2024,11,4,3.666,25.73,71.24,0.95
Kolkata,2024,11,5,3.431,24.89,83.88,2.12
Kolkata,2024,11,6,4.2727,25.05,84.66,1.89
Kolkata,2024,11,7,4.3586,25.03,84.67,2.17
Kolkata,2024,11,8,4.7628,24.91,83.57,1.98
Kolkata,2024,11,9,4.7784,24.45,82.51,2.19
Kolkata,2024,11,10,5.0662,23.5,81.93,2.51
Kolkata,2024,11,11,3.8861,23.35,80.31,2.44
Kolkata,2024,11,12,4.0171,24.04,79.46,2.31
Kolkata,2024,11,13,4.5463,23.56,77.17,2.2
Kolkata,2024,11,14,3.7649,22.59,77.62,2.44
Kolkata,2024,11,15,3.8558,21.92,79.63,2.41
Kolkata,2024,11,16,4.0831,21.11,79.12,2.52
Kolkata,2024,11,17,4.068,21.38,74.53,1.61
Kolkata,2024,11,18,3.9504,21.17,75.72,1.62
Kolkata,2024,11,19,4.0066,20.51,79.18,1.95
Kolkata,2024,11,20,4.1806,20.33,79.74,2.11
Kolkata,2024,11,21,3.8345,21.8,77.44,1.62
Kolkata,2024,11,22,3.6859,21.03,79.29,1.98
Kolkata,2024,11,23,3.1819,20.84,78.9,2.12
Kolkata,2024,11,24,2.9791,20.37,75.28,1.83
Kolkata,2024,11,25,2.7463,20.3,74.03,1.83
Kolkata,2024,11,26,3.307,19.64,78.77,1.96
Kolkata,2024,11,27,3.545,19.49,83.3,2.41
Kolkata,2024,11,28,3.9782,20.2,85.79,2.94
Kolkata,2024,11,29,2.7533,20.93,85.3,2.76
Kolkata,2024,11,30,1.673,21.18,84.69,2.59
Kolkata,2024,12,1,3.3341,20.81,83.37,2.82
Kolkata,2024,12,2,2.2078,20.48,82.48,2.47
Kolkata,2024,12,3,3.103,20.86,79.18,2.5
Kolkata,2024,12,4,3.7577,20.45,72.34,1.92
Kolkata,2024,12,5,3.7274,20.97,68.34,1.61
Kolkata,2024,12,6,3.8729,19.99,71.45,1.76
Kolkata,2024,12,7,4.008,18.86,72.43,1.97
Kolkata,2024,12,8,3.833,18.67,74.26,2.03
Kolkata,2024,12,9,2.4941,18.02,81.3,1.68
Kolkata,2024,12,10,2.9537,19.18,82.87,2.43
Kolkata,2024,12,11,2.7886,16.5,78.13,3.12
Kolkata,2024,12,12,3.6847,15.38,79.71,3.13
Kolkata,2024,12,13,3.755,15.02,76.75,2.91
Kolkata,2024,12,14,3.87,14.1,72.12,3.2
Kolkata,2024,12,15,4.1047,14.34,79.0,3.26
Kolkata,2024,12,16,4.0567,15.98,80.17,2.3
Kolkata,2024,12,17,3.577,16.97,82.79,2.67
Kolkata,2024,12,18,3.5573,17.31,76.22,2.54
Kolkata,2024,12,19,3.7387,17.76,78.47,2.52
Kolkata,2024,12,20,3.1152,18.13,78.97,2.36
Kolkata,2024,12,21,1.3166,17.48,85.77,2.02
Kolkata,2024,12,22,3.6787,18.1,82.87,2.48
Kolkata,2024,12,23,3.7692,17.59,81.64,2.95
Kolkata,2024,12,24,3.1946,18.76,80.08,1.98
Kolkata,2024,12,25,2.2639,18.68,77.29,2.14
Kolkata,2024,12,26,3.503,19.11,78.08,2.73
Kolkata,2024,12,27,3.7428,18.84,81.49,2.99
Kolkata,2024,12,28,3.9821,19.54,79.03,1.94
Kolkata,2024,12,29,3.4937,20.9,78.59,1.63
Kolkata,2024,12,30,3.4778,20.26,82.51,2.44
Kolkata,2024,12,31,3.1812,16.83,79.33,3.65
Kolkata,2025,1,1,3.3862,15.05,81.13,3.54
Kolkata,2025,1,2,3.8534,14.46,77.02,3.5
Kolkata,2025,1,3,3.2904,14.42,80.74,2.9
Kolkata,2025,1,4,2.9042,15.71,84.53,2.78
Kolkata,2025,1,5,2.7406,16.84,84.06,2.24
Kolkata,2025,1,6,3.3336,18.55,78.88,1.64
Kolkata,2025,1,7,3.0264,18.27,82.48,2.7
Kolkata,2025,1,8,3.0024,15.76,78.0,3.25
Kolkata,2025,1,9,3.7548,15.2,76.69,2.8
Kolkata,2025,1,10,3.6727,14.83,74.63,2.82
Kolkata,2025,1,11,3.8702,15.73,72.15,2.46
Kolkata,2025,1,12,4.3037,17.84,67.88,1.74
Kolkata,2025,1,13,3.5633,18.47,69.07,1.57
Kolkata,2025,1,14,2.8248,18.61,75.35,2.93
Kolkata,2025,1,15,3.3415,16.97,72.5,3.51
Kolkata,2025,1,16,4.0493,16.77,74.4,2.98
Kolkata,2025,1,17,4.1467,17.76,76.12,3.2
Kolkata,2025,1,18,4.1134,17.98,74.9,2.94
Kolkata,2025,1,19,4.4198,17.62,73.8,3.31
Kolkata,2025,1,20,4.6346,17.11,67.27,2.6
Kolkata,2025,1,21,4.3409,18.44,69.11,2.08
Kolkata,2025,1,22,4.2442,19.39,68.49,1.92
Kolkata,2025,1,23,3.3017,20.28,69.38,1.56
Kolkata,2025,1,24,3.0866,20.52,78.43,1.81
Kolkata,2025,1,25,1.9546,19.95,78.03,1.96
Kolkata,2025,1,26,4.0666,17.71,66.01,2.84
Kolkata,2025,1,27,4.4774,17.6,58.98,2.21
Kolkata,2025,1,28,3.9058,18.86,56.82,1.14
Kolkata,2025,1,29,2.7586,19.92,76.99,2.14
Kolkata,2025,1,30,2.6851,21.95,83.52,3.94
Kolkata,2025,1,31,2.0623,21.98,79.17,2.73
Kolkata,2025,2,1,1.7388,23.51,78.5,1.98
Kolkata,2025,2,2,1.356,23.11,76.31,1.97
Kolkata,2025,2,3,3.3905,22.45,64.11,2.17
Kolkata,2025,2,4,4.3092,21.14,61.8,2.01
Kolkata,2025,2,5,3.9242,22.73,69.89,2.02
Kolkata,2025,2,6,3.865,22.89,73.78,3.17
Kolkata,2025,2,7,5.5186,19.73,52.83,2.92
Kolkata,2025,2,8,5.4002,18.69,50.39,2.6
Kolkata,2025,2,9,5.1,19.28,50.91,2.19
Kolkata,2025,2,10,4.8355,21.21,63.39,2.29
Kolkata,2025,2,11,4.2554,22.23,69.66,2.97
Kolkata,2025,2,12,3.7987,24.04,70.97,2.15
Kolkata,2025,2,13,4.1052,23.9,68.66,2.62
Kolkata,2025,2,14,5.423,20.56,47.43,2.68
Kolkata,2025,2,15,5.4658,21.55,47.51,2.02
Kolkata,2025,2,16,5.0148,22.35,60.5,2.84
Kolkata,2025,2,17,4.637,23.71,71.59,2.91
Kolkata,2025,2,18,4.4616,25.14,68.22,1.59
Kolkata,2025,2,19,3.4999,24.78,72.05,1.64
Kolkata,2025,2,20,1.249,24.43,77.22,1.65
Kolkata,2025,2,21,4.6855,24.53,73.85,1.79
Kolkata,2025,2,22,3.9466,25.03,73.01,2.86
Kolkata,2025,2,23,3.9998,24.67,72.89,2.32
Kolkata,2025,2,24,4.1218,23.73,64.69,2.25
Kolkata,2025,2,25,4.02,23.92,58.55,2.04
Kolkata,2025,2,26,4.2938,23.42,59.79,2.23
Kolkata,2025,2,27,4.1702,24.28,61.1,1.79
Kolkata,2025,2,28,4.2571,25.37,67.39,1.74
Kolkata,2025,3,1,5.1511,26.05,70.14,3.9
Kolkata,2025,3,2,4.8226,25.99,65.67,3.2
Kolkata,2025,3,3,4.3942,27.37,64.3,2.23
Kolkata,2025,3,4,5.7986,26.19,48.68,2.58
Kolkata,2025,3,5,5.9897,25.53,49.25,2.91
Kolkata,2025,3,6,6.3504,23.06,42.4,2.85
Kolkata,2025,3,7,6.4116,22.78,39.5,2.7
Kolkata,2025,3,8,5.4624,24.46,57.64,3.3
Kolkata,2025,3,9,5.3158,26.06,66.89,2.57
Kolkata,2025,3,10,5.4878,26.93,61.82,2.06
Kolkata,2025,3,11,5.766,26.76,59.67,3.81
Kolkata,2025,3,12,5.9722,27.98,59.3,3.41
Kolkata,2025,3,13,5.8694,28.98,57.75,4.07
Kolkata,2025,3,14,5.365,29.57,60.17,3.16
Kolkata,2025,3,15,5.2452,30.23,58.5,3.27
Kolkata,2025,3,16,5.6016,30.67,60.39,3.26
Kolkata,2025,3,17,4.446,29.16,67.08,3.44
Kolkata,2025,3,18,5.365,28.92,58.84,3.0
Kolkata,2025,3,19,5.4286,28.88,60.83,2.47
Kolkata,2025,3,20,3.4488,29.08,65.97,3.03
Kolkata,2025,3,21,3.6982,28.01,64.55,2.21
Kolkata,2025,3,22,2.0801,25.92,63.99,3.01
Kolkata,2025,3,23,3.9907,27.14,57.77,1.24
Kolkata,2025,3,24,5.652,26.97,50.91,1.99
Kolkata,2025,3,25,5.6016,27.55,49.71,2.33
Kolkata,2025,3,26,6.101,28.37,62.53,3.99
Kolkata,2025,3,27,6.3804,29.37,56.7,3.32
Kolkata,2025,3,28,6.4658,29.99,54.07,3.64
Kolkata,2025,3,29,6.0641,30.83,58.04,3.14
Kolkata,2025,3,30,5.3822,30.48,63.45,2.76
Kolkata,2025,3,31,4.9673,30.31,64.97,3.7
Kolkata,2025,4,1,5.5795,29.96,62.14,4.49
Kolkata,2025,4,2,5.5747,30.26,60.93,3.53
Kolkata,2025,4,3,5.5135,30.7,56.62,2.7
Kolkata,2025,4,4,3.8112,31.86,50.03,3.48
Kolkata,2025,4,5,5.8138,31.54,50.1,2.98
Kolkata,2025,4,6,5.6724,31.43,58.52,4.87
Kolkata,2025,4,7,5.6815,30.85,59.64,3.78
Kolkata,2025,4,8,5.7449,29.37,67.35,3.25
Kolkata,2025,4,9,6.3151,30.42,57.04,3.59
Kolkata,2025,4,10,5.9304,29.95,56.57,3.81
Kolkata,2025,4,11,6.1913,29.6,63.41,2.6
Kolkata,2025,4,12,5.5224,29.7,64.85,3.15
Kolkata,2025,4,13,6.0012,29.2,67.14,1.69
Kolkata,2025,4,14,4.9558,29.63,62.96,1.87
Kolkata,2025,4,15,6.2323,30.09,58.83,1.69
Kolkata,2025,4,16,4.8252,30.17,59.94,3.58
Kolkata,2025,4,17,5.021,30.36,65.34,3.89
Kolkata,2025,4,18,3.7231,29.29,72.63,3.07
Kolkata,2025,4,19,4.9457,30.31,70.7,2.7
Kolkata,2025,4,20,5.2063,31.57,69.0,3.92
Kolkata,2025,4,21,4.697,32.0,70.5,5.31
Kolkata,2025,4,22,5.4931,32.56,67.82,5.19
Kolkata,2025,4,23,6.7145,33.12,63.22,4.77
Kolkata,2025,4,24,6.0521,32.81,66.01,5.32
Kolkata,2025,4,25,5.7144,32.93,62.5,5.13
Kolkata,2025,4,26,6.378,32.57,63.26,6.15
Kolkata,2025,4,27,4.8463,32.27,57.99,3.95
Kolkata,2025,4,28,3.8393,30.87,61.16,1.58
Kolkata,2025,4,29,6.1123,29.3,65.75,1.81
Kolkata,2025,4,30,3.9478,29.53,64.91,1.54
Kolkata,2025,5,1,6.649,29.29,65.48,0.96
Kolkata,2025,5,2,6.8489,29.41,61.51,1.64
Kolkata,2025,5,3,6.4668,29.92,62.9,3.05
Kolkata,2025,5,4,5.4182,30.19,63.9,2.86
Kolkata,2025,5,5,6.4013,30.63,61.96,2.96
Kolkata,2025,5,6,4.9654,31.37,60.97,2.95
Kolkata,2025,5,7,6.5575,31.54,62.25,2.8
Kolkata,2025,5,8,6.2988,32.39,61.05,3.67
Kolkata,2025,5,9,6.2746,33.1,56.71,2.49
Kolkata,2025,5,10,6.4373,33.95,53.21,3.12
Kolkata,2025,5,11,6.0497,34.18,53.62,3.58
Kolkata,2025,5,12,5.2147,34.44,55.79,4.4
Kolkata,2025,5,13,5.4617,32.77,63.35,4.54
Kolkata,2025,5,14,6.0271,33.42,61.14,5.19
Kolkata,2025,5,15,5.1257,32.54,65.36,5.15
Kolkata,2025,5,16,5.4074,32.01,69.08,4.99
Kolkata,2025,5,17,5.537,31.32,68.86,4.73
Kolkata,2025,5,18,3.9504,30.82,71.17,4.23
Kolkata,2025,5,19,5.6782,31.18,70.85,4.01
Kolkata,2025,5,20,6.0403,31.12,73.35,4.57
Kolkata,2025,5,21,5.8606,30.94,76.19,4.78
Kolkata,2025,5,22,5.6945,29.64,73.18,1.86
Kolkata,2025,5,23,4.225,29.97,71.61,1.48
Kolkata,2025,5,24,4.5372,29.81,72.85,1.34
Kolkata,2025,5,25,4.4208,28.2,85.89,2.76
Kolkata,2025,5,26,2.8865,29.36,81.12,3.02
Kolkata,2025,5,27,3.7704,28.72,86.29,4.36
Kolkata,2025,5,28,4.6248,29.02,84.39,3.21
Kolkata,2025,5,29,2.5862,29.05,86.14,4.7
Kolkata,2025,5,30,4.6022,30.71,78.14,5.76
Kolkata,2025,5,31,4.3627,29.91,83.0,4.73
Kolkata,2025,6,1,5.2915,31.56,75.59,4.5
Kolkata,2025,6,2,5.7199,31.71,67.82,3.6
Kolkata,2025,6,3,5.6369,31.73,70.77,4.18
Kolkata,2025,6,4,4.23,30.9,71.78,2.0
Kolkata,2025,6,5,4.3733,30.63,70.52,2.25
Kolkata,2025,6,6,5.4329,30.81,72.16,2.03
Kolkata,2025,6,7,6.5813,30.86,71.46,2.26
Kolkata,2025,6,8,6.1039,31.15,71.12,2.49
Kolkata,2025,6,9,5.9191,31.18,70.47,2.28
Kolkata,2025,6,10,5.5092,30.33,77.24,2.91
Kolkata,2025,6,11,5.0998,29.71,78.8,2.68
Kolkata,2025,6,12,6.0187,30.63,74.5,2.89
Kolkata,2025,6,13,6.223,30.84,73.7,3.29
Kolkata,2025,6,14,5.9801,31.02,73.33,3.54
Kolkata,2025,6,15,3.1315,29.65,80.91,2.09
Kolkata,2025,6,16,4.5626,28.46,85.03,3.36
Kolkata,2025,6,17,1.7453,28.3,89.12,5.61
Kolkata,2025,6,18,1.3195,28.4,89.41,6.24
Kolkata,2025,6,19,2.5022,28.12,85.69,8.44
Kolkata,2025,6,20,1.8934,29.12,85.37,5.4
Kolkata,2025,6,21,4.0829,30.13,79.9,4.09
Kolkata,2025,6,22,2.3242,29.31,83.29,3.17
Kolkata,2025,6,23,4.7659,28.78,89.07,2.92
Kolkata,2025,6,24,5.0242,29.29,86.59,3.17
Kolkata,2025,6,25,4.7645,29.18,86.43,4.83
Kolkata,2025,6,26,4.5804,28.89,88.19,4.81
Kolkata,2025,6,27,3.4915,29.23,85.0,4.5
Kolkata,2025,6,28,1.6625,28.57,86.42,4.28
Kolkata,2025,6,29,3.707,29.26,84.54,1.4
Kolkata,2025,6,30,3.5208,28.3,90.02,3.09
Kolkata,2025,7,1,4.7028,29.01,85.68,3.7
Kolkata,2025,7,2,4.7218,29.14,84.76,2.59
Kolkata,2025,7,3,4.1232,29.04,85.88,3.66
Kolkata,2025,7,4,2.1168,28.58,88.23,3.48
Kolkata,2025,7,5,3.7927,28.7,85.26,4.77
Kolkata,2025,7,6,2.3902,27.86,88.7,6.28
Kolkata,2025,7,7,2.2613,28.02,88.69,4.72
Kolkata,2025,7,8,1.4674,27.63,91.14,2.98
Kolkata,2025,7,9,1.6678,27.45,91.46,4.58
Kolkata,2025,7,10,3.521,28.33,89.1,4.69
Kolkata,2025,7,11,4.3342,28.59,88.85,2.7
Kolkata,2025,7,12,4.8965,28.87,89.2,2.27
Kolkata,2025,7,13,3.6557,28.98,87.91,2.09
Kolkata,2025,7,14,1.9133,28.1,90.44,3.23
Kolkata,2025,7,15,1.794,28.48,89.38,6.19
Kolkata,2025,7,16,2.7826,28.35,91.61,3.88
Kolkata,2025,7,17,5.1118,28.33,89.19,2.92
Kolkata,2025,7,18,4.3387,28.77,87.64,3.18
Kolkata,2025,7,19,4.7414,28.96,87.45,3.06
Kolkata,2025,7,20,4.5199,29.14,88.08,3.04
Kolkata,2025,7,21,5.423,29.09,84.15,1.68
Kolkata,2025,7,22,5.7804,29.81,82.72,1.93
Kolkata,2025,7,23,6.0492,30.34,82.87,1.85
Kolkata,2025,7,24,3.1303,29.62,89.26,1.65
Kolkata,2025,7,25,2.6064,28.46,91.49,6.42
Kolkata,2025,7,26,3.5551,28.92,87.79,6.27
Kolkata,2025,7,27,4.9231,29.01,87.25,4.64
Kolkata,2025,7,28,2.0969,29.06,88.31,3.9
Kolkata,2025,7,29,3.2484,28.09,90.42,3.73
Kolkata,2025,7,30,2.621,28.35,88.55,3.74
Kolkata,2025,7,31,1.446,28.17,90.12,3.89
Kolkata,2025,8,1,4.2449,29.08,87.13,3.86
Kolkata,2025,8,2,4.1093,28.67,90.23,3.86
Kolkata,2025,8,3,4.5326,28.6,91.74,3.95
Kolkata,2025,8,4,3.3286,28.39,92.72,3.27
Kolkata,2025,8,5,3.3132,28.47,90.99,2.53
Kolkata,2025,8,6,2.1365,28.07,90.87,3.26
Kolkata,2025,8,7,2.3345,28.2,89.41,3.36
Kolkata,2025,8,8,2.3102,27.34,89.98,4.96
Kolkata,2025,8,9,4.6166,28.11,87.41,4.07
Kolkata,2025,8,10,5.6873,28.36,88.99,3.64
Kolkata,2025,8,11,4.8775,29.0,87.72,3.4
Kolkata,2025,8,12,4.6123,29.24,89.01,2.73
Kolkata,2025,8,13,3.1745,28.54,89.17,3.36
Kolkata,2025,8,14,3.3914,27.7,91.52,3.5
Kolkata,2025,8,15,4.7064,27.95,90.26,3.52
Kolkata,2025,8,16,5.8651,28.12,88.26,2.8
Kolkata,2025,8,17,4.6505,27.91,89.19,3.44
Kolkata,2025,8,18,4.4573,27.63,92.29,5.08
Kolkata,2025,8,19,3.8496,27.83,91.51,5.2
Kolkata,2025,8,20,2.0436,27.78,92.85,3.6
Kolkata,2025,8,21,1.2113,27.58,91.08,2.35
Kolkata,2025,8,22,1.301,27.73,92.14,3.76
Kolkata,2025,8,23,1.7131,27.18,93.27,6.56
Kolkata,2025,8,24,2.9026,27.82,90.02,4.43
Kolkata,2025,8,25,4.2818,28.34,86.68,2.15
Kolkata,2025,8,26,5.3342,27.8,87.9,2.78
Kolkata,2025,8,27,4.4784,28.0,88.54,3.91
Kolkata,2025,8,28,4.8919,28.25,88.78,4.6
Kolkata,2025,8,29,3.4087,27.8,91.11,3.72
Kolkata,2025,8,30,4.404,27.92,89.42,2.49
Kolkata,2025,8,31,5.4269,28.73,84.99,1.6
Kolkata,2025,9,1,5.0971,28.72,85.26,1.55
Kolkata,2025,9,2,3.3919,28.07,90.54,3.42
Kolkata,2025,9,3,3.1082,27.87,90.57,5.6
Kolkata,2025,9,4,4.5802,27.54,91.07,3.23
Kolkata,2025,9,5,5.1924,27.22,90.2,2.2
Kolkata,2025,9,6,5.6791,27.84,88.24,2.24
Kolkata,2025,9,7,5.2586,28.34,86.49,2.04
Kolkata,2025,9,8,5.6952,28.16,87.0,2.36
Kolkata,2025,9,9,5.3813,28.34,86.88,2.4
Kolkata,2025,9,10,5.6136,28.7,87.2,2.53
Kolkata,2025,9,11,4.812,28.37,89.04,2.11
Kolkata,2025,9,12,4.0452,27.87,89.08,2.16
Kolkata,2025,9,13,4.458,27.74,91.18,2.48
Kolkata,2025,9,14,2.6393,27.85,90.44,2.35
Kolkata,2025,9,15,3.2314,27.26,90.9,2.57
Kolkata,2025,9,16,3.4675,27.37,91.24,3.26
Kolkata,2025,9,17,4.2989,27.71,88.84,2.79
Kolkata,2025,9,18,5.4588,28.56,87.88,2.79
Kolkata,2025,9,19,4.2266,28.03,92.38,2.01
Kolkata,2025,9,20,2.4163,28.02,90.91,1.4
Kolkata,2025,9,21,4.0927,28.18,88.35,1.25
Kolkata,2025,9,22,2.0083,27.67,92.25,1.8
Kolkata,2025,9,23,3.1572,26.53,94.35,4.17
Kolkata,2025,9,24,4.6721,27.78,89.09,3.31
Kolkata,2025,9,25,5.4024,28.12,87.5,2.09
Kolkata,2025,9,26,4.4652,27.85,91.22,4.01
Kolkata,2025,9,27,4.7182,28.07,90.42,4.2
Kolkata,2025,9,28,5.1014,27.42,90.72,2.77
Kolkata,2025,9,29,5.3906,28.47,84.54,1.31
Kolkata,2025,9,30,5.2346,29.09,83.42,1.47
Kolkata,2025,10,1,3.9288,28.57,88.96,2.19
Kolkata,2025,10,2,1.848,27.58,93.53,4.76
Kolkata,2025,10,3,2.057,27.63,91.88,4.8
Kolkata,2025,10,4,3.6667,27.78,93.7,4.51
Kolkata,2025,10,5,2.1252,27.41,92.35,2.47
Kolkata,2025,10,6,2.9911,27.17,85.76,1.01
Kolkata,2025,10,7,3.983,27.12,87.29,1.57
Kolkata,2025,10,8,3.8808,26.81,90.15,1.61
Kolkata,2025,10,9,3.9559,27.13,87.27,1.65
Kolkata,2025,10,10,3.2875,26.49,90.58,2.31
Kolkata,2025,10,11,4.6661,26.24,88.03,2.58
Kolkata,2025,10,12,5.1216,25.96,86.28,2.21
Kolkata,2025,10,13,5.1058,25.8,87.04,2.66
Kolkata,2025,10,14,5.3945,25.77,87.22,2.62
Kolkata,2025,10,15,5.2783,24.85,85.65,2.75
Kolkata,2025,10,16,5.0239,24.26,82.46,2.32
Kolkata,2025,10,17,4.8977,24.92,80.25,1.6
Kolkata,2025,10,18,4.6606,25.51,82.47,1.85
Kolkata,2025,10,19,4.776,26.43,83.83,2.29
Kolkata,2025,10,20,5.1643,26.33,86.61,2.44
Kolkata,2025,10,21,5.5411,25.78,84.21,2.6
Kolkata,2025,10,22,5.4101,25.97,83.82,2.26
Kolkata,2025,10,23,5.2889,26.41,80.73,1.67
Kolkata,2025,10,24,4.9195,26.94,75.77,1.07
Kolkata,2025,10,25,4.4294,26.93,76.4,1.28
Kolkata,2025,10,26,4.32,27.08,77.87,1.35
Kolkata,2025,10,27,4.627,27.0,82.23,2.15
Kolkata,2025,10,28,4.2754,27.33,85.56,2.64
Kolkata,2025,10,29,1.3205,26.99,90.31,2.92
Kolkata,2025,10,30,3.6833,27.17,89.09,2.71
Kolkata,2025,10,31,4.116,27.24,88.02,3.32
Kolkata,2025,11,1,3.1034,27.0,89.51,2.68
Kolkata,2025,11,2,2.8997,25.36,89.27,3.33
Kolkata,2025,11,3,4.3711,24.22,82.48,2.6
Kolkata,2025,11,4,3.504,23.11,84.09,2.97
Kolkata,2025,11,5,4.1297,22.53,81.77,2.73
Kolkata,2025,11,6,3.7997,23.88,80.0,2.16
Kolkata,2025,11,7,4.0531,23.71,83.45,2.99
Kolkata,2025,11,8,4.7474,21.04,80.5,3.81
Kolkata,2025,11,9,4.6375,19.98,78.51,2.91
Kolkata,2025,11,10,4.415,20.14,81.11,2.77
Kolkata,2025,11,11,4.3361,18.97,77.28,2.61
Kolkata,2025,11,12,4.4172,18.67,75.64,2.51
Kolkata,2025,11,13,4.2874,19.09,78.32,2.44
Kolkata,2025,11,14,4.392,19.18,80.36,2.57
Kolkata,2025,11,15,4.3543,19.11,82.29,2.66
Kolkata,2025,11,16,4.2833,19.04,82.96,2.85
Kolkata,2025,11,17,4.4515,19.39,85.52,2.93
Kolkata,2025,11,18,4.8096,19.84,82.49,2.54
Kolkata,2025,11,19,4.5677,20.41,77.59,2.48
Kolkata,2025,11,20,4.5439,20.43,79.28,2.57
Kolkata,2025,11,21,3.8971,20.77,78.96,2.18
Kolkata,2025,11,22,3.2726,20.89,78.94,1.69
Kolkata,2025,11,23,3.4704,20.73,78.14,1.73
Kolkata,2025,11,24,3.7337,19.07,82.35,3.0
Kolkata,2025,11,25,3.7812,17.93,82.53,3.03
Kolkata,2025,11,26,3.6134,17.69,81.97,3.01
Kolkata,2025,11,27,4.2703,18.29,82.67,2.63
Kolkata,2025,11,28,4.6166,19.01,83.84,2.43
Kolkata,2025,11,29,4.1033,19.0,80.43,2.41
Kolkata,2025,11,30,3.6362,19.35,78.79,2.13
Kolkata,2025,12,1,2.9578,18.36,83.15,2.09
Kolkata,2025,12,2,3.0739,19.48,79.55,2.29
Kolkata,2025,12,3,2.7619,18.36,79.73,2.58
Kolkata,2025,12,4,3.4344,17.0,81.54,2.97
Kolkata,2025,12,5,3.9199,16.35,79.69,3.43
Kolkata,2025,12,6,4.0747,15.49,75.74,2.96
Kolkata,2025,12,7,3.8129,15.74,78.66,2.99
Kolkata,2025,12,8,3.1354,16.02,78.51,2.46
Kolkata,2025,12,9,3.0658,17.08,81.63,2.84
Kolkata,2025,12,10,3.4565,17.16,82.31,3.02
Kolkata,2025,12,11,3.7087,16.03,79.26,2.87
Kolkata,2025,12,12,3.4944,16.24,77.76,2.6
Kolkata,2025,12,13,3.5933,16.75,82.39,2.65
Kolkata,2025,12,14,4.195,17.0,81.65,2.92
Kolkata,2025,12,15,4.2286,16.84,82.7,2.85
Kolkata,2025,12,16,3.6742,17.09,81.97,2.77
Kolkata,2025,12,17,3.3086,16.62,83.73,3.01
Kolkata,2025,12,18,3.7932,16.79,84.68,2.85
Kolkata,2025,12,19,3.7565,16.83,85.1,2.88
Kolkata,2025,12,20,2.5162,16.32,83.98,3.3
Kolkata,2025,12,21,2.3266,15.91,85.16,2.75
Kolkata,2025,12,22,2.743,16.24,84.81,2.99
Kolkata,2025,12,23,3.7649,15.9,83.67,2.68
Kolkata,2025,12,24,3.0794,15.47,83.58,2.65
Kolkata,2025,12,25,3.0197,14.32,81.3,3.03
Kolkata,2025,12,26,3.1649,14.04,81.17,3.06
Kolkata,2025,12,27,3.223,14.13,83.93,3.18
Kolkata,2025,12,28,3.0118,14.21,81.23,3.1
Kolkata,2025,12,29,1.7189,13.26,81.55,2.96
Kolkata,2025,12,30,2.7228,13.27,81.44,2.92
Kolkata,2025,12,31,3.4181,13.8,77.52,2.23
Mumbai,2018,1,1,4.2614,21.26,60.72,2.83
Mumbai,2018,1,2,4.6178,21.03,58.78,2.83
Mumbai,2018,1,3,4.2458,21.48,61.22,3.0
Mumbai,2018,1,4,4.343,21.93,62.05,1.96
Mumbai,2018,1,5,4.2264,21.45,63.0,2.65
Mumbai,2018,1,6,4.5439,20.59,56.46,2.57
Mumbai,2018,1,7,4.6205,20.3,56.87,2.36
Mumbai,2018,1,8,4.1436,20.64,60.41,2.38
Mumbai,2018,1,9,3.9991,22.1,57.8,2.66
Mumbai,2018,1,10,3.9403,22.85,56.09,3.63
Mumbai,2018,1,11,4.1674,24.17,56.19,3.08
Mumbai,2018,1,12,3.7884,25.31,57.19,3.25
Mumbai,2018,1,13,3.7219,25.79,56.19,2.94
Mumbai,2018,1,14,3.5551,26.15,54.14,2.55
Mumbai,2018,1,15,4.0051,26.62,58.84,2.7
Mumbai,2018,1,16,4.4554,26.19,51.7,2.99
Mumbai,2018,1,17,5.1883,25.75,51.89,2.66
Mumbai,2018,1,18,5.2795,24.61,52.07,2.96
Mumbai,2018,1,19,5.1173,23.89,52.77,2.74
Mumbai,2018,1,20,5.1454,23.78,52.36,2.41
Mumbai,2018,1,21,5.0786,23.7,53.66,2.55
Mumbai,2018,1,22,4.8694,23.06,54.91,2.49
Mumbai,2018,1,23,4.9718,22.01,64.5,2.67
Mumbai,2018,1,24,5.4286,21.36,58.17,2.52
Mumbai,2018,1,25,5.3381,21.33,48.27,2.76
Mumbai,2018,1,26,5.388,21.81,41.48,2.87
Mumbai,2018,1,27,5.4691,22.0,44.69,2.81
Mumbai,2018,1,28,4.8984,22.29,53.82,2.59
Mumbai,2018,1,29,4.8252,23.37,50.27,2.63
Mumbai,2018,1,30,4.9603,23.97,41.93,3.51
Mumbai,2018,1,31,5.5975,24.4,39.62,3.38
Mumbai,2018,2,1,5.7158,24.35,41.02,2.63
Mumbai,2018,2,2,5.4377,24.1,46.41,2.69
Mumbai,2018,2,3,5.3424,24.38,45.85,2.57
Mumbai,2018,2,4,5.3688,24.72,44.34,2.54
Mumbai,2018,2,5,5.2116,25.1,47.08,2.54
Mumbai,2018,2,6,4.0656,23.88,50.74,2.57
Mumbai,2018,2,7,4.1453,25.06,49.61,2.17
Mumbai,2018,2,8,5.7389,23.84,62.39,2.06
Mumbai,2018,2,9,5.7593,23.75,57.71,2.29
Mumbai,2018,2,10,5.5315,24.02,50.25,2.25
Mumbai,2018,2,11,5.8061,23.02,62.68,2.71
Mumbai,2018,2,12,6.1538,22.77,63.96,2.32
Mumbai,2018,2,13,5.9981,22.95,54.29,2.64
Mumbai,2018,2,14,5.6513,25.56,47.56,3.93
Mumbai,2018,2,15,5.1758,27.16,48.75,4.36
Mumbai,2018,2,16,5.4679,26.85,44.18,3.27
Mumbai,2018,2,17,5.6945,26.18,38.42,3.05
Mumbai,2018,2,18,5.7197,26.33,34.26,3.08
Mumbai,2018,2,19,5.6616,27.0,34.24,2.67
Mumbai,2018,2,20,5.5445,26.99,40.6,2.78
Mumbai,2018,2,21,5.5421,27.25,37.19,2.89
Mumbai,2018,2,22,5.3028,27.74,37.27,2.97
Mumbai,2018,2,23,5.2255,28.11,38.59,2.61
Mumbai,2018,2,24,5.4211,28.63,36.71,2.91
Mumbai,2018,2,25,5.5824,29.3,35.27,3.02
Mumbai,2018,2,26,6.1078,29.32,34.73,2.8
Mumbai,2018,2,27,6.1795,29.93,33.11,3.02
Mumbai,2018,2,28,5.8982,29.88,34.21,3.15
Mumbai,2018,3,1,5.6062,29.51,38.47,1.86
Mumbai,2018,3,2,5.7562,29.34,39.06,2.43
Mumbai,2018,3,3,5.3914,29.31,34.19,2.41
Mumbai,2018,3,4,5.6522,28.16,49.72,2.32
Mumbai,2018,3,5,5.9626,28.12,46.84,3.21
Mumbai,2018,3,6,5.629,29.26,36.3,3.04
Mumbai,2018,3,7,5.6167,29.39,37.1,2.78
Mumbai,2018,3,8,5.8735,28.41,52.23,2.18
Mumbai,2018,3,9,6.0936,28.9,51.31,3.23
Mumbai,2018,3,10,6.0144,29.28,43.83,3.08
Mumbai,2018,3,11,6.221,30.39,33.45,3.75
Mumbai,2018,3,12,6.0506,30.89,25.33,3.65
Mumbai,2018,3,13,5.8608,29.84,29.34,3.6
Mumbai,2018,3,14,5.1787,29.49,26.85,4.13
Mumbai,2018,3,15,1.4532,28.34,38.05,2.05
Mumbai,2018,3,16,4.6414,29.33,42.69,2.54
Mumbai,2018,3,17,5.7785,29.82,37.46,2.56
Mumbai,2018,3,18,5.7514,29.55,51.08,2.3
Mumbai,2018,3,19,7.0298,28.93,46.24,2.31
Mumbai,2018,3,20,6.9142,27.87,53.45,2.88
Mumbai,2018,3,21,7.1702,27.36,54.19,3.48
Mumbai,2018,3,22,7.272,26.36,53.89,3.25
Mumbai,2018,3,23,7.1705,25.76,52.77,2.22
Mumbai,2018,3,24,7.0075,29.57,34.46,2.57
Mumbai,2018,3,25,6.7853,31.98,23.17,2.78
Mumbai,2018,3,26,6.3206,32.76,22.43,3.99
Mumbai,2018,3,27,6.3492,31.11,39.46,2.43
Mumbai,2018,3,28,6.9007,29.81,52.46,2.74
Mumbai,2018,3,29,7.1702,29.28,52.78,2.51
Mumbai,2018,3,30,6.9972,28.96,58.15,2.23
Mumbai,2018,3,31,6.6619,28.5,61.2,2.24
Mumbai,2018,4,1,7.2953,29.5,55.62,2.71
Mumbai,2018,4,2,6.971,29.57,52.29,2.61
Mumbai,2018,4,3,6.7824,29.65,51.83,2.6
Mumbai,2018,4,4,6.6866,30.27,49.12,2.7
Mumbai,2018,4,5,6.516,30.45,55.49,2.46
Mumbai,2018,4,6,5.7482,29.31,56.27,2.13
Mumbai,2018,4,7,6.4042,30.09,54.1,2.86
Mumbai,2018,4,8,7.2122,30.52,45.99,2.62
Mumbai,2018,4,9,7.2538,30.46,41.15,3.11
Mumbai,2018,4,10,7.1918,31.04,38.72,2.67
Mumbai,2018,4,11,6.5393,30.45,48.8,2.25
Mumbai,2018,4,12,7.2288,30.32,52.13,2.39
Mumbai,2018,4,13,7.2322,30.49,51.44,2.71
Mumbai,2018,4,14,6.8419,31.06,52.66,2.44
Mumbai,2018,4,15,6.3684,31.76,50.15,2.51
Mumbai,2018,4,16,6.5465,32.19,53.46,3.1
Mumbai,2018,4,17,6.5081,33.83,48.99,2.61
Mumbai,2018,4,18,6.6713,33.16,48.97,2.96
Mumbai,2018,4,19,6.8203,32.34,50.51,2.8
Mumbai,2018,4,20,7.4978,30.89,57.0,3.27
Mumbai,2018,4,21,7.423,31.66,49.11,3.19
Mumbai,2018,4,22,7.6356,31.31,47.3,3.57
Mumbai,2018,4,23,7.5833,31.16,48.66,2.7
Mumbai,2018,4,24,7.8053,31.44,45.07,2.64
Mumbai,2018,4,25,7.7791,30.6,48.96,2.76
Mumbai,2018,4,26,7.5228,30.26,52.69,2.49
Mumbai,2018,4,27,7.5338,30.65,53.75,2.74
Mumbai,2018,4,28,7.0003,31.03,57.95,2.81
Mumbai,2018,4,29,6.9766,30.71,60.49,2.79
Mumbai,2018,4,30,7.3678,30.6,61.05,3.09
Mumbai,2018,5,1,7.5732,30.64,60.28,2.89
Mumbai,2018,5,2,7.6186,30.09,62.63,2.77
Mumbai,2018,5,3,7.3087,30.96,57.49,2.46
Mumbai,2018,5,4,7.2869,31.15,55.46,2.47
Mumbai,2018,5,5,7.0066,31.02,56.85,2.48
Mumbai,2018,5,6,7.0318,31.48,56.66,2.59
Mumbai,2018,5,7,6.9533,31.0,56.41,2.86
Mumbai,2018,5,8,7.1786,31.12,55.36,3.17
Mumbai,2018,5,9,7.4554,32.11,54.33,3.88
Mumbai,2018,5,10,7.0399,32.16,53.47,2.82
Mumbai,2018,5,11,7.1544,32.03,54.48,3.38
Mumbai,2018,5,12,7.1129,30.77,58.01,2.92
Mumbai,2018,5,13,7.0418,31.41,57.6,2.89
Mumbai,2018,5,14,7.151,31.88,57.47,3.3
Mumbai,2018,5,15,7.0836,31.11,59.91,2.88
Mumbai,2018,5,16,6.5904,31.73,59.11,3.21
Mumbai,2018,5,17,6.3974,32.76,57.42,3.13
Mumbai,2018,5,18,6.3456,32.06,57.41,3.73
Mumbai,2018,5,19,6.9178,31.28,59.59,3.12
Mumbai,2018,5,20,6.9113,31.56,59.54,2.97
Mumbai,2018,5,21,6.8141,30.89,60.41,2.68
Mumbai,2018,5,22,5.8054,31.44,54.05,2.86
Mumbai,2018,5,23,5.0942,31.57,53.91,2.62
Mumbai,2018,5,24,5.6134,31.05,60.09,3.5
Mumbai,2018,5,25,5.4274,31.11,59.37,4.01
Mumbai,2018,5,26,6.7284,32.26,60.21,4.1
Mumbai,2018,5,27,6.3811,31.33,70.02,2.88
Mumbai,2018,5,28,5.3402,31.33,67.71,4.48
Mumbai,2018,5,29,5.5219,30.85,68.47,4.62
Mumbai,2018,5,30,6.4985,31.12,66.76,4.3
Mumbai,2018,5,31,6.5813,31.61,65.16,4.06
Mumbai,2018,6,1,6.558,31.71,64.48,2.45
Mumbai,2018,6,2,6.0002,31.66,64.99,2.8
Mumbai,2018,6,3,5.7821,29.64,73.14,3.17
Mumbai,2018,6,4,6.0566,28.81,77.57,2.71
Mumbai,2018,6,5,5.0604,29.35,74.04,2.02
Mumbai,2018,6,6,5.5241,29.33,75.13,2.47
Mumbai,2018,6,7,1.0414,29.33,81.2,4.01
Mumbai,2018,6,8,4.1892,28.73,84.09,5.23
Mumbai,2018,6,9,0.9322,28.2,86.15,5.66
Mumbai,2018,6,10,4.2614,28.99,82.62,6.21
Mumbai,2018,6,11,5.1722,29.03,82.46,6.17
Mumbai,2018,6,12,5.5231,29.35,79.61,6.35
Mumbai,2018,6,13,5.4962,29.5,77.47,5.87
Mumbai,2018,6,14,5.4643,29.3,77.51,4.93
Mumbai,2018,6,15,6.0655,29.04,80.81,5.21
Mumbai,2018,6,16,5.3314,28.95,79.67,5.3
Mumbai,2018,6,17,3.7166,28.37,82.43,5.94
Mumbai,2018,6,18,3.7666,28.1,84.71,4.43
Mumbai,2018,6,19,4.6886,28.36,84.19,3.3
Mumbai,2018,6,20,4.9548,28.35,83.91,3.5
Mumbai,2018,6,21,2.3765,28.01,85.95,4.48
Mumbai,2018,6,22,4.5166,27.97,85.2,3.68
Mumbai,2018,6,23,1.4774,27.48,87.76,4.03
Mumbai,2018,6,24,1.8358,26.87,88.68,5.1
Mumbai,2018,6,25,1.1662,26.96,90.09,5.2
Mumbai,2018,6,26,3.7745,27.3,87.93,6.5
Mumbai,2018,6,27,4.7964,27.51,86.39,5.77
Mumbai,2018,6,28,3.4742,27.54,86.34,5.03
Mumbai,2018,6,29,5.3947,26.96,89.02,4.61
Mumbai,2018,6,30,4.7885,26.95,89.07,4.84
Mumbai,2018,7,1,5.9978,27.37,87.57,4.92
Mumbai,2018,7,2,2.1718,27.11,90.08,5.7
Mumbai,2018,7,3,2.0398,26.77,90.97,6.43
Mumbai,2018,7,4,2.3326,26.7,91.07,6.35
Mumbai,2018,7,5,4.003,26.73,90.73,5.42
Mumbai,2018,7,6,5.3467,27.01,90.09,4.54
Mumbai,2018,7,7,1.7266,26.46,92.88,4.79
Mumbai,2018,7,8,1.3591,26.46,91.8,4.5
Mumbai,2018,7,9,1.1947,25.9,93.56,3.92
Mumbai,2018,7,10,1.8761,25.99,92.8,4.98
Mumbai,2018,7,11,3.7471,26.53,91.3,5.63
Mumbai,2018,7,12,3.1843,26.34,92.33,6.03
Mumbai,2018,7,13,2.7674,26.32,91.62,5.12
Mumbai,2018,7,14,3.709,26.45,90.83,6.24
Mumbai,2018,7,15,1.8739,26.14,93.86,6.97
Mumbai,2018,7,16,2.7341,26.4,93.21,7.54
Mumbai,2018,7,17,2.899,26.31,91.88,7.79
Mumbai,2018,7,18,4.0162,26.21,91.46,6.5
Mumbai,2018,7,19,5.125,26.14,90.73,6.26
Mumbai,2018,7,20,3.7692,26.01,92.6,6.1
Mumbai,2018,7,21,3.1716,26.03,90.86,6.73
Mumbai,2018,7,22,1.7923,26.12,90.22,6.21
Mumbai,2018,7,23,2.3402,25.92,90.01,6.11
Mumbai,2018,7,24,2.3398,25.89,90.64,5.92
Mumbai,2018,7,25,4.6253,25.92,90.42,5.76
Mumbai,2018,7,26,2.4967,26.0,90.15,6.33
Mumbai,2018,7,27,2.2954,25.9,89.37,6.16
Mumbai,2018,7,28,4.3793,26.11,89.69,5.51
Mumbai,2018,7,29,4.2576,26.09,89.79,5.15
Mumbai,2018,7,30,3.7433,25.92,89.07,4.96
Mumbai,2018,7,31,4.213,26.07,89.43,4.95
Mumbai,2018,8,1,3.6444,26.0,89.6,5.57
Mumbai,2018,8,2,3.6485,26.0,89.12,5.33
Mumbai,2018,8,3,4.2199,25.94,89.05,5.36
Mumbai,2018,8,4,2.8944,25.58,89.96,5.87
Mumbai,2018,8,5,3.9019,25.88,87.94,5.87
Mumbai,2018,8,6,3.3811,25.86,87.89,6.49
Mumbai,2018,8,7,3.7447,26.05,87.78,6.01
Mumbai,2018,8,8,3.834,25.88,89.61,5.39
Mumbai,2018,8,9,4.1978,25.97,89.23,5.93
Mumbai,2018,8,10,4.8029,26.1,88.71,5.45
Mumbai,2018,8,11,4.3625,26.03,89.22,6.04
Mumbai,2018,8,12,3.7142,25.83,88.86,7.0
Mumbai,2018,8,13,3.588,25.67,90.23,6.83
Mumbai,2018,8,14,3.0156,26.02,90.32,5.54
Mumbai,2018,8,15,2.316,25.72,91.04,5.39
Mumbai,2018,8,16,2.135,25.61,90.95,6.52
Mumbai,2018,8,17,2.2181,25.28,92.01,6.36
Mumbai,2018,8,18,3.6758,25.54,90.38,5.93
Mumbai,2018,8,19,5.1182,25.77,90.36,5.83
Mumbai,2018,8,20,3.8976,25.52,91.04,5.24
Mumbai,2018,8,21,2.2555,25.24,93.15,4.72
Mumbai,2018,8,22,4.1215,25.72,91.4,5.62
Mumbai,2018,8,23,5.0734,25.65,90.96,4.93
Mumbai,2018,8,24,5.1259,25.69,90.07,4.92
Mumbai,2018,8,25,5.4893,25.61,89.73,5.1
Mumbai,2018,8,26,4.0997,25.58,90.13,5.15
Mumbai,2018,8,27,4.4782,25.61,90.92,4.6
Mumbai,2018,8,28,4.051,25.52,90.23,3.77
Mumbai,2018,8,29,4.8989,25.8,89.5,3.54
Mumbai,2018,8,30,5.2946,25.55,89.74,3.94
Mumbai,2018,8,31,5.8164,25.58,88.94,3.42
Mumbai,2018,9,1,5.7672,25.59,89.31,3.94
Mumbai,2018,9,2,4.811,25.51,88.91,4.96
Mumbai,2018,9,3,5.4175,25.34,89.28,4.72
Mumbai,2018,9,4,4.5559,25.05,89.01,4.39
Mumbai,2018,9,5,5.4113,25.33,87.73,4.35
Mumbai,2018,9,6,6.0482,25.28,87.22,3.6
Mumbai,2018,9,7,4.9877,25.14,87.14,3.24
Mumbai,2018,9,8,6.3134,25.09,86.94,3.18
Mumbai,2018,9,9,6.5585,25.04,86.0,2.93
Mumbai,2018,9,10,6.3218,25.34,82.72,1.98
Mumbai,2018,9,11,6.6792,25.32,83.9,2.1
Mumbai,2018,9,12,6.7006,25.16,85.41,2.22
Mumbai,2018,9,13,6.3266,25.26,85.5,2.46
Mumbai,2018,9,14,5.4996,25.66,86.85,2.45
Mumbai,2018,9,15,4.957,26.33,85.69,2.08
Mumbai,2018,9,16,6.0586,25.56,87.24,2.66
Mumbai,2018,9,17,6.383,25.28,85.8,2.64
Mumbai,2018,9,18,6.5242,25.48,83.8,2.16
Mumbai,2018,9,19,3.8446,25.58,87.33,2.42
Mumbai,2018,9,20,4.7597,26.2,88.19,2.87
Mumbai,2018,9,21,3.8616,26.96,87.26,2.69
Mumbai,2018,9,22,3.845,26.36,89.36,3.51
Mumbai,2018,9,23,5.3347,26.32,85.87,2.77
Mumbai,2018,9,24,5.9294,26.19,84.93,1.92
Mumbai,2018,9,25,5.995,26.19,84.79,2.28
Mumbai,2018,9,26,6.0235,27.0,84.81,2.16
Mumbai,2018,9,27,4.991,27.41,80.7,1.7
Mumbai,2018,9,28,4.2538,27.7,79.51,2.09
Mumbai,2018,9,29,3.702,27.81,79.63,2.65
Mumbai,2018,9,30,5.286,27.84,74.61,2.95
Mumbai,2018,10,1,5.6887,28.03,74.39,2.61
Mumbai,2018,10,2,5.5253,28.42,75.18,2.19
Mumbai,2018,10,3,5.6429,28.2,79.01,1.89
Mumbai,2018,10,4,5.3491,28.29,77.73,1.53
Mumbai,2018,10,5,4.5636,27.95,78.88,2.66
Mumbai,2018,10,6,5.917,27.39,73.61,3.02
Mumbai,2018,10,7,5.3076,27.69,71.61,3.25
Mumbai,2018,10,8,5.3201,28.27,73.8,2.52
Mumbai,2018,10,9,5.2843,27.39,71.84,2.05
Mumbai,2018,10,10,5.1715,26.96,72.98,1.95
Mumbai,2018,10,11,5.4245,27.09,74.43,2.27
Mumbai,2018,10,12,5.1168,27.81,72.78,2.01
Mumbai,2018,10,13,4.6966,27.45,66.23,2.72
Mumbai,2018,10,14,5.6047,27.17,65.28,2.56
Mumbai,2018,10,15,5.5577,26.91,64.82,2.78
Mumbai,2018,10,16,5.6138,26.95,66.22,2.73
Mumbai,2018,10,17,4.62,27.28,73.2,1.71
Mumbai,2018,10,18,4.7664,26.38,79.8,1.32
Mumbai,2018,10,19,5.3203,27.46,74.54,1.51
Mumbai,2018,10,20,5.243,27.4,72.97,2.11
Mumbai,2018,10,21,5.1802,26.91,71.37,2.08
Mumbai,2018,10,22,5.1055,27.22,68.63,2.13
Mumbai,2018,10,23,5.5838,26.35,58.98,2.58
Mumbai,2018,10,24,5.8584,25.86,58.91,2.73
Mumbai,2018,10,25,4.9138,26.13,71.23,3.58
Mumbai,2018,10,26,4.9817,26.55,67.27,2.87
Mumbai,2018,10,27,5.1259,25.81,64.16,3.35
Mumbai,2018,10,28,5.6693,25.6,59.5,3.73
Mumbai,2018,10,29,5.7557,24.76,53.87,4.12
Mumbai,2018,10,30,5.6861,24.2,54.79,3.77
Mumbai,2018,10,31,5.5994,24.5,63.71,3.72
Mumbai,2018,11,1,5.597,25.27,63.87,3.33
Mumbai,2018,11,2,5.333,25.91,67.59,3.05
Mumbai,2018,11,3,5.2001,27.1,73.04,2.98
Mumbai,2018,11,4,5.2738,27.92,74.79,1.83
Mumbai,2018,11,5,4.6822,27.41,77.77,1.62
Mumbai,2018,11,6,5.0657,27.5,70.21,2.29
Mumbai,2018,11,7,5.2718,26.33,60.38,3.17
Mumbai,2018,11,8,5.3239,25.53,58.79,2.99
Mumbai,2018,11,9,5.2901,25.96,59.58,2.55
Mumbai,2018,11,10,5.147,25.56,57.83,2.65
Mumbai,2018,11,11,5.3177,25.0,55.89,2.64
Mumbai,2018,11,12,5.4293,24.67,55.92,2.74
Mumbai,2018,11,13,5.1816,24.85,58.1,2.01
Mumbai,2018,11,14,4.9008,24.63,65.98,2.12
Mumbai,2018,11,15,5.0988,24.97,56.1,2.91
Mumbai,2018,11,16,5.3345,24.89,50.07,3.69
Mumbai,2018,11,17,5.3477,25.19,50.22,3.09
Mumbai,2018,11,18,4.7366,26.02,56.7,2.4
Mumbai,2018,11,19,4.1369,26.53,57.52,2.34
Mumbai,2018,11,20,4.3464,26.79,61.3,2.14
Mumbai,2018,11,21,4.6217,27.18,66.05,2.08
Mumbai,2018,11,22,4.553,27.06,61.22,2.92
Mumbai,2018,11,23,4.9608,26.33,52.5,4.03
Mumbai,2018,11,24,4.963,25.83,53.01,3.49
Mumbai,2018,11,25,3.9842,25.7,56.2,2.77
Mumbai,2018,11,26,4.2689,25.43,55.73,2.61
Mumbai,2018,11,27,4.7278,24.94,47.95,3.64
Mumbai,2018,11,28,4.7484,24.85,47.26,3.19
Mumbai,2018,11,29,4.8886,24.42,46.64,3.23
Mumbai,2018,11,30,4.6574,24.44,47.85,3.37
Mumbai,2018,12,1,4.086,24.18,47.89,3.11
Mumbai,2018,12,2,4.2331,24.47,51.32,2.95
Mumbai,2018,12,3,3.9948,24.83,56.48,2.82
Mumbai,2018,12,4,3.9912,24.72,57.77,2.97
Mumbai,2018,12,5,4.2396,25.21,54.71,2.69
Mumbai,2018,12,6,4.5703,24.56,57.09,2.68
Mumbai,2018,12,7,4.6034,24.4,53.05,2.66
Mumbai,2018,12,8,4.7702,24.42,53.24,2.68
Mumbai,2018,12,9,4.6056,23.97,52.85,2.63
Mumbai,2018,12,10,4.5972,22.74,50.67,2.84
Mumbai,2018,12,11,4.7616,22.14,50.94,3.23
Mumbai,2018,12,12,4.5833,22.56,62.34,2.89
Mumbai,2018,12,13,4.8602,22.55,50.64,3.88
Mumbai,2018,12,14,3.9062,22.98,45.84,4.56
Mumbai,2018,12,15,3.4951,24.59,48.71,5.13
Mumbai,2018,12,16,3.7466,23.78,44.72,4.51
Mumbai,2018,12,17,4.4153,22.53,43.49,4.16
Mumbai,2018,12,18,4.6766,23.3,53.33,3.44
Mumbai,2018,12,19,5.0758,21.98,41.29,3.7
Mumbai,2018,12,20,5.1691,22.17,44.71,3.63
Mumbai,2018,12,21,4.9318,23.19,52.25,2.95
Mumbai,2018,12,22,4.8182,23.65,46.37,2.65
Mumbai,2018,12,23,4.2101,24.61,44.86,2.77
Mumbai,2018,12,24,4.1026,25.46,47.33,2.99
Mumbai,2018,12,25,4.5799,25.23,47.11,2.51
Mumbai,2018,12,26,4.5581,23.14,41.17,3.46
Mumbai,2018,12,27,5.076,20.76,29.87,3.85
Mumbai,2018,12,28,5.0926,20.78,26.67,3.81
Mumbai,2018,12,29,4.9385,21.29,25.43,4.06
Mumbai,2018,12,30,4.7333,22.05,27.07,3.97
Mumbai,2018,12,31,4.327,22.7,29.08,3.58
Mumbai,2019,1,1,4.8449,22.99,28.82,3.48
Mumbai,2019,1,2,4.9502,23.28,28.92,2.88
Mumbai,2019,1,3,4.7964,23.45,31.22,2.71
Mumbai,2019,1,4,4.8497,23.6,31.3,3.22
Mumbai,2019,1,5,4.7602,23.53,35.35,2.65
Mumbai,2019,1,6,4.8914,23.07,34.39,3.39
Mumbai,2019,1,7,4.8785,23.0,30.35,3.64
Mumbai,2019,1,8,4.9502,22.81,27.21,4.04
Mumbai,2019,1,9,5.094,22.59,29.19,2.71
Mumbai,2019,1,10,4.9116,22.81,29.65,3.43
Mumbai,2019,1,11,4.8487,22.83,33.32,2.68
Mumbai,2019,1,12,4.9543,22.79,34.45,2.37
Mumbai,2019,1,13,5.0033,22.55,37.12,2.91
Mumbai,2019,1,14,4.7172,24.38,30.12,3.72
Mumbai,2019,1,15,4.5826,24.99,32.28,4.06
Mumbai,2019,1,16,4.6865,25.21,39.07,3.41
Mumbai,2019,1,17,4.7472,25.32,30.35,3.08
Mumbai,2019,1,18,4.9426,25.21,27.24,3.05
Mumbai,2019,1,19,4.7921,25.3,32.69,3.41
Mumbai,2019,1,20,4.7662,25.79,36.05,2.66
Mumbai,2019,1,21,4.9798,24.52,49.0,2.35
Mumbai,2019,1,22,5.0038,22.58,71.05,2.47
Mumbai,2019,1,23,5.119,22.1,67.62,3.17
Mumbai,2019,1,24,5.2889,21.66,42.99,3.51
Mumbai,2019,1,25,5.3522,21.1,31.03,4.52
Mumbai,2019,1,26,5.1317,21.68,30.84,3.6
Mumbai,2019,1,27,4.8634,23.41,37.84,4.59
Mumbai,2019,1,28,5.1043,23.0,27.57,5.29
Mumbai,2019,1,29,5.2459,23.02,21.57,4.67
Mumbai,2019,1,30,5.4576,22.87,23.41,4.0
Mumbai,2019,1,31,5.2414,23.24,30.24,2.85
Mumbai,2019,2,1,5.3338,24.09,33.9,3.12
Mumbai,2019,2,2,5.0947,24.39,34.29,3.05
Mumbai,2019,2,3,4.9246,25.73,37.16,2.77
Mumbai,2019,2,4,5.2116,26.79,41.78,4.12
Mumbai,2019,2,5,5.0429,26.63,43.3,2.52
Mumbai,2019,2,6,5.5927,24.19,50.15,3.0
Mumbai,2019,2,7,5.5068,21.52,63.45,3.98
Mumbai,2019,2,8,5.8666,19.61,51.86,3.98
Mumbai,2019,2,9,6.1795,20.96,27.79,3.53
Mumbai,2019,2,10,6.025,23.09,19.49,4.44
Mumbai,2019,2,11,5.9074,25.33,24.25,3.07
Mumbai,2019,2,12,5.3762,28.03,27.98,3.28
Mumbai,2019,2,13,5.2591,28.18,37.01,2.67
Mumbai,2019,2,14,5.7101,26.54,42.92,3.25
Mumbai,2019,2,15,6.0456,24.77,51.02,2.9
Mumbai,2019,2,16,6.2417,23.98,45.52,3.23
Mumbai,2019,2,17,6.0641,24.18,33.34,2.85
Mumbai,2019,2,18,5.9429,25.14,35.45,2.85
Mumbai,2019,2,19,5.9304,26.25,37.61,2.91
Mumbai,2019,2,20,5.8044,26.8,43.06,3.04
Mumbai,2019,2,21,5.766,26.03,60.73,2.73
Mumbai,2019,2,22,5.814,27.51,48.11,3.41
Mumbai,2019,2,23,5.8531,29.41,31.43,3.72
Mumbai,2019,2,24,6.2182,28.33,24.77,3.65
Mumbai,2019,2,25,6.3828,27.02,35.84,3.54
Mumbai,2019,2,26,6.1464,25.56,49.45,3.5
Mumbai,2019,2,27,6.0242,24.61,58.79,3.21
Mumbai,2019,2,28,6.4934,25.03,43.29,2.93
Mumbai,2019,3,1,6.6096,25.92,28.96,2.73
Mumbai,2019,3,2,6.5081,26.61,47.38,3.43
Mumbai,2019,3,3,6.4238,25.47,65.57,2.77
Mumbai,2019,3,4,6.2664,25.13,69.31,2.97
Mumbai,2019,3,5,6.485,25.39,61.08,2.76
Mumbai,2019,3,6,6.6439,24.45,52.92,3.25
Mumbai,2019,3,7,6.6185,25.54,50.12,3.4
Mumbai,2019,3,8,6.504,26.96,39.9,3.28
Mumbai,2019,3,9,6.522,27.64,37.07,3.38
Mumbai,2019,3,10,6.7154,28.04,33.7,3.3
Mumbai,2019,3,11,6.5707,26.08,53.63,3.31
Mumbai,2019,3,12,6.4421,26.44,52.21,2.94
Mumbai,2019,3,13,6.5945,26.16,50.69,3.59
Mumbai,2019,3,14,6.576,26.11,46.95,4.17
Mumbai,2019,3,15,6.7378,27.92,34.74,3.46
Mumbai,2019,3,16,6.709,28.57,31.48,2.81
Mumbai,2019,3,17,6.913,27.72,40.11,2.39
Mumbai,2019,3,18,6.881,28.36,35.4,3.12
Mumbai,2019,3,19,7.0738,28.73,35.51,2.82
Mumbai,2019,3,20,6.9682,27.34,51.89,2.75
Mumbai,2019,3,21,7.1062,27.14,53.83,2.86
Mumbai,2019,3,22,7.11,27.44,48.66,3.01
Mumbai,2019,3,23,6.99,30.19,30.39,3.46
Mumbai,2019,3,24,6.8062,31.54,21.66,3.56
Mumbai,2019,3,25,6.5146,32.64,21.56,3.87
Mumbai,2019,3,26,6.925,32.59,25.02,3.75
Mumbai,2019,3,27,6.8453,30.82,41.37,2.25
Mumbai,2019,3,28,7.0939,30.81,41.41,2.4
Mumbai,2019,3,29,6.9468,30.83,51.59,2.51
Mumbai,2019,3,30,6.7205,30.6,50.2,2.67
Mumbai,2019,3,31,6.8736,29.91,54.86,2.46
Mumbai,2019,4,1,7.5564,29.06,55.8,2.43
Mumbai,2019,4,2,7.6387,29.13,55.44,2.01
Mumbai,2019,4,3,7.1599,30.75,53.49,2.5
Mumbai,2019,4,4,6.9307,30.82,53.19,2.83
Mumbai,2019,4,5,6.708,29.89,58.79,2.82
Mumbai,2019,4,6,7.0781,30.31,53.19,2.71
Mumbai,2019,4,7,7.2653,30.37,53.54,2.39
Mumbai,2019,4,8,7.3164,30.88,55.1,3.15
Mumbai,2019,4,9,7.3709,30.42,51.82,2.65
Mumbai,2019,4,10,7.4124,30.23,53.15,2.97
Mumbai,2019,4,11,7.2895,30.3,56.41,2.83
Mumbai,2019,4,12,7.0162,31.02,54.4,2.41
Mumbai,2019,4,13,6.8587,32.32,42.86,3.38
Mumbai,2019,4,14,6.8215,32.53,48.93,2.58
Mumbai,2019,4,15,6.6847,30.85,49.74,2.14
Mumbai,2019,4,16,6.5844,30.0,55.17,3.02
Mumbai,2019,4,17,7.6838,28.94,48.4,3.64
Mumbai,2019,4,18,7.5955,28.67,51.46,3.96
Mumbai,2019,4,19,7.6774,30.18,50.45,2.97
Mumbai,2019,4,20,7.8499,30.18,51.22,2.68
Mumbai,2019,4,21,7.8295,30.48,52.21,2.61
Mumbai,2019,4,22,7.8101,30.26,51.84,3.4
Mumbai,2019,4,23,7.548,30.64,53.37,3.52
Mumbai,2019,4,24,7.1443,31.4,53.88,3.76
Mumbai,2019,4,25,6.7126,32.09,52.88,3.82
Mumbai,2019,4,26,6.7502,33.01,52.75,3.52
Mumbai,2019,4,27,6.5734,34.35,49.98,3.43
Mumbai,2019,4,28,6.6084,34.14,50.4,3.62
Mumbai,2019,4,29,6.6761,32.1,56.2,3.52
Mumbai,2019,4,30,6.8314,31.13,58.02,3.14
Mumbai,2019,5,1,6.5357,29.94,60.16,3.24
Mumbai,2019,5,2,7.3555,29.3,56.88,3.15
Mumbai,2019,5,3,7.3099,29.24,61.54,3.58
Mumbai,2019,5,4,7.3289,29.57,62.02,3.74
Mumbai,2019,5,5,7.5552,30.05,58.07,3.22
Mumbai,2019,5,6,7.3596,30.98,56.28,3.23
Mumbai,2019,5,7,7.1165,30.8,58.57,3.26
Mumbai,2019,5,8,7.315,30.27,60.29,3.96
Mumbai,2019,5,9,7.4587,29.67,58.28,3.9
Mumbai,2019,5,10,7.5708,29.76,58.69,3.55
Mumbai,2019,5,11,7.5504,30.37,57.75,3.76
Mumbai,2019,5,12,7.5962,30.79,59.96,3.47
Mumbai,2019,5,13,7.5835,30.8,59.31,3.39
Mumbai,2019,5,14,7.8355,30.43,58.6,2.98
Mumbai,2019,5,15,7.7849,30.79,56.86,3.11
Mumbai,2019,5,16,7.6255,30.81,54.9,3.03
Mumbai,2019,5,17,7.3747,31.01,55.41,3.59
Mumbai,2019,5,18,7.2864,32.22,52.53,4.02
Mumbai,2019,5,19,7.6418,33.45,46.16,4.65
Mumbai,2019,5,20,7.4962,32.71,55.09,3.89
Mumbai,2019,5,21,7.0874,32.27,59.54,3.81
Mumbai,2019,5,22,7.3183,31.78,61.87,3.26
Mumbai,2019,5,23,7.3248,31.68,60.25,3.57
Mumbai,2019,5,24,7.3162,31.27,62.43,3.11
Mumbai,2019,5,25,7.4148,31.4,58.93,3.07
Mumbai,2019,5,26,7.3598,31.21,57.9,2.93
Mumbai,2019,5,27,6.9835,31.7,57.02,3.3
Mumbai,2019,5,28,7.3738,32.01,58.95,3.78
Mumbai,2019,5,29,7.1057,32.02,59.05,3.51
Mumbai,2019,5,30,7.1551,31.66,62.33,3.65
Mumbai,2019,5,31,7.1162,31.92,61.12,3.42
Mumbai,2019,6,1,6.8938,31.95,59.96,3.9
Mumbai,2019,6,2,7.1585,32.19,62.15,3.65
Mumbai,2019,6,3,6.725,31.52,62.29,3.97
Mumbai,2019,6,4,6.1802,31.62,62.79,4.15
Mumbai,2019,6,5,6.7248,32.05,59.66,3.44
Mumbai,2019,6,6,5.441,31.53,60.32,3.49
Mumbai,2019,6,7,6.2534,32.05,60.66,3.45
Mumbai,2019,6,8,6.4346,32.32,62.09,2.41
Mumbai,2019,6,9,6.4546,31.43,65.08,2.58
Mumbai,2019,6,10,4.9284,30.42,71.2,2.2
Mumbai,2019,6,11,6.2076,29.49,79.83,2.04
Mumbai,2019,6,12,3.2196,29.16,76.37,8.16
Mumbai,2019,6,13,4.8542,29.51,72.65,8.92
Mumbai,2019,6,14,4.6848,29.34,73.98,7.25
Mumbai,2019,6,15,5.7355,29.33,76.95,6.95
Mumbai,2019,6,16,6.0737,29.84,76.59,5.99
Mumbai,2019,6,17,6.0754,29.6,77.02,5.79
Mumbai,2019,6,18,3.6854,29.42,76.27,6.07
Mumbai,2019,6,19,4.7897,29.26,77.8,4.43
Mumbai,2019,6,20,6.2419,29.1,76.73,3.72
Mumbai,2019,6,21,6.672,29.34,73.67,3.19
Mumbai,2019,6,22,6.276,29.46,72.45,2.79
Mumbai,2019,6,23,5.455,29.17,75.41,3.19
Mumbai,2019,6,24,4.1179,27.92,80.86,2.76
Mumbai,2019,6,25,5.939,29.15,76.79,3.06
Mumbai,2019,6,26,5.4103,29.07,78.97,2.7
Mumbai,2019,6,27,2.4542,28.59,83.74,4.22
Mumbai,2019,6,28,1.2679,27.24,89.52,5.71
Mumbai,2019,6,29,1.9217,26.94,92.32,4.88
Mumbai,2019,6,30,2.9206,27.24,89.03,4.03
Mumbai,2019,7,1,1.2953,26.96,91.98,4.15
Mumbai,2019,7,2,4.3538,26.95,90.32,3.63
Mumbai,2019,7,3,2.8944,26.66,91.9,3.31
Mumbai,2019,7,4,5.1257,26.38,86.18,4.09
Mumbai,2019,7,5,3.4853,27.23,89.74,5.91
Mumbai,2019,7,6,2.8572,26.95,91.3,6.8
Mumbai,2019,7,7,4.0896,26.88,91.99,6.11
Mumbai,2019,7,8,1.859,27.2,91.36,6.19
Mumbai,2019,7,9,4.4465,27.28,91.63,6.01
Mumbai,2019,7,10,1.2346,27.23,91.49,6.17
Mumbai,2019,7,11,3.7382,27.04,91.6,5.97
Mumbai,2019,7,12,5.7194,27.23,90.69,4.87
Mumbai,2019,7,13,5.5332,27.21,91.05,4.94
Mumbai,2019,7,14,5.329,27.06,91.2,4.99
Mumbai,2019,7,15,4.1566,27.02,89.96,4.77
Mumbai,2019,7,16,5.4893,26.81,91.41,4.78
Mumbai,2019,7,17,4.9428,27.03,90.49,3.49
Mumbai,2019,7,18,6.4702,27.18,88.35,2.7
Mumbai,2019,7,19,6.5441,27.53,86.69,2.12
Mumbai,2019,7,20,4.9462,27.53,87.92,2.07
Mumbai,2019,7,21,4.9946,27.04,89.49,2.17
Mumbai,2019,7,22,6.223,27.32,91.94,3.17
Mumbai,2019,7,23,4.9709,27.38,89.8,3.67
Mumbai,2019,7,24,1.9949,26.81,93.0,5.91
Mumbai,2019,7,25,2.0321,27.08,91.25,5.55
Mumbai,2019,7,26,2.179,26.76,91.65,5.99
Mumbai,2019,7,27,1.8643,26.38,92.45,6.35
Mumbai,2019,7,28,3.6182,26.49,91.48,6.24
Mumbai,2019,7,29,1.9164,26.21,92.27,6.44
Mumbai,2019,7,30,1.3478,25.88,93.3,6.28
Mumbai,2019,7,31,2.179,26.26,91.57,6.21
Mumbai,2019,8,1,3.7687,26.55,89.73,6.81
Mumbai,2019,8,2,2.4622,26.23,91.09,7.47
Mumbai,2019,8,3,1.1249,26.03,94.82,7.45
Mumbai,2019,8,4,1.3606,26.1,94.5,6.96
Mumbai,2019,8,5,2.1581,26.37,92.98,7.13
Mumbai,2019,8,6,2.6911,26.3,92.99,6.89
Mumbai,2019,8,7,2.8553,26.3,93.33,6.69
Mumbai,2019,8,8,2.1396,26.26,92.2,6.91
Mumbai,2019,8,9,2.411,26.04,92.88,7.49
Mumbai,2019,8,10,3.7562,26.15,90.93,8.15
Mumbai,2019,8,11,4.0164,26.03,90.35,6.24
Mumbai,2019,8,12,4.369,26.18,90.75,4.26
Mumbai,2019,8,13,3.2189,26.45,91.39,4.55
Mumbai,2019,8,14,4.6483,26.14,92.97,3.72
Mumbai,2019,8,15,4.6423,26.47,91.09,4.62
Mumbai,2019,8,16,5.6167,26.5,90.4,4.94
Mumbai,2019,8,17,5.7336,26.38,89.18,4.24
Mumbai,2019,8,18,5.9558,26.29,89.65,3.47
Mumbai,2019,8,19,5.7674,26.13,90.11,2.91
Mumbai,2019,8,20,5.6261,26.06,89.47,2.36
Mumbai,2019,8,21,6.0989,26.38,89.38,3.26
Mumbai,2019,8,22,6.2484,26.27,89.11,2.89
Mumbai,2019,8,23,5.953,26.12,88.7,2.33
Mumbai,2019,8,24,6.0108,26.28,89.46,2.97
Mumbai,2019,8,25,5.9386,25.63,89.51,2.6
Mumbai,2019,8,26,6.3538,25.7,89.4,3.05
Mumbai,2019,8,27,5.9064,26.09,88.65,3.33
Mumbai,2019,8,28,6.1546,26.56,88.49,3.17
Mumbai,2019,8,29,5.9822,27.0,88.49,3.12
Mumbai,2019,8,30,3.4531,26.84,89.54,3.72
Mumbai,2019,8,31,3.8798,26.61,91.59,4.33
Mumbai,2019,9,1,2.2411,26.03,92.5,3.52
Mumbai,2019,9,2,3.9905,26.59,90.81,4.56
Mumbai,2019,9,3,2.2848,26.4,91.7,4.98
Mumbai,2019,9,4,0.9461,25.95,93.44,4.79
Mumbai,2019,9,5,1.8674,26.3,93.02,5.38
Mumbai,2019,9,6,2.6287,26.23,91.95,5.62
Mumbai,2019,9,7,2.0436,26.26,91.39,6.03
Mumbai,2019,9,8,3.1394,26.24,91.85,5.41
Mumbai,2019,9,9,4.02,26.26,92.64,5.17
Mumbai,2019,9,10,4.009,26.39,92.06,5.05
Mumbai,2019,9,11,3.2374,26.11,92.18,4.57
Mumbai,2019,9,12,2.5229,25.76,93.32,3.95
Mumbai,2019,9,13,3.8659,26.22,91.96,4.57
Mumbai,2019,9,14,5.023,26.51,92.34,4.27
Mumbai,2019,9,15,4.4494,26.21,91.3,2.83
Mumbai,2019,9,16,5.6772,26.08,91.31,3.68
Mumbai,2019,9,17,4.8936,26.3,91.82,3.48
Mumbai,2019,9,18,3.1034,26.67,93.34,3.43
Mumbai,2019,9,19,3.1946,26.83,90.13,2.0
Mumbai,2019,9,20,3.5131,25.94,94.65,5.12
Mumbai,2019,9,21,4.939,26.45,89.59,4.32
Mumbai,2019,9,22,4.8852,26.69,90.48,3.69
Mumbai,2019,9,23,6.2263,26.8,88.3,2.1
Mumbai,2019,9,24,5.741,27.06,88.26,2.15
Mumbai,2019,9,25,3.0619,27.29,88.55,2.29
Mumbai,2019,9,26,4.4119,26.32,91.94,3.06
Mumbai,2019,9,27,4.1738,25.79,91.32,4.68
Mumbai,2019,9,28,5.2186,26.08,89.64,3.5
Mumbai,2019,9,29,5.2308,25.82,90.62,3.53
Mumbai,2019,9,30,5.6729,26.11,90.09,3.22
Mumbai,2019,10,1,6.1495,26.61,86.97,2.5
Mumbai,2019,10,2,6.3391,26.76,84.29,1.79
Mumbai,2019,10,3,5.9035,26.78,86.04,1.95
Mumbai,2019,10,4,5.7739,26.15,88.49,1.8
Mumbai,2019,10,5,5.9486,26.59,84.48,1.7
Mumbai,2019,10,6,5.4989,27.15,81.07,1.6
Mumbai,2019,10,7,5.7346,26.99,83.64,1.88
Mumbai,2019,10,8,4.6378,27.6,83.07,2.39
Mumbai,2019,10,9,3.7872,27.24,83.21,2.31
Mumbai,2019,10,10,5.0645,27.6,80.4,1.91
Mumbai,2019,10,11,5.4521,27.77,79.14,1.47
Mumbai,2019,10,12,5.5908,27.14,81.85,1.81
Mumbai,2019,10,13,4.9978,27.3,83.18,2.14
Mumbai,2019,10,14,5.1598,27.9,80.22,2.8
Mumbai,2019,10,15,5.4358,26.65,76.07,3.91
Mumbai,2019,10,16,5.7492,25.6,77.65,4.06
Mumbai,2019,10,17,5.2894,26.26,78.06,3.33
Mumbai,2019,10,18,1.8,25.98,83.47,2.78
Mumbai,2019,10,19,0.9986,24.89,90.36,3.46
Mumbai,2019,10,20,1.5989,25.11,88.93,3.19
Mumbai,2019,10,21,4.4813,25.12,89.95,2.83
Mumbai,2019,10,22,2.8207,25.17,92.12,2.57
Mumbai,2019,10,23,2.3918,25.46,89.44,2.05
Mumbai,2019,10,24,1.4789,25.9,88.41,2.64
Mumbai,2019,10,25,1.7477,24.99,90.02,4.97
Mumbai,2019,10,26,1.356,25.78,87.62,4.65
Mumbai,2019,10,27,4.9829,25.34,81.53,3.15
Mumbai,2019,10,28,5.4079,25.87,82.06,2.48
Mumbai,2019,10,29,5.5087,26.63,85.88,2.05
Mumbai,2019,10,30,5.5147,27.15,85.9,2.85
Mumbai,2019,10,31,4.7868,26.5,84.24,3.18
Mumbai,2019,11,1,4.0519,25.67,89.08,2.98
Mumbai,2019,11,2,4.7412,25.8,86.05,2.47
Mumbai,2019,11,3,5.3191,26.17,83.21,1.77
Mumbai,2019,11,4,5.0006,26.36,84.16,2.12
Mumbai,2019,11,5,4.927,25.92,79.5,2.35
Mumbai,2019,11,6,4.806,25.36,82.29,2.14
Mumbai,2019,11,7,4.9162,25.16,88.54,2.73
Mumbai,2019,11,8,4.8598,25.42,85.71,2.56
Mumbai,2019,11,9,5.1298,25.4,79.92,1.38
Mumbai,2019,11,10,5.0299,25.36,81.37,1.86
Mumbai,2019,11,11,5.052,25.73,77.48,2.21
Mumbai,2019,11,12,4.5847,25.79,76.94,2.41
Mumbai,2019,11,13,4.7016,24.7,80.34,3.37
Mumbai,2019,11,14,4.8847,24.21,76.25,3.19
Mumbai,2019,11,15,3.9958,25.22,81.39,2.57
Mumbai,2019,11,16,4.2962,26.06,79.83,2.51
Mumbai,2019,11,17,4.469,25.91,80.07,3.19
Mumbai,2019,11,18,4.9488,24.76,75.43,3.26
Mumbai,2019,11,19,4.2883,24.48,72.89,3.2
Mumbai,2019,11,20,4.1957,24.26,74.69,2.77
Mumbai,2019,11,21,4.0414,25.17,77.74,2.84
Mumbai,2019,11,22,4.1544,24.88,76.31,3.07
Mumbai,2019,11,23,4.7242,24.77,74.79,3.07
Mumbai,2019,11,24,4.603,24.57,71.28,3.12
Mumbai,2019,11,25,4.5994,24.19,69.34,2.87
Mumbai,2019,11,26,4.7923,24.44,72.47,2.97
Mumbai,2019,11,27,4.5094,24.32,74.62,3.21
Mumbai,2019,11,28,4.6978,24.42,73.75,2.92
Mumbai,2019,11,29,4.291,25.23,75.7,2.71
Mumbai,2019,11,30,3.8222,25.59,75.8,3.05
Mumbai,2019,12,1,3.7846,25.77,78.97,2.76
Mumbai,2019,12,2,4.6195,26.23,75.4,3.19
Mumbai,2019,12,3,4.1638,25.75,76.01,3.24
Mumbai,2019,12,4,3.0773,25.82,79.61,2.69
Mumbai,2019,12,5,3.1757,25.12,83.64,2.66
Mumbai,2019,12,6,3.8366,24.04,77.18,3.55
Mumbai,2019,12,7,3.9943,24.25,74.6,3.48
Mumbai,2019,12,8,3.9053,23.91,73.07,3.1
Mumbai,2019,12,9,4.5542,24.77,77.14,3.13
Mumbai,2019,12,10,4.3954,24.93,77.84,2.65
Mumbai,2019,12,11,4.1594,24.47,76.87,2.09
Mumbai,2019,12,12,3.9605,23.4,78.71,2.21
Mumbai,2019,12,13,4.4294,22.3,78.19,2.6
Mumbai,2019,12,14,4.7518,22.3,77.32,2.91
Mumbai,2019,12,15,4.3754,21.71,76.02,2.49
Mumbai,2019,12,16,4.2722,23.4,78.84,2.57
Mumbai,2019,12,17,4.5286,23.87,75.75,3.85
Mumbai,2019,12,18,4.5972,23.77,74.18,3.68
Mumbai,2019,12,19,4.134,23.69,72.88,3.17
Mumbai,2019,12,20,3.8467,23.86,72.49,2.71
Mumbai,2019,12,21,3.2806,24.28,69.46,2.68
Mumbai,2019,12,22,2.6122,24.49,72.22,3.5
Mumbai,2019,12,23,3.5753,25.11,75.36,2.75
Mumbai,2019,12,24,3.2988,25.06,79.88,2.5
Mumbai,2019,12,25,2.7238,24.5,83.79,2.18
Mumbai,2019,12,26,4.0387,23.64,77.23,2.27
Mumbai,2019,12,27,4.5072,22.77,74.42,2.7
Mumbai,2019,12,28,3.9953,23.05,72.23,3.94
Mumbai,2019,12,29,3.7829,22.8,77.95,3.69
Mumbai,2019,12,30,4.2641,22.35,82.75,2.36
Mumbai,2019,12,31,4.2362,19.94,79.39,2.31
Mumbai,2020,1,1,4.927,19.39,77.27,2.21
Mumbai,2020,1,2,4.5893,20.29,81.0,2.33
Mumbai,2020,1,3,4.427,19.84,78.36,2.81
Mumbai,2020,1,4,4.5041,19.41,71.24,2.53
Mumbai,2020,1,5,4.6891,20.86,71.04,4.66
Mumbai,2020,1,6,4.5187,22.83,68.83,4.75
Mumbai,2020,1,7,4.1009,23.42,75.85,3.7
Mumbai,2020,1,8,4.2115,22.38,83.18,2.65
Mumbai,2020,1,9,4.9961,20.25,68.66,2.83
Mumbai,2020,1,10,4.6378,22.23,70.68,4.2
Mumbai,2020,1,11,4.2694,23.27,66.14,4.29
Mumbai,2020,1,12,4.2485,22.99,64.62,3.19
Mumbai,2020,1,13,4.2439,22.67,79.11,2.22
Mumbai,2020,1,14,4.8451,21.81,80.46,2.78
Mumbai,2020,1,15,4.5439,19.85,75.92,3.08
Mumbai,2020,1,16,5.1569,18.86,66.39,3.05
Mumbai,2020,1,17,5.2908,17.25,60.12,3.01
Mumbai,2020,1,18,4.933,19.59,60.64,2.9
Mumbai,2020,1,19,5.0894,21.51,63.04,2.6
Mumbai,2020,1,20,4.9277,23.08,66.98,2.88
Mumbai,2020,1,21,5.0954,23.23,63.07,2.35
Mumbai,2020,1,22,5.0165,23.73,62.57,2.73
Mumbai,2020,1,23,5.0911,24.22,60.25,3.37
Mumbai,2020,1,24,5.2334,24.57,62.58,3.35
Mumbai,2020,1,25,5.0563,24.86,55.99,2.94
Mumbai,2020,1,26,4.9872,24.51,54.4,2.78
Mumbai,2020,1,27,5.215,23.5,59.93,2.37
Mumbai,2020,1,28,5.3021,22.11,77.46,2.23
Mumbai,2020,1,29,5.4149,20.4,67.05,3.4
Mumbai,2020,1,30,5.7134,19.28,54.28,2.92
Mumbai,2020,1,31,5.4744,19.64,52.55,2.93
Mumbai,2020,2,1,5.459,21.0,53.74,2.75
Mumbai,2020,2,2,5.6815,22.57,64.09,3.73
Mumbai,2020,2,3,4.9318,22.95,70.32,2.2
Mumbai,2020,2,4,5.1233,22.61,61.68,2.84
Mumbai,2020,2,5,5.3033,22.22,50.84,3.08
Mumbai,2020,2,6,5.8802,21.75,52.47,2.73
Mumbai,2020,2,7,5.8471,20.82,50.92,2.89
Mumbai,2020,2,8,4.855,21.98,59.2,3.26
Mumbai,2020,2,9,5.3287,23.85,57.36,4.36
Mumbai,2020,2,10,5.3522,25.4,58.81,3.97
Mumbai,2020,2,11,4.9884,26.13,60.77,3.74
Mumbai,2020,2,12,4.7525,26.9,57.29,3.58
Mumbai,2020,2,13,5.0354,26.44,53.76,3.42
Mumbai,2020,2,14,5.4432,25.75,48.38,3.24
Mumbai,2020,2,15,5.875,25.28,45.4,2.98
Mumbai,2020,2,16,5.7439,25.72,49.18,2.65
Mumbai,2020,2,17,5.3978,26.84,48.4,3.11
Mumbai,2020,2,18,5.6594,27.1,46.14,3.38
Mumbai,2020,2,19,5.5841,26.96,49.52,2.23
Mumbai,2020,2,20,5.7235,26.63,51.62,2.34
Mumbai,2020,2,21,5.424,26.1,55.08,2.78
Mumbai,2020,2,22,5.9006,26.87,45.39,2.68
Mumbai,2020,2,23,6.1411,27.07,41.2,2.71
Mumbai,2020,2,24,6.0998,26.68,39.48,3.17
Mumbai,2020,2,25,6.2818,26.54,33.59,4.08
Mumbai,2020,2,26,6.3425,26.5,34.25,4.01
Mumbai,2020,2,27,6.5573,26.99,31.62,3.78
Mumbai,2020,2,28,6.4178,27.15,35.18,3.27
Mumbai,2020,2,29,5.8668,27.14,40.97,2.85
Mumbai,2020,3,1,6.0708,26.82,48.66,2.75
Mumbai,2020,3,2,6.4627,26.89,54.32,2.47
Mumbai,2020,3,3,6.607,25.3,62.8,2.51
Mumbai,2020,3,4,6.3139,25.02,61.72,2.44
Mumbai,2020,3,5,6.4291,24.73,64.01,2.58
Mumbai,2020,3,6,6.3523,24.76,65.33,3.36
Mumbai,2020,3,7,6.6931,24.64,55.41,2.83
Mumbai,2020,3,8,6.7975,24.62,52.05,2.98
Mumbai,2020,3,9,6.6624,25.22,57.32,2.58
Mumbai,2020,3,10,6.239,25.52,64.39,3.24
Mumbai,2020,3,11,6.9034,24.68,59.97,3.15
Mumbai,2020,3,12,6.4039,23.81,63.61,2.86
Mumbai,2020,3,13,6.7596,23.36,51.14,3.56
Mumbai,2020,3,14,7.105,25.04,28.44,3.99
Mumbai,2020,3,15,6.8765,27.42,26.19,3.76
Mumbai,2020,3,16,6.7241,29.76,28.35,3.83
Mumbai,2020,3,17,6.6631,30.6,28.56,2.67
Mumbai,2020,3,18,6.5299,30.41,30.04,3.5
Mumbai,2020,3,19,7.2242,28.37,44.08,3.12
Mumbai,2020,3,20,7.0567,27.38,57.4,2.73
Mumbai,2020,3,21,7.0435,27.31,56.38,2.42
Mumbai,2020,3,22,6.8808,28.81,52.78,3.09
Mumbai,2020,3,23,6.9583,29.98,48.77,2.9
Mumbai,2020,3,24,6.5362,30.81,49.14,2.65
Mumbai,2020,3,25,5.9772,31.32,47.94,2.11
Mumbai,2020,3,26,6.0576,30.64,53.88,2.86
Mumbai,2020,3,27,6.1003,30.39,52.23,2.77
Mumbai,2020,3,28,6.3674,30.63,45.11,3.75
Mumbai,2020,3,29,6.6878,31.31,37.03,3.42
Mumbai,2020,3,30,6.7577,30.81,36.55,2.77
Mumbai,2020,3,31,6.5585,29.73,45.98,3.07
Mumbai,2020,4,1,7.0886,30.08,47.01,3.41
Mumbai,2020,4,2,6.9672,31.18,38.2,3.81
Mumbai,2020,4,3,6.8371,31.03,45.94,3.25
Mumbai,2020,4,4,6.997,30.47,48.54,3.06
Mumbai,2020,4,5,7.0022,30.33,49.29,2.46
Mumbai,2020,4,6,7.2019,29.48,57.42,2.61
Mumbai,2020,4,7,6.9295,29.33,53.74,2.99
Mumbai,2020,4,8,7.409,28.63,53.93,2.73
Mumbai,2020,4,9,7.3358,28.94,57.28,2.95
Mumbai,2020,4,10,7.0651,30.82,52.17,2.88
Mumbai,2020,4,11,6.8345,32.64,45.96,2.99
Mumbai,2020,4,12,6.5762,33.06,44.12,2.59
Mumbai,2020,4,13,6.6012,32.68,51.5,2.56
Mumbai,2020,4,14,6.5126,32.97,53.57,2.55
Mumbai,2020,4,15,6.7538,33.34,47.87,3.18
Mumbai,2020,4,16,6.6058,32.41,56.54,2.84
Mumbai,2020,4,17,6.8729,32.09,53.31,2.73
Mumbai,2020,4,18,6.822,32.59,48.87,3.17
Mumbai,2020,4,19,7.013,33.08,47.58,2.93
Mumbai,2020,4,20,7.2727,33.14,41.35,3.21
Mumbai,2020,4,21,7.6728,31.75,43.96,3.46
Mumbai,2020,4,22,7.4371,31.95,54.52,3.08
Mumbai,2020,4,23,7.2962,32.04,54.66,2.99
Mumbai,2020,4,24,7.5684,31.38,57.91,3.37
Mumbai,2020,4,25,7.6642,30.84,53.97,3.44
Mumbai,2020,4,26,7.7429,31.06,53.66,3.19
Mumbai,2020,4,27,7.3937,31.34,57.95,3.19
Mumbai,2020,4,28,7.1647,32.92,53.44,3.74
Mumbai,2020,4,29,6.7342,33.07,53.55,2.9
Mumbai,2020,4,30,6.7651,32.11,56.84,2.95
Mumbai,2020,5,1,6.9398,31.5,60.91,3.29
Mumbai,2020,5,2,7.1611,31.76,61.02,3.53
Mumbai,2020,5,3,7.2542,32.24,57.59,3.78
Mumbai,2020,5,4,7.5792,31.63,56.51,3.26
Mumbai,2020,5,5,7.5686,32.39,60.42,4.02
Mumbai,2020,5,6,7.5881,33.02,55.6,3.35
Mumbai,2020,5,7,7.7693,32.52,52.7,3.49
Mumbai,2020,5,8,7.6039,32.0,53.47,2.89
Mumbai,2020,5,9,7.8662,32.31,53.36,3.13
Mumbai,2020,5,10,7.0435,32.27,54.65,3.39
Mumbai,2020,5,11,7.5936,32.51,49.66,3.02
Mumbai,2020,5,12,7.645,32.02,52.25,3.24
Mumbai,2020,5,13,7.1599,31.89,58.52,3.33
Mumbai,2020,5,14,7.0622,33.32,55.36,3.56
Mumbai,2020,5,15,5.9206,32.91,51.15,3.67
Mumbai,2020,5,16,5.9074,32.33,54.15,3.67
Mumbai,2020,5,17,6.6708,32.18,56.3,4.88
Mumbai,2020,5,18,6.4133,32.13,56.93,5.28
Mumbai,2020,5,19,6.8767,31.71,57.97,4.46
Mumbai,2020,5,20,7.5007,31.8,58.45,3.77
Mumbai,2020,5,21,6.941,32.21,59.0,3.72
Mumbai,2020,5,22,7.3858,32.42,56.44,4.1
Mumbai,2020,5,23,7.4011,32.5,57.2,4.04
Mumbai,2020,5,24,7.3066,32.72,57.55,3.5
Mumbai,2020,5,25,7.1789,32.74,58.56,3.47
Mumbai,2020,5,26,7.1242,32.17,60.14,3.36
Mumbai,2020,5,27,7.3985,31.7,60.88,3.76
Mumbai,2020,5,28,7.5504,31.75,62.09,4.49
Mumbai,2020,5,29,7.2324,31.95,61.8,4.2
Mumbai,2020,5,30,7.4986,31.94,62.19,3.62
Mumbai,2020,5,31,6.7176,31.52,62.9,3.75
Mumbai,2020,6,1,2.3446,31.31,58.28,1.28
Mumbai,2020,6,2,1.2451,29.82,62.21,2.75
Mumbai,2020,6,3,0.9617,27.43,83.91,6.49
Mumbai,2020,6,4,4.1976,27.52,86.55,4.68
Mumbai,2020,6,5,6.5606,28.31,76.93,3.56
Mumbai,2020,6,6,5.6114,28.56,81.92,4.34
Mumbai,2020,6,7,6.1248,28.16,86.05,3.02
Mumbai,2020,6,8,3.8148,28.03,71.22,2.9
Mumbai,2020,6,9,5.8699,27.18,77.16,3.48
Mumbai,2020,6,10,5.4456,27.66,80.35,3.27
Mumbai,2020,6,11,6.0708,28.43,82.36,3.23
Mumbai,2020,6,12,4.9709,28.2,84.66,3.13
Mumbai,2020,6,13,4.3082,27.44,86.42,2.72
Mumbai,2020,6,14,4.6877,28.01,86.01,2.95
Mumbai,2020,6,15,4.6361,27.91,89.08,3.52
Mumbai,2020,6,16,2.7869,27.3,88.45,3.05
Mumbai,2020,6,17,2.2639,28.0,87.97,3.92
Mumbai,2020,6,18,3.1937,27.89,89.35,5.33
Mumbai,2020,6,19,5.6719,28.42,86.48,3.94
Mumbai,2020,6,20,6.1754,28.22,86.23,4.09
Mumbai,2020,6,21,5.8586,27.89,86.94,3.9
Mumbai,2020,6,22,5.9184,28.34,83.01,4.31
Mumbai,2020,6,23,5.4648,28.27,83.62,4.67
Mumbai,2020,6,24,6.3178,28.29,82.83,3.96
Mumbai,2020,6,25,6.7486,28.64,84.3,2.86
Mumbai,2020,6,26,5.6921,27.52,86.53,2.34
Mumbai,2020,6,27,5.8262,27.8,85.26,2.57
Mumbai,2020,6,28,3.6432,28.14,85.23,2.24
Mumbai,2020,6,29,4.5854,28.24,87.13,2.74
Mumbai,2020,6,30,3.8023,27.09,89.18,2.79
Mumbai,2020,7,1,5.2759,27.28,85.97,4.02
Mumbai,2020,7,2,5.46,27.92,86.44,4.53
Mumbai,2020,7,3,2.6628,27.1,91.29,5.95
Mumbai,2020,7,4,1.009,27.12,91.44,5.84
Mumbai,2020,7,5,2.4638,26.79,91.21,7.32
Mumbai,2020,7,6,4.567,27.61,89.34,8.25
Mumbai,2020,7,7,2.2476,27.3,90.92,7.73
Mumbai,2020,7,8,4.1045,27.44,88.53,5.63
Mumbai,2020,7,9,4.1182,27.39,88.93,5.04
Mumbai,2020,7,10,5.2447,27.4,89.56,5.03
Mumbai,2020,7,11,5.7113,27.37,90.89,4.78
Mumbai,2020,7,12,2.509,26.69,92.15,4.42
Mumbai,2020,7,13,2.8332,26.73,91.91,3.6
Mumbai,2020,7,14,2.441,27.29,91.03,4.23
Mumbai,2020,7,15,1.0829,26.28,94.07,4.22
Mumbai,2020,7,16,3.6667,26.02,92.16,5.76
Mumbai,2020,7,17,4.4429,26.64,90.45,6.27
Mumbai,2020,7,18,5.879,27.08,90.71,5.4
Mumbai,2020,7,19,6.2218,27.19,89.65,3.94
Mumbai,2020,7,20,6.0838,26.64,90.92,2.75
Mumbai,2020,7,21,4.4074,26.81,89.93,2.98
Mumbai,2020,7,22,5.1466,27.01,89.31,2.12
Mumbai,2020,7,23,3.6547,27.07,89.76,2.24
Mumbai,2020,7,24,3.1658,26.44,90.24,2.36
Mumbai,2020,7,25,4.1177,26.11,89.64,3.03
Mumbai,2020,7,26,5.6549,26.56,88.39,3.57
Mumbai,2020,7,27,4.0618,26.74,90.23,3.77
Mumbai,2020,7,28,3.371,26.68,91.02,2.98
Mumbai,2020,7,29,3.1565,26.67,92.91,2.84
Mumbai,2020,7,30,4.6291,27.03,86.36,2.41
Mumbai,2020,7,31,3.9451,26.58,90.12,2.15
Mumbai,2020,8,1,5.1074,26.9,91.65,2.77
Mumbai,2020,8,2,5.7672,27.18,91.61,3.48
Mumbai,2020,8,3,4.4866,27.08,92.7,4.45
Mumbai,2020,8,4,1.3013,26.91,92.92,6.92
Mumbai,2020,8,5,0.5414,26.78,94.1,8.01
Mumbai,2020,8,6,1.9666,26.34,91.88,7.68
Mumbai,2020,8,7,3.8225,27.03,91.1,7.23
Mumbai,2020,8,8,4.1465,26.85,90.36,6.0
Mumbai,2020,8,9,4.8617,26.71,90.62,5.07
Mumbai,2020,8,10,3.4898,26.44,92.3,4.84
Mumbai,2020,8,11,2.7401,26.44,91.07,5.54
Mumbai,2020,8,12,2.19,26.13,92.01,6.04
Mumbai,2020,8,13,2.1454,25.89,94.32,6.0
Mumbai,2020,8,14,1.8478,26.06,93.28,6.86
Mumbai,2020,8,15,2.5394,26.1,93.59,6.47
Mumbai,2020,8,16,2.8577,26.02,93.98,6.28
Mumbai,2020,8,17,2.2366,25.88,93.98,5.28
Mumbai,2020,8,18,4.001,26.06,92.5,5.32
Mumbai,2020,8,19,5.2788,26.33,91.58,4.82
Mumbai,2020,8,20,3.7534,25.79,95.05,4.84
Mumbai,2020,8,21,1.429,26.08,94.06,5.77
Mumbai,2020,8,22,4.1642,26.5,93.33,5.86
Mumbai,2020,8,23,4.4033,26.4,92.67,5.99
Mumbai,2020,8,24,5.0546,26.45,90.9,5.74
Mumbai,2020,8,25,5.7854,26.41,89.39,4.49
Mumbai,2020,8,26,5.6909,26.25,88.56,3.43
Mumbai,2020,8,27,5.0789,25.99,89.63,3.9
Mumbai,2020,8,28,2.1154,25.99,92.03,3.88
Mumbai,2020,8,29,1.3894,25.61,94.38,4.03
Mumbai,2020,8,30,2.6702,25.89,93.57,4.55
Mumbai,2020,8,31,4.4472,26.29,92.04,4.53
Mumbai,2020,9,1,5.5442,26.29,90.84,3.01
Mumbai,2020,9,2,5.6275,26.33,89.25,2.6
Mumbai,2020,9,3,4.8629,26.68,88.46,2.04
Mumbai,2020,9,4,6.1634,27.74,85.22,1.91
Mumbai,2020,9,5,6.5033,28.23,87.67,1.77
Mumbai,2020,9,6,5.3088,28.66,86.16,1.79
Mumbai,2020,9,7,4.9291,27.93,87.45,1.99
Mumbai,2020,9,8,5.2274,27.1,90.82,2.54
Mumbai,2020,9,9,5.2882,26.11,90.74,1.99
Mumbai,2020,9,10,5.4058,26.57,93.42,1.99
Mumbai,2020,9,11,5.2925,26.72,91.77,1.82
Mumbai,2020,9,12,3.8666,27.06,90.58,3.66
Mumbai,2020,9,13,4.6265,26.37,91.14,4.23
Mumbai,2020,9,14,3.9204,25.41,92.4,3.02
Mumbai,2020,9,15,3.949,25.17,93.09,2.4
Mumbai,2020,9,16,3.7445,25.49,92.91,2.65
Mumbai,2020,9,17,3.5057,25.94,92.46,2.84
Mumbai,2020,9,18,2.9594,25.93,92.23,2.69
Mumbai,2020,9,19,3.3499,26.38,90.0,2.98
Mumbai,2020,9,20,4.248,26.7,93.46,3.52
Mumbai,2020,9,21,3.947,26.47,93.87,4.15
Mumbai,2020,9,22,1.2197,26.51,94.16,3.46
Mumbai,2020,9,23,1.9754,25.94,95.47,3.98
Mumbai,2020,9,24,4.1952,26.79,91.99,2.73
Mumbai,2020,9,25,4.6049,26.22,92.7,2.98
Mumbai,2020,9,26,4.9596,26.05,87.45,2.57
Mumbai,2020,9,27,5.8008,26.07,85.83,2.29
Mumbai,2020,9,28,5.6035,26.42,83.63,1.67
Mumbai,2020,9,29,5.9215,26.12,84.66,2.15
Mumbai,2020,9,30,5.9489,26.14,85.5,2.47
Mumbai,2020,10,1,5.6561,26.02,86.88,2.28
Mumbai,2020,10,2,5.3434,26.73,87.11,2.25
Mumbai,2020,10,3,2.7245,27.37,87.85,2.1
Mumbai,2020,10,4,2.2855,26.78,89.45,2.74
Mumbai,2020,10,5,5.0561,26.83,86.64,2.27
Mumbai,2020,10,6,5.8274,26.18,86.77,1.98
Mumbai,2020,10,7,5.4122,27.54,83.67,1.84
Mumbai,2020,10,8,4.7006,27.61,81.41,2.09
Mumbai,2020,10,9,5.035,27.93,78.41,1.59
Mumbai,2020,10,10,4.571,28.3,79.14,1.2
Mumbai,2020,10,11,2.0592,27.88,80.26,1.47
Mumbai,2020,10,12,2.4607,27.27,84.74,1.86
Mumbai,2020,10,13,4.5785,28.16,81.18,1.33
Mumbai,2020,10,14,3.2453,27.78,86.27,1.91
Mumbai,2020,10,15,2.4965,26.77,93.48,4.54
Mumbai,2020,10,16,3.2561,27.29,88.21,4.97
Mumbai,2020,10,17,4.147,26.7,88.53,3.63
Mumbai,2020,10,18,5.4262,26.28,89.57,2.64
Mumbai,2020,10,19,3.6362,25.74,89.65,2.24
Mumbai,2020,10,20,4.2994,27.01,90.42,1.77
Mumbai,2020,10,21,4.5725,27.55,89.21,1.77
Mumbai,2020,10,22,3.4843,27.08,90.39,2.28
Mumbai,2020,10,23,4.8341,26.77,83.22,2.31
Mumbai,2020,10,24,4.068,27.32,77.31,1.27
Mumbai,2020,10,25,4.3781,27.27,74.29,1.36
Mumbai,2020,10,26,3.8986,26.99,77.67,2.0
Mumbai,2020,10,27,5.3352,26.66,77.24,2.1
Mumbai,2020,10,28,5.525,26.22,70.26,1.87
Mumbai,2020,10,29,5.3287,25.85,69.46,2.19
Mumbai,2020,10,30,5.4547,25.9,68.36,2.19
Mumbai,2020,10,31,5.6131,25.41,69.13,2.31
Mumbai,2020,11,1,4.7412,25.78,74.35,2.21
Mumbai,2020,11,2,4.4402,26.55,78.13,2.11
Mumbai,2020,11,3,4.8094,26.45,74.55,2.93
Mumbai,2020,11,4,4.8814,25.46,72.37,2.89
Mumbai,2020,11,5,4.7779,24.84,72.04,2.71
Mumbai,2020,11,6,5.3508,23.71,69.18,3.51
Mumbai,2020,11,7,5.1576,23.75,73.03,3.87
Mumbai,2020,11,8,4.7042,24.75,74.98,3.78
Mumbai,2020,11,9,5.1727,23.71,69.01,3.3
Mumbai,2020,11,10,5.2428,22.15,69.05,4.14
Mumbai,2020,11,11,5.0784,21.35,68.86,4.25
Mumbai,2020,11,12,5.3345,22.08,70.07,3.76
Mumbai,2020,11,13,5.4178,25.1,80.54,2.8
Mumbai,2020,11,14,5.381,26.39,81.27,2.6
Mumbai,2020,11,15,5.005,26.36,77.47,2.08
Mumbai,2020,11,16,5.1194,26.18,75.6,2.73
Mumbai,2020,11,17,4.7554,26.83,79.65,2.23
Mumbai,2020,11,18,4.6104,25.82,82.39,2.47
Mumbai,2020,11,19,4.7712,25.95,81.33,1.99
Mumbai,2020,11,20,4.5888,26.16,80.64,1.79
Mumbai,2020,11,21,4.9114,25.76,78.5,2.14
Mumbai,2020,11,22,4.9536,24.66,80.6,2.54
Mumbai,2020,11,23,4.9094,24.76,79.07,2.12
Mumbai,2020,11,24,4.1657,24.77,74.64,1.77
Mumbai,2020,11,25,4.2499,24.11,72.87,3.1
Mumbai,2020,11,26,4.3301,23.63,71.13,3.17
Mumbai,2020,11,27,4.6874,23.25,76.28,4.75
Mumbai,2020,11,28,3.5174,23.77,79.88,3.91
Mumbai,2020,11,29,4.895,25.18,80.16,2.94
Mumbai,2020,11,30,4.7285,25.84,82.13,2.14
Mumbai,2020,12,1,4.4506,26.51,79.48,1.84
Mumbai,2020,12,2,4.2379,25.27,73.78,2.65
Mumbai,2020,12,3,4.753,23.79,66.77,3.14
Mumbai,2020,12,4,4.668,23.63,65.49,3.09
Mumbai,2020,12,5,4.8144,23.45,63.02,3.2
Mumbai,2020,12,6,5.034,22.73,65.03,3.96
Mumbai,2020,12,7,5.0326,22.42,63.97,4.06
Mumbai,2020,12,8,4.9706,22.86,64.14,3.94
Mumbai,2020,12,9,3.8683,23.89,69.45,3.05
Mumbai,2020,12,10,3.4711,25.17,71.92,2.23
Mumbai,2020,12,11,2.5682,24.8,79.62,1.45
Mumbai,2020,12,12,2.5558,24.67,82.68,2.05
Mumbai,2020,12,13,1.5511,24.41,82.78,1.64
Mumbai,2020,12,14,2.5066,24.29,82.0,1.83
Mumbai,2020,12,15,4.3178,23.81,80.13,2.21
Mumbai,2020,12,16,4.1827,23.82,78.92,2.39
Mumbai,2020,12,17,4.146,23.84,75.04,2.45
Mumbai,2020,12,18,4.5305,23.59,71.5,2.92
Mumbai,2020,12,19,4.2898,22.68,71.57,3.77
Mumbai,2020,12,20,4.6452,21.55,67.85,4.19
Mumbai,2020,12,21,4.8077,21.04,58.45,4.13
Mumbai,2020,12,22,4.2161,20.86,54.33,3.17
Mumbai,2020,12,23,4.6649,21.04,57.95,2.55
Mumbai,2020,12,24,4.5869,22.25,58.74,2.55
Mumbai,2020,12,25,4.4182,23.26,64.45,3.46
Mumbai,2020,12,26,4.2857,23.4,65.28,3.21
Mumbai,2020,12,27,4.1551,23.3,71.22,2.82
Mumbai,2020,12,28,4.8593,21.27,65.09,2.54
Mumbai,2020,12,29,4.8739,20.81,64.44,2.35
Mumbai,2020,12,30,4.2166,22.19,68.7,2.3
Mumbai,2020,12,31,4.0807,23.74,68.4,3.51
Mumbai,2021,1,1,3.5918,24.52,73.72,3.03
Mumbai,2021,1,2,3.4584,23.85,76.92,2.01
Mumbai,2021,1,3,3.7963,23.59,71.22,1.91
Mumbai,2021,1,4,3.3168,23.68,71.52,1.94
Mumbai,2021,1,5,3.6293,23.33,71.57,2.04
Mumbai,2021,1,6,4.0627,23.69,68.91,2.43
Mumbai,2021,1,7,3.7709,24.45,75.7,1.89
Mumbai,2021,1,8,2.5838,25.0,81.37,1.84
Mumbai,2021,1,9,3.6432,25.53,79.22,1.88
Mumbai,2021,1,10,4.2031,26.17,76.34,2.47
Mumbai,2021,1,11,3.996,26.9,68.57,2.36
Mumbai,2021,1,12,4.4702,27.02,60.23,3.09
Mumbai,2021,1,13,4.5674,26.35,60.54,2.74
Mumbai,2021,1,14,4.8401,25.32,61.05,2.0
Mumbai,2021,1,15,5.0081,24.75,61.77,2.64
Mumbai,2021,1,16,5.1262,24.72,59.34,2.04
Mumbai,2021,1,17,4.8048,25.22,63.81,2.07
Mumbai,2021,1,18,4.4964,25.17,63.03,2.23
Mumbai,2021,1,19,4.487,25.09,59.8,2.15
Mumbai,2021,1,20,4.6961,24.38,55.82,2.37
Mumbai,2021,1,21,5.0923,22.98,53.2,2.31
Mumbai,2021,1,22,4.6178,23.7,55.84,2.12
Mumbai,2021,1,23,4.9418,23.92,58.23,2.1
Mumbai,2021,1,24,5.0674,23.25,59.11,2.52
Mumbai,2021,1,25,4.7611,22.63,50.99,2.91
Mumbai,2021,1,26,5.3746,22.36,47.57,2.5
Mumbai,2021,1,27,5.4763,22.04,46.51,2.64
Mumbai,2021,1,28,5.4526,21.96,47.9,2.58
Mumbai,2021,1,29,5.215,22.34,44.85,2.84
Mumbai,2021,1,30,5.0364,23.41,43.98,2.52
Mumbai,2021,1,31,5.0239,23.95,45.92,2.62
Mumbai,2021,2,1,4.727,24.54,49.67,3.46
Mumbai,2021,2,2,4.9714,24.89,39.95,3.73
Mumbai,2021,2,3,4.9534,23.91,41.43,3.02
Mumbai,2021,2,4,5.2186,23.69,46.78,2.68
Mumbai,2021,2,5,5.1799,22.95,52.49,3.32
Mumbai,2021,2,6,5.3988,23.35,42.33,3.38
Mumbai,2021,2,7,5.3875,24.14,41.54,3.99
Mumbai,2021,2,8,5.6321,24.25,40.12,3.44
Mumbai,2021,2,9,5.7187,24.01,39.1,3.46
Mumbai,2021,2,10,5.6662,24.15,40.48,2.64
Mumbai,2021,2,11,5.5154,24.64,41.42,2.78
Mumbai,2021,2,12,5.3995,24.72,43.49,2.73
Mumbai,2021,2,13,5.243,24.96,45.39,2.57
Mumbai,2021,2,14,4.9726,25.01,54.19,2.34
Mumbai,2021,2,15,5.3258,24.44,56.93,2.43
Mumbai,2021,2,16,5.3676,24.01,64.84,2.73
Mumbai,2021,2,17,5.5178,24.9,62.56,2.49
Mumbai,2021,2,18,5.1209,26.01,59.29,2.13
Mumbai,2021,2,19,4.8787,25.78,60.75,2.79
Mumbai,2021,2,20,5.8762,25.37,51.27,3.42
Mumbai,2021,2,21,5.328,26.75,49.5,4.1
Mumbai,2021,2,22,5.7197,27.47,53.24,2.87
Mumbai,2021,2,23,5.6045,27.63,50.79,2.42
Mumbai,2021,2,24,5.6191,27.53,43.82,2.76
Mumbai,2021,2,25,5.4509,27.34,44.9,3.02
Mumbai,2021,2,26,5.9311,27.1,48.2,2.97
Mumbai,2021,2,27,6.0792,27.29,47.23,3.26
Mumbai,2021,2,28,6.1848,29.01,40.16,2.89
Mumbai,2021,3,1,6.3341,29.82,35.17,3.95
Mumbai,2021,3,2,6.3456,29.2,30.13,3.63
Mumbai,2021,3,3,6.4044,29.44,25.65,3.23
Mumbai,2021,3,4,6.1344,29.38,23.08,3.49
Mumbai,2021,3,5,6.3055,29.86,26.28,3.29
Mumbai,2021,3,6,6.3478,28.84,40.86,2.23
Mumbai,2021,3,7,6.4051,28.28,46.2,2.85
Mumbai,2021,3,8,6.535,28.34,43.26,3.07
Mumbai,2021,3,9,6.2062,28.78,45.88,3.0
Mumbai,2021,3,10,6.264,28.69,46.96,2.64
Mumbai,2021,3,11,6.1608,28.55,45.42,2.89
Mumbai,2021,3,12,6.4476,28.86,46.46,2.94
Mumbai,2021,3,13,6.3192,30.55,33.35,3.51
Mumbai,2021,3,14,6.1507,29.97,33.56,2.86
Mumbai,2021,3,15,6.2258,29.89,30.65,2.83
Mumbai,2021,3,16,6.1759,30.42,35.27,2.86
Mumbai,2021,3,17,5.5891,30.44,32.96,3.16
Mumbai,2021,3,18,5.561,30.44,36.0,2.91
Mumbai,2021,3,19,6.3739,28.84,47.33,3.22
Mumbai,2021,3,20,6.1454,28.48,47.56,2.68
Mumbai,2021,3,21,6.5254,29.0,44.62,2.23
Mumbai,2021,3,22,6.3744,29.7,46.26,2.28
Mumbai,2021,3,23,5.6575,30.59,41.87,2.95
Mumbai,2021,3,24,6.2131,32.07,32.95,3.18
Mumbai,2021,3,25,6.2141,31.93,23.66,4.73
Mumbai,2021,3,26,6.3691,31.51,23.36,3.36
Mumbai,2021,3,27,6.516,32.4,21.81,3.51
Mumbai,2021,3,28,6.5549,31.83,30.15,2.7
Mumbai,2021,3,29,6.7306,31.31,36.77,2.75
Mumbai,2021,3,30,6.9643,29.89,49.63,2.26
Mumbai,2021,3,31,7.5624,29.0,53.94,2.43
Mumbai,2021,4,1,7.1153,29.12,61.81,2.4
Mumbai,2021,4,2,7.2024,28.99,60.38,2.32
Mumbai,2021,4,3,7.1998,28.9,58.85,2.45
Mumbai,2021,4,4,7.2228,29.79,57.26,2.8
Mumbai,2021,4,5,6.9977,30.38,53.4,3.0
Mumbai,2021,4,6,7.05,31.32,44.66,3.42
Mumbai,2021,4,7,6.6065,31.36,44.59,3.21
Mumbai,2021,4,8,5.0453,30.37,54.42,2.63
Mumbai,2021,4,9,6.1685,30.81,50.59,2.45
Mumbai,2021,4,10,6.1092,31.36,46.12,2.62
Mumbai,2021,4,11,6.3288,32.31,43.46,1.94
Mumbai,2021,4,12,6.3367,32.07,46.5,2.32
Mumbai,2021,4,13,6.24,32.59,41.6,2.01
Mumbai,2021,4,14,6.6583,32.16,42.23,2.61
Mumbai,2021,4,15,6.9086,31.34,44.26,2.63
Mumbai,2021,4,16,7.1033,30.92,49.28,3.11
Mumbai,2021,4,17,6.7224,31.08,51.25,3.67
Mumbai,2021,4,18,7.0517,31.9,50.25,3.39
Mumbai,2021,4,19,7.4198,31.11,53.61,2.54
Mumbai,2021,4,20,7.1758,30.81,55.28,2.79
Mumbai,2021,4,21,6.7591,29.69,58.0,2.57
Mumbai,2021,4,22,6.558,30.91,56.25,2.97
Mumbai,2021,4,23,6.5232,30.81,50.32,2.89
Mumbai,2021,4,24,7.2775,30.95,47.07,2.73
Mumbai,2021,4,25,7.0322,32.01,48.9,2.92
Mumbai,2021,4,26,6.4351,31.41,59.41,2.48
Mumbai,2021,4,27,6.821,31.83,51.28,2.25
Mumbai,2021,4,28,7.1136,31.64,47.91,2.36
Mumbai,2021,4,29,6.9826,31.47,54.07,2.83
Mumbai,2021,4,30,6.739,32.26,48.16,2.65
Mumbai,2021,5,1,5.5735,32.85,45.33,2.66
Mumbai,2021,5,2,6.3348,32.43,47.71,2.25
Mumbai,2021,5,3,6.6763,32.52,49.4,2.49
Mumbai,2021,5,4,7.1119,32.7,47.92,2.91
Mumbai,2021,5,5,6.9509,32.69,48.73,2.83
Mumbai,2021,5,6,6.4798,32.3,53.84,2.54
Mumbai,2021,5,7,6.7087,32.49,51.87,2.5
Mumbai,2021,5,8,6.9775,32.84,49.81,2.6
Mumbai,2021,5,9,7.0915,32.61,53.27,2.64
Mumbai,2021,5,10,7.1683,32.34,52.71,3.12
Mumbai,2021,5,11,7.1532,32.04,51.96,3.19
Mumbai,2021,5,12,7.1273,31.36,56.32,3.45
Mumbai,2021,5,13,5.8778,30.99,53.38,2.71
Mumbai,2021,5,14,6.5618,32.43,50.16,3.12
Mumbai,2021,5,15,4.0262,34.65,46.23,3.82
Mumbai,2021,5,16,3.0895,32.75,54.63,8.89
Mumbai,2021,5,17,0.3245,28.09,82.99,14.62
Mumbai,2021,5,18,3.845,28.38,86.49,9.2
Mumbai,2021,5,19,4.4568,28.52,83.65,4.58
Mumbai,2021,5,20,6.7291,28.88,77.0,2.11
Mumbai,2021,5,21,7.0776,29.12,76.76,2.12
Mumbai,2021,5,22,5.7058,28.74,79.58,2.52
Mumbai,2021,5,23,6.5287,28.31,79.42,2.81
Mumbai,2021,5,24,6.913,28.87,78.5,3.23
Mumbai,2021,5,25,6.2167,29.01,79.47,3.74
Mumbai,2021,5,26,6.6228,28.75,78.96,4.04
Mumbai,2021,5,27,6.7582,29.23,75.87,4.05
Mumbai,2021,5,28,6.4421,29.44,78.37,3.72
Mumbai,2021,5,29,6.2141,29.4,80.43,2.66
Mumbai,2021,5,30,5.9414,28.93,83.18,2.2
Mumbai,2021,5,31,6.3125,28.69,83.1,2.17
Mumbai,2021,6,1,6.3254,28.6,83.43,2.43
Mumbai,2021,6,2,5.7293,28.78,80.86,1.86
Mumbai,2021,6,3,6.7663,29.15,77.64,1.78
Mumbai,2021,6,4,6.9348,29.08,77.88,1.37
Mumbai,2021,6,5,4.2528,27.91,83.37,2.0
Mumbai,2021,6,6,6.3082,28.29,80.94,2.75
Mumbai,2021,6,7,4.7186,28.48,80.52,3.52
Mumbai,2021,6,8,3.1733,28.27,84.22,3.51
Mumbai,2021,6,9,1.0418,28.19,85.73,4.97
Mumbai,2021,6,10,3.5933,27.56,89.85,5.42
Mumbai,2021,6,11,3.0451,28.05,87.86,5.06
Mumbai,2021,6,12,3.8822,28.24,90.49,4.84
Mumbai,2021,6,13,5.9626,28.07,90.32,4.58
Mumbai,2021,6,14,6.113,28.55,87.04,4.59
Mumbai,2021,6,15,2.8313,28.13,88.22,5.65
Mumbai,2021,6,16,1.536,27.79,90.12,5.36
Mumbai,2021,6,17,4.0891,27.81,88.08,6.21
Mumbai,2021,6,18,5.5908,27.82,87.82,6.73
Mumbai,2021,6,19,4.1921,27.48,88.26,5.81
Mumbai,2021,6,20,5.6453,27.5,87.53,5.1
Mumbai,2021,6,21,5.9887,27.28,88.0,4.03
Mumbai,2021,6,22,6.2465,27.48,86.22,3.79
Mumbai,2021,6,23,5.9964,27.28,86.95,3.8
Mumbai,2021,6,24,2.999,27.29,87.78,3.84
Mumbai,2021,6,25,3.1637,27.02,88.61,4.08
Mumbai,2021,6,26,6.317,27.18,86.91,4.08
Mumbai,2021,6,27,3.5962,26.79,86.35,2.96
Mumbai,2021,6,28,3.7406,26.25,91.42,3.39
Mumbai,2021,6,29,5.2229,27.3,89.09,2.95
Mumbai,2021,6,30,5.3119,27.11,89.75,3.11
Mumbai,2021,7,1,6.7061,27.43,87.89,3.95
Mumbai,2021,7,2,6.5561,27.59,85.97,4.4
Mumbai,2021,7,3,6.6338,27.58,86.79,3.45
Mumbai,2021,7,4,6.6569,27.53,85.69,2.47
Mumbai,2021,7,5,6.4234,27.41,85.4,1.98
Mumbai,2021,7,6,5.9474,27.52,84.77,2.07
Mumbai,2021,7,7,6.0934,27.66,85.77,2.46
Mumbai,2021,7,8,4.1906,27.64,87.7,2.83
Mumbai,2021,7,9,3.6005,27.24,87.92,2.09
Mumbai,2021,7,10,2.4917,26.93,85.02,2.25
Mumbai,2021,7,11,2.7802,26.74,91.29,4.75
Mumbai,2021,7,12,1.8374,26.58,93.27,6.83
Mumbai,2021,7,13,2.7806,26.83,89.9,5.05
Mumbai,2021,7,14,1.62,26.64,92.04,4.74
Mumbai,2021,7,15,3.0598,26.84,94.0,5.68
Mumbai,2021,7,16,4.2648,26.99,90.86,4.78
Mumbai,2021,7,17,4.2108,26.86,92.18,4.26
Mumbai,2021,7,18,1.8314,26.9,92.76,5.94
Mumbai,2021,7,19,1.3615,26.65,92.5,6.63
Mumbai,2021,7,20,5.0585,26.52,92.2,5.88
Mumbai,2021,7,21,1.1818,26.32,92.08,7.32
Mumbai,2021,7,22,1.8878,26.47,90.55,6.99
Mumbai,2021,7,23,1.9135,26.33,92.32,5.77
Mumbai,2021,7,24,5.411,27.16,90.69,4.82
Mumbai,2021,7,25,4.9022,26.85,92.11,5.66
Mumbai,2021,7,26,5.8159,26.76,90.04,7.07
Mumbai,2021,7,27,5.3398,26.45,88.75,6.86
Mumbai,2021,7,28,5.0717,26.37,88.95,7.08
Mumbai,2021,7,29,3.0113,25.88,90.99,6.6
Mumbai,2021,7,30,2.419,25.68,91.43,6.43
Mumbai,2021,7,31,4.8108,26.16,89.28,6.44
Mumbai,2021,8,1,3.8134,26.09,88.05,5.85
Mumbai,2021,8,2,4.8362,26.32,88.37,5.73
Mumbai,2021,8,3,4.8996,26.5,89.65,5.83
Mumbai,2021,8,4,5.0942,26.3,90.23,5.72
Mumbai,2021,8,5,4.7484,26.33,89.26,5.52
Mumbai,2021,8,6,4.5982,26.48,88.97,4.54
Mumbai,2021,8,7,5.6009,26.6,88.3,3.23
Mumbai,2021,8,8,3.5906,26.58,88.93,2.81
Mumbai,2021,8,9,5.7418,26.84,87.98,2.85
Mumbai,2021,8,10,4.8209,26.44,88.85,2.78
Mumbai,2021,8,11,4.9673,26.61,88.49,2.92
Mumbai,2021,8,12,5.4463,26.5,88.06,3.47
Mumbai,2021,8,13,4.2516,26.36,88.64,3.64
Mumbai,2021,8,14,3.8071,26.1,88.96,3.87
Mumbai,2021,8,15,4.5415,26.27,88.53,3.63
Mumbai,2021,8,16,3.5839,26.3,88.76,2.51
Mumbai,2021,8,17,2.6693,25.72,90.55,2.38
Mumbai,2021,8,18,2.0078,25.06,92.0,2.36
Mumbai,2021,8,19,2.3993,25.31,91.78,2.28
Mumbai,2021,8,20,2.1221,25.65,90.44,2.97
Mumbai,2021,8,21,2.7317,25.69,90.67,2.8
Mumbai,2021,8,22,3.9967,25.14,90.99,2.29
Mumbai,2021,8,23,6.4824,25.91,85.7,2.24
Mumbai,2021,8,24,6.2045,26.44,86.82,1.91
Mumbai,2021,8,25,5.9549,26.6,86.99,2.35
Mumbai,2021,8,26,4.3706,26.72,87.91,2.47
Mumbai,2021,8,27,4.6848,26.88,86.81,2.59
Mumbai,2021,8,28,6.3962,26.64,85.95,2.1
Mumbai,2021,8,29,5.5534,26.79,84.79,2.01
Mumbai,2021,8,30,4.0133,25.87,89.8,3.48
Mumbai,2021,8,31,1.0188,25.24,93.65,5.47
Mumbai,2021,9,1,3.7219,25.89,91.89,4.31
Mumbai,2021,9,2,4.488,25.83,91.81,3.74
Mumbai,2021,9,3,3.5479,26.31,89.79,3.92
Mumbai,2021,9,4,3.9283,26.32,90.24,3.19
Mumbai,2021,9,5,4.98,26.32,90.33,2.94
Mumbai,2021,9,6,3.4637,26.19,92.02,3.69
Mumbai,2021,9,7,2.2939,26.24,94.91,4.28
Mumbai,2021,9,8,3.8945,26.15,94.63,5.31
Mumbai,2021,9,9,5.2817,26.41,91.28,5.9
Mumbai,2021,9,10,4.6949,26.61,90.56,5.98
Mumbai,2021,9,11,3.9221,26.73,91.63,6.01
Mumbai,2021,9,12,3.3972,26.7,93.04,4.85
Mumbai,2021,9,13,2.5301,26.44,93.46,4.97
Mumbai,2021,9,14,4.7369,26.37,91.42,5.06
Mumbai,2021,9,15,4.6906,26.07,90.29,4.48
Mumbai,2021,9,16,5.2769,26.15,90.44,4.23
Mumbai,2021,9,17,5.7566,25.85,90.19,3.14
Mumbai,2021,9,18,5.7113,25.93,90.85,3.28
Mumbai,2021,9,19,4.5727,26.47,90.84,3.39
Mumbai,2021,9,20,5.4331,26.44,91.22,3.0
Mumbai,2021,9,21,3.1502,26.29,91.58,3.57
Mumbai,2021,9,22,3.3895,26.13,91.92,3.46
Mumbai,2021,9,23,4.6224,26.41,89.67,2.84
Mumbai,2021,9,24,5.8195,26.25,87.68,2.17
Mumbai,2021,9,25,5.7314,26.46,86.81,1.94
Mumbai,2021,9,26,5.3143,26.26,88.03,2.01
Mumbai,2021,9,27,2.251,25.83,89.88,2.22
Mumbai,2021,9,28,2.8046,24.93,94.04,5.04
Mumbai,2021,9,29,4.5934,25.72,92.24,4.93
Mumbai,2021,9,30,5.2152,26.8,90.81,3.8
Mumbai,2021,10,1,5.6378,26.67,88.65,2.08
Mumbai,2021,10,2,5.2598,27.34,88.66,2.1
Mumbai,2021,10,3,5.525,27.53,87.51,2.25
Mumbai,2021,10,4,5.7605,27.51,89.44,2.74
Mumbai,2021,10,5,5.6544,27.65,89.66,2.6
Mumbai,2021,10,6,5.053,28.22,84.61,1.45
Mumbai,2021,10,7,4.8929,28.5,85.64,1.85
Mumbai,2021,10,8,5.1864,27.01,92.55,2.15
Mumbai,2021,10,9,4.9754,26.85,90.71,2.11
Mumbai,2021,10,10,5.5632,27.16,85.29,1.35
Mumbai,2021,10,11,4.8509,27.32,85.62,1.43
Mumbai,2021,10,12,5.335,27.95,83.29,1.6
Mumbai,2021,10,13,5.5049,28.03,80.65,1.99
Mumbai,2021,10,14,5.1744,28.12,75.65,1.9
Mumbai,2021,10,15,5.6513,27.66,78.49,2.78
Mumbai,2021,10,16,5.6071,26.1,75.9,2.63
Mumbai,2021,10,17,4.7626,27.1,80.61,1.88
Mumbai,2021,10,18,5.5942,26.5,79.02,2.55
Mumbai,2021,10,19,5.7574,25.74,78.25,1.88
Mumbai,2021,10,20,5.6153,24.75,80.78,2.29
Mumbai,2021,10,21,5.5975,25.28,74.52,2.35
Mumbai,2021,10,22,5.5423,25.06,73.98,2.22
Mumbai,2021,10,23,5.7218,24.3,78.43,2.34
Mumbai,2021,10,24,5.8058,23.69,85.98,2.59
Mumbai,2021,10,25,5.7936,24.32,82.03,2.6
Mumbai,2021,10,26,5.0563,24.81,75.96,2.34
Mumbai,2021,10,27,5.5526,24.81,72.12,3.02
Mumbai,2021,10,28,5.1696,24.61,75.87,3.55
Mumbai,2021,10,29,5.1355,24.49,74.47,3.89
Mumbai,2021,10,30,5.2418,24.23,73.91,3.9
Mumbai,2021,10,31,4.8924,25.19,75.29,3.12
Mumbai,2021,11,1,4.6745,25.25,76.44,2.88
Mumbai,2021,11,2,4.8626,25.79,73.19,2.75
Mumbai,2021,11,3,4.8912,25.35,76.57,3.2
Mumbai,2021,11,4,4.7647,26.53,78.66,2.13
Mumbai,2021,11,5,4.8744,26.98,79.93,2.31
Mumbai,2021,11,6,3.1255,26.09,83.01,1.72
Mumbai,2021,11,7,2.9861,25.35,83.65,1.96
Mumbai,2021,11,8,4.7837,24.8,74.16,3.17
Mumbai,2021,11,9,5.2879,22.97,71.0,3.92
Mumbai,2021,11,10,4.8238,22.97,66.96,3.58
Mumbai,2021,11,11,4.62,22.49,70.15,3.84
Mumbai,2021,11,12,4.9622,23.06,68.81,3.7
Mumbai,2021,11,13,4.7201,25.46,79.35,3.12
Mumbai,2021,11,14,4.5031,26.3,81.33,3.01
Mumbai,2021,11,15,4.0802,26.48,85.35,2.04
Mumbai,2021,11,16,3.5033,27.1,83.12,2.78
Mumbai,2021,11,17,3.8688,26.94,84.4,2.69
Mumbai,2021,11,18,4.7191,26.66,85.24,2.61
Mumbai,2021,11,19,4.7206,26.74,83.43,1.92
Mumbai,2021,11,20,4.513,27.22,82.79,2.2
Mumbai,2021,11,21,4.0171,27.46,83.62,2.6
Mumbai,2021,11,22,3.6996,26.07,89.31,2.77
Mumbai,2021,11,23,4.8962,26.91,86.58,1.69
Mumbai,2021,11,24,4.585,27.04,82.78,2.78
Mumbai,2021,11,25,4.4393,26.11,77.75,2.12
Mumbai,2021,11,26,4.6442,25.32,76.17,2.69
Mumbai,2021,11,27,4.7314,24.75,71.67,2.49
Mumbai,2021,11,28,4.429,22.18,75.8,4.11
Mumbai,2021,11,29,4.722,22.98,72.38,4.24
Mumbai,2021,11,30,2.9184,23.36,83.38,4.03
Mumbai,2021,12,1,0.6031,21.92,90.21,3.6
Mumbai,2021,12,2,3.0144,22.43,82.78,4.38
Mumbai,2021,12,3,4.032,23.72,84.12,2.1
Mumbai,2021,12,4,4.6908,24.37,80.28,2.08
Mumbai,2021,12,5,4.9634,23.22,80.49,1.86
Mumbai,2021,12,6,4.7892,23.08,80.91,2.44
Mumbai,2021,12,7,4.0882,23.47,75.17,3.28
Mumbai,2021,12,8,4.0289,23.34,73.8,3.7
Mumbai,2021,12,9,4.2298,23.67,72.09,2.76
Mumbai,2021,12,10,4.2775,23.73,75.92,3.55
Mumbai,2021,12,11,4.0752,24.02,76.93,3.24
Mumbai,2021,12,12,4.2499,24.34,72.77,2.87
Mumbai,2021,12,13,4.236,23.38,76.54,2.22
Mumbai,2021,12,14,4.5746,22.59,75.81,2.16
Mumbai,2021,12,15,3.7015,22.7,78.08,2.32
Mumbai,2021,12,16,3.5364,22.73,79.15,2.39
Mumbai,2021,12,17,4.4395,22.33,78.75,2.21
Mumbai,2021,12,18,4.2898,22.41,74.19,3.13
Mumbai,2021,12,19,4.6207,21.9,70.03,3.49
Mumbai,2021,12,20,4.2694,21.16,70.16,3.1
Mumbai,2021,12,21,4.339,20.96,68.61,2.72
Mumbai,2021,12,22,4.2343,20.87,70.82,2.18
Mumbai,2021,12,23,4.5994,21.08,69.55,2.35
Mumbai,2021,12,24,4.3123,20.35,74.84,2.18
Mumbai,2021,12,25,4.4162,20.39,75.66,2.07
Mumbai,2021,12,26,4.4268,21.05,73.38,2.6
Mumbai,2021,12,27,4.5266,22.21,64.51,2.43
Mumbai,2021,12,28,4.2794,22.07,68.91,2.02
Mumbai,2021,12,29,4.8307,20.91,72.4,3.19
Mumbai,2021,12,30,4.1978,21.48,74.9,4.1
Mumbai,2021,12,31,4.3469,23.0,72.8,4.24
Mumbai,2022,1,1,4.405,23.09,74.41,3.03
Mumbai,2022,1,2,4.2895,23.3,74.94,2.59
Mumbai,2022,1,3,4.2737,23.4,75.51,2.79
Mumbai,2022,1,4,4.4042,24.25,67.61,2.33
Mumbai,2022,1,5,3.9931,23.05,70.5,2.66
Mumbai,2022,1,6,4.1465,22.38,80.65,2.23
Mumbai,2022,1,7,4.3085,22.15,79.52,2.55
Mumbai,2022,1,8,2.453,22.41,79.95,2.09
Mumbai,2022,1,9,4.6613,20.22,76.65,3.07
Mumbai,2022,1,10,5.2022,18.08,68.16,2.92
Mumbai,2022,1,11,5.0546,17.87,71.33,2.37
Mumbai,2022,1,12,4.7995,18.36,75.72,2.79
Mumbai,2022,1,13,3.8414,18.95,75.56,2.59
Mumbai,2022,1,14,4.2727,20.25,80.04,1.96
Mumbai,2022,1,15,4.4479,21.79,74.81,2.92
Mumbai,2022,1,16,4.8998,23.09,68.21,3.21
Mumbai,2022,1,17,4.4014,23.56,70.76,2.75
Mumbai,2022,1,18,4.9498,23.45,67.99,2.65
Mumbai,2022,1,19,5.3186,22.88,62.79,2.98
Mumbai,2022,1,20,5.4468,22.54,61.19,2.63
Mumbai,2022,1,21,5.0911,22.22,75.18,2.13
Mumbai,2022,1,22,4.7842,22.75,82.71,2.84
Mumbai,2022,1,23,3.4922,19.77,70.54,3.68
Mumbai,2022,1,24,4.7666,16.59,56.47,3.07
Mumbai,2022,1,25,4.9697,17.06,51.67,3.12
Mumbai,2022,1,26,5.0431,18.84,53.89,2.78
Mumbai,2022,1,27,5.2462,20.31,53.18,3.41
Mumbai,2022,1,28,5.1936,21.28,51.74,3.94
Mumbai,2022,1,29,5.5534,21.92,49.9,3.39
Mumbai,2022,1,30,5.6054,21.91,54.42,2.5
Mumbai,2022,1,31,5.9021,21.91,50.88,2.64
Mumbai,2022,2,1,5.7017,22.19,51.89,2.89
Mumbai,2022,2,2,5.6052,22.61,57.04,2.43
Mumbai,2022,2,3,5.7998,21.65,75.37,2.47
Mumbai,2022,2,4,5.6774,21.7,67.61,1.81
Mumbai,2022,2,5,5.657,21.12,54.14,2.64
Mumbai,2022,2,6,5.4072,22.04,55.18,3.01
Mumbai,2022,2,7,5.3618,21.52,70.0,2.4
Mumbai,2022,2,8,5.5939,21.12,76.52,2.59
Mumbai,2022,2,9,5.6208,21.69,73.77,2.72
Mumbai,2022,2,10,5.7026,22.84,54.01,3.07
Mumbai,2022,2,11,5.6093,24.06,46.98,3.89
Mumbai,2022,2,12,5.4379,23.92,44.31,3.76
Mumbai,2022,2,13,5.4367,24.06,47.62,2.91
Mumbai,2022,2,14,5.9546,22.75,59.92,3.02
Mumbai,2022,2,15,5.8776,21.81,65.51,2.52
Mumbai,2022,2,16,6.0554,22.0,68.18,2.07
Mumbai,2022,2,17,6.2676,23.02,64.2,2.33
Mumbai,2022,2,18,6.1332,23.6,60.59,2.47
Mumbai,2022,2,19,5.8651,24.8,60.12,2.4
Mumbai,2022,2,20,6.1099,25.09,53.08,2.65
Mumbai,2022,2,21,6.3946,24.48,46.69,2.59
Mumbai,2022,2,22,6.2904,25.06,49.3,2.31
Mumbai,2022,2,23,6.1572,25.99,50.89,2.41
Mumbai,2022,2,24,5.8387,26.18,52.07,2.01
Mumbai,2022,2,25,5.9131,26.16,50.76,2.26
Mumbai,2022,2,26,5.803,26.11,49.22,2.77
Mumbai,2022,2,27,6.0598,25.93,46.02,2.95
Mumbai,2022,2,28,6.1546,26.29,37.08,3.06
Mumbai,2022,3,1,5.9405,27.09,36.97,3.16
Mumbai,2022,3,2,5.9158,27.82,36.04,3.51
Mumbai,2022,3,3,5.9676,28.44,32.24,4.53
Mumbai,2022,3,4,6.1742,28.43,31.08,4.43
Mumbai,2022,3,5,5.856,28.52,31.74,3.75
Mumbai,2022,3,6,5.6467,28.51,35.15,3.19
Mumbai,2022,3,7,5.347,28.98,37.29,3.27
Mumbai,2022,3,8,5.0122,30.09,40.64,3.08
Mumbai,2022,3,9,5.365,30.59,43.33,2.82
Mumbai,2022,3,10,5.159,29.74,38.59,3.47
Mumbai,2022,3,11,5.5994,29.76,39.37,2.59
Mumbai,2022,3,12,6.1702,30.09,40.86,3.12
Mumbai,2022,3,13,6.2165,30.02,32.93,3.68
Mumbai,2022,3,14,6.4956,30.49,24.32,3.86
Mumbai,2022,3,15,6.8078,30.71,33.22,3.43
Mumbai,2022,3,16,6.6576,31.03,34.0,3.51
Mumbai,2022,3,17,6.6343,31.45,32.54,3.36
Mumbai,2022,3,18,6.5722,30.82,39.2,3.15
Mumbai,2022,3,19,5.6042,29.82,55.26,2.89
Mumbai,2022,3,20,4.8934,29.01,56.27,2.55
Mumbai,2022,3,21,5.7746,29.54,54.65,3.12
Mumbai,2022,3,22,3.839,30.49,42.13,3.07
Mumbai,2022,3,23,4.8007,30.97,38.79,2.79
Mumbai,2022,3,24,3.4519,30.43,42.53,2.82
Mumbai,2022,3,25,5.3186,29.71,54.55,2.16
Mumbai,2022,3,26,5.3309,29.66,50.98,2.23
Mumbai,2022,3,27,6.2299,30.29,53.99,2.12
Mumbai,2022,3,28,6.2839,30.58,55.45,2.48
Mumbai,2022,3,29,6.8854,30.89,47.88,3.01
Mumbai,2022,3,30,7.3356,30.78,48.97,3.11
Mumbai,2022,3,31,7.4177,29.92,51.74,2.85
Mumbai,2022,4,1,7.3157,29.76,41.07,2.97
Mumbai,2022,4,2,6.9878,30.04,47.83,2.51
Mumbai,2022,4,3,6.6684,30.48,51.69,3.14
Mumbai,2022,4,4,6.2129,31.41,47.13,2.53
Mumbai,2022,4,5,6.151,31.25,57.87,2.87
Mumbai,2022,4,6,6.3826,31.59,58.25,2.79
Mumbai,2022,4,7,6.7087,31.99,53.12,3.36
Mumbai,2022,4,8,6.6782,31.91,50.55,2.81
Mumbai,2022,4,9,5.7494,31.23,59.55,3.02
Mumbai,2022,4,10,6.2095,30.79,59.2,2.4
Mumbai,2022,4,11,5.8548,31.63,50.07,2.39
Mumbai,2022,4,12,5.8586,32.37,42.96,2.53
Mumbai,2022,4,13,6.167,31.9,42.52,2.32
Mumbai,2022,4,14,6.2407,30.87,51.02,2.7
Mumbai,2022,4,15,7.093,30.45,56.52,2.68
Mumbai,2022,4,16,7.3879,30.24,55.78,2.51
Mumbai,2022,4,17,7.285,30.45,55.98,2.52
Mumbai,2022,4,18,7.182,30.9,54.88,2.71
Mumbai,2022,4,19,6.0682,30.13,58.33,2.76
Mumbai,2022,4,20,5.845,30.44,57.24,3.03
Mumbai,2022,4,21,6.1034,33.63,37.13,3.86
Mumbai,2022,4,22,6.486,34.12,39.62,3.33
Mumbai,2022,4,23,6.467,33.68,51.6,2.35
Mumbai,2022,4,24,5.1298,32.49,56.67,2.89
Mumbai,2022,4,25,7.1522,33.26,47.34,3.09
Mumbai,2022,4,26,7.0073,32.67,45.35,2.65
Mumbai,2022,4,27,7.2374,34.07,41.18,3.89
Mumbai,2022,4,28,6.9415,34.34,39.55,3.61
Mumbai,2022,4,29,6.9319,32.31,56.85,2.65
Mumbai,2022,4,30,7.6502,31.93,53.78,2.87
Mumbai,2022,5,1,7.566,31.19,61.94,2.93
Mumbai,2022,5,2,7.4957,30.74,64.58,2.76
Mumbai,2022,5,3,7.344,30.43,66.04,2.73
Mumbai,2022,5,4,7.3212,31.05,59.01,2.83
Mumbai,2022,5,5,7.2343,31.34,57.67,3.72
Mumbai,2022,5,6,7.1448,31.5,59.43,3.6
Mumbai,2022,5,7,6.9072,31.72,60.29,3.93
Mumbai,2022,5,8,6.8698,31.98,60.13,3.34
Mumbai,2022,5,9,5.1898,32.15,59.93,4.38
Mumbai,2022,5,10,5.5668,31.48,62.65,4.78
Mumbai,2022,5,11,4.8271,31.55,64.26,4.3
Mumbai,2022,5,12,4.4638,31.58,64.53,4.69
Mumbai,2022,5,13,6.3338,31.42,62.99,4.79
Mumbai,2022,5,14,6.493,31.39,62.45,4.86
Mumbai,2022,5,15,6.937,31.57,60.42,4.48
Mumbai,2022,5,16,6.883,31.8,61.34,3.99
Mumbai,2022,5,17,6.0413,31.46,61.59,3.93
Mumbai,2022,5,18,6.1805,31.35,61.28,3.8
Mumbai,2022,5,19,5.6494,31.18,59.54,3.36
Mumbai,2022,5,20,4.4868,30.86,62.3,4.27
Mumbai,2022,5,21,6.3898,30.49,64.67,5.65
Mumbai,2022,5,22,6.9226,30.44,65.44,6.13
Mumbai,2022,5,23,6.8078,30.85,66.47,5.78
Mumbai,2022,5,24,6.6703,30.77,66.9,4.82
Mumbai,2022,5,25,6.9919,30.5,63.9,3.71
Mumbai,2022,5,26,7.2427,30.53,59.8,3.97
Mumbai,2022,5,27,7.3423,31.25,57.55,4.76
Mumbai,2022,5,28,7.2031,31.32,58.19,4.94
Mumbai,2022,5,29,6.787,30.86,60.54,4.96
Mumbai,2022,5,30,6.8671,30.93,60.97,4.58
Mumbai,2022,5,31,6.8911,30.9,59.31,4.6
Mumbai,2022,6,1,5.1389,30.76,61.91,4.12
Mumbai,2022,6,2,6.2062,30.98,60.14,4.34
Mumbai,2022,6,3,6.6533,30.87,62.25,4.51
Mumbai,2022,6,4,6.6886,30.99,61.11,4.22
Mumbai,2022,6,5,6.5419,31.0,60.92,3.67
Mumbai,2022,6,6,6.0617,31.06,60.3,3.87
Mumbai,2022,6,7,5.6573,30.48,64.42,4.05
Mumbai,2022,6,8,6.3485,30.34,68.62,4.06
Mumbai,2022,6,9,5.9645,30.24,70.23,3.65
Mumbai,2022,6,10,5.1307,29.33,75.9,3.27
Mumbai,2022,6,11,2.496,27.84,83.6,4.4
Mumbai,2022,6,12,3.7814,28.33,77.7,4.66
Mumbai,2022,6,13,6.2376,29.16,74.91,4.85
Mumbai,2022,6,14,6.7073,29.41,73.74,4.86
Mumbai,2022,6,15,6.2866,29.06,77.59,4.59
Mumbai,2022,6,16,6.1114,29.08,77.28,4.28
Mumbai,2022,6,17,5.0515,28.35,81.25,3.81
Mumbai,2022,6,18,4.6673,28.68,77.67,4.72
Mumbai,2022,6,19,3.2285,28.68,81.66,5.65
Mumbai,2022,6,20,1.3248,28.24,82.69,5.72
Mumbai,2022,6,21,1.6008,27.9,84.32,5.42
Mumbai,2022,6,22,4.5372,27.52,86.91,2.72
Mumbai,2022,6,23,5.7948,27.72,80.51,2.62
Mumbai,2022,6,24,4.1227,26.87,87.58,2.79
Mumbai,2022,6,25,4.5295,26.86,88.22,4.02
Mumbai,2022,6,26,3.528,27.11,88.07,3.73
Mumbai,2022,6,27,3.2148,27.15,88.01,5.58
Mumbai,2022,6,28,2.6138,27.7,85.27,4.79
Mumbai,2022,6,29,4.6985,27.8,87.56,5.11
Mumbai,2022,6,30,1.5953,27.27,88.66,5.46
Mumbai,2022,7,1,1.8353,27.13,89.84,4.93
Mumbai,2022,7,2,5.6597,27.47,86.86,5.97
Mumbai,2022,7,3,6.2546,27.41,86.22,6.44
Mumbai,2022,7,4,4.2886,26.89,89.93,6.42
Mumbai,2022,7,5,1.3253,26.48,90.69,6.04
Mumbai,2022,7,6,2.4744,26.8,90.02,6.17
Mumbai,2022,7,7,2.1096,26.53,90.45,6.26
Mumbai,2022,7,8,2.9947,26.34,91.81,6.47
Mumbai,2022,7,9,2.3191,26.34,91.43,6.49
Mumbai,2022,7,10,3.7483,25.82,93.19,6.17
Mumbai,2022,7,11,2.1725,25.85,93.53,6.71
Mumbai,2022,7,12,2.5145,25.62,93.02,6.95
Mumbai,2022,7,13,1.0507,25.67,93.37,7.34
Mumbai,2022,7,14,2.2555,25.48,94.02,7.19
Mumbai,2022,7,15,3.5338,25.9,91.81,7.26
Mumbai,2022,7,16,3.8712,26.4,91.31,7.44
Mumbai,2022,7,17,5.3911,26.57,90.85,5.85
Mumbai,2022,7,18,3.4051,25.68,92.51,4.46
Mumbai,2022,7,19,5.8615,26.24,90.9,5.37
Mumbai,2022,7,20,5.3038,26.26,89.77,5.27
Mumbai,2022,7,21,4.6867,26.26,89.85,4.63
Mumbai,2022,7,22,5.2094,26.22,89.48,4.08
Mumbai,2022,7,23,4.8187,26.09,91.03,5.0
Mumbai,2022,7,24,3.9797,26.13,90.7,5.38
Mumbai,2022,7,25,5.5858,26.1,89.2,4.79
Mumbai,2022,7,26,4.157,26.25,88.74,3.73
Mumbai,2022,7,27,3.1675,26.21,89.38,2.46
Mumbai,2022,7,28,6.0564,26.63,88.77,2.12
Mumbai,2022,7,29,5.3496,26.65,89.76,2.55
Mumbai,2022,7,30,6.2537,26.76,88.82,2.57
Mumbai,2022,7,31,6.6439,26.8,88.01,3.04
Mumbai,2022,8,1,6.1387,27.03,86.25,3.45
Mumbai,2022,8,2,4.8797,26.58,89.38,3.41
Mumbai,2022,8,3,3.6348,26.63,90.06,3.35
Mumbai,2022,8,4,4.9858,26.5,90.79,2.44
Mumbai,2022,8,5,3.6746,26.64,90.78,3.43
Mumbai,2022,8,6,4.4038,26.63,90.06,4.83
Mumbai,2022,8,7,2.2834,26.32,92.71,3.94
Mumbai,2022,8,8,1.1654,26.27,93.49,6.25
Mumbai,2022,8,9,2.6275,25.74,93.27,8.53
Mumbai,2022,8,10,3.5705,26.01,92.37,8.83
Mumbai,2022,8,11,4.421,25.82,91.06,9.7
Mumbai,2022,8,12,4.391,26.11,90.03,8.83
Mumbai,2022,8,13,4.7868,26.06,89.71,6.92
Mumbai,2022,8,14,4.9433,25.89,89.21,6.61
Mumbai,2022,8,15,3.6041,25.24,92.04,5.81
Mumbai,2022,8,16,2.8574,25.29,91.8,6.65
Mumbai,2022,8,17,4.3668,25.86,90.81,6.85
Mumbai,2022,8,18,5.0599,25.91,90.61,5.3
Mumbai,2022,8,19,4.8319,25.97,90.66,5.06
Mumbai,2022,8,20,4.4258,25.95,90.22,5.0
Mumbai,2022,8,21,4.0094,25.55,90.88,4.7
Mumbai,2022,8,22,3.6926,25.77,90.81,5.62
Mumbai,2022,8,23,3.8522,26.15,90.83,5.81
Mumbai,2022,8,24,4.0529,26.1,89.84,4.87
Mumbai,2022,8,25,5.034,25.9,89.34,3.85
Mumbai,2022,8,26,6.1963,25.72,88.57,2.82
Mumbai,2022,8,27,6.2484,25.88,86.9,2.5
Mumbai,2022,8,28,6.0034,25.74,88.09,2.32
Mumbai,2022,8,29,5.2075,26.2,86.31,2.26
Mumbai,2022,8,30,4.6126,26.28,87.97,2.66
Mumbai,2022,8,31,5.628,26.91,90.17,2.86
Mumbai,2022,9,1,4.7866,26.45,92.6,2.98
Mumbai,2022,9,2,5.7432,27.25,89.86,1.91
Mumbai,2022,9,3,5.9815,27.71,88.27,2.41
Mumbai,2022,9,4,3.8309,26.81,91.41,2.33
Mumbai,2022,9,5,5.7859,26.52,89.75,2.62
Mumbai,2022,9,6,5.3388,26.48,89.04,2.22
Mumbai,2022,9,7,4.5576,26.59,89.75,3.02
Mumbai,2022,9,8,4.1419,27.61,87.4,2.01
Mumbai,2022,9,9,5.141,28.05,87.22,2.04
Mumbai,2022,9,10,5.5169,27.36,88.48,1.69
Mumbai,2022,9,11,4.626,26.92,91.65,3.71
Mumbai,2022,9,12,3.5134,25.74,93.33,3.81
Mumbai,2022,9,13,1.5814,26.11,91.93,5.01
Mumbai,2022,9,14,4.4738,26.25,91.35,6.05
Mumbai,2022,9,15,4.1796,26.61,91.66,6.9
Mumbai,2022,9,16,1.9102,26.2,94.07,4.81
Mumbai,2022,9,17,5.3071,26.35,90.95,4.57
Mumbai,2022,9,18,2.9395,25.86,88.84,3.06
Mumbai,2022,9,19,3.5798,25.67,87.09,3.29
Mumbai,2022,9,20,3.3917,25.23,88.87,3.21
Mumbai,2022,9,21,2.4022,25.02,89.68,3.27
Mumbai,2022,9,22,2.8198,24.93,89.49,2.84
Mumbai,2022,9,23,5.0693,24.83,92.24,3.15
Mumbai,2022,9,24,5.0551,25.36,90.48,2.93
Mumbai,2022,9,25,5.2457,25.53,89.59,2.63
Mumbai,2022,9,26,5.5106,25.63,87.47,2.3
Mumbai,2022,9,27,5.3064,25.24,88.02,2.37
Mumbai,2022,9,28,5.3054,25.37,90.34,2.89
Mumbai,2022,9,29,3.3535,25.74,89.79,2.97
Mumbai,2022,9,30,4.5782,26.45,89.73,2.79
Mumbai,2022,10,1,5.1821,26.27,89.43,2.84
Mumbai,2022,10,2,5.8937,25.69,88.86,2.59
Mumbai,2022,10,3,6.0055,25.6,86.64,2.65
Mumbai,2022,10,4,5.6688,26.0,87.88,2.86
Mumbai,2022,10,5,4.9022,26.39,87.09,3.27
Mumbai,2022,10,6,3.173,25.34,89.29,2.75
Mumbai,2022,10,7,1.548,25.62,92.95,4.57
Mumbai,2022,10,8,3.1975,25.48,92.31,3.31
Mumbai,2022,10,9,6.055,26.17,87.78,2.75
Mumbai,2022,10,10,5.2397,26.45,86.88,1.95
Mumbai,2022,10,11,5.1643,26.43,89.19,1.97
Mumbai,2022,10,12,4.9411,26.3,91.07,2.1
Mumbai,2022,10,13,3.7618,25.84,86.62,3.21
Mumbai,2022,10,14,4.8739,26.43,86.42,2.74
Mumbai,2022,10,15,5.1619,25.98,83.23,3.48
Mumbai,2022,10,16,5.5222,25.71,79.8,3.67
Mumbai,2022,10,17,5.1264,27.15,87.36,2.59
Mumbai,2022,10,18,4.3992,26.12,89.27,1.58
Mumbai,2022,10,19,5.0597,26.61,86.83,1.9
Mumbai,2022,10,20,5.5298,26.62,83.33,2.18
Mumbai,2022,10,21,5.2874,27.04,84.86,3.06
Mumbai,2022,10,22,5.5673,25.68,80.62,3.84
Mumbai,2022,10,23,5.8238,23.69,73.62,3.99
Mumbai,2022,10,24,5.8282,23.86,70.77,2.7
Mumbai,2022,10,25,5.821,23.93,68.13,2.25
Mumbai,2022,10,26,5.7326,23.73,71.45,2.84
Mumbai,2022,10,27,5.5882,23.8,71.25,3.06
Mumbai,2022,10,28,5.4588,23.39,71.09,3.45
Mumbai,2022,10,29,5.6285,23.02,70.61,4.11
Mumbai,2022,10,30,5.8404,23.43,73.53,4.02
Mumbai,2022,10,31,5.345,23.84,73.71,3.65
Mumbai,2022,11,1,5.2517,23.16,73.36,3.69
Mumbai,2022,11,2,5.0208,23.33,74.5,3.61
Mumbai,2022,11,3,5.4706,23.42,72.35,4.14
Mumbai,2022,11,4,5.4521,23.32,70.4,3.89
Mumbai,2022,11,5,5.2963,23.81,65.34,4.05
Mumbai,2022,11,6,5.2152,24.19,64.19,3.77
Mumbai,2022,11,7,5.0074,24.29,67.23,2.91
Mumbai,2022,11,8,4.987,24.52,72.17,2.61
Mumbai,2022,11,9,4.6399,24.71,70.99,2.24
Mumbai,2022,11,10,5.1046,23.74,74.49,3.78
Mumbai,2022,11,11,4.9466,23.31,76.4,4.14
Mumbai,2022,11,12,4.8641,23.67,77.02,4.2
Mumbai,2022,11,13,4.8718,23.47,75.02,3.85
Mumbai,2022,11,14,4.5967,23.84,75.93,2.91
Mumbai,2022,11,15,4.6003,23.7,74.1,2.84
Mumbai,2022,11,16,4.951,22.94,73.12,2.98
Mumbai,2022,11,17,4.8994,22.3,72.28,3.85
Mumbai,2022,11,18,5.0959,21.78,70.73,4.06
Mumbai,2022,11,19,4.8005,21.74,70.07,4.3
Mumbai,2022,11,20,5.1986,20.25,68.97,4.2
Mumbai,2022,11,21,5.1384,20.47,66.35,3.57
Mumbai,2022,11,22,4.699,21.81,70.34,3.25
Mumbai,2022,11,23,4.5322,23.24,73.28,3.25
Mumbai,2022,11,24,4.5012,23.4,72.95,3.2
Mumbai,2022,11,25,3.9084,24.42,77.58,3.24
Mumbai,2022,11,26,3.8261,24.65,78.95,2.74
Mumbai,2022,11,27,4.2967,24.02,78.18,2.67
Mumbai,2022,11,28,4.7558,23.55,72.9,2.24
Mumbai,2022,11,29,4.763,22.78,68.11,2.56
Mumbai,2022,11,30,4.2542,23.2,72.18,3.14
Mumbai,2022,12,1,4.7909,22.89,65.19,3.32
Mumbai,2022,12,2,4.5871,22.96,64.95,2.91
Mumbai,2022,12,3,4.1719,24.24,69.27,2.49
Mumbai,2022,12,4,3.5573,25.5,77.46,2.33
Mumbai,2022,12,5,3.8263,25.81,77.54,2.3
Mumbai,2022,12,6,3.8383,24.84,75.12,2.87
Mumbai,2022,12,7,3.8959,24.1,73.83,3.18
Mumbai,2022,12,8,3.7114,22.06,68.79,3.93
Mumbai,2022,12,9,4.8876,20.37,64.82,4.12
Mumbai,2022,12,10,5.1038,21.19,65.05,3.37
Mumbai,2022,12,11,4.6637,23.98,77.25,2.92
Mumbai,2022,12,12,3.8897,25.69,78.62,2.66
Mumbai,2022,12,13,3.9982,26.21,77.97,2.94
Mumbai,2022,12,14,3.6334,24.88,82.69,3.22
Mumbai,2022,12,15,3.6221,25.27,80.7,2.85
Mumbai,2022,12,16,4.6855,26.2,76.92,2.93
Mumbai,2022,12,17,4.3582,26.32,73.85,2.97
Mumbai,2022,12,18,4.2396,25.77,71.8,3.27
Mumbai,2022,12,19,4.8994,24.42,63.93,3.41
Mumbai,2022,12,20,4.9039,23.82,60.95,3.34
Mumbai,2022,12,21,4.5874,23.84,62.99,3.34
Mumbai,2022,12,22,4.4366,23.93,64.21,2.81
Mumbai,2022,12,23,4.6872,22.57,64.57,2.82
Mumbai,2022,12,24,5.0326,21.04,57.21,2.76
Mumbai,2022,12,25,4.7623,20.7,59.94,2.17
Mumbai,2022,12,26,4.6387,21.98,70.31,2.22
Mumbai,2022,12,27,4.7059,23.67,69.43,2.8
Mumbai,2022,12,28,4.7534,24.05,58.48,2.71
Mumbai,2022,12,29,4.8072,23.72,57.39,2.48
Mumbai,2022,12,30,4.6814,23.19,59.22,2.81
Mumbai,2022,12,31,4.8218,22.37,58.99,3.2
Mumbai,2023,1,1,5.022,21.71,58.82,2.82
Mumbai,2023,1,2,4.9126,22.37,61.81,3.26
Mumbai,2023,1,3,4.7527,22.26,59.42,3.41
Mumbai,2023,1,4,4.4743,22.41,60.06,3.04
Mumbai,2023,1,5,3.7906,23.5,67.65,3.98
Mumbai,2023,1,6,4.489,24.58,68.62,3.9
Mumbai,2023,1,7,3.3336,24.68,65.82,3.56
Mumbai,2023,1,8,3.9209,23.39,59.31,3.53
Mumbai,2023,1,9,4.8756,22.02,47.87,3.69
Mumbai,2023,1,10,5.2042,22.6,43.96,3.34
Mumbai,2023,1,11,5.0189,22.18,49.22,3.18
Mumbai,2023,1,12,5.2447,21.14,50.19,2.65
Mumbai,2023,1,13,4.9123,20.43,70.41,2.74
Mumbai,2023,1,14,5.1866,19.58,57.29,2.94
Mumbai,2023,1,15,5.1828,19.92,53.69,2.69
Mumbai,2023,1,16,5.281,20.62,52.86,2.28
Mumbai,2023,1,17,5.3412,20.51,52.31,2.34
Mumbai,2023,1,18,5.513,21.96,51.62,2.57
Mumbai,2023,1,19,5.3177,22.82,52.91,2.94
Mumbai,2023,1,20,5.2318,23.03,55.57,2.06
Mumbai,2023,1,21,5.0933,22.08,61.8,2.4
Mumbai,2023,1,22,4.9464,20.79,59.27,2.7
Mumbai,2023,1,23,4.7726,20.24,55.66,3.01
Mumbai,2023,1,24,4.0937,19.56,58.97,2.82
Mumbai,2023,1,25,4.7434,20.0,53.08,3.38
Mumbai,2023,1,26,4.8221,21.83,56.78,2.93
Mumbai,2023,1,27,4.5554,25.15,60.04,3.24
Mumbai,2023,1,28,5.1866,24.97,58.91,3.85
Mumbai,2023,1,29,3.929,23.98,79.7,2.06
Mumbai,2023,1,30,4.5761,23.32,73.76,2.58
Mumbai,2023,1,31,4.487,24.44,56.37,3.66
Mumbai,2023,2,1,4.0632,25.45,54.2,4.37
Mumbai,2023,2,2,4.3498,25.3,51.16,4.19
Mumbai,2023,2,3,5.053,24.33,42.21,3.74
Mumbai,2023,2,4,5.4701,24.42,41.77,3.0
Mumbai,2023,2,5,5.6496,24.39,40.27,3.16
Mumbai,2023,2,6,5.7852,23.83,38.86,3.14
Mumbai,2023,2,7,5.8644,23.56,44.8,3.3
Mumbai,2023,2,8,5.6614,24.91,41.16,3.26
Mumbai,2023,2,9,5.8562,25.9,34.55,3.73
Mumbai,2023,2,10,6.0965,25.86,36.02,3.17
Mumbai,2023,2,11,6.1817,25.24,33.81,3.4
Mumbai,2023,2,12,6.2011,26.34,30.28,4.19
Mumbai,2023,2,13,6.1397,26.4,31.1,4.31
Mumbai,2023,2,14,6.2918,26.53,26.8,4.07
Mumbai,2023,2,15,6.371,26.88,26.95,3.54
Mumbai,2023,2,16,6.4205,27.73,26.54,4.11
Mumbai,2023,2,17,6.4138,28.16,26.14,4.1
Mumbai,2023,2,18,6.5306,28.17,27.61,3.92
Mumbai,2023,2,19,6.515,28.19,28.08,3.68
Mumbai,2023,2,20,6.3713,27.13,29.22,2.87
Mumbai,2023,2,21,6.3586,26.74,30.0,3.14
Mumbai,2023,2,22,6.0317,26.76,32.41,3.26
Mumbai,2023,2,23,6.2767,27.61,27.93,3.19
Mumbai,2023,2,24,6.2426,28.38,24.65,3.53
Mumbai,2023,2,25,6.1306,28.21,24.79,3.45
Mumbai,2023,2,26,6.167,28.29,21.77,3.8
Mumbai,2023,2,27,6.1627,28.1,21.92,3.62
Mumbai,2023,2,28,6.1111,28.02,25.94,3.13
Mumbai,2023,3,1,6.1613,28.53,28.07,2.74
Mumbai,2023,3,2,5.825,29.63,29.48,2.94
Mumbai,2023,3,3,5.556,30.26,31.1,2.63
Mumbai,2023,3,4,5.1336,30.39,33.89,2.68
Mumbai,2023,3,5,4.9186,30.13,36.74,2.63
Mumbai,2023,3,6,5.167,30.05,37.3,2.97
Mumbai,2023,3,7,4.0858,29.31,34.9,3.51
Mumbai,2023,3,8,5.7266,29.41,33.52,3.1
Mumbai,2023,3,9,5.8346,29.78,28.94,4.03
Mumbai,2023,3,10,5.9954,29.38,23.9,4.12
Mumbai,2023,3,11,5.76,30.16,24.43,3.44
Mumbai,2023,3,12,5.4353,31.17,30.49,2.86
Mumbai,2023,3,13,5.2452,30.93,30.16,3.13
Mumbai,2023,3,14,5.5819,30.79,29.83,2.57
Mumbai,2023,3,15,3.9314,30.23,34.95,2.45
Mumbai,2023,3,16,4.9183,28.38,47.94,2.38
Mumbai,2023,3,17,5.7413,28.37,54.07,2.85
Mumbai,2023,3,18,6.4342,27.81,51.64,2.75
Mumbai,2023,3,19,6.749,26.5,56.7,2.79
Mumbai,2023,3,20,6.9574,26.23,59.62,3.24
Mumbai,2023,3,21,5.9875,26.27,60.63,2.62
Mumbai,2023,3,22,7.026,26.16,60.69,2.87
Mumbai,2023,3,23,6.7975,26.17,61.6,3.27
Mumbai,2023,3,24,7.1582,26.68,60.3,3.52
Mumbai,2023,3,25,7.488,25.49,51.93,3.26
Mumbai,2023,3,26,7.1849,25.57,52.78,3.34
Mumbai,2023,3,27,7.1974,26.34,59.53,2.95
Mumbai,2023,3,28,7.1448,27.29,59.21,2.75
Mumbai,2023,3,29,7.1743,27.24,58.03,2.82
Mumbai,2023,3,30,7.0584,27.15,58.84,2.56
Mumbai,2023,3,31,6.9235,27.04,57.27,3.37
Mumbai,2023,4,1,7.6298,27.44,51.68,3.37
Mumbai,2023,4,2,7.3308,27.5,57.81,3.12
Mumbai,2023,4,3,7.3339,27.73,55.57,2.88
Mumbai,2023,4,4,7.2511,28.62,54.91,2.89
Mumbai,2023,4,5,7.1314,29.25,50.43,2.99
Mumbai,2023,4,6,6.911,30.05,48.92,3.58
Mumbai,2023,4,7,5.5598,31.86,35.04,3.13
Mumbai,2023,4,8,5.3105,32.67,35.68,3.05
Mumbai,2023,4,9,6.6089,32.36,38.74,2.84
Mumbai,2023,4,10,6.643,33.21,38.7,3.23
Mumbai,2023,4,11,6.7061,32.95,44.8,2.74
Mumbai,2023,4,12,6.7694,33.5,41.25,3.43
Mumbai,2023,4,13,4.158,34.17,35.01,3.4
Mumbai,2023,4,14,4.9044,31.44,45.28,2.34
Mumbai,2023,4,15,7.0843,31.65,44.99,2.61
Mumbai,2023,4,16,7.0351,31.59,43.45,2.63
Mumbai,2023,4,17,6.6946,31.14,43.44,2.95
Mumbai,2023,4,18,6.6034,32.98,39.31,3.56
Mumbai,2023,4,19,6.5033,33.59,35.5,3.64
Mumbai,2023,4,20,6.341,31.4,47.0,3.3
Mumbai,2023,4,21,7.5158,29.66,54.63,3.22
Mumbai,2023,4,22,7.4813,28.93,58.87,3.18
Mumbai,2023,4,23,7.4321,29.47,57.48,3.49
Mumbai,2023,4,24,7.2761,30.57,49.32,2.85
Mumbai,2023,4,25,7.2254,31.69,35.23,3.18
Mumbai,2023,4,26,6.3996,29.1,59.91,3.21
Mumbai,2023,4,27,6.7668,29.79,55.27,2.49
Mumbai,2023,4,28,6.7608,30.01,55.49,2.84
Mumbai,2023,4,29,7.2917,29.62,53.03,2.73
Mumbai,2023,4,30,7.2394,28.91,55.36,3.18
Mumbai,2023,5,1,6.6259,29.29,49.19,2.97
Mumbai,2023,5,2,7.4182,29.38,56.53,2.58
Mumbai,2023,5,3,7.3742,29.62,57.88,3.23
Mumbai,2023,5,4,7.2773,29.91,54.34,2.84
Mumbai,2023,5,5,7.531,30.04,55.04,2.92
Mumbai,2023,5,6,7.2091,30.51,56.88,3.42
Mumbai,2023,5,7,6.0509,30.57,58.97,3.2
Mumbai,2023,5,8,5.4055,31.35,58.26,3.25
Mumbai,2023,5,9,4.5197,32.44,54.97,3.09
Mumbai,2023,5,10,6.468,33.14,53.35,3.06
Mumbai,2023,5,11,6.5482,33.0,55.3,2.59
Mumbai,2023,5,12,7.2446,32.45,60.04,2.93
Mumbai,2023,5,13,7.3937,32.42,60.07,3.25
Mumbai,2023,5,14,7.6716,31.72,57.72,3.38
Mumbai,2023,5,15,7.4813,31.18,61.62,3.47
Mumbai,2023,5,16,7.4772,31.02,65.04,3.63
Mumbai,2023,5,17,7.6855,31.6,60.33,3.64
Mumbai,2023,5,18,7.638,31.76,58.1,3.39
Mumbai,2023,5,19,7.626,31.92,57.49,3.23
Mumbai,2023,5,20,7.4839,31.27,62.41,3.07
Mumbai,2023,5,21,7.2996,31.34,60.68,3.24
Mumbai,2023,5,22,7.2492,31.53,56.71,3.28
Mumbai,2023,5,23,7.3219,31.64,54.86,3.23
Mumbai,2023,5,24,7.2257,31.24,56.89,3.56
Mumbai,2023,5,25,7.2446,30.8,59.97,4.04
Mumbai,2023,5,26,7.0553,30.95,60.81,4.29
Mumbai,2023,5,27,7.0954,30.62,59.99,4.23
Mumbai,2023,5,28,7.4304,31.19,61.24,3.88
Mumbai,2023,5,29,7.3913,31.68,61.37,3.53
Mumbai,2023,5,30,7.1429,32.15,57.32,3.31
Mumbai,2023,5,31,7.3229,32.29,57.47,2.87
Mumbai,2023,6,1,7.4124,31.81,58.43,3.42
Mumbai,2023,6,2,7.2406,30.79,63.41,3.74
Mumbai,2023,6,3,7.2391,30.26,68.69,3.25
Mumbai,2023,6,4,6.5964,30.3,70.22,2.98
Mumbai,2023,6,5,6.9065,29.85,71.39,2.86
Mumbai,2023,6,6,7.1057,30.8,67.22,3.07
Mumbai,2023,6,7,7.4086,30.67,67.33,3.06
Mumbai,2023,6,8,7.1702,31.32,66.31,2.78
Mumbai,2023,6,9,6.9336,30.84,70.11,3.95
Mumbai,2023,6,10,7.1146,30.89,70.06,5.91
Mumbai,2023,6,11,5.765,31.08,65.9,7.59
Mumbai,2023,6,12,5.9561,31.06,65.33,8.72
Mumbai,2023,6,13,5.7149,30.41,68.85,7.81
Mumbai,2023,6,14,6.055,30.44,69.54,7.86
Mumbai,2023,6,15,6.2479,30.3,71.44,7.96
Mumbai,2023,6,16,5.0498,30.27,73.47,8.69
Mumbai,2023,6,17,5.5538,29.98,74.15,7.17
Mumbai,2023,6,18,5.7293,29.82,74.36,5.59
Mumbai,2023,6,19,5.7019,29.93,73.52,4.66
Mumbai,2023,6,20,5.6942,30.1,73.31,4.55
Mumbai,2023,6,21,5.929,29.99,72.87,4.09
Mumbai,2023,6,22,6.641,29.93,73.01,3.95
Mumbai,2023,6,23,6.3065,29.89,72.31,3.94
Mumbai,2023,6,24,3.2304,28.09,84.46,3.77
Mumbai,2023,6,25,2.9177,27.97,84.09,3.09
Mumbai,2023,6,26,3.3653,27.25,84.99,3.76
Mumbai,2023,6,27,2.8615,26.25,87.71,3.27
Mumbai,2023,6,28,0.9149,27.11,87.84,6.17
Mumbai,2023,6,29,2.6479,26.83,84.97,5.91
Mumbai,2023,6,30,2.6246,26.79,90.88,6.1
Mumbai,2023,7,1,2.1641,27.0,89.98,6.09
Mumbai,2023,7,2,4.1825,27.56,88.65,5.68
Mumbai,2023,7,3,4.9651,27.63,89.9,4.89
Mumbai,2023,7,4,1.8384,27.26,91.89,4.14
Mumbai,2023,7,5,2.3945,27.05,90.24,4.21
Mumbai,2023,7,6,3.0665,26.59,91.41,4.3
Mumbai,2023,7,7,3.1466,27.11,93.43,6.76
Mumbai,2023,7,8,5.5337,27.09,89.74,7.02
Mumbai,2023,7,9,5.0875,26.84,89.38,6.38
Mumbai,2023,7,10,5.2937,26.98,88.89,5.13
Mumbai,2023,7,11,4.1141,26.95,88.96,4.51
Mumbai,2023,7,12,3.2182,27.05,89.6,3.67
Mumbai,2023,7,13,4.5554,27.02,89.12,3.65
Mumbai,2023,7,14,1.5271,27.05,90.31,4.31
Mumbai,2023,7,15,5.6474,27.03,89.76,4.78
Mumbai,2023,7,16,5.3179,26.84,91.59,4.68
Mumbai,2023,7,17,1.6764,26.91,90.12,5.42
Mumbai,2023,7,18,1.735,26.62,92.45,6.63
Mumbai,2023,7,19,0.8602,26.36,92.73,6.88
Mumbai,2023,7,20,4.1695,26.23,92.97,6.94
Mumbai,2023,7,21,0.9434,25.9,93.01,5.6
Mumbai,2023,7,22,2.105,25.89,93.97,5.88
Mumbai,2023,7,23,3.3994,26.51,92.77,6.75
Mumbai,2023,7,24,4.0594,26.58,92.2,6.44
Mumbai,2023,7,25,1.9656,26.07,93.85,5.22
Mumbai,2023,7,26,1.0056,26.16,93.55,5.63
Mumbai,2023,7,27,1.0615,26.18,93.2,6.17
Mumbai,2023,7,28,2.4979,26.27,92.03,6.07
Mumbai,2023,7,29,4.4712,26.31,90.8,5.9
Mumbai,2023,7,30,5.4338,26.2,91.69,5.73
Mumbai,2023,7,31,3.6022,26.45,91.64,6.09
Mumbai,2023,8,1,4.1256,26.35,91.56,6.37
Mumbai,2023,8,2,3.8873,26.03,91.66,6.04
Mumbai,2023,8,3,3.2273,26.02,90.48,5.82
Mumbai,2023,8,4,3.5998,26.36,90.24,6.15
Mumbai,2023,8,5,4.5902,26.13,90.23,5.5
Mumbai,2023,8,6,4.9416,26.06,89.87,5.72
Mumbai,2023,8,7,4.0325,25.96,89.58,5.57
Mumbai,2023,8,8,4.5324,26.17,89.06,5.42
Mumbai,2023,8,9,4.4647,26.12,90.39,4.37
Mumbai,2023,8,10,5.7048,26.0,90.12,4.03
Mumbai,2023,8,11,5.6736,26.32,87.94,3.95
Mumbai,2023,8,12,5.2354,26.13,87.7,4.32
Mumbai,2023,8,13,5.5066,25.74,89.2,4.56
Mumbai,2023,8,14,5.4259,25.92,88.41,4.58
Mumbai,2023,8,15,4.5415,26.09,87.29,4.27
Mumbai,2023,8,16,5.935,26.13,87.73,3.86
Mumbai,2023,8,17,5.5457,26.2,87.82,3.97
Mumbai,2023,8,18,4.1719,26.09,88.29,4.17
Mumbai,2023,8,19,3.8914,26.44,88.07,4.59
Mumbai,2023,8,20,5.5246,26.32,88.64,4.53
Mumbai,2023,8,21,4.9366,26.13,87.58,3.74
Mumbai,2023,8,22,5.333,26.19,88.66,3.76
Mumbai,2023,8,23,5.7886,26.32,89.56,3.84
Mumbai,2023,8,24,5.8726,26.7,89.74,4.37
Mumbai,2023,8,25,5.0726,26.95,89.63,4.55
Mumbai,2023,8,26,4.9452,26.81,89.06,4.69
Mumbai,2023,8,27,5.585,26.79,88.54,4.35
Mumbai,2023,8,28,5.909,26.22,90.29,3.48
Mumbai,2023,8,29,6.5122,26.37,87.35,2.83
Mumbai,2023,8,30,6.6924,26.58,85.33,2.16
Mumbai,2023,8,31,6.629,26.63,86.41,2.25
Mumbai,2023,9,1,5.8202,26.94,87.1,2.43
Mumbai,2023,9,2,3.8424,25.86,90.45,2.87
Mumbai,2023,9,3,1.8586,26.19,87.68,2.85
Mumbai,2023,9,4,5.9026,26.06,87.53,3.21
Mumbai,2023,9,5,6.4003,26.16,86.33,2.97
Mumbai,2023,9,6,6.2018,26.25,88.92,3.69
Mumbai,2023,9,7,1.6442,25.75,92.71,4.84
Mumbai,2023,9,8,1.333,26.26,92.93,5.44
Mumbai,2023,9,9,4.9006,26.76,91.55,4.66
Mumbai,2023,9,10,5.0611,27.02,90.72,3.98
Mumbai,2023,9,11,6.2004,26.87,89.74,4.28
Mumbai,2023,9,12,5.8003,26.54,88.44,3.51
Mumbai,2023,9,13,5.7012,26.31,88.64,3.54
Mumbai,2023,9,14,5.8817,26.48,87.4,2.63
Mumbai,2023,9,15,5.8344,26.66,88.49,2.71
Mumbai,2023,9,16,3.4308,26.63,91.14,4.01
Mumbai,2023,9,17,4.7222,27.13,89.42,4.93
Mumbai,2023,9,18,5.0134,27.14,89.08,5.37
Mumbai,2023,9,19,5.3772,27.13,88.69,5.05
Mumbai,2023,9,20,4.417,27.19,90.8,4.59
Mumbai,2023,9,21,4.0541,26.93,92.2,2.91
Mumbai,2023,9,22,2.2058,26.7,91.06,2.32
Mumbai,2023,9,23,1.9106,26.13,93.22,2.54
Mumbai,2023,9,24,2.7307,25.92,91.28,2.63
Mumbai,2023,9,25,3.528,26.02,91.69,2.75
Mumbai,2023,9,26,5.2939,26.09,91.69,2.34
Mumbai,2023,9,27,2.7178,26.76,91.89,3.05
Mumbai,2023,9,28,3.0754,27.18,90.49,2.82
Mumbai,2023,9,29,4.0858,27.71,86.97,2.87
Mumbai,2023,9,30,3.2242,27.24,90.18,3.1
Mumbai,2023,10,1,1.187,26.72,92.56,3.25
Mumbai,2023,10,2,4.3838,26.33,88.89,2.64
Mumbai,2023,10,3,5.6357,26.24,85.85,2.0
Mumbai,2023,10,4,5.6148,26.26,86.57,2.06
Mumbai,2023,10,5,5.7425,25.82,87.03,2.34
Mumbai,2023,10,6,5.8711,26.09,85.84,2.11
Mumbai,2023,10,7,5.7881,26.49,86.21,2.29
Mumbai,2023,10,8,5.143,27.15,83.12,2.28
Mumbai,2023,10,9,5.4922,26.84,82.8,2.56
Mumbai,2023,10,10,5.6554,25.99,83.43,2.97
Mumbai,2023,10,11,5.4149,26.17,81.64,2.46
Mumbai,2023,10,12,5.2452,27.44,77.74,2.29
Mumbai,2023,10,13,5.3117,27.74,76.37,2.61
Mumbai,2023,10,14,5.4434,27.78,72.26,2.02
Mumbai,2023,10,15,4.9603,27.44,77.19,2.29
Mumbai,2023,10,16,4.6423,27.76,76.57,2.07
Mumbai,2023,10,17,5.0105,27.63,75.47,2.12
Mumbai,2023,10,18,5.0275,26.96,77.28,3.11
Mumbai,2023,10,19,5.3414,27.04,75.36,2.58
Mumbai,2023,10,20,4.3639,27.72,74.32,2.35
Mumbai,2023,10,21,4.3255,27.46,76.12,2.71
Mumbai,2023,10,22,4.6308,27.48,77.2,2.37
Mumbai,2023,10,23,5.165,26.83,73.63,2.67
Mumbai,2023,10,24,4.8938,26.68,73.59,2.82
Mumbai,2023,10,25,5.0561,25.92,71.17,3.3
Mumbai,2023,10,26,5.069,25.32,65.69,3.78
Mumbai,2023,10,27,5.227,24.73,64.9,3.47
Mumbai,2023,10,28,5.0894,25.12,64.73,3.03
Mumbai,2023,10,29,5.0294,25.26,63.93,2.77
Mumbai,2023,10,30,4.6774,25.0,65.25,3.46
Mumbai,2023,10,31,4.5528,24.78,67.0,3.43
Mumbai,2023,11,1,5.1125,24.59,70.12,3.46
Mumbai,2023,11,2,5.2879,24.93,69.93,3.06
Mumbai,2023,11,3,4.8199,25.31,69.14,3.31
Mumbai,2023,11,4,4.6608,25.78,66.62,3.85
Mumbai,2023,11,5,4.17,26.29,72.09,3.53
Mumbai,2023,11,6,3.7198,25.16,71.9,4.06
Mumbai,2023,11,7,4.3918,25.66,76.32,3.16
Mumbai,2023,11,8,4.2912,26.07,81.78,2.84
Mumbai,2023,11,9,4.7748,26.56,82.13,1.9
Mumbai,2023,11,10,4.7227,25.68,86.64,2.72
Mumbai,2023,11,11,4.597,26.08,74.28,3.29
Mumbai,2023,11,12,4.7136,25.8,70.49,3.97
Mumbai,2023,11,13,4.477,24.98,70.54,3.66
Mumbai,2023,11,14,4.2454,24.93,67.93,2.92
Mumbai,2023,11,15,4.2329,24.24,68.0,2.84
Mumbai,2023,11,16,4.2977,24.22,66.02,3.08
Mumbai,2023,11,17,4.267,23.92,66.33,3.35
Mumbai,2023,11,18,4.3651,24.09,68.25,2.99
Mumbai,2023,11,19,4.0262,25.35,72.54,2.57
Mumbai,2023,11,20,3.8016,26.39,70.45,3.05
Mumbai,2023,11,21,4.0426,25.02,69.59,3.38
Mumbai,2023,11,22,4.5067,23.82,67.69,3.59
Mumbai,2023,11,23,4.0877,24.2,68.09,3.02
Mumbai,2023,11,24,4.4974,26.14,72.67,3.15
Mumbai,2023,11,25,4.2941,26.83,70.86,3.28
Mumbai,2023,11,26,3.569,25.79,82.77,3.47
Mumbai,2023,11,27,3.5729,25.65,84.42,2.28
Mumbai,2023,11,28,4.488,24.31,83.86,2.14
Mumbai,2023,11,29,4.7239,23.3,81.23,2.07
Mumbai,2023,11,30,4.5703,23.86,82.04,2.13
Mumbai,2023,12,1,4.5986,23.68,83.39,2.07
Mumbai,2023,12,2,4.6982,24.91,78.83,2.65
Mumbai,2023,12,3,4.3488,25.47,75.05,3.13
Mumbai,2023,12,4,4.441,26.11,75.79,2.82
Mumbai,2023,12,5,4.2821,25.52,71.85,2.85
Mumbai,2023,12,6,3.9866,24.57,72.12,3.54
Mumbai,2023,12,7,4.1688,24.46,73.0,2.61
Mumbai,2023,12,8,4.5823,24.19,73.51,2.79
Mumbai,2023,12,9,4.7659,24.72,68.87,2.47
Mumbai,2023,12,10,4.6433,24.51,71.24,2.71
Mumbai,2023,12,11,4.6056,24.28,71.95,2.32
Mumbai,2023,12,12,4.6668,23.46,70.28,2.3
Mumbai,2023,12,13,4.5958,23.86,67.11,2.32
Mumbai,2023,12,14,4.3692,24.02,63.28,3.71
Mumbai,2023,12,15,4.4748,23.45,59.93,3.52
Mumbai,2023,12,16,4.4052,22.55,60.77,2.47
Mumbai,2023,12,17,3.5803,23.55,67.15,3.37
Mumbai,2023,12,18,3.1289,23.24,64.3,5.64
Mumbai,2023,12,19,3.8909,23.03,60.35,5.33
Mumbai,2023,12,20,3.5297,21.87,58.44,4.17
Mumbai,2023,12,21,3.5006,21.79,58.9,3.94
Mumbai,2023,12,22,2.8747,23.51,52.96,2.72
Mumbai,2023,12,23,4.3966,24.49,54.41,2.88
Mumbai,2023,12,24,4.2432,24.22,53.66,3.76
Mumbai,2023,12,25,4.5461,24.49,53.31,3.86
Mumbai,2023,12,26,4.6198,24.08,54.22,3.48
Mumbai,2023,12,27,4.2838,24.13,57.23,3.5
Mumbai,2023,12,28,4.4962,24.29,58.23,3.31
Mumbai,2023,12,29,4.657,25.22,54.61,2.75
Mumbai,2023,12,30,4.5413,24.94,59.36,3.12
Mumbai,2023,12,31,4.788,25.07,58.35,2.82
Mumbai,2024,1,1,4.2446,24.68,60.93,2.66
Mumbai,2024,1,2,3.961,24.09,59.98,2.65
Mumbai,2024,1,3,4.0306,23.56,58.83,3.0
Mumbai,2024,1,4,4.5782,22.72,56.52,2.48
Mumbai,2024,1,5,4.6265,21.44,58.2,2.6
Mumbai,2024,1,6,4.7196,23.06,59.31,3.3
Mumbai,2024,1,7,4.5134,24.34,66.73,3.41
Mumbai,2024,1,8,4.6082,26.04,59.62,3.81
Mumbai,2024,1,9,3.5892,25.73,64.74,3.23
Mumbai,2024,1,10,3.0257,25.92,61.47,2.77
Mumbai,2024,1,11,4.5377,26.68,60.29,2.71
Mumbai,2024,1,12,4.9308,26.46,54.63,3.59
Mumbai,2024,1,13,4.7959,26.0,56.25,3.44
Mumbai,2024,1,14,5.2942,24.57,51.18,3.51
Mumbai,2024,1,15,5.527,22.46,46.99,3.51
Mumbai,2024,1,16,5.4377,21.47,50.53,2.62
Mumbai,2024,1,17,4.6308,21.76,59.44,2.28
Mumbai,2024,1,18,4.7381,22.0,60.56,2.22
Mumbai,2024,1,19,5.0059,22.18,54.63,2.57
Mumbai,2024,1,20,4.9399,22.66,56.87,2.29
Mumbai,2024,1,21,5.2051,22.93,50.56,2.77
Mumbai,2024,1,22,5.1475,23.03,50.34,3.82
Mumbai,2024,1,23,5.4288,21.87,42.88,3.99
Mumbai,2024,1,24,5.4768,21.74,39.82,3.56
Mumbai,2024,1,25,5.4598,22.39,38.69,3.58
Mumbai,2024,1,26,5.0453,23.54,39.77,3.67
Mumbai,2024,1,27,4.8499,24.88,41.99,3.01
Mumbai,2024,1,28,4.8938,24.99,43.14,3.05
Mumbai,2024,1,29,4.7172,24.95,41.04,3.06
Mumbai,2024,1,30,4.7827,24.42,42.87,3.02
Mumbai,2024,1,31,5.3851,24.11,50.28,2.57
Mumbai,2024,2,1,5.0381,23.02,62.49,2.56
Mumbai,2024,2,2,5.441,23.82,58.78,3.05
Mumbai,2024,2,3,5.3964,26.23,43.6,3.65
Mumbai,2024,2,4,5.0582,27.23,43.02,3.05
Mumbai,2024,2,5,5.2404,27.02,44.68,2.72
Mumbai,2024,2,6,5.4994,26.68,45.82,2.72
Mumbai,2024,2,7,5.5884,26.43,48.38,3.33
Mumbai,2024,2,8,5.8289,26.32,41.94,3.45
Mumbai,2024,2,9,5.9467,26.04,42.83,2.97
Mumbai,2024,2,10,6.0535,25.17,39.59,3.22
Mumbai,2024,2,11,5.9822,24.96,36.76,2.93
Mumbai,2024,2,12,5.5726,25.42,39.34,2.69
Mumbai,2024,2,13,5.3011,25.08,41.39,2.84
Mumbai,2024,2,14,5.0141,25.71,32.14,3.8
Mumbai,2024,2,15,5.6323,26.63,33.67,3.33
Mumbai,2024,2,16,5.2003,28.04,41.09,3.37
Mumbai,2024,2,17,5.6561,28.61,38.58,2.65
Mumbai,2024,2,18,5.9251,28.23,38.04,2.33
Mumbai,2024,2,19,6.3281,27.57,39.26,2.29
Mumbai,2024,2,20,6.3972,26.05,55.65,3.05
Mumbai,2024,2,21,6.0806,25.18,67.66,2.79
Mumbai,2024,2,22,6.1342,25.0,65.1,2.85
Mumbai,2024,2,23,6.4937,24.63,54.44,2.97
Mumbai,2024,2,24,6.6821,24.68,28.2,3.7
Mumbai,2024,2,25,6.582,25.28,21.75,3.5
Mumbai,2024,2,26,5.7996,28.0,31.49,3.16
Mumbai,2024,2,27,5.5937,29.1,36.8,2.57
Mumbai,2024,2,28,5.7602,30.16,39.52,3.17
Mumbai,2024,2,29,5.8174,30.79,40.75,2.66
Mumbai,2024,3,1,5.7542,30.23,51.93,2.29
Mumbai,2024,3,2,6.1471,27.82,60.91,3.26
Mumbai,2024,3,3,6.2122,25.06,63.04,4.2
Mumbai,2024,3,4,6.9612,24.15,45.96,3.25
Mumbai,2024,3,5,7.0241,24.8,31.66,3.03
Mumbai,2024,3,6,6.9271,25.53,29.34,2.72
Mumbai,2024,3,7,6.7706,27.12,32.64,3.49
Mumbai,2024,3,8,6.871,28.4,29.81,4.14
Mumbai,2024,3,9,6.9382,28.74,29.07,3.55
Mumbai,2024,3,10,6.9118,28.33,31.3,2.99
Mumbai,2024,3,11,6.6787,28.96,33.83,3.44
Mumbai,2024,3,12,6.6782,28.98,42.17,3.42
Mumbai,2024,3,13,6.9686,27.69,54.48,3.39
Mumbai,2024,3,14,6.9106,26.78,53.52,3.2
Mumbai,2024,3,15,7.0363,25.92,50.69,2.59
Mumbai,2024,3,16,6.635,26.32,46.77,2.43
Mumbai,2024,3,17,6.6958,27.28,47.09,2.18
Mumbai,2024,3,18,6.858,27.84,50.8,2.36
Mumbai,2024,3,19,7.1383,28.27,53.7,3.05
Mumbai,2024,3,20,7.2778,29.79,29.75,3.74
Mumbai,2024,3,21,6.6389,30.21,22.3,3.35
Mumbai,2024,3,22,6.5376,29.91,37.13,2.38
Mumbai,2024,3,23,6.5362,29.45,45.86,3.04
Mumbai,2024,3,24,6.4046,29.98,49.81,2.78
Mumbai,2024,3,25,6.8292,30.2,50.83,3.05
Mumbai,2024,3,26,6.5309,30.35,55.7,2.38
Mumbai,2024,3,27,6.2758,30.76,56.82,2.52
Mumbai,2024,3,28,5.124,30.72,56.87,2.54
Mumbai,2024,3,29,5.771,31.67,52.97,2.63
Mumbai,2024,3,30,5.8471,31.01,53.24,3.1
Mumbai,2024,3,31,6.1474,31.52,46.06,3.16
Mumbai,2024,4,1,6.0362,30.76,45.94,3.11
Mumbai,2024,4,2,6.5501,30.07,47.34,2.78
Mumbai,2024,4,3,6.5263,30.32,48.47,2.58
Mumbai,2024,4,4,6.4788,30.61,48.91,3.27
Mumbai,2024,4,5,6.5383,31.18,53.18,3.32
Mumbai,2024,4,6,6.5856,31.6,45.42,3.78
Mumbai,2024,4,7,7.1047,30.77,48.07,3.49
Mumbai,2024,4,8,7.2233,30.63,52.42,2.6
Mumbai,2024,4,9,7.0435,30.93,53.32,2.2
Mumbai,2024,4,10,6.9353,31.09,52.2,2.66
Mumbai,2024,4,11,6.7075,31.32,46.27,2.79
Mumbai,2024,4,12,6.9072,31.09,45.51,2.47
Mumbai,2024,4,13,7.1321,29.92,50.14,2.51
Mumbai,2024,4,14,7.2415,30.47,54.24,2.67
Mumbai,2024,4,15,6.7529,33.32,50.75,2.96
Mumbai,2024,4,16,5.9827,36.44,32.35,4.05
Mumbai,2024,4,17,5.5106,35.49,35.53,3.08
Mumbai,2024,4,18,6.0415,33.91,50.19,2.99
Mumbai,2024,4,19,5.9825,33.06,50.15,3.67
Mumbai,2024,4,20,5.4761,32.52,49.89,3.29
Mumbai,2024,4,21,6.1162,31.63,49.78,3.79
Mumbai,2024,4,22,6.7594,31.65,51.33,3.35
Mumbai,2024,4,23,6.7471,31.49,50.13,3.31
Mumbai,2024,4,24,6.5779,31.55,52.67,2.84
Mumbai,2024,4,25,6.7678,32.35,50.83,2.93
Mumbai,2024,4,26,6.5213,32.9,50.29,3.72
Mumbai,2024,4,27,6.6082,33.98,47.74,3.24
Mumbai,2024,4,28,6.4858,34.83,46.03,3.52
Mumbai,2024,4,29,6.3139,34.4,41.45,3.87
Mumbai,2024,4,30,6.9228,33.84,44.3,3.4
Mumbai,2024,5,1,7.8115,32.15,48.07,3.18
Mumbai,2024,5,2,7.9169,31.45,49.75,2.67
Mumbai,2024,5,3,7.962,30.95,50.19,2.98
Mumbai,2024,5,4,7.7239,31.18,54.78,3.15
Mumbai,2024,5,5,7.5737,32.39,56.44,3.54
Mumbai,2024,5,6,7.6958,31.72,59.1,3.75
Mumbai,2024,5,7,7.5689,31.68,60.87,3.44
Mumbai,2024,5,8,7.7273,31.9,55.98,3.07
Mumbai,2024,5,9,7.5672,31.33,58.65,3.05
Mumbai,2024,5,10,7.1892,31.95,56.2,2.99
Mumbai,2024,5,11,6.7282,32.5,53.35,3.38
Mumbai,2024,5,12,6.2686,31.4,61.88,2.19
Mumbai,2024,5,13,6.0108,32.3,58.66,1.98
Mumbai,2024,5,14,7.0658,32.33,59.77,3.13
Mumbai,2024,5,15,7.4926,32.26,61.98,2.04
Mumbai,2024,5,16,6.7387,33.03,59.67,2.21
Mumbai,2024,5,17,6.504,32.1,64.63,2.19
Mumbai,2024,5,18,6.5738,32.94,61.18,2.21
Mumbai,2024,5,19,6.7632,33.15,58.77,2.48
Mumbai,2024,5,20,6.1718,32.85,61.37,2.81
Mumbai,2024,5,21,6.6672,32.49,64.86,3.03
Mumbai,2024,5,22,5.7197,33.21,64.65,2.93
Mumbai,2024,5,23,6.3816,33.46,58.74,2.93
Mumbai,2024,5,24,6.7658,32.49,63.89,3.4
Mumbai,2024,5,25,6.371,31.72,63.88,4.2
Mumbai,2024,5,26,6.4978,31.72,64.31,4.32
Mumbai,2024,5,27,3.6348,31.81,64.38,4.89
Mumbai,2024,5,28,6.6886,32.13,62.56,5.26
Mumbai,2024,5,29,6.977,31.96,66.32,4.91
Mumbai,2024,5,30,7.1172,32.05,65.76,4.36
Mumbai,2024,5,31,7.2204,32.31,64.91,3.82
Mumbai,2024,6,1,6.7452,32.53,62.81,4.04
Mumbai,2024,6,2,6.9451,32.38,59.97,3.5
Mumbai,2024,6,3,5.5901,31.6,64.97,3.3
Mumbai,2024,6,4,6.2604,30.87,72.2,2.58
Mumbai,2024,6,5,6.469,30.86,72.27,2.9
Mumbai,2024,6,6,6.7327,31.05,69.4,3.19
Mumbai,2024,6,7,5.2594,30.42,72.29,3.12
Mumbai,2024,6,8,5.6129,29.23,78.47,3.26
Mumbai,2024,6,9,3.043,28.34,85.79,2.74
Mumbai,2024,6,10,3.5081,28.59,80.76,2.85
Mumbai,2024,6,11,4.001,28.42,80.31,3.39
Mumbai,2024,6,12,6.1142,29.08,80.52,3.84
Mumbai,2024,6,13,4.4935,29.49,79.0,3.85
Mumbai,2024,6,14,3.4776,29.24,82.54,3.88
Mumbai,2024,6,15,6.281,29.6,79.56,3.5
Mumbai,2024,6,16,6.005,29.55,77.76,2.61
Mumbai,2024,6,17,3.9881,29.24,80.44,3.24
Mumbai,2024,6,18,4.2744,28.68,82.82,3.91
Mumbai,2024,6,19,4.4455,28.79,82.59,5.4
Mumbai,2024,6,20,3.6043,28.83,84.56,5.94
Mumbai,2024,6,21,4.991,29.34,84.46,5.12
Mumbai,2024,6,22,5.2975,29.62,82.99,3.31
Mumbai,2024,6,23,6.0418,28.7,83.23,2.82
Mumbai,2024,6,24,5.1199,29.0,79.69,2.81
Mumbai,2024,6,25,5.3162,28.36,82.67,3.33
Mumbai,2024,6,26,4.3627,27.95,87.6,3.81
Mumbai,2024,6,27,4.3498,27.85,91.26,8.18
Mumbai,2024,6,28,2.0069,27.41,92.0,8.29
Mumbai,2024,6,29,4.5566,28.45,87.34,6.36
Mumbai,2024,6,30,3.6533,28.24,87.47,6.79
Mumbai,2024,7,1,4.5619,28.34,86.08,8.88
Mumbai,2024,7,2,3.3574,28.15,88.01,8.8
Mumbai,2024,7,3,3.9905,28.36,85.66,7.05
Mumbai,2024,7,4,4.4117,28.05,87.24,6.02
Mumbai,2024,7,5,4.1695,28.0,88.6,6.63
Mumbai,2024,7,6,3.6475,28.03,88.61,7.35
Mumbai,2024,7,7,2.8469,27.82,90.24,5.6
Mumbai,2024,7,8,1.6675,27.57,90.94,4.57
Mumbai,2024,7,9,2.2274,26.81,89.86,3.69
Mumbai,2024,7,10,3.6545,26.64,88.75,3.5
Mumbai,2024,7,11,2.3573,27.37,90.23,4.36
Mumbai,2024,7,12,1.6368,27.18,92.96,5.13
Mumbai,2024,7,13,1.0474,27.02,93.15,7.05
Mumbai,2024,7,14,2.6909,27.19,93.61,5.78
Mumbai,2024,7,15,1.8852,27.1,90.44,3.11
Mumbai,2024,7,16,2.5829,25.83,89.18,3.16
Mumbai,2024,7,17,4.0505,26.79,92.55,6.19
Mumbai,2024,7,18,1.3445,26.76,93.73,7.07
Mumbai,2024,7,19,1.9466,26.71,93.1,6.85
Mumbai,2024,7,20,1.6901,26.47,94.34,6.74
Mumbai,2024,7,21,1.4292,26.69,94.25,5.95
Mumbai,2024,7,22,1.5794,26.29,94.02,6.19
Mumbai,2024,7,23,2.9954,26.54,93.88,6.66
Mumbai,2024,7,24,2.4826,26.42,93.67,6.73
Mumbai,2024,7,25,1.4554,25.95,92.44,7.29
Mumbai,2024,7,26,2.4883,26.44,92.1,7.28
Mumbai,2024,7,27,2.2169,26.48,92.19,6.52
Mumbai,2024,7,28,2.5925,26.18,93.55,6.02
Mumbai,2024,7,29,2.6546,26.35,93.76,5.69
Mumbai,2024,7,30,4.1107,26.82,92.31,5.39
Mumbai,2024,7,31,4.3598,27.03,92.2,4.83
Mumbai,2024,8,1,4.1894,26.74,92.64,5.88
Mumbai,2024,8,2,4.1047,26.3,93.4,6.56
Mumbai,2024,8,3,2.2562,26.01,93.59,7.56
Mumbai,2024,8,4,1.998,25.98,94.4,6.23
Mumbai,2024,8,5,3.8604,26.38,92.21,5.81
Mumbai,2024,8,6,3.9845,26.34,91.47,5.13
Mumbai,2024,8,7,4.1333,26.55,90.71,4.4
Mumbai,2024,8,8,4.1203,26.54,90.23,4.33
Mumbai,2024,8,9,3.6854,26.75,90.92,4.22
Mumbai,2024,8,10,4.2965,26.63,90.84,3.96
Mumbai,2024,8,11,5.0642,26.53,90.56,4.37
Mumbai,2024,8,12,5.7518,26.79,89.99,4.08
Mumbai,2024,8,13,5.833,26.97,89.53,3.33
Mumbai,2024,8,14,6.4147,27.08,88.25,2.64
Mumbai,2024,8,15,6.137,27.09,88.32,2.77
Mumbai,2024,8,16,6.0168,27.24,88.44,2.59
Mumbai,2024,8,17,5.6664,27.47,86.03,1.78
Mumbai,2024,8,18,5.7521,27.39,89.45,2.6
Mumbai,2024,8,19,5.2152,26.87,94.14,2.96
Mumbai,2024,8,20,2.8344,27.19,91.72,2.95
Mumbai,2024,8,21,5.7948,27.66,88.12,2.06
Mumbai,2024,8,22,5.5721,27.83,88.44,1.61
Mumbai,2024,8,23,3.6922,27.73,88.86,2.15
Mumbai,2024,8,24,1.4789,26.4,93.2,4.21
Mumbai,2024,8,25,2.6945,26.29,92.45,6.09
Mumbai,2024,8,26,3.6146,26.5,92.6,6.64
Mumbai,2024,8,27,4.3121,26.63,90.55,7.83
Mumbai,2024,8,28,3.7222,26.6,91.1,7.3
Mumbai,2024,8,29,3.804,26.75,90.64,6.48
Mumbai,2024,8,30,5.213,26.84,89.7,4.71
Mumbai,2024,8,31,5.7031,26.49,90.24,3.25
Mumbai,2024,9,1,3.6134,26.25,92.21,3.18
Mumbai,2024,9,2,1.5833,25.49,93.82,3.38
Mumbai,2024,9,3,4.367,25.13,92.46,2.3
Mumbai,2024,9,4,4.9094,26.79,91.26,5.05
Mumbai,2024,9,5,4.7604,26.82,91.2,5.19
Mumbai,2024,9,6,4.9634,26.79,89.96,5.07
Mumbai,2024,9,7,5.46,26.54,90.29,3.95
Mumbai,2024,9,8,6.2952,26.49,91.03,3.42
Mumbai,2024,9,9,5.4286,26.79,89.52,3.27
Mumbai,2024,9,10,4.5886,26.55,89.76,3.4
Mumbai,2024,9,11,4.891,26.4,90.24,3.77
Mumbai,2024,9,12,5.0006,26.39,89.71,4.13
Mumbai,2024,9,13,5.8459,25.8,89.37,3.6
Mumbai,2024,9,14,6.006,26.21,87.76,3.76
Mumbai,2024,9,15,5.3424,26.39,86.78,3.47
Mumbai,2024,9,16,4.7746,26.27,83.69,2.23
Mumbai,2024,9,17,6.3331,25.76,84.92,2.81
Mumbai,2024,9,18,6.1841,26.0,83.9,1.79
Mumbai,2024,9,19,6.1644,26.17,83.13,1.56
Mumbai,2024,9,20,5.2903,26.69,83.19,1.75
Mumbai,2024,9,21,4.4546,26.57,87.2,2.77
Mumbai,2024,9,22,5.2913,26.78,89.71,3.65
Mumbai,2024,9,23,3.8323,27.19,91.7,3.46
Mumbai,2024,9,24,2.5418,26.73,94.3,4.76
Mumbai,2024,9,25,2.2661,26.49,94.67,5.03
Mumbai,2024,9,26,1.6286,26.37,92.91,3.58
Mumbai,2024,9,27,2.3429,26.27,93.29,5.35
Mumbai,2024,9,28,4.2199,26.42,90.08,3.66
Mumbai,2024,9,29,5.8066,26.23,90.79,2.77
Mumbai,2024,9,30,6.3535,27.33,85.53,1.44
Mumbai,2024,10,1,5.9722,27.9,87.09,2.0
Mumbai,2024,10,2,5.1245,27.7,89.93,2.11
Mumbai,2024,10,3,5.7266,27.26,88.56,1.96
Mumbai,2024,10,4,6.0595,26.61,87.78,2.2
Mumbai,2024,10,5,6.3466,26.81,85.06,1.88
Mumbai,2024,10,6,5.7418,27.57,83.32,2.45
Mumbai,2024,10,7,5.4254,27.97,79.1,3.15
Mumbai,2024,10,8,5.0335,27.62,80.74,2.77
Mumbai,2024,10,9,2.2718,26.2,88.78,2.29
Mumbai,2024,10,10,1.9596,26.99,86.82,2.72
Mumbai,2024,10,11,4.5778,27.61,86.08,2.98
Mumbai,2024,10,12,5.3868,28.12,85.78,2.73
Mumbai,2024,10,13,5.8294,28.33,85.84,1.79
Mumbai,2024,10,14,5.5723,28.37,83.15,2.24
Mumbai,2024,10,15,3.8808,27.96,87.6,2.17
Mumbai,2024,10,16,3.905,28.32,85.22,2.07
Mumbai,2024,10,17,2.8932,27.86,86.8,2.5
Mumbai,2024,10,18,4.3764,27.45,87.62,3.02
Mumbai,2024,10,19,4.975,26.97,90.54,1.9
Mumbai,2024,10,20,5.4847,27.86,82.63,1.78
Mumbai,2024,10,21,5.3834,26.63,84.35,2.49
Mumbai,2024,10,22,5.4276,27.75,82.22,2.04
Mumbai,2024,10,23,5.3568,27.64,83.21,2.43
Mumbai,2024,10,24,5.359,27.14,77.82,2.78
Mumbai,2024,10,25,5.0047,26.19,73.8,3.02
Mumbai,2024,10,26,5.1989,25.64,76.57,3.25
Mumbai,2024,10,27,5.4046,25.39,78.1,2.66
Mumbai,2024,10,28,4.9447,26.2,80.14,2.0
Mumbai,2024,10,29,5.0335,26.55,80.71,2.19
Mumbai,2024,10,30,4.9466,26.81,76.92,2.26
Mumbai,2024,10,31,4.5312,26.97,76.86,3.0
Mumbai,2024,11,1,3.907,26.46,74.52,3.23
Mumbai,2024,11,2,4.5086,26.0,69.49,3.41
Mumbai,2024,11,3,4.9812,25.41,71.67,3.34
Mumbai,2024,11,4,4.7534,25.66,72.21,3.33
Mumbai,2024,11,5,4.7597,25.49,73.02,3.33
Mumbai,2024,11,6,4.8343,25.21,72.65,3.5
Mumbai,2024,11,7,4.9762,24.71,74.86,3.82
Mumbai,2024,11,8,4.6538,25.03,75.02,3.59
Mumbai,2024,11,9,4.3896,24.93,73.55,3.6
Mumbai,2024,11,10,4.0632,24.86,73.69,3.4
Mumbai,2024,11,11,3.9674,24.12,73.58,3.6
Mumbai,2024,11,12,4.1206,23.46,73.79,4.09
Mumbai,2024,11,13,4.6572,23.67,74.31,3.97
Mumbai,2024,11,14,4.9222,24.65,74.54,4.02
Mumbai,2024,11,15,3.115,25.4,81.1,3.08
Mumbai,2024,11,16,3.4793,26.6,76.46,2.16
Mumbai,2024,11,17,3.6139,25.51,75.89,3.65
Mumbai,2024,11,18,4.8103,23.24,69.04,4.27
Mumbai,2024,11,19,4.6054,22.21,71.65,4.19
Mumbai,2024,11,20,4.4513,22.0,71.79,4.08
Mumbai,2024,11,21,4.5098,22.25,70.82,3.17
Mumbai,2024,11,22,4.3591,22.62,70.06,2.84
Mumbai,2024,11,23,4.3044,22.92,67.02,2.44
Mumbai,2024,11,24,3.6425,22.82,69.37,2.6
Mumbai,2024,11,25,4.1724,22.2,70.94,3.75
Mumbai,2024,11,26,4.3034,21.17,70.21,4.63
Mumbai,2024,11,27,4.7177,20.93,68.4,4.74
Mumbai,2024,11,28,4.6812,20.65,68.97,5.04
Mumbai,2024,11,29,4.7825,20.11,65.87,4.47
Mumbai,2024,11,30,4.375,21.33,66.75,3.68
Mumbai,2024,12,1,3.7394,23.6,79.06,3.09
Mumbai,2024,12,2,3.9605,25.36,80.17,3.4
Mumbai,2024,12,3,3.6115,26.48,79.17,3.7
Mumbai,2024,12,4,4.3704,26.73,82.0,3.05
Mumbai,2024,12,5,4.2079,26.72,80.89,3.05
Mumbai,2024,12,6,4.3822,26.42,81.52,2.35
Mumbai,2024,12,7,4.7249,24.28,76.06,3.05
Mumbai,2024,12,8,4.9231,21.71,66.95,3.07
Mumbai,2024,12,9,4.7098,19.77,61.51,3.95
Mumbai,2024,12,10,4.8934,20.98,62.27,4.07
Mumbai,2024,12,11,4.5737,22.4,69.82,3.32
Mumbai,2024,12,12,4.4503,22.05,67.08,2.75
Mumbai,2024,12,13,4.6942,21.3,66.42,4.82
Mumbai,2024,12,14,4.6908,20.8,62.04,4.98
Mumbai,2024,12,15,4.662,21.25,58.84,4.42
Mumbai,2024,12,16,5.0537,21.04,53.07,4.01
Mumbai,2024,12,17,4.8528,21.06,54.29,3.12
Mumbai,2024,12,18,4.7491,21.49,53.8,2.83
Mumbai,2024,12,19,4.4436,21.43,62.33,3.05
Mumbai,2024,12,20,4.1047,21.72,74.79,2.13
Mumbai,2024,12,21,3.8693,21.95,77.32,2.23
Mumbai,2024,12,22,3.9331,22.25,84.68,2.31
Mumbai,2024,12,23,3.6434,22.07,86.32,2.57
Mumbai,2024,12,24,3.5098,21.69,79.18,2.83
Mumbai,2024,12,25,3.69,21.98,77.09,2.41
Mumbai,2024,12,26,3.9266,22.68,78.33,2.61
Mumbai,2024,12,27,4.391,23.32,81.35,2.68
Mumbai,2024,12,28,4.2732,23.93,79.1,2.44
Mumbai,2024,12,29,4.1333,24.68,73.57,2.69
Mumbai,2024,12,30,3.8921,24.62,69.71,3.09
Mumbai,2024,12,31,4.3627,24.68,65.9,3.18
Mumbai,2025,1,1,4.1767,24.25,68.91,3.17
Mumbai,2025,1,2,4.8665,24.18,59.35,3.56
Mumbai,2025,1,3,5.3321,22.78,51.64,4.12
Mumbai,2025,1,4,5.287,22.4,52.93,3.58
Mumbai,2025,1,5,4.4285,22.43,57.64,2.44
Mumbai,2025,1,6,4.7338,21.63,61.43,3.17
Mumbai,2025,1,7,4.511,22.27,58.15,3.26
Mumbai,2025,1,8,4.1887,22.38,55.6,3.96
Mumbai,2025,1,9,4.045,22.55,47.35,3.88
Mumbai,2025,1,10,3.8741,22.74,56.5,3.41
Mumbai,2025,1,11,3.804,22.49,64.19,2.57
Mumbai,2025,1,12,4.4246,22.18,64.08,2.99
Mumbai,2025,1,13,4.0366,23.7,63.03,3.8
Mumbai,2025,1,14,4.0814,24.32,61.74,3.35
Mumbai,2025,1,15,4.2245,24.73,66.68,2.91
Mumbai,2025,1,16,4.4642,24.19,66.17,2.55
Mumbai,2025,1,17,4.2396,24.94,56.29,4.23
Mumbai,2025,1,18,4.404,24.64,51.64,4.66
Mumbai,2025,1,19,4.4731,24.09,52.92,3.72
Mumbai,2025,1,20,4.5382,24.24,50.13,3.35
Mumbai,2025,1,21,4.6358,23.72,50.94,3.02
Mumbai,2025,1,22,4.2847,23.63,51.95,2.8
Mumbai,2025,1,23,4.5233,23.4,51.46,3.07
Mumbai,2025,1,24,4.7532,24.75,53.97,3.39
Mumbai,2025,1,25,4.9217,26.19,52.91,3.49
Mumbai,2025,1,26,5.1142,26.44,50.87,3.3
Mumbai,2025,1,27,5.0304,26.02,49.78,2.85
Mumbai,2025,1,28,4.6776,25.55,47.92,2.28
Mumbai,2025,1,29,5.2577,25.52,46.76,2.46
Mumbai,2025,1,30,4.9596,24.91,49.07,2.89
Mumbai,2025,1,31,5.4175,23.58,53.3,2.76
Mumbai,2025,2,1,5.2898,23.02,55.8,2.88
Mumbai,2025,2,2,5.2075,24.32,47.32,2.59
Mumbai,2025,2,3,5.0839,24.27,54.08,2.69
Mumbai,2025,2,4,5.2253,23.48,57.64,3.19
Mumbai,2025,2,5,5.509,23.93,46.89,3.45
Mumbai,2025,2,6,5.1862,25.5,48.34,2.88
Mumbai,2025,2,7,4.9284,26.73,49.26,3.51
Mumbai,2025,2,8,4.8194,27.08,47.38,2.7
Mumbai,2025,2,9,4.6824,27.21,46.35,2.82
Mumbai,2025,2,10,4.7602,26.69,42.53,3.3
Mumbai,2025,2,11,5.2325,25.99,40.72,3.19
Mumbai,2025,2,12,5.9412,25.88,37.42,3.33
Mumbai,2025,2,13,6.1058,26.87,32.54,3.57
Mumbai,2025,2,14,6.0269,27.32,32.27,4.0
Mumbai,2025,2,15,6.2261,27.51,30.96,3.89
Mumbai,2025,2,16,6.3206,27.19,33.64,3.64
Mumbai,2025,2,17,6.2266,27.19,40.96,3.35
Mumbai,2025,2,18,6.15,27.59,38.47,3.39
Mumbai,2025,2,19,6.2398,27.36,40.6,3.47
Mumbai,2025,2,20,6.1498,28.16,35.31,3.96
Mumbai,2025,2,21,6.0936,28.94,29.24,4.34
Mumbai,2025,2,22,6.1406,29.28,29.68,4.0
Mumbai,2025,2,23,6.2846,29.1,28.85,3.84
Mumbai,2025,2,24,6.2986,29.17,26.56,3.8
Mumbai,2025,2,25,5.5159,29.47,28.68,3.59
Mumbai,2025,2,26,6.1094,29.86,32.05,3.06
Mumbai,2025,2,27,6.1032,29.84,32.37,3.47
Mumbai,2025,2,28,5.7482,29.71,32.22,3.09
Mumbai,2025,3,1,5.7823,29.61,35.58,3.22
Mumbai,2025,3,2,5.801,29.43,34.91,3.75
Mumbai,2025,3,3,5.5927,29.92,31.6,4.4
Mumbai,2025,3,4,6.2395,29.9,27.22,4.99
Mumbai,2025,3,5,6.7766,29.34,18.57,4.05
Mumbai,2025,3,6,7.0903,28.67,17.61,4.34
Mumbai,2025,3,7,7.0589,29.04,21.5,3.85
Mumbai,2025,3,8,6.9307,29.14,31.87,3.26
Mumbai,2025,3,9,7.0054,30.18,39.44,3.17
Mumbai,2025,3,10,6.3295,31.55,29.08,3.38
Mumbai,2025,3,11,6.0708,31.97,35.49,3.24
Mumbai,2025,3,12,6.1728,31.63,40.79,2.58
Mumbai,2025,3,13,6.239,31.33,41.68,2.95
Mumbai,2025,3,14,6.5323,30.55,45.59,3.11
Mumbai,2025,3,15,6.0271,30.33,45.16,3.19
Mumbai,2025,3,16,6.1925,30.04,45.97,3.49
Mumbai,2025,3,17,6.3754,29.52,42.97,3.76
Mumbai,2025,3,18,6.936,29.41,43.21,2.74
Mumbai,2025,3,19,6.9518,28.73,48.4,2.61
Mumbai,2025,3,20,6.7411,29.23,40.1,3.98
Mumbai,2025,3,21,7.0534,27.68,48.31,3.25
Mumbai,2025,3,22,7.3548,28.84,44.3,2.81
Mumbai,2025,3,23,7.1842,30.07,43.43,2.45
Mumbai,2025,3,24,6.7661,30.72,46.84,2.38
Mumbai,2025,3,25,6.6094,30.67,39.7,2.96
Mumbai,2025,3,26,6.6917,29.33,51.77,2.76
Mumbai,2025,3,27,6.0914,28.63,52.73,3.23
Mumbai,2025,3,28,6.4853,29.84,46.97,3.04
Mumbai,2025,3,29,6.198,31.78,23.77,3.39
Mumbai,2025,3,30,5.3318,32.06,28.11,2.61
Mumbai,2025,3,31,5.1221,32.49,40.92,2.11
Mumbai,2025,4,1,3.6394,32.48,37.36,2.38
Mumbai,2025,4,2,5.3179,33.0,39.44,3.12
Mumbai,2025,4,3,5.6275,30.55,57.68,2.42
Mumbai,2025,4,4,6.144,30.67,53.09,2.65
Mumbai,2025,4,5,6.7056,31.68,39.45,3.51
Mumbai,2025,4,6,6.9881,32.01,42.12,3.32
Mumbai,2025,4,7,7.0464,32.6,40.05,3.42
Mumbai,2025,4,8,6.84,33.21,30.76,3.37
Mumbai,2025,4,9,6.7807,32.71,41.76,3.14
Mumbai,2025,4,10,6.6019,31.19,57.75,3.03
Mumbai,2025,4,11,7.0008,30.25,56.84,2.94
Mumbai,2025,4,12,7.2022,29.91,57.67,2.8
Mumbai,2025,4,13,7.4647,31.21,52.92,3.44
Mumbai,2025,4,14,7.481,31.71,47.64,4.35
Mumbai,2025,4,15,7.4683,31.08,51.84,3.66
Mumbai,2025,4,16,7.2936,30.8,60.95,3.09
Mumbai,2025,4,17,7.3195,30.89,58.98,2.74
Mumbai,2025,4,18,7.2,31.07,58.49,2.73
Mumbai,2025,4,19,7.0514,31.3,56.71,3.12
Mumbai,2025,4,20,7.0694,31.14,53.89,3.15
Mumbai,2025,4,21,6.6566,31.38,56.84,3.06
Mumbai,2025,4,22,6.8974,32.04,50.28,3.25
Mumbai,2025,4,23,6.4205,32.48,49.17,2.46
Mumbai,2025,4,24,6.81,32.0,49.69,2.34
Mumbai,2025,4,25,6.2556,31.43,46.44,2.46
Mumbai,2025,4,26,6.6146,31.63,48.24,2.33
Mumbai,2025,4,27,7.4554,32.0,50.96,3.01
Mumbai,2025,4,28,7.4234,32.22,52.29,2.78
Mumbai,2025,4,29,7.2,31.48,54.1,2.67
Mumbai,2025,4,30,7.0178,31.56,54.02,2.85
Mumbai,2025,5,1,7.2518,32.02,54.24,3.46
Mumbai,2025,5,2,7.3882,32.26,53.25,3.4
Mumbai,2025,5,3,7.3951,31.55,53.47,2.87
Mumbai,2025,5,4,7.116,29.54,59.54,2.93
Mumbai,2025,5,5,7.0265,30.58,61.88,2.62
Mumbai,2025,5,6,7.2283,29.53,61.27,2.41
Mumbai,2025,5,7,6.0617,28.52,69.58,3.66
Mumbai,2025,5,8,4.6008,27.9,78.09,3.56
Mumbai,2025,5,9,6.2153,28.68,75.34,3.56
Mumbai,2025,5,10,7.3814,29.46,68.94,2.79
Mumbai,2025,5,11,7.1705,30.0,63.86,2.62
Mumbai,2025,5,12,7.0356,30.54,64.26,2.48
Mumbai,2025,5,13,6.8035,30.67,65.33,2.04
Mumbai,2025,5,14,6.5796,30.94,65.6,2.08
Mumbai,2025,5,15,6.7138,30.49,69.38,2.05
Mumbai,2025,5,16,5.9405,30.02,72.07,2.54
Mumbai,2025,5,17,5.2997,29.98,72.55,2.7
Mumbai,2025,5,18,5.8342,30.03,72.92,2.4
Mumbai,2025,5,19,5.2433,28.93,80.02,2.65
Mumbai,2025,5,20,4.8043,29.61,81.77,2.31
Mumbai,2025,5,21,2.8922,29.1,83.04,2.14
Mumbai,2025,5,22,3.9977,28.57,83.3,1.66
Mumbai,2025,5,23,3.6982,29.62,77.21,2.25
Mumbai,2025,5,24,1.4138,28.48,84.38,2.37
Mumbai,2025,5,25,0.6958,27.79,86.53,4.43
Mumbai,2025,5,26,0.4721,28.04,86.8,5.49
Mumbai,2025,5,27,1.1218,27.43,89.56,3.84
Mumbai,2025,5,28,3.7099,28.25,88.13,3.98
Mumbai,2025,5,29,5.412,28.33,88.6,4.2
Mumbai,2025,5,30,5.9618,28.86,82.54,4.71
Mumbai,2025,5,31,6.0838,28.78,81.77,4.74
Mumbai,2025,6,1,6.1483,28.89,82.82,4.98
Mumbai,2025,6,2,6.15,28.41,84.43,5.08
Mumbai,2025,6,3,6.1651,28.28,84.52,4.94
Mumbai,2025,6,4,5.2361,27.98,83.16,3.62
Mumbai,2025,6,5,5.9544,28.16,81.56,2.43
Mumbai,2025,6,6,5.0954,28.17,82.59,2.44
Mumbai,2025,6,7,3.786,27.69,84.61,2.36
Mumbai,2025,6,8,6.0686,28.34,81.89,2.55
Mumbai,2025,6,9,5.9417,28.45,81.76,3.73
Mumbai,2025,6,10,5.9844,28.51,79.95,3.46
Mumbai,2025,6,11,5.4725,28.52,83.45,3.65
Mumbai,2025,6,12,4.2406,28.35,89.0,4.44
Mumbai,2025,6,13,3.1277,27.81,89.31,4.14
Mumbai,2025,6,14,2.5246,28.28,89.91,2.74
Mumbai,2025,6,15,1.0711,27.63,93.16,3.72
Mumbai,2025,6,16,0.9934,27.37,91.02,7.12
Mumbai,2025,6,17,5.749,28.04,86.35,7.82
Mumbai,2025,6,18,2.2822,27.91,88.7,7.05
Mumbai,2025,6,19,1.8607,27.38,90.74,6.72
Mumbai,2025,6,20,4.818,27.75,88.72,6.68
Mumbai,2025,6,21,5.6018,27.61,88.63,6.24
Mumbai,2025,6,22,5.7605,27.48,88.28,6.43
Mumbai,2025,6,23,3.648,27.38,88.5,7.24
Mumbai,2025,6,24,2.1413,27.29,89.75,6.63
Mumbai,2025,6,25,4.4669,27.45,88.88,6.8
Mumbai,2025,6,26,2.3414,27.23,89.04,6.57
Mumbai,2025,6,27,3.9024,27.11,89.33,6.92
Mumbai,2025,6,28,5.76,27.06,87.28,7.45
Mumbai,2025,6,29,4.7134,26.75,90.34,6.47
Mumbai,2025,6,30,5.2106,27.05,89.31,6.82
Mumbai,2025,7,1,4.7225,26.73,90.0,6.17
Mumbai,2025,7,2,3.2527,26.55,91.28,5.47
Mumbai,2025,7,3,4.7393,26.79,89.93,7.05
Mumbai,2025,7,4,5.0914,26.84,89.85,7.45
Mumbai,2025,7,5,4.1102,26.61,91.31,6.78
Mumbai,2025,7,6,2.815,26.55,90.09,6.96
Mumbai,2025,7,7,2.5051,26.54,89.8,6.04
Mumbai,2025,7,8,3.1217,26.49,90.65,5.59
Mumbai,2025,7,9,4.4074,26.44,90.84,5.13
Mumbai,2025,7,10,5.2241,26.73,90.55,4.52
Mumbai,2025,7,11,5.4732,26.77,90.09,4.19
Mumbai,2025,7,12,5.5958,26.73,89.88,4.49
Mumbai,2025,7,13,4.9044,26.8,89.74,4.95
Mumbai,2025,7,14,2.7648,26.91,90.52,6.1
Mumbai,2025,7,15,2.1943,26.94,90.66,5.14
Mumbai,2025,7,16,5.4569,26.83,90.72,4.05
Mumbai,2025,7,17,4.937,26.68,89.74,3.45
Mumbai,2025,7,18,4.9037,26.79,88.48,3.65
Mumbai,2025,7,19,4.6822,26.78,89.53,3.88
Mumbai,2025,7,20,2.9146,27.09,88.76,3.97
Mumbai,2025,7,21,1.7285,26.9,90.87,4.23
Mumbai,2025,7,22,2.832,26.74,90.66,4.37
Mumbai,2025,7,23,2.6966,26.48,91.73,5.03
Mumbai,2025,7,24,2.7473,26.71,91.19,5.59
Mumbai,2025,7,25,2.0174,26.5,91.9,6.0
Mumbai,2025,7,26,2.8318,26.1,92.51,6.68
Mumbai,2025,7,27,3.3048,26.1,90.58,7.33
Mumbai,2025,7,28,3.2938,26.02,89.98,7.51
Mumbai,2025,7,29,2.7547,25.77,90.45,7.48
Mumbai,2025,7,30,1.9308,25.87,91.19,5.72
Mumbai,2025,7,31,3.8683,26.15,90.38,5.73
Mumbai,2025,8,1,4.4033,26.1,90.25,4.75
Mumbai,2025,8,2,3.4716,25.9,90.73,3.78
Mumbai,2025,8,3,3.9571,26.26,89.67,3.4
Mumbai,2025,8,4,5.1768,26.3,89.53,3.18
Mumbai,2025,8,5,5.3462,26.35,89.21,2.74
Mumbai,2025,8,6,3.9458,26.58,88.0,2.42
Mumbai,2025,8,7,3.8602,26.54,88.8,2.54
Mumbai,2025,8,8,4.5869,26.47,88.25,2.11
Mumbai,2025,8,9,5.2918,26.35,87.62,2.29
Mumbai,2025,8,10,4.7635,26.23,87.57,2.17
Mumbai,2025,8,11,5.3815,26.28,89.3,3.09
Mumbai,2025,8,12,5.6383,26.26,88.8,2.82
Mumbai,2025,8,13,2.8694,26.16,90.4,3.02
Mumbai,2025,8,14,1.9961,26.1,90.64,3.59
Mumbai,2025,8,15,1.2758,25.72,92.22,3.1
Mumbai,2025,8,16,1.5101,25.75,92.74,3.79
Mumbai,2025,8,17,1.7186,26.08,93.43,4.75
Mumbai,2025,8,18,1.2919,25.64,93.61,7.01
Mumbai,2025,8,19,0.8789,25.59,93.58,7.22
Mumbai,2025,8,20,3.6566,25.55,92.0,7.65
Mumbai,2025,8,21,4.6543,25.99,90.71,6.35
Mumbai,2025,8,22,5.0472,25.99,89.86,5.83
Mumbai,2025,8,23,5.3618,25.82,89.15,6.25
Mumbai,2025,8,24,5.3167,25.88,88.07,6.3
Mumbai,2025,8,25,2.8063,25.55,90.68,5.72
Mumbai,2025,8,26,2.7372,25.64,91.85,4.79
Mumbai,2025,8,27,3.5347,25.81,92.52,2.87
Mumbai,2025,8,28,4.1364,25.98,92.99,3.31
Mumbai,2025,8,29,1.7021,26.18,91.01,2.67
Mumbai,2025,8,30,3.6792,26.36,91.58,3.52
Mumbai,2025,8,31,3.4829,26.32,91.56,4.21
Mumbai,2025,9,1,3.8234,25.99,91.3,5.23
Mumbai,2025,9,2,4.2343,25.98,91.22,4.44
Mumbai,2025,9,3,4.463,25.93,91.28,3.97
Mumbai,2025,9,4,3.3958,25.41,92.12,3.8
Mumbai,2025,9,5,3.3463,26.01,91.07,4.63
Mumbai,2025,9,6,2.9472,25.41,94.42,4.6
Mumbai,2025,9,7,3.3972,25.82,91.84,4.65
Mumbai,2025,9,8,4.9114,25.53,91.16,3.64
Mumbai,2025,9,9,5.8865,25.47,89.19,2.54
Mumbai,2025,9,10,6.3511,25.86,85.35,1.87
Mumbai,2025,9,11,5.8399,25.94,86.37,2.32
Mumbai,2025,9,12,4.9426,26.0,87.53,2.46
Mumbai,2025,9,13,2.6503,25.73,89.92,2.53
Mumbai,2025,9,14,2.9986,26.25,89.78,3.07
Mumbai,2025,9,15,1.2516,25.76,93.73,3.91
Mumbai,2025,9,16,2.6162,25.87,92.09,2.25
Mumbai,2025,9,17,3.3199,26.42,90.22,1.99
Mumbai,2025,9,18,3.1207,26.38,90.55,2.61
Mumbai,2025,9,19,3.5422,25.79,92.44,2.1
Mumbai,2025,9,20,5.0383,25.63,91.87,2.31
Mumbai,2025,9,21,3.4296,26.25,90.97,2.53
Mumbai,2025,9,22,2.6705,25.68,92.6,3.14
Mumbai,2025,9,23,3.4464,25.42,90.45,2.62
Mumbai,2025,9,24,5.7086,25.82,88.25,2.53
Mumbai,2025,9,25,5.9059,25.92,86.35,2.08
Mumbai,2025,9,26,4.2989,26.08,87.31,2.23
Mumbai,2025,9,27,1.2859,26.1,92.34,3.93
Mumbai,2025,9,28,0.5542,25.37,94.43,6.66
Mumbai,2025,9,29,3.7255,24.78,92.72,7.03
Mumbai,2025,9,30,4.7539,25.33,90.4,5.02
Mumbai,2025,10,1,5.0093,25.72,90.8,4.82
Mumbai,2025,10,2,4.9152,25.92,91.12,4.22
Mumbai,2025,10,3,5.4341,26.17,89.77,2.83
Mumbai,2025,10,4,5.4382,25.92,89.66,2.35
Mumbai,2025,10,5,5.303,25.83,89.41,2.5
Mumbai,2025,10,6,5.5884,25.44,88.65,2.35
Mumbai,2025,10,7,4.9901,25.81,87.87,2.09
Mumbai,2025,10,8,5.9028,25.96,86.85,2.56
Mumbai,2025,10,9,5.4835,25.77,80.73,2.7
Mumbai,2025,10,10,5.9237,25.57,78.47,2.91
Mumbai,2025,10,11,5.6894,25.47,76.56,3.05
Mumbai,2025,10,12,5.9352,25.36,76.05,3.32
Mumbai,2025,10,13,6.138,24.91,73.02,3.61
Mumbai,2025,10,14,6.0528,24.59,71.03,3.26
Mumbai,2025,10,15,4.8444,25.68,77.42,3.0
Mumbai,2025,10,16,5.8171,27.56,82.24,2.76
Mumbai,2025,10,17,5.713,27.43,78.6,3.52
Mumbai,2025,10,18,5.0371,27.0,77.9,3.06
Mumbai,2025,10,19,4.8754,27.04,77.34,3.32
Mumbai,2025,10,20,5.0374,25.95,79.17,3.9
Mumbai,2025,10,21,4.9142,26.49,80.08,3.44
Mumbai,2025,10,22,5.3496,27.43,81.0,3.08
Mumbai,2025,10,23,5.3978,27.39,81.19,3.97
Mumbai,2025,10,24,4.7496,27.37,83.16,3.37
Mumbai,2025,10,25,3.1582,26.22,87.82,3.02
Mumbai,2025,10,26,2.263,26.36,87.45,3.8
Mumbai,2025,10,27,3.1817,26.17,89.08,3.91
Mumbai,2025,10,28,3.4452,26.73,85.59,3.77
Mumbai,2025,10,29,4.159,26.18,89.67,2.81
Mumbai,2025,10,30,3.8386,26.13,89.54,4.39
Mumbai,2025,10,31,3.0948,25.75,88.87,4.96
Mumbai,2025,11,1,4.6673,25.87,89.49,4.02
Mumbai,2025,11,2,4.0742,25.89,90.26,3.37
Mumbai,2025,11,3,5.0998,25.78,88.94,2.56
Mumbai,2025,11,4,4.3128,25.66,85.58,2.51
Mumbai,2025,11,5,5.3868,24.74,80.19,1.48
Mumbai,2025,11,6,5.0018,24.01,81.01,1.98
Mumbai,2025,11,7,4.8758,24.35,74.69,2.87
Mumbai,2025,11,8,5.5073,22.91,66.3,3.6
Mumbai,2025,11,9,5.6222,22.17,67.14,2.54
Mumbai,2025,11,10,5.6383,22.58,64.72,2.1
Mumbai,2025,11,11,5.3669,22.51,66.34,2.08
Mumbai,2025,11,12,4.7501,22.04,68.08,3.24
Mumbai,2025,11,13,4.9058,21.84,67.8,3.71
Mumbai,2025,11,14,5.197,21.52,67.02,4.06
Mumbai,2025,11,15,5.3074,20.89,65.68,4.05
Mumbai,2025,11,16,5.2277,20.7,68.1,4.53
Mumbai,2025,11,17,5.1866,20.38,69.02,4.23
Mumbai,2025,11,18,5.1816,19.76,67.49,4.17
Mumbai,2025,11,19,5.2154,20.67,65.78,3.75
Mumbai,2025,11,20,5.1734,20.9,67.12,3.94
Mumbai,2025,11,21,4.8298,21.91,69.99,3.79
Mumbai,2025,11,22,4.7717,23.81,75.95,3.29
Mumbai,2025,11,23,4.4933,24.85,67.51,2.31
Mumbai,2025,11,24,4.4306,24.81,73.13,2.48
Mumbai,2025,11,25,4.0666,24.59,72.28,2.97
Mumbai,2025,11,26,4.051,24.09,72.07,3.14
Mumbai,2025,11,27,4.0397,24.03,73.31,3.28
Mumbai,2025,11,28,3.9562,23.7,75.06,3.5
Mumbai,2025,11,29,4.0783,22.38,68.2,4.1
Mumbai,2025,11,30,4.2715,21.3,67.89,3.8
Mumbai,2025,12,1,4.6505,22.03,67.25,3.45
Mumbai,2025,12,2,4.1172,22.29,66.96,2.75
Mumbai,2025,12,3,4.2778,22.51,72.25,3.64
Mumbai,2025,12,4,3.9814,23.12,71.61,4.01
Mumbai,2025,12,5,4.0049,23.94,73.26,4.13
Mumbai,2025,12,6,3.7226,23.27,69.22,4.13
Mumbai,2025,12,7,4.4988,22.21,67.97,3.75
Mumbai,2025,12,8,4.4851,21.68,64.98,3.8
Mumbai,2025,12,9,5.2622,21.0,61.6,4.67
Mumbai,2025,12,10,5.3546,21.05,57.8,4.38
Mumbai,2025,12,11,5.2927,21.05,57.23,3.91
Mumbai,2025,12,12,5.2174,20.9,60.47,3.76
Mumbai,2025,12,13,5.023,21.93,57.63,3.01
Mumbai,2025,12,14,4.9166,21.86,61.49,3.77
Mumbai,2025,12,15,5.0266,21.44,59.95,3.95
Mumbai,2025,12,16,4.7962,21.58,60.78,4.19
Mumbai,2025,12,17,4.5943,22.27,65.99,4.01
Mumbai,2025,12,18,4.8718,22.47,58.78,4.06
Mumbai,2025,12,19,5.2459,21.46,56.54,4.11
Mumbai,2025,12,20,5.2973,21.61,54.85,3.66
Mumbai,2025,12,21,4.4398,21.24,56.33,3.93
Mumbai,2025,12,22,4.4796,21.07,59.68,4.22
Mumbai,2025,12,23,4.781,22.28,56.09,4.1
Mumbai,2025,12,24,4.6826,21.84,60.59,3.93
Mumbai,2025,12,25,4.3735,22.0,55.45,3.61
Mumbai,2025,12,26,4.235,21.54,59.06,3.25
Mumbai,2025,12,27,4.2845,21.98,61.46,3.79
Mumbai,2025,12,28,4.3949,21.7,59.1,3.56
Mumbai,2025,12,29,4.4532,21.4,58.7,3.37
Mumbai,2025,12,30,4.3666,21.23,63.93,2.74
Mumbai,2025,12,31,4.4294,21.04,76.68,2.52
Visakhapatnam,2018,1,1,2.6642,21.05,79.17,7.72
Visakhapatnam,2018,1,2,4.2151,22.68,71.98,5.48
Visakhapatnam,2018,1,3,4.3037,23.18,65.64,3.75
Visakhapatnam,2018,1,4,4.2002,23.0,63.66,3.15
Visakhapatnam,2018,1,5,4.4542,22.51,64.12,3.87
Visakhapatnam,2018,1,6,4.5893,22.28,55.49,3.53
Visakhapatnam,2018,1,7,4.4201,22.49,58.13,3.59
Visakhapatnam,2018,1,8,4.3414,22.01,61.44,5.58
Visakhapatnam,2018,1,9,4.4825,21.79,64.9,5.54
Visakhapatnam,2018,1,10,4.6644,22.75,64.32,4.38
Visakhapatnam,2018,1,11,4.4597,23.4,65.57,3.03
Visakhapatnam,2018,1,12,4.4794,24.01,71.4,2.02
Visakhapatnam,2018,1,13,4.1933,24.07,76.64,2.21
Visakhapatnam,2018,1,14,4.356,23.88,64.97,3.15
Visakhapatnam,2018,1,15,4.212,24.3,63.96,2.59
Visakhapatnam,2018,1,16,4.8274,23.69,65.19,3.01
Visakhapatnam,2018,1,17,4.6493,23.27,65.65,2.4
Visakhapatnam,2018,1,18,4.981,23.27,61.01,2.54
Visakhapatnam,2018,1,19,4.9867,22.87,60.92,3.04
Visakhapatnam,2018,1,20,4.8461,22.63,60.81,3.24
Visakhapatnam,2018,1,21,5.1826,22.47,65.98,3.01
Visakhapatnam,2018,1,22,4.9524,22.24,71.01,2.98
Visakhapatnam,2018,1,23,4.8108,23.01,68.72,2.25
Visakhapatnam,2018,1,24,4.7858,23.98,66.74,1.78
Visakhapatnam,2018,1,25,4.2929,24.02,65.93,2.24
Visakhapatnam,2018,1,26,4.1923,23.75,76.46,2.92
Visakhapatnam,2018,1,27,4.6903,24.06,70.94,2.99
Visakhapatnam,2018,1,28,4.829,23.46,71.28,3.38
Visakhapatnam,2018,1,29,4.9908,23.3,68.5,3.41
Visakhapatnam,2018,1,30,5.3539,23.51,55.95,1.97
Visakhapatnam,2018,1,31,5.5718,24.28,53.64,2.55
Visakhapatnam,2018,2,1,5.8234,24.75,54.54,2.73
Visakhapatnam,2018,2,2,5.4761,24.45,55.32,2.52
Visakhapatnam,2018,2,3,5.7336,23.78,62.29,2.26
Visakhapatnam,2018,2,4,5.802,23.93,62.05,2.49
Visakhapatnam,2018,2,5,5.5795,24.33,61.19,2.41
Visakhapatnam,2018,2,6,5.6177,24.39,59.59,1.82
Visakhapatnam,2018,2,7,4.6548,24.71,59.74,2.65
Visakhapatnam,2018,2,8,3.9696,25.63,57.55,2.19
Visakhapatnam,2018,2,9,5.5421,25.52,60.59,2.84
Visakhapatnam,2018,2,10,4.9123,25.44,68.67,3.0
Visakhapatnam,2018,2,11,3.1867,25.48,71.13,2.49
Visakhapatnam,2018,2,12,4.6781,24.96,76.08,4.27
Visakhapatnam,2018,2,13,5.0458,24.25,65.08,4.61
Visakhapatnam,2018,2,14,5.929,24.45,62.39,4.74
Visakhapatnam,2018,2,15,5.5687,25.19,62.09,3.46
Visakhapatnam,2018,2,16,5.5337,24.99,68.65,2.83
Visakhapatnam,2018,2,17,5.4497,25.0,65.32,2.24
Visakhapatnam,2018,2,18,5.6335,24.73,70.89,2.76
Visakhapatnam,2018,2,19,5.1982,24.86,69.37,2.44
Visakhapatnam,2018,2,20,5.7756,25.06,66.27,2.18
Visakhapatnam,2018,2,21,5.7163,25.27,65.39,2.43
Visakhapatnam,2018,2,22,6.0864,25.57,67.91,3.31
Visakhapatnam,2018,2,23,6.0823,25.49,66.16,2.8
Visakhapatnam,2018,2,24,6.323,25.46,61.65,2.22
Visakhapatnam,2018,2,25,6.4394,26.19,51.63,1.88
Visakhapatnam,2018,2,26,6.0734,26.71,48.16,3.01
Visakhapatnam,2018,2,27,5.9179,26.83,56.21,3.47
Visakhapatnam,2018,2,28,5.8008,26.93,55.81,3.16
Visakhapatnam,2018,3,1,6.5465,27.04,58.93,2.94
Visakhapatnam,2018,3,2,6.3665,27.16,62.44,3.66
Visakhapatnam,2018,3,3,6.0317,27.75,62.52,4.97
Visakhapatnam,2018,3,4,5.7002,27.72,59.37,5.27
Visakhapatnam,2018,3,5,6.0907,27.69,60.64,4.62
Visakhapatnam,2018,3,6,5.6551,27.41,63.99,3.92
Visakhapatnam,2018,3,7,5.2354,27.5,63.73,3.21
Visakhapatnam,2018,3,8,5.1238,27.06,69.48,3.06
Visakhapatnam,2018,3,9,5.2745,27.24,67.53,3.22
Visakhapatnam,2018,3,10,5.5841,27.65,61.51,2.68
Visakhapatnam,2018,3,11,5.8514,27.51,62.01,2.69
Visakhapatnam,2018,3,12,5.3842,27.6,64.69,3.75
Visakhapatnam,2018,3,13,5.7684,28.45,61.36,4.72
Visakhapatnam,2018,3,14,5.8534,28.48,59.44,5.38
Visakhapatnam,2018,3,15,5.3909,28.38,66.31,5.38
Visakhapatnam,2018,3,16,4.3274,28.43,66.69,3.68
Visakhapatnam,2018,3,17,2.5387,27.59,64.89,2.82
Visakhapatnam,2018,3,18,6.4399,28.02,64.49,3.34
Visakhapatnam,2018,3,19,5.8529,28.26,61.6,3.15
Visakhapatnam,2018,3,20,5.4185,28.65,65.09,4.44
Visakhapatnam,2018,3,21,5.9616,29.09,65.73,5.5
Visakhapatnam,2018,3,22,5.7257,29.49,64.79,5.16
Visakhapatnam,2018,3,23,5.405,29.55,66.75,4.52
Visakhapatnam,2018,3,24,5.2574,28.46,76.9,3.28
Visakhapatnam,2018,3,25,5.543,28.22,74.07,3.78
Visakhapatnam,2018,3,26,5.509,28.7,66.81,4.75
Visakhapatnam,2018,3,27,5.3119,29.14,66.23,4.81
Visakhapatnam,2018,3,28,6.1373,28.63,74.02,5.16
Visakhapatnam,2018,3,29,5.753,28.9,76.44,5.69
Visakhapatnam,2018,3,30,5.5205,28.81,76.0,5.51
Visakhapatnam,2018,3,31,4.5538,28.46,75.31,5.23
Visakhapatnam,2018,4,1,5.9779,28.38,75.45,4.61
Visakhapatnam,2018,4,2,6.3528,27.51,76.19,2.99
Visakhapatnam,2018,4,3,5.915,28.09,75.78,4.49
Visakhapatnam,2018,4,4,5.9813,28.4,75.94,4.94
Visakhapatnam,2018,4,5,6.4226,28.47,74.69,5.01
Visakhapatnam,2018,4,6,6.0665,28.6,73.73,5.15
Visakhapatnam,2018,4,7,6.1747,27.72,79.77,3.18
Visakhapatnam,2018,4,8,6.15,27.49,77.15,2.44
Visakhapatnam,2018,4,9,6.4063,28.24,70.58,2.68
Visakhapatnam,2018,4,10,6.7361,28.53,69.8,2.84
Visakhapatnam,2018,4,11,6.7121,29.4,67.73,3.55
Visakhapatnam,2018,4,12,6.9322,29.64,68.36,4.01
Visakhapatnam,2018,4,13,7.0997,30.0,66.44,3.27
Visakhapatnam,2018,4,14,6.6655,30.19,69.42,4.49
Visakhapatnam,2018,4,15,6.6696,30.47,68.03,3.71
Visakhapatnam,2018,4,16,6.9101,31.13,65.07,4.45
Visakhapatnam,2018,4,17,6.9252,30.68,67.57,4.8
Visakhapatnam,2018,4,18,6.5078,30.88,67.7,5.83
Visakhapatnam,2018,4,19,6.8726,30.78,70.62,6.4
Visakhapatnam,2018,4,20,6.4438,30.43,73.11,6.28
Visakhapatnam,2018,4,21,6.5582,30.04,75.1,5.7
Visakhapatnam,2018,4,22,6.8844,30.38,74.33,6.45
Visakhapatnam,2018,4,23,6.4728,30.7,70.24,5.44
Visakhapatnam,2018,4,24,3.8945,30.13,71.78,4.71
Visakhapatnam,2018,4,25,6.481,29.87,72.94,5.29
Visakhapatnam,2018,4,26,7.0246,29.91,73.02,5.7
Visakhapatnam,2018,4,27,6.7039,29.94,72.53,4.86
Visakhapatnam,2018,4,28,6.7114,29.9,73.2,5.4
Visakhapatnam,2018,4,29,6.3108,30.11,72.6,6.25
Visakhapatnam,2018,4,30,6.1462,30.06,76.84,6.02
Visakhapatnam,2018,5,1,1.8055,29.17,83.16,4.59
Visakhapatnam,2018,5,2,6.7025,29.3,81.37,4.82
Visakhapatnam,2018,5,3,2.5334,28.93,83.07,4.14
Visakhapatnam,2018,5,4,6.3178,29.16,77.81,4.17
Visakhapatnam,2018,5,5,6.8746,30.04,76.85,5.42
Visakhapatnam,2018,5,6,6.5909,30.5,74.53,5.63
Visakhapatnam,2018,5,7,6.4406,30.53,74.21,5.4
Visakhapatnam,2018,5,8,6.6235,29.95,77.51,5.57
Visakhapatnam,2018,5,9,6.3281,30.18,75.23,5.33
Visakhapatnam,2018,5,10,6.6086,29.93,75.09,4.94
Visakhapatnam,2018,5,11,6.4519,30.29,74.78,5.3
Visakhapatnam,2018,5,12,6.827,30.07,76.48,5.26
Visakhapatnam,2018,5,13,5.3702,29.96,76.11,5.56
Visakhapatnam,2018,5,14,5.7636,29.33,77.58,4.14
Visakhapatnam,2018,5,15,5.9638,29.64,71.92,4.62
Visakhapatnam,2018,5,16,6.3646,29.66,72.86,5.32
Visakhapatnam,2018,5,17,6.2702,29.96,74.72,5.24
Visakhapatnam,2018,5,18,6.6895,30.75,69.35,5.25
Visakhapatnam,2018,5,19,5.7833,29.9,76.71,5.12
Visakhapatnam,2018,5,20,6.4044,29.84,77.32,4.92
Visakhapatnam,2018,5,21,4.0502,29.57,79.19,4.12
Visakhapatnam,2018,5,22,6.5141,30.25,72.24,4.69
Visakhapatnam,2018,5,23,4.6658,29.28,79.42,4.41
Visakhapatnam,2018,5,24,6.0406,29.84,75.55,4.64
Visakhapatnam,2018,5,25,6.4109,29.69,77.06,3.63
Visakhapatnam,2018,5,26,6.5359,29.9,79.23,3.72
Visakhapatnam,2018,5,27,6.786,30.3,78.34,4.14
Visakhapatnam,2018,5,28,5.2874,30.11,80.52,5.04
Visakhapatnam,2018,5,29,5.8435,30.86,76.99,5.63
Visakhapatnam,2018,5,30,6.1637,30.98,78.75,4.84
Visakhapatnam,2018,5,31,5.4838,30.6,81.87,3.7
Visakhapatnam,2018,6,1,5.741,30.12,80.89,2.73
Visakhapatnam,2018,6,2,5.0426,30.74,75.34,4.73
Visakhapatnam,2018,6,3,5.705,30.54,76.43,4.55
Visakhapatnam,2018,6,4,6.1301,30.88,77.19,3.67
Visakhapatnam,2018,6,5,3.6756,29.65,82.99,4.65
Visakhapatnam,2018,6,6,3.4315,29.96,78.8,5.14
Visakhapatnam,2018,6,7,4.6027,29.46,81.61,6.83
Visakhapatnam,2018,6,8,3.1493,29.2,79.28,8.13
Visakhapatnam,2018,6,9,4.2,29.35,80.09,6.4
Visakhapatnam,2018,6,10,5.0071,29.29,79.7,6.47
Visakhapatnam,2018,6,11,3.7344,29.47,79.65,6.56
Visakhapatnam,2018,6,12,1.6538,29.21,82.08,6.54
Visakhapatnam,2018,6,13,3.1946,30.0,78.87,6.41
Visakhapatnam,2018,6,14,6.1099,30.95,74.72,5.62
Visakhapatnam,2018,6,15,6.4709,31.29,71.91,5.24
Visakhapatnam,2018,6,16,6.2354,31.91,66.83,4.43
Visakhapatnam,2018,6,17,6.6305,32.22,63.62,4.61
Visakhapatnam,2018,6,18,6.4339,31.69,64.82,4.92
Visakhapatnam,2018,6,19,6.8206,30.93,71.12,4.41
Visakhapatnam,2018,6,20,5.9462,29.77,76.52,5.04
Visakhapatnam,2018,6,21,3.9238,29.6,79.24,5.68
Visakhapatnam,2018,6,22,2.4478,28.66,83.77,3.82
Visakhapatnam,2018,6,23,4.8055,29.03,80.67,3.51
Visakhapatnam,2018,6,24,4.8943,29.41,80.12,4.69
Visakhapatnam,2018,6,25,5.6626,29.52,75.08,5.2
Visakhapatnam,2018,6,26,3.3454,28.69,78.06,6.34
Visakhapatnam,2018,6,27,2.0102,28.56,80.37,5.4
Visakhapatnam,2018,6,28,2.6714,28.5,81.26,5.68
Visakhapatnam,2018,6,29,2.2915,28.02,83.28,5.17
Visakhapatnam,2018,6,30,5.6146,28.44,81.67,5.28
Visakhapatnam,2018,7,1,4.0548,28.19,83.22,5.53
Visakhapatnam,2018,7,2,6.3106,29.08,78.15,5.72
Visakhapatnam,2018,7,3,3.4308,28.42,82.57,5.72
Visakhapatnam,2018,7,4,4.0994,28.67,79.43,5.14
Visakhapatnam,2018,7,5,3.9545,29.17,80.09,4.12
Visakhapatnam,2018,7,6,5.004,28.54,83.35,4.84
Visakhapatnam,2018,7,7,3.5138,27.39,85.35,5.79
Visakhapatnam,2018,7,8,3.9134,27.9,82.92,6.75
Visakhapatnam,2018,7,9,3.4222,27.93,86.93,7.63
Visakhapatnam,2018,7,10,3.0307,28.86,82.44,6.73
Visakhapatnam,2018,7,11,2.7334,28.5,83.78,6.9
Visakhapatnam,2018,7,12,2.9664,27.96,85.6,6.55
Visakhapatnam,2018,7,13,3.9137,27.77,85.84,6.26
Visakhapatnam,2018,7,14,1.8672,27.92,85.81,6.73
Visakhapatnam,2018,7,15,1.9397,27.22,90.24,7.5
Visakhapatnam,2018,7,16,4.8826,27.73,87.01,8.02
Visakhapatnam,2018,7,17,6.0271,28.58,83.14,7.47
Visakhapatnam,2018,7,18,5.6724,28.75,84.58,4.88
Visakhapatnam,2018,7,19,2.1982,27.92,88.82,4.85
Visakhapatnam,2018,7,20,1.4155,27.15,88.3,6.87
Visakhapatnam,2018,7,21,1.691,27.42,87.64,8.2
Visakhapatnam,2018,7,22,3.9542,28.28,84.41,6.64
Visakhapatnam,2018,7,23,6.7068,28.41,84.52,5.17
Visakhapatnam,2018,7,24,6.2306,28.46,84.67,5.21
Visakhapatnam,2018,7,25,4.957,28.43,85.46,4.68
Visakhapatnam,2018,7,26,4.8648,28.52,84.38,4.51
Visakhapatnam,2018,7,27,4.062,28.09,84.18,4.57
Visakhapatnam,2018,7,28,5.2092,28.2,85.17,4.0
Visakhapatnam,2018,7,29,4.9531,28.17,86.18,3.9
Visakhapatnam,2018,7,30,3.5791,28.22,85.71,4.02
Visakhapatnam,2018,7,31,3.7226,28.09,86.54,4.87
Visakhapatnam,2018,8,1,5.6818,27.99,85.46,3.96
Visakhapatnam,2018,8,2,5.2726,28.11,85.1,3.92
Visakhapatnam,2018,8,3,3.275,27.8,85.09,3.76
Visakhapatnam,2018,8,4,5.334,28.43,82.95,4.1
Visakhapatnam,2018,8,5,5.1907,28.46,83.62,3.75
Visakhapatnam,2018,8,6,2.7012,27.54,86.63,4.49
Visakhapatnam,2018,8,7,1.9085,27.17,87.99,5.38
Visakhapatnam,2018,8,8,3.4834,27.66,86.01,6.51
Visakhapatnam,2018,8,9,5.5699,28.3,83.48,4.57
Visakhapatnam,2018,8,10,4.9862,28.59,84.44,4.03
Visakhapatnam,2018,8,11,3.9511,28.55,86.22,4.68
Visakhapatnam,2018,8,12,4.3925,27.12,89.55,6.57
Visakhapatnam,2018,8,13,1.2461,27.42,88.34,7.29
Visakhapatnam,2018,8,14,2.874,27.4,88.91,6.39
Visakhapatnam,2018,8,15,2.5891,27.45,91.29,6.37
Visakhapatnam,2018,8,16,4.8233,27.56,88.21,9.24
Visakhapatnam,2018,8,17,6.4994,27.81,85.17,7.43
Visakhapatnam,2018,8,18,2.6904,27.8,86.92,5.04
Visakhapatnam,2018,8,19,3.0778,27.75,87.64,5.81
Visakhapatnam,2018,8,20,4.3486,27.3,88.76,6.28
Visakhapatnam,2018,8,21,6.5515,28.13,84.31,6.63
Visakhapatnam,2018,8,22,6.6259,28.45,83.61,5.05
Visakhapatnam,2018,8,23,5.4506,28.58,85.65,4.49
Visakhapatnam,2018,8,24,3.8789,28.55,84.89,4.18
Visakhapatnam,2018,8,25,1.5058,27.96,87.45,4.88
Visakhapatnam,2018,8,26,2.0422,27.31,88.17,5.95
Visakhapatnam,2018,8,27,3.1567,27.29,85.68,6.0
Visakhapatnam,2018,8,28,4.1549,27.3,86.08,5.26
Visakhapatnam,2018,8,29,4.4213,28.11,84.04,4.49
Visakhapatnam,2018,8,30,5.922,28.16,85.74,4.35
Visakhapatnam,2018,8,31,5.153,28.2,85.11,4.09
Visakhapatnam,2018,9,1,4.4102,27.85,84.15,4.5
Visakhapatnam,2018,9,2,5.0213,28.0,83.71,4.19
Visakhapatnam,2018,9,3,5.2642,28.17,84.91,3.96
Visakhapatnam,2018,9,4,5.6098,28.16,84.86,4.22
Visakhapatnam,2018,9,5,4.0764,27.63,86.16,5.03
Visakhapatnam,2018,9,6,3.0317,27.11,84.67,5.67
Visakhapatnam,2018,9,7,2.8481,27.67,82.12,5.76
Visakhapatnam,2018,9,8,6.1382,28.29,76.94,2.83
Visakhapatnam,2018,9,9,4.7827,28.07,78.86,2.21
Visakhapatnam,2018,9,10,5.4617,28.68,77.49,2.73
Visakhapatnam,2018,9,11,5.8668,28.94,79.52,3.39
Visakhapatnam,2018,9,12,5.9232,28.52,83.77,4.04
Visakhapatnam,2018,9,13,5.4749,28.46,83.25,3.43
Visakhapatnam,2018,9,14,4.2607,29.24,78.9,2.2
Visakhapatnam,2018,9,15,5.766,28.62,82.84,2.44
Visakhapatnam,2018,9,16,3.0137,27.5,83.88,1.66
Visakhapatnam,2018,9,17,2.8627,27.29,81.96,1.06
Visakhapatnam,2018,9,18,4.9387,28.36,76.87,1.98
Visakhapatnam,2018,9,19,5.3285,28.03,83.2,2.23
Visakhapatnam,2018,9,20,0.9818,27.31,86.06,4.83
Visakhapatnam,2018,9,21,4.3212,27.59,86.19,8.42
Visakhapatnam,2018,9,22,5.1811,27.66,86.15,4.15
Visakhapatnam,2018,9,23,6.1171,27.48,84.94,2.03
Visakhapatnam,2018,9,24,6.3041,27.62,82.74,2.28
Visakhapatnam,2018,9,25,6.2443,28.56,82.83,3.0
Visakhapatnam,2018,9,26,6.287,28.54,82.37,2.69
Visakhapatnam,2018,9,27,6.2424,27.84,84.91,2.45
Visakhapatnam,2018,9,28,6.3912,28.23,79.85,2.02
Visakhapatnam,2018,9,29,6.2719,28.62,76.21,1.48
Visakhapatnam,2018,9,30,6.0094,29.1,75.83,1.87
Visakhapatnam,2018,10,1,5.9314,29.07,76.51,1.79
Visakhapatnam,2018,10,2,6.2278,28.82,75.5,1.79
Visakhapatnam,2018,10,3,5.9438,28.68,77.44,2.2
Visakhapatnam,2018,10,4,6.2614,28.31,76.69,2.86
Visakhapatnam,2018,10,5,5.7926,28.12,75.61,3.06
Visakhapatnam,2018,10,6,5.6302,28.36,77.18,2.55
Visakhapatnam,2018,10,7,5.6045,28.29,79.34,4.14
Visakhapatnam,2018,10,8,5.7643,27.91,77.84,5.11
Visakhapatnam,2018,10,9,5.3458,27.87,77.48,6.84
Visakhapatnam,2018,10,10,2.0964,26.52,80.71,7.66
Visakhapatnam,2018,10,11,1.3721,27.02,80.84,6.68
Visakhapatnam,2018,10,12,4.3126,28.01,83.91,5.75
Visakhapatnam,2018,10,13,4.8602,28.41,84.49,3.85
Visakhapatnam,2018,10,14,5.0407,28.49,82.2,3.01
Visakhapatnam,2018,10,15,3.4495,27.9,83.75,1.68
Visakhapatnam,2018,10,16,4.6385,27.26,83.43,2.94
Visakhapatnam,2018,10,17,5.5159,27.62,74.19,2.04
Visakhapatnam,2018,10,18,5.7079,27.7,66.25,1.62
Visakhapatnam,2018,10,19,5.443,27.48,65.08,1.73
Visakhapatnam,2018,10,20,5.657,27.41,71.23,2.15
Visakhapatnam,2018,10,21,5.2483,27.43,74.31,2.63
Visakhapatnam,2018,10,22,5.389,27.52,73.45,1.69
Visakhapatnam,2018,10,23,5.3429,27.76,71.12,1.53
Visakhapatnam,2018,10,24,4.9644,28.11,67.82,1.19
Visakhapatnam,2018,10,25,5.2591,27.55,70.58,2.84
Visakhapatnam,2018,10,26,5.6297,26.67,68.27,4.18
Visakhapatnam,2018,10,27,5.3618,26.02,70.98,5.34
Visakhapatnam,2018,10,28,4.0428,25.92,77.32,7.09
Visakhapatnam,2018,10,29,4.8007,25.54,86.63,7.14
Visakhapatnam,2018,10,30,5.4948,26.51,82.64,5.46
Visakhapatnam,2018,10,31,5.2253,26.17,83.73,4.63
Visakhapatnam,2018,11,1,4.5257,26.17,85.5,4.66
Visakhapatnam,2018,11,2,5.3198,26.58,83.7,3.92
Visakhapatnam,2018,11,3,5.5205,26.66,83.44,3.3
Visakhapatnam,2018,11,4,5.61,26.57,83.75,2.8
Visakhapatnam,2018,11,5,5.3525,27.03,79.87,1.77
Visakhapatnam,2018,11,6,5.2346,26.94,78.95,1.71
Visakhapatnam,2018,11,7,5.2274,26.72,75.59,1.8
Visakhapatnam,2018,11,8,4.8211,26.45,75.9,2.78
Visakhapatnam,2018,11,9,4.2238,26.38,78.62,2.36
Visakhapatnam,2018,11,10,4.5098,26.3,78.64,3.13
Visakhapatnam,2018,11,11,4.4028,25.88,72.79,4.91
Visakhapatnam,2018,11,12,3.9461,25.27,73.45,5.98
Visakhapatnam,2018,11,13,5.0911,25.98,74.08,6.27
Visakhapatnam,2018,11,14,4.4172,25.79,75.97,6.71
Visakhapatnam,2018,11,15,2.5423,26.26,76.31,6.57
Visakhapatnam,2018,11,16,4.2624,26.75,77.01,3.85
Visakhapatnam,2018,11,17,4.8055,26.94,79.54,2.57
Visakhapatnam,2018,11,18,4.7782,27.14,78.88,2.53
Visakhapatnam,2018,11,19,4.9097,26.83,78.15,3.99
Visakhapatnam,2018,11,20,4.7892,26.29,77.1,4.24
Visakhapatnam,2018,11,21,4.5439,26.17,75.65,4.83
Visakhapatnam,2018,11,22,4.0639,25.92,74.79,4.25
Visakhapatnam,2018,11,23,4.0524,26.09,74.93,3.21
Visakhapatnam,2018,11,24,4.5312,25.84,62.65,3.04
Visakhapatnam,2018,11,25,4.8794,24.67,56.23,3.77
Visakhapatnam,2018,11,26,4.8806,24.2,60.48,3.52
Visakhapatnam,2018,11,27,4.4011,24.18,68.94,3.8
Visakhapatnam,2018,11,28,4.3747,24.82,73.53,4.39
Visakhapatnam,2018,11,29,4.6567,25.22,68.72,4.05
Visakhapatnam,2018,11,30,4.4239,24.99,72.85,4.05
Visakhapatnam,2018,12,1,3.929,24.88,72.83,4.08
Visakhapatnam,2018,12,2,4.3512,24.56,73.29,4.85
Visakhapatnam,2018,12,3,3.8582,24.5,75.01,5.17
Visakhapatnam,2018,12,4,3.6557,24.92,74.75,5.49
Visakhapatnam,2018,12,5,3.3058,25.23,78.36,3.56
Visakhapatnam,2018,12,6,2.9844,25.59,80.01,2.73
Visakhapatnam,2018,12,7,3.6144,25.43,76.62,3.55
Visakhapatnam,2018,12,8,3.4272,25.1,76.1,3.59
Visakhapatnam,2018,12,9,3.6754,24.9,76.93,3.79
Visakhapatnam,2018,12,10,3.4385,24.76,73.15,3.63
Visakhapatnam,2018,12,11,4.1246,24.95,70.55,3.6
Visakhapatnam,2018,12,12,4.1162,24.98,75.92,4.21
Visakhapatnam,2018,12,13,3.805,25.19,76.9,4.38
Visakhapatnam,2018,12,14,4.0238,25.16,74.48,6.87
Visakhapatnam,2018,12,15,2.9532,24.37,67.63,8.77
Visakhapatnam,2018,12,16,1.6183,22.24,75.52,10.26
Visakhapatnam,2018,12,17,0.7697,23.38,91.86,10.24
Visakhapatnam,2018,12,18,1.8113,23.45,82.61,4.75
Visakhapatnam,2018,12,19,4.4323,22.13,82.64,6.15
Visakhapatnam,2018,12,20,4.7614,22.56,81.65,4.9
Visakhapatnam,2018,12,21,4.5814,22.92,79.61,4.21
Visakhapatnam,2018,12,22,3.9379,22.86,75.09,5.02
Visakhapatnam,2018,12,23,3.996,22.61,70.26,4.69
Visakhapatnam,2018,12,24,4.0462,22.57,69.2,3.9
Visakhapatnam,2018,12,25,4.3519,22.81,70.41,2.93
Visakhapatnam,2018,12,26,4.0111,23.14,67.86,2.39
Visakhapatnam,2018,12,27,3.5892,23.57,70.12,2.01
Visakhapatnam,2018,12,28,3.7272,23.44,75.14,2.55
Visakhapatnam,2018,12,29,4.145,22.32,68.43,5.24
Visakhapatnam,2018,12,30,5.0215,21.04,56.29,5.07
Visakhapatnam,2018,12,31,4.9459,20.9,52.51,3.65
Visakhapatnam,2019,1,1,4.944,21.06,57.36,3.34
Visakhapatnam,2019,1,2,4.4717,21.85,64.19,3.64
Visakhapatnam,2019,1,3,4.601,22.4,66.95,2.71
Visakhapatnam,2019,1,4,4.1892,22.1,67.47,4.28
Visakhapatnam,2019,1,5,4.1849,21.52,71.93,4.36
Visakhapatnam,2019,1,6,4.4302,21.98,69.99,4.16
Visakhapatnam,2019,1,7,4.6066,22.61,67.06,3.7
Visakhapatnam,2019,1,8,4.4023,23.18,60.77,2.21
Visakhapatnam,2019,1,9,4.0236,22.95,64.89,2.85
Visakhapatnam,2019,1,10,4.087,22.36,77.5,4.01
Visakhapatnam,2019,1,11,4.195,22.27,75.0,4.08
Visakhapatnam,2019,1,12,3.9475,22.4,75.7,4.01
Visakhapatnam,2019,1,13,4.2497,22.64,72.94,3.79
Visakhapatnam,2019,1,14,4.1592,23.16,69.13,2.89
Visakhapatnam,2019,1,15,4.1383,23.28,69.12,3.56
Visakhapatnam,2019,1,16,3.7622,22.73,76.97,4.21
Visakhapatnam,2019,1,17,4.0694,22.74,76.02,3.29
Visakhapatnam,2019,1,18,4.5631,23.37,72.95,2.7
Visakhapatnam,2019,1,19,4.6445,23.12,73.43,3.01
Visakhapatnam,2019,1,20,4.7666,23.22,71.14,2.8
Visakhapatnam,2019,1,21,4.9644,23.39,69.05,3.05
Visakhapatnam,2019,1,22,4.9111,23.43,71.69,2.88
Visakhapatnam,2019,1,23,5.2073,23.12,72.96,2.85
Visakhapatnam,2019,1,24,5.2966,23.13,75.6,2.96
Visakhapatnam,2019,1,25,5.3323,23.77,73.53,3.69
Visakhapatnam,2019,1,26,5.1259,24.5,69.79,3.92
Visakhapatnam,2019,1,27,3.8263,24.08,71.36,4.54
Visakhapatnam,2019,1,28,2.0719,23.81,71.83,5.1
Visakhapatnam,2019,1,29,4.9706,23.91,70.34,3.79
Visakhapatnam,2019,1,30,4.3901,22.96,56.44,4.68
Visakhapatnam,2019,1,31,5.2349,22.45,67.08,4.57
Visakhapatnam,2019,2,1,5.4278,22.78,66.32,3.65
Visakhapatnam,2019,2,2,5.4101,23.38,67.55,3.08
Visakhapatnam,2019,2,3,5.2726,23.84,64.51,4.26
Visakhapatnam,2019,2,4,5.3911,24.15,65.14,4.2
Visakhapatnam,2019,2,5,5.2798,24.52,65.57,3.19
Visakhapatnam,2019,2,6,5.371,24.57,60.64,2.0
Visakhapatnam,2019,2,7,5.681,24.6,61.62,2.2
Visakhapatnam,2019,2,8,5.201,25.12,69.02,2.88
Visakhapatnam,2019,2,9,4.9807,25.81,75.87,2.75
Visakhapatnam,2019,2,10,4.9651,24.93,72.14,4.0
Visakhapatnam,2019,2,11,4.9366,23.95,75.27,4.7
Visakhapatnam,2019,2,12,5.5531,23.94,72.78,4.55
Visakhapatnam,2019,2,13,5.7958,23.84,70.47,4.26
Visakhapatnam,2019,2,14,5.9933,24.19,69.93,2.73
Visakhapatnam,2019,2,15,5.7545,24.38,72.71,2.37
Visakhapatnam,2019,2,16,5.0474,25.07,71.61,3.0
Visakhapatnam,2019,2,17,5.2673,25.72,75.69,3.5
Visakhapatnam,2019,2,18,5.3335,26.13,75.33,2.58
Visakhapatnam,2019,2,19,5.49,26.11,80.59,2.56
Visakhapatnam,2019,2,20,5.9794,26.13,76.8,2.4
Visakhapatnam,2019,2,21,6.0487,26.28,68.84,2.09
Visakhapatnam,2019,2,22,6.0509,27.3,63.96,3.02
Visakhapatnam,2019,2,23,5.9026,27.79,64.89,4.37
Visakhapatnam,2019,2,24,5.9057,27.81,64.79,4.89
Visakhapatnam,2019,2,25,5.7353,27.09,72.2,4.8
Visakhapatnam,2019,2,26,5.8174,26.34,78.02,3.94
Visakhapatnam,2019,2,27,6.0828,26.11,77.32,4.49
Visakhapatnam,2019,2,28,5.7403,26.7,74.67,3.94
Visakhapatnam,2019,3,1,4.8353,26.21,79.69,3.52
Visakhapatnam,2019,3,2,5.1127,25.83,79.93,4.24
Visakhapatnam,2019,3,3,4.9817,26.44,75.84,3.56
Visakhapatnam,2019,3,4,5.7418,27.14,76.41,5.42
Visakhapatnam,2019,3,5,5.7857,27.67,77.5,6.17
Visakhapatnam,2019,3,6,5.6635,28.05,78.91,4.86
Visakhapatnam,2019,3,7,5.3832,28.05,76.43,3.43
Visakhapatnam,2019,3,8,4.357,27.51,77.6,2.49
Visakhapatnam,2019,3,9,5.7742,27.33,75.42,2.75
Visakhapatnam,2019,3,10,6.1164,27.56,75.82,4.62
Visakhapatnam,2019,3,11,6.5479,28.21,73.83,4.71
Visakhapatnam,2019,3,12,6.1891,28.87,69.1,4.23
Visakhapatnam,2019,3,13,6.0074,29.41,63.57,4.37
Visakhapatnam,2019,3,14,6.0818,29.51,59.37,3.88
Visakhapatnam,2019,3,15,6.348,28.87,64.55,2.39
Visakhapatnam,2019,3,16,5.9957,28.25,65.38,2.52
Visakhapatnam,2019,3,17,6.2611,28.29,65.05,3.01
Visakhapatnam,2019,3,18,5.9683,28.1,60.34,2.77
Visakhapatnam,2019,3,19,6.5611,27.94,68.14,3.96
Visakhapatnam,2019,3,20,6.305,28.14,72.87,4.11
Visakhapatnam,2019,3,21,6.3262,28.28,71.03,3.88
Visakhapatnam,2019,3,22,6.2904,28.62,66.72,5.01
Visakhapatnam,2019,3,23,6.4757,29.16,67.31,4.28
Visakhapatnam,2019,3,24,5.5704,29.12,66.82,3.0
Visakhapatnam,2019,3,25,6.655,29.07,63.43,2.75
Visakhapatnam,2019,3,26,6.7279,29.0,64.39,3.19
Visakhapatnam,2019,3,27,5.9302,28.91,67.59,3.98
Visakhapatnam,2019,3,28,6.2882,29.11,67.9,3.75
Visakhapatnam,2019,3,29,6.2974,28.85,68.65,4.19
Visakhapatnam,2019,3,30,6.7111,29.34,69.94,4.7
Visakhapatnam,2019,3,31,6.5299,29.76,67.88,6.42
Visakhapatnam,2019,4,1,5.3748,29.22,72.48,5.63
Visakhapatnam,2019,4,2,6.4056,29.14,69.88,5.2
Visakhapatnam,2019,4,3,6.4502,29.02,70.18,4.75
Visakhapatnam,2019,4,4,6.3365,29.02,68.29,4.84
Visakhapatnam,2019,4,5,6.2263,29.58,68.84,5.62
Visakhapatnam,2019,4,6,4.8713,29.96,66.08,5.87
Visakhapatnam,2019,4,7,6.1769,29.35,69.15,5.38
Visakhapatnam,2019,4,8,6.1594,29.13,73.62,5.79
Visakhapatnam,2019,4,9,6.2844,29.45,72.92,5.12
Visakhapatnam,2019,4,10,6.5842,29.74,71.48,4.77
Visakhapatnam,2019,4,11,6.9134,29.88,68.49,5.07
Visakhapatnam,2019,4,12,6.8189,30.3,65.42,4.63
Visakhapatnam,2019,4,13,6.7459,30.7,62.6,4.6
Visakhapatnam,2019,4,14,6.8388,30.81,61.37,5.2
Visakhapatnam,2019,4,15,6.5434,30.7,64.18,5.64
Visakhapatnam,2019,4,16,6.9919,30.74,59.61,5.23
Visakhapatnam,2019,4,17,7.3877,29.8,64.13,4.52
Visakhapatnam,2019,4,18,6.9605,29.48,68.93,4.22
Visakhapatnam,2019,4,19,6.7442,29.4,70.68,4.1
Visakhapatnam,2019,4,20,6.6919,29.47,72.79,4.21
Visakhapatnam,2019,4,21,6.4764,30.14,71.01,4.17
Visakhapatnam,2019,4,22,7.0253,30.7,64.87,2.97
Visakhapatnam,2019,4,23,6.9149,30.35,66.73,3.25
Visakhapatnam,2019,4,24,6.787,30.6,64.61,3.75
Visakhapatnam,2019,4,25,6.7474,30.79,64.21,4.92
Visakhapatnam,2019,4,26,6.6034,30.95,66.46,4.78
Visakhapatnam,2019,4,27,6.1392,31.12,68.7,5.32
Visakhapatnam,2019,4,28,6.4502,30.9,70.54,5.71
Visakhapatnam,2019,4,29,6.9084,30.76,71.23,5.14
Visakhapatnam,2019,4,30,5.8433,30.47,69.46,3.57
Visakhapatnam,2019,5,1,2.5567,29.57,78.06,7.3
Visakhapatnam,2019,5,2,1.1009,29.01,72.62,10.38
Visakhapatnam,2019,5,3,4.0272,30.54,67.31,4.37
Visakhapatnam,2019,5,4,6.1956,31.04,72.87,4.81
Visakhapatnam,2019,5,5,6.7726,30.84,72.05,4.8
Visakhapatnam,2019,5,6,6.3134,31.26,67.22,4.23
Visakhapatnam,2019,5,7,6.486,30.72,74.47,4.73
Visakhapatnam,2019,5,8,6.2849,30.66,75.77,4.53
Visakhapatnam,2019,5,9,6.2837,31.2,69.72,4.47
Visakhapatnam,2019,5,10,6.3854,31.0,72.58,5.26
Visakhapatnam,2019,5,11,6.3134,30.75,76.06,5.7
Visakhapatnam,2019,5,12,6.456,30.78,71.8,5.58
Visakhapatnam,2019,5,13,5.1065,30.4,75.58,5.9
Visakhapatnam,2019,5,14,6.5093,30.57,73.9,5.13
Visakhapatnam,2019,5,15,6.613,30.47,74.12,5.23
Visakhapatnam,2019,5,16,6.7001,30.24,74.36,4.88
Visakhapatnam,2019,5,17,6.1114,30.54,74.84,5.32
Visakhapatnam,2019,5,18,6.8052,31.33,70.97,6.01
Visakhapatnam,2019,5,19,6.6019,31.61,68.58,5.93
Visakhapatnam,2019,5,20,6.455,30.75,71.68,5.29
Visakhapatnam,2019,5,21,6.6874,30.18,74.71,5.58
Visakhapatnam,2019,5,22,6.7308,30.06,75.1,5.96
Visakhapatnam,2019,5,23,6.4351,29.62,80.51,6.04
Visakhapatnam,2019,5,24,6.6137,30.33,77.26,6.82
Visakhapatnam,2019,5,25,6.8748,31.16,75.05,6.77
Visakhapatnam,2019,5,26,6.6602,31.43,77.56,5.95
Visakhapatnam,2019,5,27,6.2738,30.5,81.82,4.67
Visakhapatnam,2019,5,28,6.4018,30.71,76.25,4.87
Visakhapatnam,2019,5,29,5.958,30.46,78.05,4.26
Visakhapatnam,2019,5,30,6.5482,30.71,77.01,5.23
Visakhapatnam,2019,5,31,6.425,30.33,80.96,5.65
Visakhapatnam,2019,6,1,5.5457,30.45,79.09,4.65
Visakhapatnam,2019,6,2,5.6743,30.42,79.93,4.96
Visakhapatnam,2019,6,3,2.8334,30.03,82.46,3.88
Visakhapatnam,2019,6,4,6.282,30.19,78.6,4.57
Visakhapatnam,2019,6,5,5.9642,30.39,80.02,5.99
Visakhapatnam,2019,6,6,2.8282,30.03,81.83,5.75
Visakhapatnam,2019,6,7,4.493,30.04,82.53,5.99
Visakhapatnam,2019,6,8,5.2236,31.0,77.01,5.0
Visakhapatnam,2019,6,9,4.5182,31.14,77.28,5.36
Visakhapatnam,2019,6,10,1.673,29.69,82.2,7.21
Visakhapatnam,2019,6,11,5.3822,30.69,77.63,6.68
Visakhapatnam,2019,6,12,6.4534,31.58,73.51,6.5
Visakhapatnam,2019,6,13,3.3218,31.16,72.85,3.89
Visakhapatnam,2019,6,14,5.2716,31.19,72.01,5.25
Visakhapatnam,2019,6,15,6.2244,31.99,70.23,5.02
Visakhapatnam,2019,6,16,3.2186,31.67,69.56,3.39
Visakhapatnam,2019,6,17,5.0023,29.25,80.68,4.08
Visakhapatnam,2019,6,18,5.0016,28.65,81.98,4.67
Visakhapatnam,2019,6,19,5.3928,30.26,78.38,3.03
Visakhapatnam,2019,6,20,3.0276,29.33,82.22,5.59
Visakhapatnam,2019,6,21,4.3711,28.65,84.84,3.36
Visakhapatnam,2019,6,22,0.9326,28.61,86.52,4.81
Visakhapatnam,2019,6,23,5.5646,28.79,84.75,4.86
Visakhapatnam,2019,6,24,6.685,28.76,84.11,2.87
Visakhapatnam,2019,6,25,6.7327,28.93,85.8,2.89
Visakhapatnam,2019,6,26,6.9881,29.31,83.09,4.08
Visakhapatnam,2019,6,27,6.7018,30.33,78.32,5.07
Visakhapatnam,2019,6,28,5.7766,30.29,79.55,5.9
Visakhapatnam,2019,6,29,4.1237,29.07,82.27,5.82
Visakhapatnam,2019,6,30,2.7653,28.68,79.21,7.24
Visakhapatnam,2019,7,1,2.7286,28.28,84.49,6.21
Visakhapatnam,2019,7,2,2.3383,29.31,77.8,6.58
Visakhapatnam,2019,7,3,3.7056,29.62,75.79,6.48
Visakhapatnam,2019,7,4,3.8407,29.7,77.16,5.8
Visakhapatnam,2019,7,5,1.6814,29.14,79.29,6.98
Visakhapatnam,2019,7,6,1.9224,29.13,81.77,7.5
Visakhapatnam,2019,7,7,4.2665,29.91,75.44,6.94
Visakhapatnam,2019,7,8,5.5822,29.21,81.34,6.82
Visakhapatnam,2019,7,9,3.7546,28.88,84.17,5.79
Visakhapatnam,2019,7,10,4.5547,28.63,84.86,5.97
Visakhapatnam,2019,7,11,6.1037,28.59,84.03,6.92
Visakhapatnam,2019,7,12,6.5868,28.88,83.11,5.57
Visakhapatnam,2019,7,13,5.7094,28.78,84.19,4.94
Visakhapatnam,2019,7,14,5.2126,28.47,85.54,4.95
Visakhapatnam,2019,7,15,5.5164,28.82,83.67,5.51
Visakhapatnam,2019,7,16,6.4387,28.55,83.78,3.86
Visakhapatnam,2019,7,17,5.5702,28.36,81.98,2.1
Visakhapatnam,2019,7,18,4.7126,28.4,83.0,1.53
Visakhapatnam,2019,7,19,2.3441,27.99,84.17,1.86
Visakhapatnam,2019,7,20,5.9258,28.17,85.19,3.87
Visakhapatnam,2019,7,21,6.4745,28.33,86.1,3.57
Visakhapatnam,2019,7,22,6.6396,28.58,84.64,2.68
Visakhapatnam,2019,7,23,6.4375,28.1,82.08,1.84
Visakhapatnam,2019,7,24,6.3893,28.83,83.64,5.14
Visakhapatnam,2019,7,25,1.6284,28.45,87.76,6.17
Visakhapatnam,2019,7,26,1.3618,27.86,89.22,7.61
Visakhapatnam,2019,7,27,3.4087,27.69,85.48,8.33
Visakhapatnam,2019,7,28,1.2634,27.46,89.85,8.58
Visakhapatnam,2019,7,29,2.0856,27.68,87.3,9.44
Visakhapatnam,2019,7,30,5.9059,27.97,84.85,7.97
Visakhapatnam,2019,7,31,6.3761,28.21,85.64,6.61
Visakhapatnam,2019,8,1,3.397,27.85,87.53,7.36
Visakhapatnam,2019,8,2,3.8292,27.31,88.76,9.19
Visakhapatnam,2019,8,3,1.9805,27.45,86.26,10.23
Visakhapatnam,2019,8,4,4.8434,27.18,84.79,9.28
Visakhapatnam,2019,8,5,2.9004,27.16,84.17,8.92
Visakhapatnam,2019,8,6,1.0277,27.16,91.08,9.75
Visakhapatnam,2019,8,7,1.3032,26.64,88.65,11.75
Visakhapatnam,2019,8,8,3.9166,27.47,89.43,9.63
Visakhapatnam,2019,8,9,6.5717,28.02,90.05,5.54
Visakhapatnam,2019,8,10,6.4087,28.32,87.7,4.47
Visakhapatnam,2019,8,11,4.9901,28.82,85.86,3.49
Visakhapatnam,2019,8,12,2.353,28.4,87.44,3.23
Visakhapatnam,2019,8,13,4.1374,27.7,90.63,5.85
Visakhapatnam,2019,8,14,5.8421,27.86,89.49,5.51
Visakhapatnam,2019,8,15,6.4538,27.92,89.65,3.75
Visakhapatnam,2019,8,16,6.4037,28.11,88.94,3.56
Visakhapatnam,2019,8,17,4.9874,28.26,88.57,1.54
Visakhapatnam,2019,8,18,4.031,27.52,89.19,3.44
Visakhapatnam,2019,8,19,6.3509,28.59,86.19,3.54
Visakhapatnam,2019,8,20,5.441,28.41,87.29,4.52
Visakhapatnam,2019,8,21,6.2131,28.91,84.41,3.43
Visakhapatnam,2019,8,22,5.5939,28.73,81.85,3.93
Visakhapatnam,2019,8,23,4.6606,28.19,84.48,4.28
Visakhapatnam,2019,8,24,3.8364,27.75,85.9,4.73
Visakhapatnam,2019,8,25,3.6516,28.16,83.09,5.02
Visakhapatnam,2019,8,26,3.7025,28.14,86.52,6.89
Visakhapatnam,2019,8,27,5.5423,28.61,84.64,5.19
Visakhapatnam,2019,8,28,4.8766,28.25,86.81,5.03
Visakhapatnam,2019,8,29,4.4681,27.92,86.43,4.36
Visakhapatnam,2019,8,30,3.3636,28.4,88.25,4.2
Visakhapatnam,2019,8,31,3.037,27.66,91.22,4.42
Visakhapatnam,2019,9,1,2.4422,27.84,87.43,5.23
Visakhapatnam,2019,9,2,3.6768,27.08,88.02,7.5
Visakhapatnam,2019,9,3,2.3683,28.03,86.24,6.24
Visakhapatnam,2019,9,4,2.159,27.59,87.69,8.11
Visakhapatnam,2019,9,5,1.7318,27.86,88.28,7.71
Visakhapatnam,2019,9,6,4.3109,27.52,89.85,9.0
Visakhapatnam,2019,9,7,4.0565,27.76,88.61,7.19
Visakhapatnam,2019,9,8,6.2839,28.03,88.19,7.29
Visakhapatnam,2019,9,9,5.975,28.07,88.39,6.29
Visakhapatnam,2019,9,10,1.8797,28.02,90.16,6.32
Visakhapatnam,2019,9,11,1.3066,27.74,91.7,5.83
Visakhapatnam,2019,9,12,3.1673,27.43,90.84,6.54
Visakhapatnam,2019,9,13,3.8844,27.56,89.85,5.35
Visakhapatnam,2019,9,14,6.2167,27.66,89.27,4.55
Visakhapatnam,2019,9,15,5.994,28.0,88.73,4.07
Visakhapatnam,2019,9,16,5.9688,28.57,86.66,2.91
Visakhapatnam,2019,9,17,5.6971,27.79,90.06,2.9
Visakhapatnam,2019,9,18,5.365,27.79,87.04,5.13
Visakhapatnam,2019,9,19,5.4787,27.81,85.36,3.78
Visakhapatnam,2019,9,20,5.807,27.64,87.14,2.46
Visakhapatnam,2019,9,21,6.335,27.82,85.8,2.63
Visakhapatnam,2019,9,22,5.9935,28.01,85.41,2.91
Visakhapatnam,2019,9,23,4.499,27.77,85.75,2.69
Visakhapatnam,2019,9,24,3.4193,27.21,90.12,3.37
Visakhapatnam,2019,9,25,2.8282,27.27,88.01,4.47
Visakhapatnam,2019,9,26,1.7438,27.38,88.46,4.02
Visakhapatnam,2019,9,27,4.4501,27.57,83.12,2.41
Visakhapatnam,2019,9,28,4.7765,27.58,83.34,2.76
Visakhapatnam,2019,9,29,4.4988,26.98,83.56,2.61
Visakhapatnam,2019,9,30,3.2734,27.57,82.38,3.42
Visakhapatnam,2019,10,1,5.5658,28.16,82.68,4.18
Visakhapatnam,2019,10,2,4.5029,28.13,85.84,3.77
Visakhapatnam,2019,10,3,4.5348,28.11,84.41,2.98
Visakhapatnam,2019,10,4,5.6292,27.99,85.02,3.35
Visakhapatnam,2019,10,5,5.6146,27.94,83.84,2.65
Visakhapatnam,2019,10,6,6.0058,27.59,85.22,3.5
Visakhapatnam,2019,10,7,5.8385,28.2,80.4,1.95
Visakhapatnam,2019,10,8,4.6008,27.46,82.38,2.27
Visakhapatnam,2019,10,9,4.2943,26.95,84.64,2.44
Visakhapatnam,2019,10,10,5.1072,27.54,81.78,2.14
Visakhapatnam,2019,10,11,5.8598,27.49,85.2,3.15
Visakhapatnam,2019,10,12,5.9407,27.81,84.7,3.28
Visakhapatnam,2019,10,13,5.543,27.18,86.81,2.75
Visakhapatnam,2019,10,14,5.5447,27.61,85.93,4.56
Visakhapatnam,2019,10,15,5.0206,27.58,86.09,5.85
Visakhapatnam,2019,10,16,1.9262,27.23,87.86,3.87
Visakhapatnam,2019,10,17,3.7394,27.2,85.98,3.37
Visakhapatnam,2019,10,18,4.9678,27.28,85.75,4.51
Visakhapatnam,2019,10,19,1.1676,27.1,87.83,4.89
Visakhapatnam,2019,10,20,5.3352,27.39,86.74,3.88
Visakhapatnam,2019,10,21,4.1234,26.88,86.05,3.91
Visakhapatnam,2019,10,22,0.9245,26.27,87.2,3.81
Visakhapatnam,2019,10,23,1.6142,26.81,89.62,4.52
Visakhapatnam,2019,10,24,2.5884,27.18,89.56,5.45
Visakhapatnam,2019,10,25,3.6667,26.83,89.27,4.73
Visakhapatnam,2019,10,26,5.4403,27.17,82.35,2.54
Visakhapatnam,2019,10,27,5.4528,27.3,83.92,2.25
Visakhapatnam,2019,10,28,5.4854,27.21,86.86,3.62
Visakhapatnam,2019,10,29,5.1322,27.21,88.25,4.26
Visakhapatnam,2019,10,30,5.2363,26.99,84.21,2.49
Visakhapatnam,2019,10,31,5.0076,27.23,80.95,1.49
Visakhapatnam,2019,11,1,4.8341,27.43,79.67,1.81
Visakhapatnam,2019,11,2,4.3716,27.23,81.99,3.43
Visakhapatnam,2019,11,3,4.7004,27.1,77.13,2.58
Visakhapatnam,2019,11,4,4.8749,27.2,70.77,2.61
Visakhapatnam,2019,11,5,4.0483,27.02,77.76,3.24
Visakhapatnam,2019,11,6,3.607,26.88,76.77,3.91
Visakhapatnam,2019,11,7,3.6185,26.0,77.62,4.49
Visakhapatnam,2019,11,8,3.2957,26.46,73.68,3.96
Visakhapatnam,2019,11,9,4.6925,26.94,71.28,1.96
Visakhapatnam,2019,11,10,5.4132,26.74,77.32,2.59
Visakhapatnam,2019,11,11,5.2956,26.41,77.81,2.66
Visakhapatnam,2019,11,12,4.5595,25.75,80.65,3.66
Visakhapatnam,2019,11,13,4.931,25.21,81.41,5.19
Visakhapatnam,2019,11,14,4.4366,24.97,80.92,5.16
Visakhapatnam,2019,11,15,5.0194,24.54,81.8,4.61
Visakhapatnam,2019,11,16,4.9315,24.7,82.95,4.58
Visakhapatnam,2019,11,17,4.4376,25.53,84.96,4.77
Visakhapatnam,2019,11,18,4.452,25.31,85.41,4.65
Visakhapatnam,2019,11,19,4.1587,24.53,83.36,4.79
Visakhapatnam,2019,11,20,4.3783,24.48,82.96,5.22
Visakhapatnam,2019,11,21,4.8278,24.67,79.9,5.08
Visakhapatnam,2019,11,22,4.2869,24.21,80.2,4.22
Visakhapatnam,2019,11,23,4.4038,24.22,80.65,3.69
Visakhapatnam,2019,11,24,4.1846,24.11,80.54,3.33
Visakhapatnam,2019,11,25,4.0704,24.27,82.36,4.37
Visakhapatnam,2019,11,26,4.1016,24.65,79.69,5.24
Visakhapatnam,2019,11,27,4.4544,24.96,80.08,5.4
Visakhapatnam,2019,11,28,4.7657,24.35,83.66,5.14
Visakhapatnam,2019,11,29,4.5833,24.14,85.76,4.34
Visakhapatnam,2019,11,30,4.5902,24.93,84.36,4.62
Visakhapatnam,2019,12,1,4.0286,24.89,84.34,4.86
Visakhapatnam,2019,12,2,2.43,24.83,83.07,5.5
Visakhapatnam,2019,12,3,3.9458,24.29,80.23,5.64
Visakhapatnam,2019,12,4,4.0615,23.61,79.23,5.79
Visakhapatnam,2019,12,5,3.4502,22.87,77.98,5.72
Visakhapatnam,2019,12,6,4.8283,22.55,77.15,5.12
Visakhapatnam,2019,12,7,4.6385,23.21,82.08,5.1
Visakhapatnam,2019,12,8,3.9226,24.01,83.57,4.49
Visakhapatnam,2019,12,9,4.0822,24.18,81.52,4.18
Visakhapatnam,2019,12,10,4.789,23.91,78.7,3.26
Visakhapatnam,2019,12,11,4.319,24.07,77.93,2.92
Visakhapatnam,2019,12,12,3.985,24.1,75.25,3.69
Visakhapatnam,2019,12,13,4.1731,23.72,82.69,3.96
Visakhapatnam,2019,12,14,4.1179,24.46,80.25,4.5
Visakhapatnam,2019,12,15,4.6354,23.96,79.96,4.72
Visakhapatnam,2019,12,16,4.1119,23.55,80.92,4.32
Visakhapatnam,2019,12,17,4.0949,23.67,83.67,5.06
Visakhapatnam,2019,12,18,3.6487,23.75,83.91,4.88
Visakhapatnam,2019,12,19,3.5225,23.34,79.58,4.5
Visakhapatnam,2019,12,20,3.7651,22.93,77.91,3.71
Visakhapatnam,2019,12,21,3.0934,23.09,80.37,3.41
Visakhapatnam,2019,12,22,4.176,22.8,79.83,3.84
Visakhapatnam,2019,12,23,3.4898,22.83,78.28,4.17
Visakhapatnam,2019,12,24,3.7524,22.74,79.96,5.23
Visakhapatnam,2019,12,25,4.554,23.06,74.87,3.56
Visakhapatnam,2019,12,26,3.6118,24.18,72.36,2.21
Visakhapatnam,2019,12,27,3.4891,24.41,74.2,1.64
Visakhapatnam,2019,12,28,2.8994,21.73,74.7,6.56
Visakhapatnam,2019,12,29,4.3987,21.08,70.98,5.43
Visakhapatnam,2019,12,30,4.5602,21.65,73.16,5.35
Visakhapatnam,2019,12,31,4.0944,21.87,79.52,5.55
Visakhapatnam,2020,1,1,2.7874,22.83,85.28,6.66
Visakhapatnam,2020,1,2,1.7554,23.51,86.95,6.13
Visakhapatnam,2020,1,3,3.7591,24.63,85.88,3.49
Visakhapatnam,2020,1,4,2.766,21.92,83.85,5.58
Visakhapatnam,2020,1,5,4.0313,22.74,83.35,5.48
Visakhapatnam,2020,1,6,4.1237,22.29,76.9,5.98
Visakhapatnam,2020,1,7,4.2967,21.5,78.4,4.59
Visakhapatnam,2020,1,8,4.8269,22.11,75.9,3.33
Visakhapatnam,2020,1,9,4.585,23.26,75.75,1.74
Visakhapatnam,2020,1,10,3.9341,23.03,84.28,4.38
Visakhapatnam,2020,1,11,3.8314,22.46,80.85,5.19
Visakhapatnam,2020,1,12,4.7981,21.26,69.84,4.44
Visakhapatnam,2020,1,13,4.9145,21.32,68.52,2.43
Visakhapatnam,2020,1,14,4.9301,21.94,69.81,2.4
Visakhapatnam,2020,1,15,4.915,22.48,73.78,3.13
Visakhapatnam,2020,1,16,4.9997,22.69,74.18,2.65
Visakhapatnam,2020,1,17,4.8226,23.5,74.34,3.07
Visakhapatnam,2020,1,18,5.0734,23.58,77.61,3.77
Visakhapatnam,2020,1,19,5.2661,24.05,73.76,3.33
Visakhapatnam,2020,1,20,5.0393,23.93,71.51,2.86
Visakhapatnam,2020,1,21,4.5518,23.67,78.09,4.28
Visakhapatnam,2020,1,22,4.3589,24.01,78.89,3.97
Visakhapatnam,2020,1,23,4.8211,23.97,75.33,2.76
Visakhapatnam,2020,1,24,4.8485,24.25,69.09,2.81
Visakhapatnam,2020,1,25,4.4316,24.17,77.76,3.22
Visakhapatnam,2020,1,26,4.8622,25.18,74.49,2.23
Visakhapatnam,2020,1,27,4.9627,24.41,70.28,2.61
Visakhapatnam,2020,1,28,4.4839,25.01,75.72,3.45
Visakhapatnam,2020,1,29,5.0494,25.48,76.41,4.02
Visakhapatnam,2020,1,30,4.8386,25.71,74.24,3.66
Visakhapatnam,2020,1,31,4.2564,24.7,76.33,2.9
Visakhapatnam,2020,2,1,2.6126,25.05,79.97,3.71
Visakhapatnam,2020,2,2,3.0653,24.41,82.94,4.75
Visakhapatnam,2020,2,3,3.4159,24.37,81.67,5.37
Visakhapatnam,2020,2,4,1.1059,24.62,78.78,3.88
Visakhapatnam,2020,2,5,4.733,25.42,75.88,3.56
Visakhapatnam,2020,2,6,4.434,25.47,74.23,2.64
Visakhapatnam,2020,2,7,5.1919,25.5,73.87,3.63
Visakhapatnam,2020,2,8,4.4623,24.87,77.36,3.23
Visakhapatnam,2020,2,9,3.8148,24.03,77.82,5.82
Visakhapatnam,2020,2,10,4.9308,23.86,77.01,5.91
Visakhapatnam,2020,2,11,4.9111,24.32,74.34,5.21
Visakhapatnam,2020,2,12,5.22,24.4,60.58,4.18
Visakhapatnam,2020,2,13,5.6568,24.95,58.49,2.5
Visakhapatnam,2020,2,14,5.9335,25.7,62.02,3.11
Visakhapatnam,2020,2,15,5.9386,26.1,65.91,3.04
Visakhapatnam,2020,2,16,5.772,25.93,67.53,2.39
Visakhapatnam,2020,2,17,5.6038,25.77,70.91,2.91
Visakhapatnam,2020,2,18,5.4523,25.64,71.43,2.39
Visakhapatnam,2020,2,19,4.9279,25.46,74.9,3.08
Visakhapatnam,2020,2,20,5.7103,25.41,69.6,3.25
Visakhapatnam,2020,2,21,6.3302,25.29,63.66,3.92
Visakhapatnam,2020,2,22,6.2249,24.95,64.59,4.51
Visakhapatnam,2020,2,23,6.2549,24.89,63.24,3.18
Visakhapatnam,2020,2,24,6.0674,26.24,67.92,2.86
Visakhapatnam,2020,2,25,4.5619,26.26,73.64,3.87
Visakhapatnam,2020,2,26,5.01,26.26,73.64,2.14
Visakhapatnam,2020,2,27,5.9172,25.64,62.77,4.52
Visakhapatnam,2020,2,28,5.9194,25.32,64.39,3.91
Visakhapatnam,2020,2,29,5.3818,25.35,69.2,3.16
Visakhapatnam,2020,3,1,5.773,25.79,67.03,2.93
Visakhapatnam,2020,3,2,5.5894,26.22,62.35,2.68
Visakhapatnam,2020,3,3,5.8205,26.48,64.96,2.92
Visakhapatnam,2020,3,4,5.5322,26.56,68.71,3.63
Visakhapatnam,2020,3,5,5.7593,26.55,71.86,3.87
Visakhapatnam,2020,3,6,5.1262,26.64,75.19,4.0
Visakhapatnam,2020,3,7,4.2034,27.05,75.89,4.94
Visakhapatnam,2020,3,8,6.0458,26.89,76.53,3.64
Visakhapatnam,2020,3,9,5.7098,27.24,73.02,2.26
Visakhapatnam,2020,3,10,5.9645,27.31,70.84,3.02
Visakhapatnam,2020,3,11,6.4277,27.28,74.84,4.15
Visakhapatnam,2020,3,12,6.3048,27.49,76.57,3.68
Visakhapatnam,2020,3,13,6.8563,27.67,70.49,2.43
Visakhapatnam,2020,3,14,6.8767,27.37,69.81,2.35
Visakhapatnam,2020,3,15,6.5825,27.33,71.8,3.09
Visakhapatnam,2020,3,16,6.6353,27.42,70.45,2.47
Visakhapatnam,2020,3,17,6.4178,27.64,70.67,2.52
Visakhapatnam,2020,3,18,6.1764,28.53,65.6,3.2
Visakhapatnam,2020,3,19,5.6957,28.81,68.0,2.03
Visakhapatnam,2020,3,20,5.9878,27.86,66.72,2.32
Visakhapatnam,2020,3,21,6.2899,28.09,66.34,3.66
Visakhapatnam,2020,3,22,6.1474,27.96,71.63,4.38
Visakhapatnam,2020,3,23,5.8865,27.81,72.81,2.71
Visakhapatnam,2020,3,24,6.3636,27.93,69.52,2.78
Visakhapatnam,2020,3,25,6.167,28.38,68.44,3.26
Visakhapatnam,2020,3,26,6.6343,29.01,62.64,3.31
Visakhapatnam,2020,3,27,6.5731,29.15,62.66,4.19
Visakhapatnam,2020,3,28,6.0864,29.84,62.66,3.81
Visakhapatnam,2020,3,29,6.18,30.26,59.48,3.54
Visakhapatnam,2020,3,30,5.8855,30.05,62.72,2.9
Visakhapatnam,2020,3,31,6.2904,30.33,60.89,3.01
Visakhapatnam,2020,4,1,6.571,30.09,65.06,3.8
Visakhapatnam,2020,4,2,6.5702,30.23,65.8,4.68
Visakhapatnam,2020,4,3,6.3012,29.91,66.47,4.52
Visakhapatnam,2020,4,4,5.9921,29.72,64.14,3.36
Visakhapatnam,2020,4,5,6.313,29.74,62.82,3.47
Visakhapatnam,2020,4,6,6.1824,29.98,65.79,3.36
Visakhapatnam,2020,4,7,5.9417,29.71,70.18,3.84
Visakhapatnam,2020,4,8,5.8147,30.19,67.63,4.46
Visakhapatnam,2020,4,9,3.7126,29.67,69.06,3.87
Visakhapatnam,2020,4,10,6.6194,29.77,66.52,3.57
Visakhapatnam,2020,4,11,6.445,29.82,65.99,2.99
Visakhapatnam,2020,4,12,6.9554,29.97,63.64,2.99
Visakhapatnam,2020,4,13,6.769,30.53,61.3,4.56
Visakhapatnam,2020,4,14,6.5933,30.38,60.04,4.46
Visakhapatnam,2020,4,15,6.4169,30.49,62.21,4.97
Visakhapatnam,2020,4,16,6.289,30.33,63.04,5.3
Visakhapatnam,2020,4,17,6.5798,30.04,67.2,6.03
Visakhapatnam,2020,4,18,6.0295,30.02,70.11,5.49
Visakhapatnam,2020,4,19,6.1325,30.11,68.7,4.73
Visakhapatnam,2020,4,20,6.3682,30.52,67.43,4.48
Visakhapatnam,2020,4,21,6.7843,30.5,65.31,4.86
Visakhapatnam,2020,4,22,6.8407,30.07,71.02,5.01
Visakhapatnam,2020,4,23,6.8904,30.19,74.98,5.15
Visakhapatnam,2020,4,24,7.0433,30.39,74.14,6.01
Visakhapatnam,2020,4,25,4.1866,30.15,77.02,5.88
Visakhapatnam,2020,4,26,6.4135,29.43,81.77,4.05
Visakhapatnam,2020,4,27,5.935,29.35,75.73,3.05
Visakhapatnam,2020,4,28,6.6648,29.52,69.86,2.62
Visakhapatnam,2020,4,29,6.6646,30.15,70.19,3.6
Visakhapatnam,2020,4,30,7.0524,30.05,73.41,4.09
Visakhapatnam,2020,5,1,6.9564,30.72,71.65,4.04
Visakhapatnam,2020,5,2,6.8621,30.62,71.47,4.21
Visakhapatnam,2020,5,3,6.7488,31.04,71.39,5.2
Visakhapatnam,2020,5,4,5.7031,30.8,73.51,4.68
Visakhapatnam,2020,5,5,6.9209,30.55,74.63,4.43
Visakhapatnam,2020,5,6,6.8038,30.53,74.04,4.66
Visakhapatnam,2020,5,7,6.9746,30.54,73.08,4.87
Visakhapatnam,2020,5,8,7.1482,31.11,70.28,4.58
Visakhapatnam,2020,5,9,6.948,31.43,67.27,3.69
Visakhapatnam,2020,5,10,6.5407,31.15,68.61,3.87
Visakhapatnam,2020,5,11,6.3823,30.31,69.41,2.51
Visakhapatnam,2020,5,12,6.9432,30.55,64.36,2.58
Visakhapatnam,2020,5,13,7.4806,30.43,65.09,2.77
Visakhapatnam,2020,5,14,7.4981,30.34,70.88,3.07
Visakhapatnam,2020,5,15,7.1858,30.45,69.7,2.92
Visakhapatnam,2020,5,16,6.4817,30.64,71.71,3.04
Visakhapatnam,2020,5,17,7.1695,30.78,69.81,5.23
Visakhapatnam,2020,5,18,2.3707,29.98,69.85,7.68
Visakhapatnam,2020,5,19,1.7004,31.5,58.06,6.51
Visakhapatnam,2020,5,20,4.4971,33.22,46.38,2.54
Visakhapatnam,2020,5,21,6.018,32.2,60.61,4.11
Visakhapatnam,2020,5,22,6.6132,31.8,63.79,3.55
Visakhapatnam,2020,5,23,6.8153,31.01,78.58,4.86
Visakhapatnam,2020,5,24,6.311,30.93,76.78,5.81
Visakhapatnam,2020,5,25,6.1716,30.6,76.77,6.6
Visakhapatnam,2020,5,26,6.4949,30.66,73.56,6.8
Visakhapatnam,2020,5,27,6.5976,30.92,73.63,6.78
Visakhapatnam,2020,5,28,6.2498,30.23,84.07,5.88
Visakhapatnam,2020,5,29,5.8841,30.71,81.9,4.37
Visakhapatnam,2020,5,30,4.2067,29.98,82.49,4.08
Visakhapatnam,2020,5,31,6.5206,29.98,82.37,4.02
Visakhapatnam,2020,6,1,6.4454,30.73,74.54,4.24
Visakhapatnam,2020,6,2,6.5386,30.86,69.5,5.55
Visakhapatnam,2020,6,3,6.2815,30.96,71.32,4.8
Visakhapatnam,2020,6,4,4.657,30.55,76.27,6.19
Visakhapatnam,2020,6,5,3.3046,30.08,77.61,5.05
Visakhapatnam,2020,6,6,6.6305,30.66,74.79,5.93
Visakhapatnam,2020,6,7,3.8952,31.1,72.27,5.76
Visakhapatnam,2020,6,8,3.9727,29.99,77.59,5.6
Visakhapatnam,2020,6,9,3.925,28.43,86.21,3.39
Visakhapatnam,2020,6,10,4.0546,28.93,79.9,1.64
Visakhapatnam,2020,6,11,1.9006,28.23,84.87,1.94
Visakhapatnam,2020,6,12,1.5833,28.58,84.39,4.76
Visakhapatnam,2020,6,13,5.7053,28.99,82.56,7.08
Visakhapatnam,2020,6,14,4.6538,29.14,80.48,7.43
Visakhapatnam,2020,6,15,5.1593,28.86,83.38,6.75
Visakhapatnam,2020,6,16,2.3928,29.15,85.93,6.86
Visakhapatnam,2020,6,17,3.3826,28.89,85.92,8.38
Visakhapatnam,2020,6,18,3.5566,28.83,83.82,6.0
Visakhapatnam,2020,6,19,5.5495,29.02,83.79,5.45
Visakhapatnam,2020,6,20,3.7565,29.17,81.94,4.24
Visakhapatnam,2020,6,21,3.1025,28.59,84.48,5.51
Visakhapatnam,2020,6,22,6.4778,29.19,82.16,5.72
Visakhapatnam,2020,6,23,6.7402,29.1,81.48,4.4
Visakhapatnam,2020,6,24,6.6466,28.79,86.01,2.98
Visakhapatnam,2020,6,25,7.128,28.63,86.0,2.8
Visakhapatnam,2020,6,26,6.1946,28.66,83.26,2.94
Visakhapatnam,2020,6,27,6.7068,28.96,83.65,3.7
Visakhapatnam,2020,6,28,5.2313,28.96,85.15,3.26
Visakhapatnam,2020,6,29,6.0864,28.69,86.95,2.63
Visakhapatnam,2020,6,30,6.8242,28.57,84.97,2.68
Visakhapatnam,2020,7,1,4.3519,29.0,81.64,3.44
Visakhapatnam,2020,7,2,6.301,29.01,84.58,5.86
Visakhapatnam,2020,7,3,3.1135,28.96,83.91,6.4
Visakhapatnam,2020,7,4,2.1182,28.05,88.12,6.87
Visakhapatnam,2020,7,5,3.725,28.64,82.51,7.96
Visakhapatnam,2020,7,6,1.9896,28.91,80.49,7.94
Visakhapatnam,2020,7,7,5.261,28.83,82.9,5.71
Visakhapatnam,2020,7,8,5.1362,28.77,84.75,4.89
Visakhapatnam,2020,7,9,5.9815,28.52,85.97,4.63
Visakhapatnam,2020,7,10,6.3007,28.41,86.03,7.05
Visakhapatnam,2020,7,11,5.6954,28.8,83.66,5.15
Visakhapatnam,2020,7,12,5.863,28.98,85.04,4.69
Visakhapatnam,2020,7,13,4.9159,28.25,86.42,4.29
Visakhapatnam,2020,7,14,3.3674,27.61,90.45,5.97
Visakhapatnam,2020,7,15,2.6122,27.84,88.14,6.67
Visakhapatnam,2020,7,16,4.907,28.01,83.84,7.3
Visakhapatnam,2020,7,17,2.8085,28.6,81.46,6.46
Visakhapatnam,2020,7,18,6.9096,28.46,83.58,4.63
Visakhapatnam,2020,7,19,6.5357,28.43,84.59,4.63
Visakhapatnam,2020,7,20,5.8502,28.7,87.36,6.04
Visakhapatnam,2020,7,21,6.2762,28.6,85.69,5.31
Visakhapatnam,2020,7,22,4.5245,28.52,85.15,4.77
Visakhapatnam,2020,7,23,2.6599,27.23,85.83,4.98
Visakhapatnam,2020,7,24,3.1673,27.65,85.39,4.53
Visakhapatnam,2020,7,25,6.5616,28.0,84.01,2.5
Visakhapatnam,2020,7,26,6.7051,28.88,80.69,3.29
Visakhapatnam,2020,7,27,6.2477,29.65,79.84,2.73
Visakhapatnam,2020,7,28,6.4217,29.04,84.04,2.27
Visakhapatnam,2020,7,29,6.3523,28.94,82.22,2.3
Visakhapatnam,2020,7,30,6.1874,29.33,76.74,1.46
Visakhapatnam,2020,7,31,6.6132,28.84,81.27,2.4
Visakhapatnam,2020,8,1,4.261,29.24,83.48,4.1
Visakhapatnam,2020,8,2,5.8092,29.19,83.87,5.21
Visakhapatnam,2020,8,3,3.2767,28.87,85.05,5.54
Visakhapatnam,2020,8,4,2.742,28.3,86.64,7.85
Visakhapatnam,2020,8,5,3.1097,27.87,88.13,9.25
Visakhapatnam,2020,8,6,3.6672,28.6,85.25,6.98
Visakhapatnam,2020,8,7,4.1438,28.88,86.21,5.55
Visakhapatnam,2020,8,8,4.8322,28.76,87.84,4.84
Visakhapatnam,2020,8,9,2.5094,28.06,89.47,5.57
Visakhapatnam,2020,8,10,3.6434,28.19,87.26,6.48
Visakhapatnam,2020,8,11,5.5397,28.56,85.29,6.53
Visakhapatnam,2020,8,12,2.0556,27.98,89.33,7.3
Visakhapatnam,2020,8,13,1.2576,27.61,89.79,8.09
Visakhapatnam,2020,8,14,1.6414,27.07,88.88,8.82
Visakhapatnam,2020,8,15,1.7242,27.15,87.26,10.36
Visakhapatnam,2020,8,16,3.3283,27.41,87.33,8.67
Visakhapatnam,2020,8,17,5.165,28.3,84.95,7.97
Visakhapatnam,2020,8,18,3.768,28.64,86.51,7.04
Visakhapatnam,2020,8,19,3.2074,27.84,90.45,6.82
Visakhapatnam,2020,8,20,3.593,27.68,89.06,8.7
Visakhapatnam,2020,8,21,4.903,27.88,87.59,8.67
Visakhapatnam,2020,8,22,4.2542,27.61,89.11,6.74
Visakhapatnam,2020,8,23,5.6258,27.52,91.22,5.74
Visakhapatnam,2020,8,24,4.5593,27.45,91.33,5.64
Visakhapatnam,2020,8,25,4.0164,27.47,91.16,4.9
Visakhapatnam,2020,8,26,3.1032,27.52,90.78,5.59
Visakhapatnam,2020,8,27,5.0486,27.46,88.28,6.54
Visakhapatnam,2020,8,28,6.1114,27.82,87.53,5.53
Visakhapatnam,2020,8,29,6.366,28.16,88.19,4.46
Visakhapatnam,2020,8,30,6.5052,28.35,87.29,3.9
Visakhapatnam,2020,8,31,5.934,29.23,82.14,1.82
Visakhapatnam,2020,9,1,5.1919,28.98,85.34,2.11
Visakhapatnam,2020,9,2,3.906,27.71,84.87,3.59
Visakhapatnam,2020,9,3,6.1918,27.94,84.32,2.09
Visakhapatnam,2020,9,4,6.7608,28.08,84.3,2.44
Visakhapatnam,2020,9,5,6.9427,28.4,83.0,2.06
Visakhapatnam,2020,9,6,6.4306,28.68,82.82,3.14
Visakhapatnam,2020,9,7,6.7774,28.61,83.44,3.14
Visakhapatnam,2020,9,8,6.4675,28.46,85.34,2.58
Visakhapatnam,2020,9,9,6.612,28.54,85.08,2.33
Visakhapatnam,2020,9,10,6.0002,28.51,84.93,2.45
Visakhapatnam,2020,9,11,6.5292,28.85,83.95,3.3
Visakhapatnam,2020,9,12,5.8358,28.74,77.89,1.89
Visakhapatnam,2020,9,13,5.5457,28.46,87.34,4.0
Visakhapatnam,2020,9,14,5.7041,28.11,86.96,3.72
Visakhapatnam,2020,9,15,5.5838,28.55,87.19,4.54
Visakhapatnam,2020,9,16,5.2615,28.38,86.83,5.14
Visakhapatnam,2020,9,17,4.3975,28.51,87.18,3.96
Visakhapatnam,2020,9,18,5.6398,29.2,83.95,1.81
Visakhapatnam,2020,9,19,5.611,28.76,84.43,1.66
Visakhapatnam,2020,9,20,3.5945,28.17,81.16,2.06
Visakhapatnam,2020,9,21,1.961,27.95,87.92,6.36
Visakhapatnam,2020,9,22,2.9095,28.03,84.68,8.07
Visakhapatnam,2020,9,23,4.9759,28.57,83.2,6.13
Visakhapatnam,2020,9,24,5.3359,28.59,82.52,5.24
Visakhapatnam,2020,9,25,2.5752,27.72,89.9,7.24
Visakhapatnam,2020,9,26,2.6196,27.67,87.15,6.72
Visakhapatnam,2020,9,27,4.4813,28.14,83.15,3.04
Visakhapatnam,2020,9,28,5.2987,28.95,78.03,1.66
Visakhapatnam,2020,9,29,3.5957,28.7,80.28,1.84
Visakhapatnam,2020,9,30,2.2073,28.08,84.56,3.12
Visakhapatnam,2020,10,1,2.1766,27.67,82.22,3.44
Visakhapatnam,2020,10,2,4.3457,28.42,74.71,1.94
Visakhapatnam,2020,10,3,4.8994,28.31,81.58,1.84
Visakhapatnam,2020,10,4,2.7785,28.17,86.68,3.01
Visakhapatnam,2020,10,5,4.8094,27.51,85.13,1.66
Visakhapatnam,2020,10,6,4.7916,27.83,83.36,1.79
Visakhapatnam,2020,10,7,4.2696,28.0,85.39,2.77
Visakhapatnam,2020,10,8,4.9639,28.13,86.59,3.16
Visakhapatnam,2020,10,9,5.1454,28.26,83.64,1.88
Visakhapatnam,2020,10,10,2.8692,27.55,82.41,1.97
Visakhapatnam,2020,10,11,3.5148,27.72,87.37,4.45
Visakhapatnam,2020,10,12,0.6775,27.73,90.6,8.46
Visakhapatnam,2020,10,13,4.7393,28.3,87.68,7.71
Visakhapatnam,2020,10,14,3.8035,27.95,87.05,3.4
Visakhapatnam,2020,10,15,2.917,27.76,83.74,2.73
Visakhapatnam,2020,10,16,4.9939,27.37,85.62,2.31
Visakhapatnam,2020,10,17,5.6602,27.78,86.9,3.97
Visakhapatnam,2020,10,18,5.699,27.84,86.98,4.03
Visakhapatnam,2020,10,19,4.3445,27.43,88.93,5.27
Visakhapatnam,2020,10,20,4.6819,27.39,87.39,5.59
Visakhapatnam,2020,10,21,1.8132,28.02,85.9,5.84
Visakhapatnam,2020,10,22,2.1396,28.34,82.1,3.34
Visakhapatnam,2020,10,23,3.9578,29.19,75.36,1.89
Visakhapatnam,2020,10,24,4.3836,28.33,79.55,1.81
Visakhapatnam,2020,10,25,4.6195,27.89,81.82,2.63
Visakhapatnam,2020,10,26,4.9015,27.13,85.5,3.66
Visakhapatnam,2020,10,27,4.2034,27.25,77.62,4.7
Visakhapatnam,2020,10,28,3.7618,26.94,75.71,5.06
Visakhapatnam,2020,10,29,5.0143,26.49,69.98,4.56
Visakhapatnam,2020,10,30,5.0688,26.98,71.61,4.12
Visakhapatnam,2020,10,31,4.6589,26.95,73.5,2.97
Visakhapatnam,2020,11,1,5.275,27.36,76.97,2.7
Visakhapatnam,2020,11,2,4.6435,27.46,81.41,2.43
Visakhapatnam,2020,11,3,5.0268,27.11,85.22,4.18
Visakhapatnam,2020,11,4,5.0131,26.93,88.18,4.03
Visakhapatnam,2020,11,5,4.6879,26.88,87.25,3.99
Visakhapatnam,2020,11,6,4.2912,26.61,82.24,5.6
Visakhapatnam,2020,11,7,4.5797,26.23,79.73,5.33
Visakhapatnam,2020,11,8,5.4631,25.04,71.52,5.45
Visakhapatnam,2020,11,9,5.5399,24.16,69.87,5.18
Visakhapatnam,2020,11,10,5.4768,24.58,81.86,6.3
Visakhapatnam,2020,11,11,1.3145,26.67,87.1,6.97
Visakhapatnam,2020,11,12,1.6478,26.83,86.78,6.32
Visakhapatnam,2020,11,13,5.5164,26.12,83.94,5.96
Visakhapatnam,2020,11,14,5.4223,25.91,83.91,6.17
Visakhapatnam,2020,11,15,5.0381,26.33,85.1,6.52
Visakhapatnam,2020,11,16,4.9723,26.2,83.21,5.28
Visakhapatnam,2020,11,17,5.0954,25.81,83.37,4.3
Visakhapatnam,2020,11,18,5.0863,26.14,80.55,3.18
Visakhapatnam,2020,11,19,4.9373,26.12,78.9,2.39
Visakhapatnam,2020,11,20,4.7119,26.4,76.15,1.67
Visakhapatnam,2020,11,21,5.0537,26.38,75.98,1.66
Visakhapatnam,2020,11,22,4.1844,25.68,84.19,3.93
Visakhapatnam,2020,11,23,3.0437,25.45,85.16,6.35
Visakhapatnam,2020,11,24,4.3174,24.81,79.75,6.46
Visakhapatnam,2020,11,25,2.4461,24.31,84.7,7.84
Visakhapatnam,2020,11,26,0.9494,23.92,89.57,7.53
Visakhapatnam,2020,11,27,2.1581,24.2,88.13,7.97
Visakhapatnam,2020,11,28,2.045,24.59,85.05,6.16
Visakhapatnam,2020,11,29,5.1499,24.29,80.99,5.89
Visakhapatnam,2020,11,30,4.9932,23.69,76.73,5.47
Visakhapatnam,2020,12,1,4.6697,23.76,78.97,5.49
Visakhapatnam,2020,12,2,4.7126,23.58,78.59,5.46
Visakhapatnam,2020,12,3,4.1868,23.85,82.1,5.45
Visakhapatnam,2020,12,4,4.3903,23.82,82.5,5.71
Visakhapatnam,2020,12,5,4.3308,23.85,84.01,6.1
Visakhapatnam,2020,12,6,4.4926,23.64,80.78,6.38
Visakhapatnam,2020,12,7,4.776,23.54,79.3,5.57
Visakhapatnam,2020,12,8,4.8958,23.61,76.15,4.38
Visakhapatnam,2020,12,9,4.8713,23.62,70.37,2.91
Visakhapatnam,2020,12,10,4.6706,23.51,74.41,2.77
Visakhapatnam,2020,12,11,3.9298,23.69,73.0,2.37
Visakhapatnam,2020,12,12,4.3133,23.98,76.01,2.3
Visakhapatnam,2020,12,13,4.0766,24.14,73.15,1.97
Visakhapatnam,2020,12,14,4.2233,23.91,76.88,3.08
Visakhapatnam,2020,12,15,3.841,23.99,83.65,4.99
Visakhapatnam,2020,12,16,4.0555,24.05,82.89,5.18
Visakhapatnam,2020,12,17,4.1621,24.22,81.38,4.76
Visakhapatnam,2020,12,18,2.916,24.03,84.17,4.87
Visakhapatnam,2020,12,19,3.751,23.24,76.51,5.19
Visakhapatnam,2020,12,20,4.6109,21.94,70.04,5.13
Visakhapatnam,2020,12,21,4.5994,21.3,64.21,4.25
Visakhapatnam,2020,12,22,4.465,21.4,64.87,3.75
Visakhapatnam,2020,12,23,4.2223,21.68,65.33,3.32
Visakhapatnam,2020,12,24,4.1292,22.02,70.71,3.41
Visakhapatnam,2020,12,25,3.8318,22.22,72.34,4.27
Visakhapatnam,2020,12,26,4.0174,22.02,73.38,4.58
Visakhapatnam,2020,12,27,3.8707,21.94,74.86,3.92
Visakhapatnam,2020,12,28,4.2442,22.06,74.83,3.65
Visakhapatnam,2020,12,29,3.8741,22.2,73.54,4.38
Visakhapatnam,2020,12,30,3.816,22.64,76.96,5.32
Visakhapatnam,2020,12,31,3.7464,22.69,76.54,5.39
Visakhapatnam,2021,1,1,3.8496,22.54,76.62,5.36
Visakhapatnam,2021,1,2,3.9569,22.19,75.7,4.89
Visakhapatnam,2021,1,3,4.4081,22.32,75.2,4.76
Visakhapatnam,2021,1,4,4.5242,22.68,80.72,4.52
Visakhapatnam,2021,1,5,4.386,24.0,79.52,3.98
Visakhapatnam,2021,1,6,3.4435,24.24,78.6,4.1
Visakhapatnam,2021,1,7,4.6226,24.13,78.94,3.67
Visakhapatnam,2021,1,8,5.2915,23.57,79.04,3.89
Visakhapatnam,2021,1,9,4.8655,23.91,79.16,4.31
Visakhapatnam,2021,1,10,4.7491,24.26,76.32,3.29
Visakhapatnam,2021,1,11,4.5048,24.84,75.47,2.59
Visakhapatnam,2021,1,12,4.4294,24.98,75.23,2.96
Visakhapatnam,2021,1,13,4.2989,24.96,78.86,2.7
Visakhapatnam,2021,1,14,4.1184,24.78,78.56,2.78
Visakhapatnam,2021,1,15,4.1366,24.25,80.71,2.43
Visakhapatnam,2021,1,16,4.4566,24.34,78.73,2.13
Visakhapatnam,2021,1,17,4.3044,24.56,75.92,2.64
Visakhapatnam,2021,1,18,3.5194,24.14,75.19,4.02
Visakhapatnam,2021,1,19,4.3668,24.32,69.92,2.12
Visakhapatnam,2021,1,20,4.5012,24.75,64.85,1.9
Visakhapatnam,2021,1,21,3.8232,24.93,68.46,2.16
Visakhapatnam,2021,1,22,3.7524,24.53,78.17,3.65
Visakhapatnam,2021,1,23,4.1789,24.4,74.28,2.72
Visakhapatnam,2021,1,24,4.6279,25.09,77.28,2.42
Visakhapatnam,2021,1,25,4.7376,25.2,78.57,2.7
Visakhapatnam,2021,1,26,4.2151,24.87,77.66,2.53
Visakhapatnam,2021,1,27,3.8722,25.12,72.44,2.16
Visakhapatnam,2021,1,28,3.2482,24.86,80.12,4.05
Visakhapatnam,2021,1,29,3.6307,25.04,75.85,3.06
Visakhapatnam,2021,1,30,3.9761,25.67,71.05,2.27
Visakhapatnam,2021,1,31,3.3691,24.69,75.97,3.67
Visakhapatnam,2021,2,1,3.1025,24.01,72.93,4.77
Visakhapatnam,2021,2,2,5.1948,23.65,59.33,4.37
Visakhapatnam,2021,2,3,5.5718,23.88,59.91,3.31
Visakhapatnam,2021,2,4,5.3825,24.01,59.48,2.99
Visakhapatnam,2021,2,5,5.5682,24.19,61.24,2.57
Visakhapatnam,2021,2,6,5.4888,24.4,61.82,3.06
Visakhapatnam,2021,2,7,5.455,24.58,63.75,3.54
Visakhapatnam,2021,2,8,5.3026,24.15,70.6,4.19
Visakhapatnam,2021,2,9,5.3873,23.93,66.74,2.89
Visakhapatnam,2021,2,10,5.5111,23.89,68.8,2.58
Visakhapatnam,2021,2,11,5.5111,24.4,65.64,2.45
Visakhapatnam,2021,2,12,5.7624,24.51,62.44,2.27
Visakhapatnam,2021,2,13,5.4526,24.8,59.45,2.22
Visakhapatnam,2021,2,14,5.5666,24.81,63.0,2.42
Visakhapatnam,2021,2,15,5.2975,25.48,65.24,2.88
Visakhapatnam,2021,2,16,5.2754,25.71,68.18,3.09
Visakhapatnam,2021,2,17,5.2279,25.2,71.53,2.69
Visakhapatnam,2021,2,18,5.1982,25.05,75.07,3.79
Visakhapatnam,2021,2,19,4.1071,24.97,73.73,5.12
Visakhapatnam,2021,2,20,2.0594,24.19,75.65,5.46
Visakhapatnam,2021,2,21,4.2422,24.98,73.5,4.66
Visakhapatnam,2021,2,22,5.801,25.67,64.84,3.52
Visakhapatnam,2021,2,23,5.7449,26.01,61.35,2.12
Visakhapatnam,2021,2,24,5.7876,26.19,64.86,3.05
Visakhapatnam,2021,2,25,5.8166,27.03,63.72,3.6
Visakhapatnam,2021,2,26,6.1109,27.61,58.16,3.35
Visakhapatnam,2021,2,27,5.533,27.91,63.57,3.09
Visakhapatnam,2021,2,28,5.6318,27.66,66.13,3.15
Visakhapatnam,2021,3,1,6.0278,27.27,71.2,4.39
Visakhapatnam,2021,3,2,6.145,27.61,65.51,4.38
Visakhapatnam,2021,3,3,6.2772,27.44,60.46,2.56
Visakhapatnam,2021,3,4,6.2587,26.88,65.03,2.78
Visakhapatnam,2021,3,5,6.3768,27.3,64.13,4.31
Visakhapatnam,2021,3,6,6.0912,27.9,63.48,4.67
Visakhapatnam,2021,3,7,5.2591,27.65,66.27,3.37
Visakhapatnam,2021,3,8,5.4682,26.96,75.3,2.92
Visakhapatnam,2021,3,9,6.0175,26.63,74.11,3.63
Visakhapatnam,2021,3,10,5.7751,27.15,72.14,4.62
Visakhapatnam,2021,3,11,5.4703,27.45,71.68,4.15
Visakhapatnam,2021,3,12,5.9198,27.01,68.86,3.15
Visakhapatnam,2021,3,13,6.4224,27.0,59.56,2.74
Visakhapatnam,2021,3,14,5.7643,27.11,62.22,2.26
Visakhapatnam,2021,3,15,5.4583,27.68,65.36,2.39
Visakhapatnam,2021,3,16,5.7696,28.11,68.32,2.83
Visakhapatnam,2021,3,17,6.0811,28.08,67.21,3.32
Visakhapatnam,2021,3,18,5.4509,28.08,64.76,3.57
Visakhapatnam,2021,3,19,4.9284,28.11,60.89,3.62
Visakhapatnam,2021,3,20,4.0481,28.88,58.8,3.61
Visakhapatnam,2021,3,21,4.4352,29.39,61.51,3.01
Visakhapatnam,2021,3,22,5.1811,29.07,65.53,2.3
Visakhapatnam,2021,3,23,6.3622,29.17,53.87,1.81
Visakhapatnam,2021,3,24,6.1502,29.38,49.02,2.27
Visakhapatnam,2021,3,25,5.4962,29.45,50.38,2.33
Visakhapatnam,2021,3,26,5.4082,29.64,54.32,2.74
Visakhapatnam,2021,3,27,4.5768,29.39,64.37,3.08
Visakhapatnam,2021,3,28,5.0246,29.2,68.79,3.79
Visakhapatnam,2021,3,29,6.09,29.72,68.98,5.22
Visakhapatnam,2021,3,30,5.9623,30.41,64.38,5.76
Visakhapatnam,2021,3,31,6.5494,31.06,56.81,5.65
Visakhapatnam,2021,4,1,6.1104,30.58,56.21,4.88
Visakhapatnam,2021,4,2,4.8506,30.27,73.19,4.02
Visakhapatnam,2021,4,3,4.7083,29.23,78.44,2.52
Visakhapatnam,2021,4,4,5.7454,29.1,74.48,2.37
Visakhapatnam,2021,4,5,5.815,28.83,73.76,2.82
Visakhapatnam,2021,4,6,6.209,28.84,71.33,3.4
Visakhapatnam,2021,4,7,6.2388,28.91,70.38,4.64
Visakhapatnam,2021,4,8,5.6004,29.16,70.25,5.4
Visakhapatnam,2021,4,9,5.3342,28.69,71.4,4.03
Visakhapatnam,2021,4,10,5.9628,28.46,72.75,3.15
Visakhapatnam,2021,4,11,6.8004,28.71,70.09,3.18
Visakhapatnam,2021,4,12,6.7265,29.59,66.12,2.84
Visakhapatnam,2021,4,13,6.7865,29.92,67.12,3.19
Visakhapatnam,2021,4,14,6.9602,29.77,68.63,3.1
Visakhapatnam,2021,4,15,3.4567,29.14,69.6,3.22
Visakhapatnam,2021,4,16,7.1165,29.46,66.46,3.96
Visakhapatnam,2021,4,17,7.1702,29.56,68.64,3.56
Visakhapatnam,2021,4,18,6.4322,29.7,70.06,3.28
Visakhapatnam,2021,4,19,6.3636,30.09,70.02,4.36
Visakhapatnam,2021,4,20,6.1022,29.82,72.44,4.97
Visakhapatnam,2021,4,21,6.1286,29.97,71.22,4.5
Visakhapatnam,2021,4,22,5.9102,29.92,70.29,4.06
Visakhapatnam,2021,4,23,4.8341,30.04,69.9,3.41
Visakhapatnam,2021,4,24,6.9497,30.13,69.34,3.2
Visakhapatnam,2021,4,25,7.0078,30.3,68.47,3.98
Visakhapatnam,2021,4,26,6.5074,29.94,68.79,4.59
Visakhapatnam,2021,4,27,6.2462,30.37,69.16,4.6
Visakhapatnam,2021,4,28,6.625,30.22,71.2,4.21
Visakhapatnam,2021,4,29,5.9818,29.43,73.91,3.27
Visakhapatnam,2021,4,30,6.2638,29.54,72.33,3.63
Visakhapatnam,2021,5,1,5.5442,29.65,71.89,3.7
Visakhapatnam,2021,5,2,6.1728,29.72,71.88,3.86
Visakhapatnam,2021,5,3,6.3866,29.76,70.77,3.38
Visakhapatnam,2021,5,4,5.9138,29.86,71.87,3.92
Visakhapatnam,2021,5,5,6.63,30.09,70.43,3.79
Visakhapatnam,2021,5,6,6.6516,29.89,71.84,3.43
Visakhapatnam,2021,5,7,7.2108,29.73,74.16,3.09
Visakhapatnam,2021,5,8,7.2103,30.15,70.43,2.84
Visakhapatnam,2021,5,9,6.9146,30.14,71.35,3.32
Visakhapatnam,2021,5,10,6.797,30.4,73.55,4.21
Visakhapatnam,2021,5,11,5.8406,30.5,75.59,4.67
Visakhapatnam,2021,5,12,6.9538,30.79,73.71,4.56
Visakhapatnam,2021,5,13,6.9048,31.49,73.28,5.53
Visakhapatnam,2021,5,14,6.5858,29.96,81.31,3.51
Visakhapatnam,2021,5,15,7.0853,30.15,78.87,3.11
Visakhapatnam,2021,5,16,7.0193,29.96,83.29,4.04
Visakhapatnam,2021,5,17,7.0819,30.3,81.84,3.67
Visakhapatnam,2021,5,18,7.3186,30.78,78.69,4.5
Visakhapatnam,2021,5,19,7.2574,30.92,77.61,5.58
Visakhapatnam,2021,5,20,7.2187,30.93,76.78,6.13
Visakhapatnam,2021,5,21,6.1846,30.54,78.05,4.49
Visakhapatnam,2021,5,22,4.4647,29.01,80.84,2.56
Visakhapatnam,2021,5,23,4.3572,30.64,69.86,3.63
Visakhapatnam,2021,5,24,1.1597,31.81,67.08,3.52
Visakhapatnam,2021,5,25,2.0023,31.27,53.1,3.85
Visakhapatnam,2021,5,26,5.8615,32.58,49.58,6.13
Visakhapatnam,2021,5,27,6.5858,33.47,54.38,4.05
Visakhapatnam,2021,5,28,6.3463,32.42,66.41,4.7
Visakhapatnam,2021,5,29,6.3041,31.0,78.22,3.05
Visakhapatnam,2021,5,30,6.1498,32.06,71.1,3.65
Visakhapatnam,2021,5,31,2.8733,31.28,77.71,3.63
Visakhapatnam,2021,6,1,6.1675,30.84,77.01,2.81
Visakhapatnam,2021,6,2,5.467,30.45,78.84,2.58
Visakhapatnam,2021,6,3,6.2417,29.99,78.31,2.82
Visakhapatnam,2021,6,4,6.9096,30.2,78.19,3.7
Visakhapatnam,2021,6,5,7.2718,30.72,75.34,5.32
Visakhapatnam,2021,6,6,7.2871,30.8,71.63,5.65
Visakhapatnam,2021,6,7,7.1434,30.94,73.22,5.65
Visakhapatnam,2021,6,8,5.6009,31.25,74.57,4.85
Visakhapatnam,2021,6,9,5.6191,29.5,81.4,5.9
Visakhapatnam,2021,6,10,2.6021,29.18,81.29,6.12
Visakhapatnam,2021,6,11,2.0777,29.52,77.12,6.48
Visakhapatnam,2021,6,12,2.0126,29.46,77.4,5.34
Visakhapatnam,2021,6,13,2.934,29.22,79.03,6.6
Visakhapatnam,2021,6,14,2.3551,29.55,75.7,6.75
Visakhapatnam,2021,6,15,3.8256,29.95,73.74,6.32
Visakhapatnam,2021,6,16,5.4804,30.46,71.56,6.66
Visakhapatnam,2021,6,17,4.6102,29.51,74.17,6.34
Visakhapatnam,2021,6,18,2.8865,29.66,74.61,5.4
Visakhapatnam,2021,6,19,4.758,30.25,73.11,6.49
Visakhapatnam,2021,6,20,5.1924,30.46,69.72,5.33
Visakhapatnam,2021,6,21,6.456,30.91,68.46,3.88
Visakhapatnam,2021,6,22,2.8512,29.9,74.1,4.46
Visakhapatnam,2021,6,23,2.3167,28.98,82.66,5.57
Visakhapatnam,2021,6,24,5.1098,28.74,81.01,6.13
Visakhapatnam,2021,6,25,5.4266,29.37,74.97,4.88
Visakhapatnam,2021,6,26,4.2727,29.59,75.54,2.98
Visakhapatnam,2021,6,27,5.7876,28.58,83.76,4.02
Visakhapatnam,2021,6,28,6.6379,28.92,78.69,5.62
Visakhapatnam,2021,6,29,6.7418,29.17,80.2,5.78
Visakhapatnam,2021,6,30,6.2431,29.57,81.03,6.44
Visakhapatnam,2021,7,1,5.521,29.11,86.31,5.15
Visakhapatnam,2021,7,2,1.3546,28.17,87.79,6.89
Visakhapatnam,2021,7,3,5.3918,28.57,82.94,4.83
Visakhapatnam,2021,7,4,5.0134,29.17,80.72,3.46
Visakhapatnam,2021,7,5,4.8048,29.26,80.82,3.61
Visakhapatnam,2021,7,6,5.0162,29.21,83.74,4.21
Visakhapatnam,2021,7,7,5.1878,28.47,89.25,5.28
Visakhapatnam,2021,7,8,1.2487,28.38,81.69,4.06
Visakhapatnam,2021,7,9,5.9873,29.13,79.93,3.75
Visakhapatnam,2021,7,10,5.3263,28.09,88.79,5.54
Visakhapatnam,2021,7,11,5.2279,27.9,85.12,3.19
Visakhapatnam,2021,7,12,5.4101,28.04,85.41,3.93
Visakhapatnam,2021,7,13,1.9234,27.53,87.48,5.37
Visakhapatnam,2021,7,14,4.1362,28.28,82.87,5.21
Visakhapatnam,2021,7,15,6.1553,28.21,85.21,4.33
Visakhapatnam,2021,7,16,6.071,28.32,83.75,4.64
Visakhapatnam,2021,7,17,5.7526,28.21,85.95,3.98
Visakhapatnam,2021,7,18,5.7785,28.37,86.84,3.69
Visakhapatnam,2021,7,19,5.8951,28.88,85.46,4.83
Visakhapatnam,2021,7,20,4.9483,28.48,84.66,6.86
Visakhapatnam,2021,7,21,2.1046,27.62,88.44,8.15
Visakhapatnam,2021,7,22,3.4793,26.86,88.55,6.97
Visakhapatnam,2021,7,23,2.9047,28.07,88.75,8.46
Visakhapatnam,2021,7,24,3.8213,28.84,82.28,6.62
Visakhapatnam,2021,7,25,4.4172,28.86,84.58,5.98
Visakhapatnam,2021,7,26,5.2445,28.47,88.34,6.73
Visakhapatnam,2021,7,27,4.2583,28.37,86.06,6.83
Visakhapatnam,2021,7,28,5.6309,28.7,83.79,6.15
Visakhapatnam,2021,7,29,1.9934,28.28,82.26,5.98
Visakhapatnam,2021,7,30,3.6041,28.36,82.66,6.03
Visakhapatnam,2021,7,31,5.5327,28.75,81.4,6.03
Visakhapatnam,2021,8,1,6.1879,28.6,82.38,6.35
Visakhapatnam,2021,8,2,6.3619,28.62,81.96,5.19
Visakhapatnam,2021,8,3,5.083,28.12,84.65,4.79
Visakhapatnam,2021,8,4,5.941,28.0,85.63,4.75
Visakhapatnam,2021,8,5,5.148,28.04,86.57,4.51
Visakhapatnam,2021,8,6,5.711,28.92,84.51,5.0
Visakhapatnam,2021,8,7,6.055,28.84,85.38,4.26
Visakhapatnam,2021,8,8,6.2777,29.01,86.32,4.81
Visakhapatnam,2021,8,9,6.408,28.92,86.45,4.3
Visakhapatnam,2021,8,10,5.8207,29.54,84.64,4.64
Visakhapatnam,2021,8,11,6.3713,29.95,78.48,2.46
Visakhapatnam,2021,8,12,5.7526,29.8,81.45,2.91
Visakhapatnam,2021,8,13,5.3738,29.34,83.3,3.6
Visakhapatnam,2021,8,14,5.5906,29.47,81.46,2.98
Visakhapatnam,2021,8,15,3.264,28.5,85.47,2.71
Visakhapatnam,2021,8,16,3.6108,28.02,86.72,3.35
Visakhapatnam,2021,8,17,1.992,28.07,85.73,7.59
Visakhapatnam,2021,8,18,2.8747,28.57,82.31,7.18
Visakhapatnam,2021,8,19,2.6592,28.36,83.92,5.85
Visakhapatnam,2021,8,20,2.8056,28.1,86.33,4.74
Visakhapatnam,2021,8,21,6.407,27.89,86.71,4.46
Visakhapatnam,2021,8,22,6.8033,27.73,84.35,3.96
Visakhapatnam,2021,8,23,6.7702,28.05,85.29,4.87
Visakhapatnam,2021,8,24,6.6084,28.3,84.69,4.7
Visakhapatnam,2021,8,25,6.1339,28.57,85.91,4.55
Visakhapatnam,2021,8,26,4.9349,28.43,85.58,2.94
Visakhapatnam,2021,8,27,1.0982,28.05,86.72,2.51
Visakhapatnam,2021,8,28,2.4226,28.72,80.72,2.62
Visakhapatnam,2021,8,29,4.3594,27.84,87.82,3.75
Visakhapatnam,2021,8,30,4.6334,27.75,86.06,2.84
Visakhapatnam,2021,8,31,3.3967,27.38,88.78,4.1
Visakhapatnam,2021,9,1,5.9093,27.33,87.11,2.76
Visakhapatnam,2021,9,2,6.5314,27.72,83.38,1.72
Visakhapatnam,2021,9,3,6.4457,27.78,83.12,1.68
Visakhapatnam,2021,9,4,6.4889,28.41,79.99,1.78
Visakhapatnam,2021,9,5,3.4526,28.2,87.9,3.99
Visakhapatnam,2021,9,6,1.4167,27.56,91.15,8.21
Visakhapatnam,2021,9,7,3.6756,27.83,86.75,8.37
Visakhapatnam,2021,9,8,5.4326,28.65,82.95,5.81
Visakhapatnam,2021,9,9,5.7643,28.65,84.43,4.25
Visakhapatnam,2021,9,10,1.4254,27.92,88.12,2.37
Visakhapatnam,2021,9,11,2.7067,28.63,83.23,2.78
Visakhapatnam,2021,9,12,1.5576,27.84,89.37,6.01
Visakhapatnam,2021,9,13,2.79,28.36,88.92,7.17
Visakhapatnam,2021,9,14,4.182,28.77,86.46,6.81
Visakhapatnam,2021,9,15,4.6195,28.72,87.48,5.56
Visakhapatnam,2021,9,16,5.0827,28.26,86.99,3.9
Visakhapatnam,2021,9,17,5.592,28.03,86.66,4.43
Visakhapatnam,2021,9,18,4.8588,27.94,86.84,3.49
Visakhapatnam,2021,9,19,4.1006,28.51,83.27,3.14
Visakhapatnam,2021,9,20,4.6548,28.31,84.61,2.31
Visakhapatnam,2021,9,21,4.7892,28.66,83.93,3.67
Visakhapatnam,2021,9,22,4.8245,28.29,85.24,3.59
Visakhapatnam,2021,9,23,4.3152,28.27,89.18,4.42
Visakhapatnam,2021,9,24,5.4514,27.65,89.44,3.01
Visakhapatnam,2021,9,25,5.3066,28.27,85.28,2.91
Visakhapatnam,2021,9,26,0.7092,28.4,84.18,2.5
Visakhapatnam,2021,9,27,0.8076,28.04,88.23,6.02
Visakhapatnam,2021,9,28,2.6695,28.07,83.33,4.56
Visakhapatnam,2021,9,29,5.6904,27.59,85.16,2.43
Visakhapatnam,2021,9,30,6.115,28.2,83.06,1.86
Visakhapatnam,2021,10,1,6.4721,27.93,85.25,2.54
Visakhapatnam,2021,10,2,6.5518,28.12,83.82,1.64
Visakhapatnam,2021,10,3,6.4646,28.36,79.67,1.58
Visakhapatnam,2021,10,4,6.1015,28.4,80.69,1.88
Visakhapatnam,2021,10,5,6.0845,28.46,83.88,3.77
Visakhapatnam,2021,10,6,5.9179,28.05,86.58,3.33
Visakhapatnam,2021,10,7,6.3859,28.3,83.02,1.91
Visakhapatnam,2021,10,8,5.9918,28.93,81.97,2.55
Visakhapatnam,2021,10,9,5.2138,29.49,81.24,2.07
Visakhapatnam,2021,10,10,4.8826,27.85,85.74,3.23
Visakhapatnam,2021,10,11,5.0263,28.41,78.81,2.55
Visakhapatnam,2021,10,12,3.3271,28.39,80.46,1.75
Visakhapatnam,2021,10,13,4.1422,28.33,83.17,2.15
Visakhapatnam,2021,10,14,2.5332,28.65,78.03,2.12
Visakhapatnam,2021,10,15,1.2422,27.96,87.24,4.36
Visakhapatnam,2021,10,16,3.6396,28.14,90.62,6.06
Visakhapatnam,2021,10,17,3.5011,27.47,87.56,2.8
Visakhapatnam,2021,10,18,3.852,28.44,83.82,2.8
Visakhapatnam,2021,10,19,3.4848,28.37,88.05,3.73
Visakhapatnam,2021,10,20,3.439,28.52,78.78,1.21
Visakhapatnam,2021,10,21,4.8487,28.13,80.58,1.43
Visakhapatnam,2021,10,22,4.2787,28.26,79.81,1.99
Visakhapatnam,2021,10,23,3.7406,27.2,84.24,3.31
Visakhapatnam,2021,10,24,4.3356,25.97,77.57,4.3
Visakhapatnam,2021,10,25,4.633,26.5,75.77,3.85
Visakhapatnam,2021,10,26,5.2358,26.41,77.32,4.38
Visakhapatnam,2021,10,27,5.3551,26.62,82.12,6.12
Visakhapatnam,2021,10,28,2.9441,26.97,88.25,5.83
Visakhapatnam,2021,10,29,3.809,26.8,89.28,4.25
Visakhapatnam,2021,10,30,4.8936,27.28,85.82,2.89
Visakhapatnam,2021,10,31,4.3589,27.34,83.33,3.64
Visakhapatnam,2021,11,1,4.5434,27.02,85.37,4.54
Visakhapatnam,2021,11,2,2.7079,26.67,89.16,5.2
Visakhapatnam,2021,11,3,2.5867,25.98,89.22,5.46
Visakhapatnam,2021,11,4,2.238,25.96,88.89,5.55
Visakhapatnam,2021,11,5,2.5274,26.17,86.86,5.8
Visakhapatnam,2021,11,6,3.4625,25.84,84.89,5.57
Visakhapatnam,2021,11,7,3.8422,25.25,80.89,5.72
Visakhapatnam,2021,11,8,4.8485,24.38,79.51,6.04
Visakhapatnam,2021,11,9,4.0198,24.19,80.43,6.16
Visakhapatnam,2021,11,10,4.1434,24.89,83.1,6.9
Visakhapatnam,2021,11,11,1.6231,25.15,89.99,8.03
Visakhapatnam,2021,11,12,1.4342,26.73,92.25,6.24
Visakhapatnam,2021,11,13,3.0888,26.74,90.3,4.39
Visakhapatnam,2021,11,14,3.8717,26.74,89.2,4.06
Visakhapatnam,2021,11,15,4.9109,26.66,89.21,3.7
Visakhapatnam,2021,11,16,3.8844,26.63,89.04,4.44
Visakhapatnam,2021,11,17,4.2778,26.75,87.52,6.67
Visakhapatnam,2021,11,18,1.0951,26.26,88.0,7.69
Visakhapatnam,2021,11,19,1.4014,26.33,91.47,6.32
Visakhapatnam,2021,11,20,3.1963,26.78,89.18,4.61
Visakhapatnam,2021,11,21,4.3968,26.93,88.03,3.91
Visakhapatnam,2021,11,22,5.1178,26.78,85.85,2.75
Visakhapatnam,2021,11,23,4.6874,26.7,85.93,2.4
Visakhapatnam,2021,11,24,4.7323,26.6,85.67,4.52
Visakhapatnam,2021,11,25,4.1422,26.21,84.66,4.97
Visakhapatnam,2021,11,26,4.35,25.71,84.76,5.55
Visakhapatnam,2021,11,27,3.1766,25.04,82.08,6.11
Visakhapatnam,2021,11,28,2.8135,24.84,82.47,7.03
Visakhapatnam,2021,11,29,3.7841,24.23,76.98,5.82
Visakhapatnam,2021,11,30,4.3733,23.5,75.29,5.73
Visakhapatnam,2021,12,1,4.5446,22.92,80.87,5.67
Visakhapatnam,2021,12,2,4.7405,23.51,82.76,4.99
Visakhapatnam,2021,12,3,1.009,23.6,89.23,7.51
Visakhapatnam,2021,12,4,1.3555,24.82,84.16,8.03
Visakhapatnam,2021,12,5,3.1958,24.99,84.24,4.57
Visakhapatnam,2021,12,6,2.7907,25.1,81.28,1.58
Visakhapatnam,2021,12,7,4.2542,24.93,87.41,5.12
Visakhapatnam,2021,12,8,3.3046,25.16,86.98,6.32
Visakhapatnam,2021,12,9,2.947,24.76,85.92,5.31
Visakhapatnam,2021,12,10,4.7909,24.84,84.29,4.76
Visakhapatnam,2021,12,11,4.8936,25.0,84.24,4.64
Visakhapatnam,2021,12,12,3.9185,24.45,84.75,6.2
Visakhapatnam,2021,12,13,3.8827,23.8,84.31,5.89
Visakhapatnam,2021,12,14,4.0423,23.32,82.33,5.11
Visakhapatnam,2021,12,15,3.7034,22.73,77.76,4.88
Visakhapatnam,2021,12,16,4.2521,22.5,76.07,5.05
Visakhapatnam,2021,12,17,4.5221,21.78,73.96,5.1
Visakhapatnam,2021,12,18,4.8007,21.98,73.43,5.3
Visakhapatnam,2021,12,19,3.7488,22.4,76.74,4.23
Visakhapatnam,2021,12,20,3.8575,21.78,73.12,3.83
Visakhapatnam,2021,12,21,4.4042,21.78,62.5,2.41
Visakhapatnam,2021,12,22,4.7244,22.52,59.86,1.65
Visakhapatnam,2021,12,23,4.5758,22.84,60.76,1.28
Visakhapatnam,2021,12,24,4.3622,22.52,66.23,1.58
Visakhapatnam,2021,12,25,4.1102,23.65,69.2,1.24
Visakhapatnam,2021,12,26,3.6802,23.97,73.08,1.4
Visakhapatnam,2021,12,27,3.3931,23.86,75.91,2.08
Visakhapatnam,2021,12,28,3.7553,23.47,84.54,3.4
Visakhapatnam,2021,12,29,2.9446,23.71,84.23,3.75
Visakhapatnam,2021,12,30,4.2703,23.84,82.35,5.96
Visakhapatnam,2021,12,31,4.5852,23.16,83.95,5.92
Visakhapatnam,2022,1,1,4.2494,23.13,83.62,5.12
Visakhapatnam,2022,1,2,4.0654,22.71,81.66,4.57
Visakhapatnam,2022,1,3,4.4354,22.09,81.17,4.49
Visakhapatnam,2022,1,4,4.7417,21.75,79.17,4.55
Visakhapatnam,2022,1,5,4.7371,22.37,78.11,3.51
Visakhapatnam,2022,1,6,4.5864,22.55,80.28,3.25
Visakhapatnam,2022,1,7,4.5226,22.84,79.46,4.12
Visakhapatnam,2022,1,8,4.5869,22.62,78.5,3.61
Visakhapatnam,2022,1,9,4.5427,22.57,79.29,3.27
Visakhapatnam,2022,1,10,4.8317,23.29,79.44,3.04
Visakhapatnam,2022,1,11,4.7266,23.38,81.56,3.29
Visakhapatnam,2022,1,12,4.2218,23.69,80.43,3.83
Visakhapatnam,2022,1,13,3.2345,24.56,80.59,3.84
Visakhapatnam,2022,1,14,3.8342,24.91,81.19,3.46
Visakhapatnam,2022,1,15,4.3306,23.53,85.32,5.17
Visakhapatnam,2022,1,16,4.7333,22.73,82.01,6.12
Visakhapatnam,2022,1,17,4.2427,22.71,80.62,5.14
Visakhapatnam,2022,1,18,4.5439,22.63,71.13,3.48
Visakhapatnam,2022,1,19,4.6625,22.68,64.55,2.37
Visakhapatnam,2022,1,20,4.3058,23.55,68.94,1.67
Visakhapatnam,2022,1,21,4.5475,24.04,79.53,3.69
Visakhapatnam,2022,1,22,5.1019,24.07,66.62,2.87
Visakhapatnam,2022,1,23,4.541,24.74,77.29,3.47
Visakhapatnam,2022,1,24,3.786,24.53,83.02,2.71
Visakhapatnam,2022,1,25,4.5722,24.64,79.21,1.9
Visakhapatnam,2022,1,26,4.3742,23.93,79.7,3.14
Visakhapatnam,2022,1,27,3.7793,23.12,68.14,5.17
Visakhapatnam,2022,1,28,4.8739,22.17,62.94,4.97
Visakhapatnam,2022,1,29,5.0731,21.54,60.26,5.04
Visakhapatnam,2022,1,30,5.621,22.61,61.56,2.24
Visakhapatnam,2022,1,31,5.3489,23.23,63.69,2.02
Visakhapatnam,2022,2,1,5.5416,24.21,68.61,2.71
Visakhapatnam,2022,2,2,5.2152,24.22,70.88,2.65
Visakhapatnam,2022,2,3,5.1067,23.95,76.18,3.56
Visakhapatnam,2022,2,4,4.6457,24.63,78.6,4.96
Visakhapatnam,2022,2,5,5.5231,23.98,58.91,3.48
Visakhapatnam,2022,2,6,5.5085,23.57,68.18,4.01
Visakhapatnam,2022,2,7,5.4852,24.54,64.54,2.28
Visakhapatnam,2022,2,8,5.5171,24.22,69.73,2.6
Visakhapatnam,2022,2,9,5.3064,24.12,72.37,3.09
Visakhapatnam,2022,2,10,5.4559,24.67,66.32,2.27
Visakhapatnam,2022,2,11,4.7359,24.87,70.93,3.71
Visakhapatnam,2022,2,12,4.6322,24.3,70.52,4.4
Visakhapatnam,2022,2,13,5.7485,23.81,64.11,4.42
Visakhapatnam,2022,2,14,5.551,23.51,69.31,4.36
Visakhapatnam,2022,2,15,5.8267,23.85,68.22,3.79
Visakhapatnam,2022,2,16,5.4271,24.51,66.03,3.06
Visakhapatnam,2022,2,17,4.945,25.46,65.64,2.9
Visakhapatnam,2022,2,18,4.2943,25.58,71.52,3.66
Visakhapatnam,2022,2,19,4.3522,25.76,72.73,2.8
Visakhapatnam,2022,2,20,4.7909,26.67,70.92,5.29
Visakhapatnam,2022,2,21,5.2975,27.08,66.29,4.53
Visakhapatnam,2022,2,22,5.3837,26.21,75.91,2.31
Visakhapatnam,2022,2,23,5.6412,26.04,74.67,2.98
Visakhapatnam,2022,2,24,6.1975,25.94,71.05,2.44
Visakhapatnam,2022,2,25,6.3989,25.72,66.6,2.45
Visakhapatnam,2022,2,26,6.6768,25.7,63.1,2.71
Visakhapatnam,2022,2,27,6.738,25.49,63.52,2.83
Visakhapatnam,2022,2,28,6.7066,26.14,57.12,2.17
Visakhapatnam,2022,3,1,6.6307,26.79,53.52,2.46
Visakhapatnam,2022,3,2,6.4322,26.85,61.01,3.56
Visakhapatnam,2022,3,3,5.9856,26.62,71.42,4.44
Visakhapatnam,2022,3,4,5.9933,26.78,66.77,4.48
Visakhapatnam,2022,3,5,5.1247,27.14,64.99,3.3
Visakhapatnam,2022,3,6,5.2603,27.44,62.34,3.02
Visakhapatnam,2022,3,7,6.0278,27.49,63.81,2.71
Visakhapatnam,2022,3,8,6.0614,27.76,64.03,2.27
Visakhapatnam,2022,3,9,6.054,27.72,62.04,2.27
Visakhapatnam,2022,3,10,6.2911,27.81,60.48,2.24
Visakhapatnam,2022,3,11,6.1942,28.03,58.75,2.29
Visakhapatnam,2022,3,12,6.0535,27.94,60.0,2.26
Visakhapatnam,2022,3,13,4.9135,28.4,56.99,1.95
Visakhapatnam,2022,3,14,6.4613,28.71,53.92,2.17
Visakhapatnam,2022,3,15,6.7538,28.35,57.65,2.72
Visakhapatnam,2022,3,16,6.4994,28.91,63.98,4.42
Visakhapatnam,2022,3,17,6.2746,28.54,72.02,4.56
Visakhapatnam,2022,3,18,6.1994,27.96,70.84,3.09
Visakhapatnam,2022,3,19,6.2206,27.83,66.78,2.56
Visakhapatnam,2022,3,20,5.8574,28.25,70.32,3.83
Visakhapatnam,2022,3,21,5.3803,28.8,72.6,3.07
Visakhapatnam,2022,3,22,5.2651,28.81,73.32,3.13
Visakhapatnam,2022,3,23,5.0138,28.79,72.44,3.21
Visakhapatnam,2022,3,24,4.2902,28.54,75.05,3.78
Visakhapatnam,2022,3,25,5.7953,28.72,74.55,4.79
Visakhapatnam,2022,3,26,5.6506,29.01,76.11,5.78
Visakhapatnam,2022,3,27,5.5673,29.74,72.48,6.03
Visakhapatnam,2022,3,28,5.9971,29.72,72.35,5.46
Visakhapatnam,2022,3,29,5.9237,29.54,73.68,5.83
Visakhapatnam,2022,3,30,5.9573,29.52,75.98,6.31
Visakhapatnam,2022,3,31,5.6942,29.19,78.54,5.74
Visakhapatnam,2022,4,1,6.1418,29.04,78.08,5.88
Visakhapatnam,2022,4,2,5.813,29.07,75.2,6.22
Visakhapatnam,2022,4,3,5.9278,29.12,72.94,6.09
Visakhapatnam,2022,4,4,5.76,28.93,73.6,5.32
Visakhapatnam,2022,4,5,6.2134,28.86,73.26,4.05
Visakhapatnam,2022,4,6,6.419,28.64,74.26,3.53
Visakhapatnam,2022,4,7,6.553,28.79,72.05,3.13
Visakhapatnam,2022,4,8,6.7505,28.91,72.42,3.04
Visakhapatnam,2022,4,9,6.3089,28.71,78.37,4.36
Visakhapatnam,2022,4,10,5.8344,28.94,76.11,4.97
Visakhapatnam,2022,4,11,6.3554,29.29,74.31,4.93
Visakhapatnam,2022,4,12,6.6662,29.16,74.07,4.69
Visakhapatnam,2022,4,13,6.5479,29.43,73.82,5.23
Visakhapatnam,2022,4,14,6.3115,29.32,77.3,5.68
Visakhapatnam,2022,4,15,6.0643,29.97,73.88,5.85
Visakhapatnam,2022,4,16,5.7658,29.94,72.25,5.29
Visakhapatnam,2022,4,17,4.9394,29.27,76.44,4.42
Visakhapatnam,2022,4,18,6.5386,30.15,71.38,5.14
Visakhapatnam,2022,4,19,6.7471,29.99,74.58,5.66
Visakhapatnam,2022,4,20,6.5014,30.11,73.56,5.38
Visakhapatnam,2022,4,21,5.8555,29.21,78.77,5.27
Visakhapatnam,2022,4,22,6.5837,29.74,74.68,5.09
Visakhapatnam,2022,4,23,6.5988,30.64,69.1,5.11
Visakhapatnam,2022,4,24,6.029,31.25,65.86,5.2
Visakhapatnam,2022,4,25,6.552,30.96,69.92,5.32
Visakhapatnam,2022,4,26,6.7176,30.77,69.48,5.81
Visakhapatnam,2022,4,27,6.7591,30.8,69.81,5.47
Visakhapatnam,2022,4,28,6.3571,31.15,68.32,5.46
Visakhapatnam,2022,4,29,5.8411,31.89,62.24,5.15
Visakhapatnam,2022,4,30,6.4219,31.28,68.48,5.64
Visakhapatnam,2022,5,1,6.0058,30.97,72.68,5.46
Visakhapatnam,2022,5,2,5.8973,30.85,71.57,4.71
Visakhapatnam,2022,5,3,6.5587,29.58,81.09,4.54
Visakhapatnam,2022,5,4,5.4413,29.74,77.67,4.33
Visakhapatnam,2022,5,5,6.2621,30.51,72.1,4.3
Visakhapatnam,2022,5,6,5.1946,30.38,71.17,3.15
Visakhapatnam,2022,5,7,6.3199,30.94,66.81,2.97
Visakhapatnam,2022,5,8,6.3842,30.35,70.29,3.9
Visakhapatnam,2022,5,9,4.8526,29.34,76.99,9.28
Visakhapatnam,2022,5,10,2.8898,29.03,80.69,10.72
Visakhapatnam,2022,5,11,2.8411,28.97,83.81,7.46
Visakhapatnam,2022,5,12,5.3131,29.04,82.35,4.34
Visakhapatnam,2022,5,13,6.3847,29.2,79.88,4.16
Visakhapatnam,2022,5,14,6.5693,30.28,78.15,3.98
Visakhapatnam,2022,5,15,6.4577,29.87,82.55,4.34
Visakhapatnam,2022,5,16,6.6847,29.92,81.47,3.74
Visakhapatnam,2022,5,17,6.7142,29.7,82.57,4.08
Visakhapatnam,2022,5,18,6.8429,30.03,78.25,3.8
Visakhapatnam,2022,5,19,6.5942,29.5,84.48,4.18
Visakhapatnam,2022,5,20,6.5803,29.7,82.81,4.99
Visakhapatnam,2022,5,21,6.9835,30.97,73.75,5.75
Visakhapatnam,2022,5,22,5.9165,32.26,68.16,3.63
Visakhapatnam,2022,5,23,6.3859,33.54,59.91,2.7
Visakhapatnam,2022,5,24,5.7317,31.69,67.62,2.44
Visakhapatnam,2022,5,25,5.1394,30.26,76.17,4.36
Visakhapatnam,2022,5,26,6.0413,30.43,72.71,4.79
Visakhapatnam,2022,5,27,2.9923,30.85,70.07,4.12
Visakhapatnam,2022,5,28,6.7224,31.56,65.96,4.94
Visakhapatnam,2022,5,29,6.5842,32.06,67.99,5.05
Visakhapatnam,2022,5,30,5.1122,31.16,72.32,4.78
Visakhapatnam,2022,5,31,5.556,29.95,75.58,4.2
Visakhapatnam,2022,6,1,4.921,29.22,80.29,3.69
Visakhapatnam,2022,6,2,5.8668,30.98,69.86,4.9
Visakhapatnam,2022,6,3,4.7479,30.92,69.88,4.98
Visakhapatnam,2022,6,4,5.1302,30.09,77.56,3.73
Visakhapatnam,2022,6,5,4.4846,30.1,77.52,4.27
Visakhapatnam,2022,6,6,1.5396,29.6,81.1,3.5
Visakhapatnam,2022,6,7,5.7746,29.7,79.96,5.16
Visakhapatnam,2022,6,8,4.7417,30.08,78.74,5.49
Visakhapatnam,2022,6,9,4.2665,30.06,80.66,5.82
Visakhapatnam,2022,6,10,1.7597,30.17,74.34,6.11
Visakhapatnam,2022,6,11,4.4434,30.15,76.65,5.02
Visakhapatnam,2022,6,12,5.1382,29.84,76.3,4.58
Visakhapatnam,2022,6,13,6.3182,30.09,74.68,3.0
Visakhapatnam,2022,6,14,6.5357,30.91,72.8,4.15
Visakhapatnam,2022,6,15,5.861,30.0,79.14,4.62
Visakhapatnam,2022,6,16,5.8874,29.53,80.44,3.89
Visakhapatnam,2022,6,17,6.3958,28.92,85.31,3.94
Visakhapatnam,2022,6,18,6.3173,29.09,82.21,4.27
Visakhapatnam,2022,6,19,6.4968,29.19,80.91,5.28
Visakhapatnam,2022,6,20,5.6894,29.3,82.28,4.69
Visakhapatnam,2022,6,21,1.297,28.11,86.01,5.02
Visakhapatnam,2022,6,22,4.3018,28.2,83.17,3.89
Visakhapatnam,2022,6,23,4.8936,28.61,80.84,4.66
Visakhapatnam,2022,6,24,1.2955,28.07,86.58,5.73
Visakhapatnam,2022,6,25,1.9378,28.37,85.92,5.15
Visakhapatnam,2022,6,26,4.3529,27.9,86.08,5.2
Visakhapatnam,2022,6,27,4.6562,28.67,82.95,4.49
Visakhapatnam,2022,6,28,3.889,28.79,80.85,4.64
Visakhapatnam,2022,6,29,5.1761,28.69,83.26,5.2
Visakhapatnam,2022,6,30,4.9344,28.89,85.19,5.05
Visakhapatnam,2022,7,1,6.126,29.33,81.29,2.83
Visakhapatnam,2022,7,2,1.95,29.11,83.24,4.33
Visakhapatnam,2022,7,3,3.6866,28.96,85.33,4.44
Visakhapatnam,2022,7,4,3.7106,28.48,83.75,6.04
Visakhapatnam,2022,7,5,2.4586,28.19,85.9,5.33
Visakhapatnam,2022,7,6,4.8456,28.32,87.13,4.55
Visakhapatnam,2022,7,7,2.1046,28.07,86.44,6.38
Visakhapatnam,2022,7,8,3.0245,27.64,88.94,7.41
Visakhapatnam,2022,7,9,4.5041,28.19,87.56,7.92
Visakhapatnam,2022,7,10,4.4743,28.27,87.45,7.14
Visakhapatnam,2022,7,11,1.2953,27.79,88.36,7.88
Visakhapatnam,2022,7,12,3.9722,27.71,84.16,9.56
Visakhapatnam,2022,7,13,4.002,26.71,85.06,12.67
Visakhapatnam,2022,7,14,4.5034,26.78,86.25,10.5
Visakhapatnam,2022,7,15,3.4963,27.59,84.47,7.85
Visakhapatnam,2022,7,16,2.0162,27.7,87.42,5.65
Visakhapatnam,2022,7,17,2.9503,27.25,91.58,6.61
Visakhapatnam,2022,7,18,3.5232,28.0,88.48,6.71
Visakhapatnam,2022,7,19,6.673,28.42,84.33,4.36
Visakhapatnam,2022,7,20,6.1217,28.62,88.34,5.06
Visakhapatnam,2022,7,21,4.6327,28.08,91.22,5.14
Visakhapatnam,2022,7,22,3.6182,27.94,88.4,5.66
Visakhapatnam,2022,7,23,6.1226,28.14,86.54,5.29
Visakhapatnam,2022,7,24,4.5026,27.88,86.51,4.99
Visakhapatnam,2022,7,25,6.0391,27.59,87.55,3.3
Visakhapatnam,2022,7,26,5.201,27.42,87.77,1.99
Visakhapatnam,2022,7,27,6.648,27.59,86.38,1.81
Visakhapatnam,2022,7,28,7.1899,28.25,80.68,1.29
Visakhapatnam,2022,7,29,6.835,28.51,82.9,3.06
Visakhapatnam,2022,7,30,6.3221,28.67,83.58,3.94
Visakhapatnam,2022,7,31,5.897,28.95,85.33,3.79
Visakhapatnam,2022,8,1,6.5688,29.14,86.44,3.45
Visakhapatnam,2022,8,2,6.6048,29.22,83.19,2.86
Visakhapatnam,2022,8,3,6.1906,28.89,79.25,3.16
Visakhapatnam,2022,8,4,3.8239,28.19,84.16,4.1
Visakhapatnam,2022,8,5,5.3345,27.91,86.31,4.5
Visakhapatnam,2022,8,6,2.8555,28.02,87.67,4.19
Visakhapatnam,2022,8,7,2.1415,27.91,87.15,6.22
Visakhapatnam,2022,8,8,1.3399,27.66,87.07,8.37
Visakhapatnam,2022,8,9,3.0602,27.9,86.16,10.12
Visakhapatnam,2022,8,10,3.3658,28.35,82.45,9.04
Visakhapatnam,2022,8,11,5.6868,28.75,83.75,6.86
Visakhapatnam,2022,8,12,4.1302,28.56,85.99,4.95
Visakhapatnam,2022,8,13,1.7081,27.8,87.45,6.39
Visakhapatnam,2022,8,14,1.668,27.31,87.33,8.12
Visakhapatnam,2022,8,15,3.7421,27.88,85.21,7.17
Visakhapatnam,2022,8,16,5.555,27.99,85.26,5.08
Visakhapatnam,2022,8,17,5.9671,27.89,87.59,4.38
Visakhapatnam,2022,8,18,3.7332,27.82,89.93,4.13
Visakhapatnam,2022,8,19,1.5744,28.48,84.71,2.93
Visakhapatnam,2022,8,20,4.6313,28.12,87.95,4.98
Visakhapatnam,2022,8,21,6.4906,28.38,87.53,5.09
Visakhapatnam,2022,8,22,5.9695,28.0,88.9,4.3
Visakhapatnam,2022,8,23,5.1809,28.05,86.12,2.35
Visakhapatnam,2022,8,24,3.3264,28.2,82.52,1.71
Visakhapatnam,2022,8,25,6.6506,28.78,76.51,1.62
Visakhapatnam,2022,8,26,6.2251,28.75,80.63,1.91
Visakhapatnam,2022,8,27,5.58,28.84,84.24,2.51
Visakhapatnam,2022,8,28,4.9898,28.75,79.3,2.12
Visakhapatnam,2022,8,29,5.2483,28.17,82.46,2.16
Visakhapatnam,2022,8,30,6.571,28.03,84.9,2.63
Visakhapatnam,2022,8,31,4.7155,28.06,83.18,1.61
Visakhapatnam,2022,9,1,6.6094,28.16,81.72,1.96
Visakhapatnam,2022,9,2,6.4481,28.38,83.02,2.07
Visakhapatnam,2022,9,3,6.7855,28.57,82.85,2.74
Visakhapatnam,2022,9,4,6.173,28.62,85.45,3.51
Visakhapatnam,2022,9,5,6.4793,28.97,85.12,3.93
Visakhapatnam,2022,9,6,6.3833,28.76,84.68,3.02
Visakhapatnam,2022,9,7,2.6472,27.78,81.91,2.77
Visakhapatnam,2022,9,8,3.6427,27.93,84.04,2.97
Visakhapatnam,2022,9,9,4.2566,28.47,86.43,3.92
Visakhapatnam,2022,9,10,1.3094,28.02,88.32,5.67
Visakhapatnam,2022,9,11,3.9962,28.39,87.48,9.61
Visakhapatnam,2022,9,12,2.2649,28.56,84.82,8.87
Visakhapatnam,2022,9,13,2.4655,28.42,86.58,7.32
Visakhapatnam,2022,9,14,2.5901,28.1,88.05,5.5
Visakhapatnam,2022,9,15,5.2819,27.99,88.82,5.16
Visakhapatnam,2022,9,16,5.6858,27.9,88.25,5.49
Visakhapatnam,2022,9,17,6.156,28.13,87.77,5.03
Visakhapatnam,2022,9,18,2.5198,28.46,83.22,3.47
Visakhapatnam,2022,9,19,1.6946,27.55,83.98,4.31
Visakhapatnam,2022,9,20,3.5707,27.4,84.7,5.58
Visakhapatnam,2022,9,21,4.891,27.52,83.19,4.73
Visakhapatnam,2022,9,22,3.5522,28.33,84.66,4.64
Visakhapatnam,2022,9,23,5.2814,28.03,79.93,3.47
Visakhapatnam,2022,9,24,4.8449,28.25,77.91,2.24
Visakhapatnam,2022,9,25,4.9728,28.07,81.97,2.14
Visakhapatnam,2022,9,26,5.7074,27.64,86.29,1.94
Visakhapatnam,2022,9,27,5.6304,27.73,86.0,2.37
Visakhapatnam,2022,9,28,6.0941,27.97,84.09,1.87
Visakhapatnam,2022,9,29,3.9542,28.03,84.6,2.27
Visakhapatnam,2022,9,30,4.2626,27.85,85.01,2.91
Visakhapatnam,2022,10,1,2.0522,27.93,87.03,5.04
Visakhapatnam,2022,10,2,3.725,28.54,82.12,3.72
Visakhapatnam,2022,10,3,2.2709,28.28,82.97,4.13
Visakhapatnam,2022,10,4,1.5053,28.07,88.51,4.77
Visakhapatnam,2022,10,5,4.5766,27.8,90.1,4.89
Visakhapatnam,2022,10,6,3.9583,27.25,88.0,5.53
Visakhapatnam,2022,10,7,4.345,27.06,88.92,4.63
Visakhapatnam,2022,10,8,4.2689,26.95,88.71,3.84
Visakhapatnam,2022,10,9,2.2205,27.27,88.47,5.17
Visakhapatnam,2022,10,10,2.6412,27.44,84.89,3.8
Visakhapatnam,2022,10,11,4.9056,27.19,84.72,2.46
Visakhapatnam,2022,10,12,5.9844,27.36,84.85,2.49
Visakhapatnam,2022,10,13,5.4698,27.39,84.3,2.58
Visakhapatnam,2022,10,14,2.5687,27.31,87.14,4.73
Visakhapatnam,2022,10,15,3.301,27.47,86.49,4.11
Visakhapatnam,2022,10,16,5.748,27.67,85.57,4.42
Visakhapatnam,2022,10,17,4.1177,27.28,84.81,3.86
Visakhapatnam,2022,10,18,5.2301,27.25,85.76,3.81
Visakhapatnam,2022,10,19,5.0854,27.03,83.14,4.57
Visakhapatnam,2022,10,20,4.3687,27.13,82.44,5.04
Visakhapatnam,2022,10,21,5.0892,27.24,81.26,6.31
Visakhapatnam,2022,10,22,5.0832,26.48,75.67,6.06
Visakhapatnam,2022,10,23,4.7155,26.36,77.3,6.0
Visakhapatnam,2022,10,24,5.1502,26.98,73.39,3.49
Visakhapatnam,2022,10,25,5.31,26.87,72.32,2.31
Visakhapatnam,2022,10,26,5.4977,27.16,73.07,2.6
Visakhapatnam,2022,10,27,5.4708,26.38,77.05,3.95
Visakhapatnam,2022,10,28,5.1576,25.97,74.84,4.88
Visakhapatnam,2022,10,29,5.1238,25.24,73.99,4.71
Visakhapatnam,2022,10,30,4.8022,25.18,76.46,4.72
Visakhapatnam,2022,10,31,4.3954,25.67,75.63,5.2
Visakhapatnam,2022,11,1,4.002,26.25,83.81,4.33
Visakhapatnam,2022,11,2,5.111,26.15,85.64,4.42
Visakhapatnam,2022,11,3,2.9539,26.05,86.64,3.67
Visakhapatnam,2022,11,4,4.267,26.14,85.47,3.5
Visakhapatnam,2022,11,5,4.6841,26.37,78.8,4.12
Visakhapatnam,2022,11,6,4.8811,25.54,75.65,3.88
Visakhapatnam,2022,11,7,4.885,25.21,75.83,3.69
Visakhapatnam,2022,11,8,4.477,25.38,76.59,3.75
Visakhapatnam,2022,11,9,3.2498,25.4,80.7,4.93
Visakhapatnam,2022,11,10,4.3255,25.3,79.41,6.04
Visakhapatnam,2022,11,11,3.7906,25.31,79.48,6.62
Visakhapatnam,2022,11,12,3.8539,25.41,78.23,5.98
Visakhapatnam,2022,11,13,4.5727,24.91,78.62,5.43
Visakhapatnam,2022,11,14,4.7993,23.96,77.48,4.95
Visakhapatnam,2022,11,15,4.9656,23.67,73.6,3.64
Visakhapatnam,2022,11,16,5.2435,23.53,70.69,4.01
Visakhapatnam,2022,11,17,4.8367,23.74,74.15,4.96
Visakhapatnam,2022,11,18,4.771,23.66,74.01,6.11
Visakhapatnam,2022,11,19,4.9452,23.26,74.1,6.44
Visakhapatnam,2022,11,20,2.4842,23.41,77.95,7.07
Visakhapatnam,2022,11,21,2.1396,24.54,82.46,7.01
Visakhapatnam,2022,11,22,2.8877,25.2,84.71,6.28
Visakhapatnam,2022,11,23,4.3961,25.33,83.63,4.42
Visakhapatnam,2022,11,24,2.9419,25.54,84.07,3.07
Visakhapatnam,2022,11,25,1.4107,25.04,82.82,4.2
Visakhapatnam,2022,11,26,4.3058,24.07,77.3,3.73
Visakhapatnam,2022,11,27,4.4402,24.07,71.72,2.84
Visakhapatnam,2022,11,28,4.1702,23.76,68.95,3.07
Visakhapatnam,2022,11,29,4.4393,23.43,73.12,4.0
Visakhapatnam,2022,11,30,4.4294,24.57,79.6,5.19
Visakhapatnam,2022,12,1,4.417,25.13,84.18,5.12
Visakhapatnam,2022,12,2,3.4939,25.26,85.61,4.98
Visakhapatnam,2022,12,3,3.6278,25.0,84.32,4.31
Visakhapatnam,2022,12,4,3.5249,25.0,82.8,4.22
Visakhapatnam,2022,12,5,4.0594,24.5,81.87,4.67
Visakhapatnam,2022,12,6,3.5282,23.54,76.45,5.39
Visakhapatnam,2022,12,7,3.4099,22.87,74.02,6.14
Visakhapatnam,2022,12,8,3.8424,22.78,71.67,8.12
Visakhapatnam,2022,12,9,1.2737,23.12,78.95,9.04
Visakhapatnam,2022,12,10,2.2498,24.38,87.43,7.6
Visakhapatnam,2022,12,11,1.758,25.23,89.39,6.11
Visakhapatnam,2022,12,12,3.713,24.97,85.84,4.36
Visakhapatnam,2022,12,13,4.5336,25.04,79.48,3.15
Visakhapatnam,2022,12,14,4.537,24.66,75.65,2.71
Visakhapatnam,2022,12,15,4.1333,24.66,74.57,2.81
Visakhapatnam,2022,12,16,4.0325,24.77,82.03,3.18
Visakhapatnam,2022,12,17,3.8767,24.69,82.58,4.32
Visakhapatnam,2022,12,18,4.2665,23.55,76.83,5.26
Visakhapatnam,2022,12,19,4.5835,22.64,71.59,4.7
Visakhapatnam,2022,12,20,4.6997,22.74,69.48,4.8
Visakhapatnam,2022,12,21,3.6929,23.03,74.55,4.9
Visakhapatnam,2022,12,22,3.1159,23.29,76.03,5.12
Visakhapatnam,2022,12,23,3.8546,23.22,75.42,5.8
Visakhapatnam,2022,12,24,4.5074,23.83,75.64,5.28
Visakhapatnam,2022,12,25,4.7904,24.53,74.74,4.25
Visakhapatnam,2022,12,26,4.6999,25.01,81.69,3.57
Visakhapatnam,2022,12,27,4.747,25.69,78.95,1.94
Visakhapatnam,2022,12,28,4.4045,25.9,80.27,2.29
Visakhapatnam,2022,12,29,4.0596,25.26,81.43,2.73
Visakhapatnam,2022,12,30,3.9643,24.86,82.66,3.04
Visakhapatnam,2022,12,31,3.9574,25.09,79.49,2.02
Visakhapatnam,2023,1,1,3.3521,25.19,77.33,2.31
Visakhapatnam,2023,1,2,3.0967,24.84,75.65,3.56
Visakhapatnam,2023,1,3,3.5465,24.41,78.5,3.98
Visakhapatnam,2023,1,4,2.963,24.3,80.75,4.95
Visakhapatnam,2023,1,5,3.3204,24.09,77.36,6.27
Visakhapatnam,2023,1,6,3.4596,23.73,72.78,5.36
Visakhapatnam,2023,1,7,4.3992,22.99,63.31,4.32
Visakhapatnam,2023,1,8,5.1643,22.21,52.5,3.69
Visakhapatnam,2023,1,9,5.0822,22.42,61.52,3.79
Visakhapatnam,2023,1,10,4.9582,23.26,61.12,3.42
Visakhapatnam,2023,1,11,4.9606,23.38,59.94,2.51
Visakhapatnam,2023,1,12,4.68,23.45,68.48,2.21
Visakhapatnam,2023,1,13,4.4371,23.68,74.51,2.23
Visakhapatnam,2023,1,14,4.5619,23.96,70.44,2.08
Visakhapatnam,2023,1,15,4.548,24.11,69.02,2.48
Visakhapatnam,2023,1,16,4.523,23.95,75.4,2.84
Visakhapatnam,2023,1,17,4.3452,24.31,75.69,2.5
Visakhapatnam,2023,1,18,4.3519,24.19,77.3,3.03
Visakhapatnam,2023,1,19,4.4851,24.26,75.78,2.24
Visakhapatnam,2023,1,20,3.7709,24.21,77.66,3.6
Visakhapatnam,2023,1,21,3.9442,24.33,78.77,3.42
Visakhapatnam,2023,1,22,4.4621,24.27,76.3,3.55
Visakhapatnam,2023,1,23,4.8482,23.91,71.09,4.09
Visakhapatnam,2023,1,24,4.9786,24.03,69.41,2.53
Visakhapatnam,2023,1,25,5.2205,24.03,70.32,3.21
Visakhapatnam,2023,1,26,5.4533,24.05,70.26,3.43
Visakhapatnam,2023,1,27,5.0875,24.48,67.92,2.8
Visakhapatnam,2023,1,28,4.7722,24.8,69.62,4.05
Visakhapatnam,2023,1,29,4.6795,25.09,78.7,5.49
Visakhapatnam,2023,1,30,4.5737,25.57,74.36,6.01
Visakhapatnam,2023,1,31,3.7646,25.23,64.73,4.54
Visakhapatnam,2023,2,1,3.9444,25.45,61.49,5.09
Visakhapatnam,2023,2,2,4.3032,25.4,61.62,5.38
Visakhapatnam,2023,2,3,5.562,24.55,55.01,5.1
Visakhapatnam,2023,2,4,5.5008,24.5,50.65,3.52
Visakhapatnam,2023,2,5,5.599,24.71,54.86,3.27
Visakhapatnam,2023,2,6,5.4473,24.73,62.35,2.14
Visakhapatnam,2023,2,7,5.2469,25.32,65.0,3.02
Visakhapatnam,2023,2,8,5.0323,25.82,68.11,2.57
Visakhapatnam,2023,2,9,5.2884,25.6,67.16,2.48
Visakhapatnam,2023,2,10,5.1331,25.67,67.07,2.91
Visakhapatnam,2023,2,11,5.6441,26.23,67.96,2.74
Visakhapatnam,2023,2,12,5.4794,27.02,62.73,2.67
Visakhapatnam,2023,2,13,6.0943,26.12,49.1,3.61
Visakhapatnam,2023,2,14,5.9654,25.92,50.92,2.27
Visakhapatnam,2023,2,15,5.9302,25.73,56.48,2.57
Visakhapatnam,2023,2,16,5.9366,25.84,66.24,3.02
Visakhapatnam,2023,2,17,5.2985,25.35,73.54,3.74
Visakhapatnam,2023,2,18,4.6126,25.49,73.69,3.06
Visakhapatnam,2023,2,19,4.7201,26.0,70.69,2.69
Visakhapatnam,2023,2,20,5.1307,26.46,67.69,2.83
Visakhapatnam,2023,2,21,5.6278,26.68,70.69,3.52
Visakhapatnam,2023,2,22,5.9714,26.55,71.25,3.48
Visakhapatnam,2023,2,23,5.7156,26.59,70.87,4.55
Visakhapatnam,2023,2,24,5.7034,26.85,68.99,3.35
Visakhapatnam,2023,2,25,5.5625,26.73,66.75,2.3
Visakhapatnam,2023,2,26,5.5754,26.58,67.22,2.16
Visakhapatnam,2023,2,27,6.0463,26.65,59.52,2.19
Visakhapatnam,2023,2,28,5.7473,26.87,55.33,2.04
Visakhapatnam,2023,3,1,5.9611,26.99,54.53,2.17
Visakhapatnam,2023,3,2,5.7722,27.17,54.15,2.43
Visakhapatnam,2023,3,3,5.501,27.55,53.78,2.36
Visakhapatnam,2023,3,4,5.7439,27.62,54.05,2.53
Visakhapatnam,2023,3,5,6.2909,27.52,54.43,2.81
Visakhapatnam,2023,3,6,5.7401,27.58,53.71,2.85
Visakhapatnam,2023,3,7,5.1778,27.54,54.72,2.52
Visakhapatnam,2023,3,8,4.9286,27.47,56.69,2.13
Visakhapatnam,2023,3,9,4.6342,27.38,58.52,2.57
Visakhapatnam,2023,3,10,5.0191,27.32,65.07,3.28
Visakhapatnam,2023,3,11,6.4534,27.09,67.04,3.93
Visakhapatnam,2023,3,12,6.343,27.29,61.05,2.36
Visakhapatnam,2023,3,13,6.228,27.72,56.67,2.44
Visakhapatnam,2023,3,14,5.5495,27.53,57.68,2.41
Visakhapatnam,2023,3,15,5.0566,27.28,71.37,3.13
Visakhapatnam,2023,3,16,5.0662,27.23,74.38,3.56
Visakhapatnam,2023,3,17,1.9435,26.82,71.55,1.73
Visakhapatnam,2023,3,18,3.8429,26.7,74.82,2.83
Visakhapatnam,2023,3,19,3.5393,25.08,84.74,3.78
Visakhapatnam,2023,3,20,6.1987,26.02,79.58,3.84
Visakhapatnam,2023,3,21,6.2626,26.89,78.56,3.36
Visakhapatnam,2023,3,22,5.7106,27.62,76.84,3.27
Visakhapatnam,2023,3,23,5.4218,27.76,74.67,3.33
Visakhapatnam,2023,3,24,6.3283,28.13,74.34,3.93
Visakhapatnam,2023,3,25,6.235,28.05,77.87,3.56
Visakhapatnam,2023,3,26,6.1123,28.45,75.14,3.84
Visakhapatnam,2023,3,27,5.9508,28.75,75.48,4.07
Visakhapatnam,2023,3,28,6.2165,28.75,75.48,3.95
Visakhapatnam,2023,3,29,6.5018,28.51,75.32,4.47
Visakhapatnam,2023,3,30,6.4176,28.3,76.12,4.38
Visakhapatnam,2023,3,31,6.6869,28.31,74.85,5.08
Visakhapatnam,2023,4,1,5.3578,27.96,77.23,4.3
Visakhapatnam,2023,4,2,5.7545,28.43,75.11,4.54
Visakhapatnam,2023,4,3,6.6686,28.75,75.91,4.82
Visakhapatnam,2023,4,4,6.103,28.59,76.26,5.05
Visakhapatnam,2023,4,5,6.5724,29.37,71.2,4.7
Visakhapatnam,2023,4,6,6.739,29.15,72.01,3.23
Visakhapatnam,2023,4,7,6.5621,29.07,69.07,1.9
Visakhapatnam,2023,4,8,6.6348,29.09,64.39,1.93
Visakhapatnam,2023,4,9,7.0992,29.48,60.89,2.96
Visakhapatnam,2023,4,10,6.5858,30.08,59.78,3.76
Visakhapatnam,2023,4,11,6.5285,30.55,57.6,3.43
Visakhapatnam,2023,4,12,6.451,31.0,57.11,3.53
Visakhapatnam,2023,4,13,6.7548,31.37,58.09,3.82
Visakhapatnam,2023,4,14,6.0422,31.16,63.52,4.32
Visakhapatnam,2023,4,15,5.7134,31.51,60.85,3.78
Visakhapatnam,2023,4,16,5.1055,31.49,61.66,2.95
Visakhapatnam,2023,4,17,5.712,30.95,64.53,3.88
Visakhapatnam,2023,4,18,5.7773,31.4,65.65,4.78
Visakhapatnam,2023,4,19,5.3352,31.84,59.58,4.89
Visakhapatnam,2023,4,20,5.7967,31.1,61.29,5.01
Visakhapatnam,2023,4,21,5.3746,30.44,65.07,2.75
Visakhapatnam,2023,4,22,5.8822,29.93,67.88,3.55
Visakhapatnam,2023,4,23,4.752,29.24,68.05,2.7
Visakhapatnam,2023,4,24,6.1829,28.76,74.72,2.95
Visakhapatnam,2023,4,25,6.4829,29.28,70.83,2.68
Visakhapatnam,2023,4,26,5.9563,29.58,69.35,2.84
Visakhapatnam,2023,4,27,6.6295,30.2,65.59,2.54
Visakhapatnam,2023,4,28,6.9799,30.45,67.23,3.74
Visakhapatnam,2023,4,29,6.3427,30.41,67.6,3.05
Visakhapatnam,2023,4,30,6.3595,30.14,65.9,3.05
Visakhapatnam,2023,5,1,1.1374,28.26,71.25,2.23
Visakhapatnam,2023,5,2,5.9249,28.99,69.59,2.48
Visakhapatnam,2023,5,3,3.1889,28.91,74.42,3.52
Visakhapatnam,2023,5,4,6.1548,28.83,73.83,3.09
Visakhapatnam,2023,5,5,5.9503,29.34,73.6,2.84
Visakhapatnam,2023,5,6,6.9295,30.08,71.8,3.12
Visakhapatnam,2023,5,7,5.2145,30.53,72.66,3.43
Visakhapatnam,2023,5,8,6.6792,30.78,72.35,2.49
Visakhapatnam,2023,5,9,5.8867,30.81,72.26,2.3
Visakhapatnam,2023,5,10,6.0389,30.58,71.14,1.95
Visakhapatnam,2023,5,11,5.4876,31.01,67.47,2.37
Visakhapatnam,2023,5,12,5.6705,31.1,65.8,3.76
Visakhapatnam,2023,5,13,5.3335,31.51,63.41,2.72
Visakhapatnam,2023,5,14,5.2853,32.19,64.6,2.54
Visakhapatnam,2023,5,15,6.5114,32.46,72.85,4.12
Visakhapatnam,2023,5,16,6.4058,32.53,71.18,3.16
Visakhapatnam,2023,5,17,6.2796,31.45,77.55,4.53
Visakhapatnam,2023,5,18,6.4687,30.89,78.19,4.75
Visakhapatnam,2023,5,19,6.0341,30.97,76.84,5.23
Visakhapatnam,2023,5,20,6.1805,30.9,74.71,5.14
Visakhapatnam,2023,5,21,6.4742,30.42,76.55,4.63
Visakhapatnam,2023,5,22,6.6768,30.73,72.88,5.12
Visakhapatnam,2023,5,23,5.3873,31.34,69.4,4.54
Visakhapatnam,2023,5,24,6.629,31.55,71.18,6.07
Visakhapatnam,2023,5,25,5.4362,31.32,74.75,5.44
Visakhapatnam,2023,5,26,3.1174,30.47,77.35,5.45
Visakhapatnam,2023,5,27,6.6816,31.83,68.68,3.69
Visakhapatnam,2023,5,28,6.253,30.92,71.11,2.27
Visakhapatnam,2023,5,29,6.7975,30.86,67.48,2.28
Visakhapatnam,2023,5,30,6.0912,31.18,71.58,3.97
Visakhapatnam,2023,5,31,4.7522,31.71,68.44,3.45
Visakhapatnam,2023,6,1,4.8053,31.42,74.03,4.34
Visakhapatnam,2023,6,2,6.2525,31.74,73.47,3.82
Visakhapatnam,2023,6,3,6.1387,32.14,73.55,3.38
Visakhapatnam,2023,6,4,5.6851,31.56,73.52,4.04
Visakhapatnam,2023,6,5,6.0233,31.23,70.97,4.62
Visakhapatnam,2023,6,6,5.0146,31.79,71.93,3.41
Visakhapatnam,2023,6,7,5.9376,31.75,73.54,4.16
Visakhapatnam,2023,6,8,4.9711,32.68,68.08,2.93
Visakhapatnam,2023,6,9,5.9731,31.67,78.15,5.14
Visakhapatnam,2023,6,10,5.6318,32.12,73.6,4.18
Visakhapatnam,2023,6,11,5.7053,31.9,72.43,5.55
Visakhapatnam,2023,6,12,5.0602,30.6,78.24,4.76
Visakhapatnam,2023,6,13,4.3541,30.7,76.15,5.14
Visakhapatnam,2023,6,14,5.7974,31.59,71.38,4.71
Visakhapatnam,2023,6,15,5.477,31.15,76.48,4.95
Visakhapatnam,2023,6,16,6.4553,32.35,75.08,4.6
Visakhapatnam,2023,6,17,5.3206,31.22,74.22,4.24
Visakhapatnam,2023,6,18,6.023,31.21,75.86,4.1
Visakhapatnam,2023,6,19,3.324,30.53,79.34,2.38
Visakhapatnam,2023,6,20,5.8949,30.37,78.18,3.02
Visakhapatnam,2023,6,21,6.0816,30.23,78.69,3.5
Visakhapatnam,2023,6,22,2.382,29.24,82.29,5.29
Visakhapatnam,2023,6,23,1.6248,28.52,85.42,6.24
Visakhapatnam,2023,6,24,1.3901,28.71,83.35,5.79
Visakhapatnam,2023,6,25,3.1121,28.69,84.95,6.37
Visakhapatnam,2023,6,26,3.906,29.39,73.77,6.13
Visakhapatnam,2023,6,27,6.1214,30.03,68.45,6.24
Visakhapatnam,2023,6,28,6.5033,30.14,73.25,6.08
Visakhapatnam,2023,6,29,6.3106,30.44,75.04,6.02
Visakhapatnam,2023,6,30,6.2275,30.54,70.27,5.4
Visakhapatnam,2023,7,1,6.3238,30.83,72.48,4.51
Visakhapatnam,2023,7,2,6.2885,30.44,77.17,2.41
Visakhapatnam,2023,7,3,6.3038,29.61,84.04,3.51
Visakhapatnam,2023,7,4,6.0514,29.34,83.75,4.19
Visakhapatnam,2023,7,5,2.2229,28.34,81.87,4.98
Visakhapatnam,2023,7,6,3.3115,29.19,78.07,6.65
Visakhapatnam,2023,7,7,4.0354,29.38,77.29,6.74
Visakhapatnam,2023,7,8,5.2524,29.62,77.61,5.29
Visakhapatnam,2023,7,9,6.5148,30.14,76.42,4.13
Visakhapatnam,2023,7,10,6.1735,29.13,79.33,2.97
Visakhapatnam,2023,7,11,5.351,28.64,83.57,3.19
Visakhapatnam,2023,7,12,5.0834,28.75,79.59,2.84
Visakhapatnam,2023,7,13,2.7475,28.24,83.45,4.97
Visakhapatnam,2023,7,14,6.0062,29.52,80.92,5.08
Visakhapatnam,2023,7,15,2.7108,29.06,85.68,4.35
Visakhapatnam,2023,7,16,3.6295,28.58,83.56,5.85
Visakhapatnam,2023,7,17,2.7221,28.3,80.07,7.83
Visakhapatnam,2023,7,18,1.6214,27.58,84.19,10.11
Visakhapatnam,2023,7,19,4.4921,27.32,87.8,10.86
Visakhapatnam,2023,7,20,3.8851,27.7,87.57,8.6
Visakhapatnam,2023,7,21,5.8822,27.4,86.98,8.27
Visakhapatnam,2023,7,22,2.4396,28.33,85.22,5.54
Visakhapatnam,2023,7,23,4.728,28.09,88.99,5.65
Visakhapatnam,2023,7,24,3.6341,28.0,88.99,3.43
Visakhapatnam,2023,7,25,3.1152,27.96,90.51,4.02
Visakhapatnam,2023,7,26,3.5858,28.77,88.7,5.94
Visakhapatnam,2023,7,27,4.4443,28.26,88.55,10.1
Visakhapatnam,2023,7,28,5.9986,28.16,88.14,9.35
Visakhapatnam,2023,7,29,4.7561,29.19,86.52,5.63
Visakhapatnam,2023,7,30,3.977,28.94,86.15,4.83
Visakhapatnam,2023,7,31,1.8833,28.12,89.48,5.55
Visakhapatnam,2023,8,1,2.7048,28.22,89.39,6.91
Visakhapatnam,2023,8,2,2.0604,28.35,86.71,7.44
Visakhapatnam,2023,8,3,5.7744,28.64,86.09,6.33
Visakhapatnam,2023,8,4,6.2107,28.94,84.98,5.31
Visakhapatnam,2023,8,5,5.8404,28.9,86.61,4.96
Visakhapatnam,2023,8,6,6.1488,28.88,85.95,5.29
Visakhapatnam,2023,8,7,4.8502,28.0,88.23,5.18
Visakhapatnam,2023,8,8,4.7472,28.58,83.53,4.45
Visakhapatnam,2023,8,9,4.7717,28.69,84.11,3.43
Visakhapatnam,2023,8,10,5.6172,28.76,82.77,3.29
Visakhapatnam,2023,8,11,6.0946,28.77,83.88,2.67
Visakhapatnam,2023,8,12,5.334,28.59,85.39,3.71
Visakhapatnam,2023,8,13,5.3292,28.86,83.61,2.71
Visakhapatnam,2023,8,14,4.1597,28.25,84.86,3.06
Visakhapatnam,2023,8,15,6.275,28.61,81.85,3.7
Visakhapatnam,2023,8,16,6.2909,28.6,84.41,3.86
Visakhapatnam,2023,8,17,2.7322,28.49,86.04,3.71
Visakhapatnam,2023,8,18,2.6597,27.61,89.61,6.03
Visakhapatnam,2023,8,19,3.9655,28.06,85.48,8.18
Visakhapatnam,2023,8,20,6.0084,28.17,83.77,5.03
Visakhapatnam,2023,8,21,5.8615,28.35,85.8,4.35
Visakhapatnam,2023,8,22,4.4117,28.6,85.99,4.16
Visakhapatnam,2023,8,23,4.6162,28.03,89.63,5.06
Visakhapatnam,2023,8,24,4.5086,27.99,89.99,5.29
Visakhapatnam,2023,8,25,5.459,27.89,89.1,4.87
Visakhapatnam,2023,8,26,1.1935,28.01,88.55,5.32
Visakhapatnam,2023,8,27,4.1614,28.46,86.63,5.05
Visakhapatnam,2023,8,28,6.3391,29.03,83.08,3.4
Visakhapatnam,2023,8,29,5.729,28.91,77.14,2.15
Visakhapatnam,2023,8,30,5.6645,28.72,77.4,2.3
Visakhapatnam,2023,8,31,5.676,28.57,81.02,2.02
Visakhapatnam,2023,9,1,5.5682,28.7,81.42,1.97
Visakhapatnam,2023,9,2,4.1472,28.3,88.72,3.28
Visakhapatnam,2023,9,3,4.6054,27.95,87.43,1.69
Visakhapatnam,2023,9,4,3.4913,28.52,82.11,1.79
Visakhapatnam,2023,9,5,3.7958,27.41,89.96,2.12
Visakhapatnam,2023,9,6,3.0216,27.79,90.31,2.2
Visakhapatnam,2023,9,7,1.5576,28.53,86.56,6.66
Visakhapatnam,2023,9,8,5.119,28.25,83.06,6.27
Visakhapatnam,2023,9,9,4.8744,28.53,85.92,6.04
Visakhapatnam,2023,9,10,4.9646,28.41,88.79,4.83
Visakhapatnam,2023,9,11,4.1938,28.85,85.83,2.78
Visakhapatnam,2023,9,12,2.5606,28.24,87.06,3.69
Visakhapatnam,2023,9,13,1.2955,27.5,88.92,7.19
Visakhapatnam,2023,9,14,3.3101,27.23,87.71,7.77
Visakhapatnam,2023,9,15,4.5518,28.07,86.58,5.78
Visakhapatnam,2023,9,16,5.9815,28.4,86.37,3.1
Visakhapatnam,2023,9,17,4.7419,28.57,81.13,1.84
Visakhapatnam,2023,9,18,4.123,28.76,83.5,2.55
Visakhapatnam,2023,9,19,2.1391,28.21,88.26,4.31
Visakhapatnam,2023,9,20,1.7818,28.16,87.69,4.09
Visakhapatnam,2023,9,21,4.9488,28.06,87.43,4.7
Visakhapatnam,2023,9,22,5.3011,27.96,89.34,5.55
Visakhapatnam,2023,9,23,5.2548,28.16,88.69,5.16
Visakhapatnam,2023,9,24,4.3865,27.77,90.91,3.68
Visakhapatnam,2023,9,25,5.1941,27.6,92.02,3.23
Visakhapatnam,2023,9,26,5.5699,27.97,87.23,1.93
Visakhapatnam,2023,9,27,5.8342,28.61,83.17,1.37
Visakhapatnam,2023,9,28,5.8169,28.9,83.09,2.45
Visakhapatnam,2023,9,29,4.6378,27.8,87.04,3.99
Visakhapatnam,2023,9,30,4.8619,28.38,84.12,4.73
Visakhapatnam,2023,10,1,4.0114,28.1,88.31,6.08
Visakhapatnam,2023,10,2,2.1948,27.8,90.84,5.94
Visakhapatnam,2023,10,3,4.789,29.05,86.65,4.93
Visakhapatnam,2023,10,4,5.6206,29.17,78.5,2.08
Visakhapatnam,2023,10,5,6.0756,28.76,75.26,2.35
Visakhapatnam,2023,10,6,6.0341,28.07,74.96,2.79
Visakhapatnam,2023,10,7,5.5416,28.35,78.17,1.78
Visakhapatnam,2023,10,8,5.1101,28.11,82.14,2.05
Visakhapatnam,2023,10,9,5.1989,28.85,81.64,2.92
Visakhapatnam,2023,10,10,5.0434,28.66,80.91,2.49
Visakhapatnam,2023,10,11,5.4293,28.14,77.0,2.35
Visakhapatnam,2023,10,12,5.4619,28.47,73.83,2.27
Visakhapatnam,2023,10,13,5.467,28.16,75.12,3.19
Visakhapatnam,2023,10,14,5.4446,28.01,75.68,3.25
Visakhapatnam,2023,10,15,5.257,27.98,71.9,3.01
Visakhapatnam,2023,10,16,5.6587,28.02,70.26,3.23
Visakhapatnam,2023,10,17,4.9634,28.1,69.12,2.94
Visakhapatnam,2023,10,18,4.9135,27.79,74.81,3.03
Visakhapatnam,2023,10,19,4.6774,27.51,80.01,4.22
Visakhapatnam,2023,10,20,5.0018,27.22,80.98,5.66
Visakhapatnam,2023,10,21,4.9498,26.75,79.71,6.49
Visakhapatnam,2023,10,22,4.5766,26.33,76.74,6.41
Visakhapatnam,2023,10,23,4.0342,26.79,76.85,5.7
Visakhapatnam,2023,10,24,5.2853,27.14,77.11,2.97
Visakhapatnam,2023,10,25,4.254,27.09,80.65,2.46
Visakhapatnam,2023,10,26,4.4381,26.77,80.61,3.68
Visakhapatnam,2023,10,27,4.1222,26.38,76.24,4.19
Visakhapatnam,2023,10,28,3.8652,26.31,77.83,4.33
Visakhapatnam,2023,10,29,4.5845,26.11,73.32,4.77
Visakhapatnam,2023,10,30,4.925,25.69,73.81,5.36
Visakhapatnam,2023,10,31,5.0597,25.66,77.65,5.32
Visakhapatnam,2023,11,1,3.8126,26.3,81.93,5.9
Visakhapatnam,2023,11,2,4.8055,26.94,85.07,5.26
Visakhapatnam,2023,11,3,4.9884,26.93,85.71,4.05
Visakhapatnam,2023,11,4,3.305,26.78,86.47,2.65
Visakhapatnam,2023,11,5,4.7299,26.77,86.32,4.12
Visakhapatnam,2023,11,6,4.4287,26.8,85.73,5.74
Visakhapatnam,2023,11,7,3.6792,26.71,80.58,5.17
Visakhapatnam,2023,11,8,4.5334,26.55,74.17,3.93
Visakhapatnam,2023,11,9,4.9162,25.59,70.36,4.61
Visakhapatnam,2023,11,10,4.8108,25.15,73.76,4.67
Visakhapatnam,2023,11,11,4.5674,25.42,70.21,4.29
Visakhapatnam,2023,11,12,4.3543,25.63,76.41,5.18
Visakhapatnam,2023,11,13,3.5563,25.52,77.54,6.05
Visakhapatnam,2023,11,14,4.4592,25.18,75.1,6.53
Visakhapatnam,2023,11,15,3.9283,24.83,74.37,7.44
Visakhapatnam,2023,11,16,5.0131,26.3,73.23,5.46
Visakhapatnam,2023,11,17,5.3292,25.36,77.51,4.75
Visakhapatnam,2023,11,18,5.0537,26.18,81.37,4.49
Visakhapatnam,2023,11,19,4.799,25.81,82.25,6.02
Visakhapatnam,2023,11,20,1.9697,25.37,81.5,6.75
Visakhapatnam,2023,11,21,2.436,25.48,83.21,5.45
Visakhapatnam,2023,11,22,3.8875,25.88,79.66,4.55
Visakhapatnam,2023,11,23,3.3734,25.92,78.8,5.03
Visakhapatnam,2023,11,24,2.831,25.61,78.26,5.62
Visakhapatnam,2023,11,25,3.0809,25.43,76.0,5.92
Visakhapatnam,2023,11,26,3.9583,25.51,74.62,5.96
Visakhapatnam,2023,11,27,3.6838,25.25,77.44,5.5
Visakhapatnam,2023,11,28,4.4813,25.3,79.29,4.99
Visakhapatnam,2023,11,29,4.3344,25.37,77.71,5.28
Visakhapatnam,2023,11,30,4.4326,25.4,76.67,5.73
Visakhapatnam,2023,12,1,4.3387,25.56,79.2,6.25
Visakhapatnam,2023,12,2,3.9043,25.77,81.11,7.66
Visakhapatnam,2023,12,3,2.328,25.95,84.3,8.73
Visakhapatnam,2023,12,4,0.575,25.53,88.23,8.69
Visakhapatnam,2023,12,5,1.0858,25.7,90.12,7.8
Visakhapatnam,2023,12,6,2.3086,26.13,90.55,6.01
Visakhapatnam,2023,12,7,3.1495,25.54,87.35,2.67
Visakhapatnam,2023,12,8,4.4947,25.49,80.95,2.09
Visakhapatnam,2023,12,9,4.451,24.8,79.89,3.88
Visakhapatnam,2023,12,10,4.4671,23.87,74.62,4.01
Visakhapatnam,2023,12,11,3.9194,23.47,75.83,3.76
Visakhapatnam,2023,12,12,4.213,23.15,76.99,3.43
Visakhapatnam,2023,12,13,3.9708,23.12,75.56,3.6
Visakhapatnam,2023,12,14,4.2982,22.27,75.78,4.79
Visakhapatnam,2023,12,15,3.9118,22.35,77.0,5.43
Visakhapatnam,2023,12,16,4.2737,22.23,72.02,5.25
Visakhapatnam,2023,12,17,3.5436,22.46,73.19,5.14
Visakhapatnam,2023,12,18,3.5712,22.26,70.32,5.18
Visakhapatnam,2023,12,19,3.8969,22.06,70.52,5.52
Visakhapatnam,2023,12,20,4.2024,21.42,71.62,5.16
Visakhapatnam,2023,12,21,4.3678,21.33,69.1,3.73
Visakhapatnam,2023,12,22,4.2936,21.96,71.11,3.32
Visakhapatnam,2023,12,23,3.8458,22.43,74.7,4.42
Visakhapatnam,2023,12,24,4.0798,22.27,80.04,4.81
Visakhapatnam,2023,12,25,4.3274,22.87,77.22,4.33
Visakhapatnam,2023,12,26,4.2905,23.1,81.12,4.26
Visakhapatnam,2023,12,27,4.2233,23.17,78.89,4.56
Visakhapatnam,2023,12,28,3.984,23.09,78.15,4.07
Visakhapatnam,2023,12,29,3.3238,22.96,79.29,4.1
Visakhapatnam,2023,12,30,3.509,22.85,77.39,3.67
Visakhapatnam,2023,12,31,3.5489,22.75,79.65,4.13
Visakhapatnam,2024,1,1,3.4884,22.59,78.67,4.01
Visakhapatnam,2024,1,2,3.5885,22.22,78.35,4.51
Visakhapatnam,2024,1,3,3.5546,22.05,79.9,4.98
Visakhapatnam,2024,1,4,4.3229,22.43,76.08,4.73
Visakhapatnam,2024,1,5,4.6769,22.6,76.57,5.53
Visakhapatnam,2024,1,6,4.5254,22.83,79.98,5.6
Visakhapatnam,2024,1,7,4.3296,22.83,76.38,6.09
Visakhapatnam,2024,1,8,3.9144,23.64,72.17,6.23
Visakhapatnam,2024,1,9,3.2602,23.46,75.8,5.48
Visakhapatnam,2024,1,10,4.2502,23.66,71.4,3.84
Visakhapatnam,2024,1,11,3.4222,24.66,70.42,2.75
Visakhapatnam,2024,1,12,3.637,23.92,82.26,4.12
Visakhapatnam,2024,1,13,4.0356,23.67,80.3,3.17
Visakhapatnam,2024,1,14,4.1352,23.41,77.36,2.93
Visakhapatnam,2024,1,15,3.7726,24.04,76.51,2.82
Visakhapatnam,2024,1,16,3.8465,24.24,77.37,2.39
Visakhapatnam,2024,1,17,4.1957,24.29,74.5,2.8
Visakhapatnam,2024,1,18,4.7484,23.8,74.5,2.46
Visakhapatnam,2024,1,19,4.5314,23.95,75.08,2.99
Visakhapatnam,2024,1,20,4.0423,23.92,79.21,3.55
Visakhapatnam,2024,1,21,4.5432,24.59,75.33,2.59
Visakhapatnam,2024,1,22,4.0706,24.23,79.92,2.95
Visakhapatnam,2024,1,23,3.685,24.32,80.78,3.44
Visakhapatnam,2024,1,24,3.9283,24.81,79.77,3.65
Visakhapatnam,2024,1,25,3.3252,23.0,80.15,4.46
Visakhapatnam,2024,1,26,4.1086,23.54,77.79,4.58
Visakhapatnam,2024,1,27,4.2463,23.69,75.4,4.22
Visakhapatnam,2024,1,28,4.8432,23.09,67.03,4.05
Visakhapatnam,2024,1,29,4.4726,22.94,66.01,3.72
Visakhapatnam,2024,1,30,5.3407,23.86,65.55,2.36
Visakhapatnam,2024,1,31,5.3674,24.38,66.75,1.99
Visakhapatnam,2024,2,1,5.0647,24.8,66.58,1.7
Visakhapatnam,2024,2,2,4.6464,25.23,70.6,1.82
Visakhapatnam,2024,2,3,4.4482,25.09,74.57,2.78
Visakhapatnam,2024,2,4,4.5787,24.65,77.61,3.38
Visakhapatnam,2024,2,5,5.0328,24.82,73.28,2.4
Visakhapatnam,2024,2,6,5.1998,25.52,73.63,2.82
Visakhapatnam,2024,2,7,4.8614,26.41,69.19,2.1
Visakhapatnam,2024,2,8,3.6235,25.47,77.74,3.03
Visakhapatnam,2024,2,9,3.6355,24.95,71.32,4.61
Visakhapatnam,2024,2,10,4.7873,24.42,73.88,4.31
Visakhapatnam,2024,2,11,5.1727,24.76,70.02,4.14
Visakhapatnam,2024,2,12,5.5162,25.05,69.8,3.89
Visakhapatnam,2024,2,13,5.3825,25.15,70.41,3.51
Visakhapatnam,2024,2,14,5.5831,25.1,71.2,2.67
Visakhapatnam,2024,2,15,5.8721,25.62,65.42,2.54
Visakhapatnam,2024,2,16,6.0427,25.6,63.86,4.0
Visakhapatnam,2024,2,17,5.6004,25.95,64.73,3.17
Visakhapatnam,2024,2,18,4.8816,26.24,63.35,2.41
Visakhapatnam,2024,2,19,4.8636,26.36,65.02,3.78
Visakhapatnam,2024,2,20,5.4257,27.16,65.36,4.62
Visakhapatnam,2024,2,21,5.3472,27.25,67.58,5.54
Visakhapatnam,2024,2,22,5.375,27.22,70.92,5.53
Visakhapatnam,2024,2,23,5.3645,26.94,74.04,3.9
Visakhapatnam,2024,2,24,5.3215,26.74,75.98,3.21
Visakhapatnam,2024,2,25,5.2594,26.81,69.44,2.99
Visakhapatnam,2024,2,26,5.3546,26.52,73.56,4.64
Visakhapatnam,2024,2,27,5.5001,26.72,74.06,4.38
Visakhapatnam,2024,2,28,5.436,26.88,70.33,3.04
Visakhapatnam,2024,2,29,5.369,27.74,66.93,2.5
Visakhapatnam,2024,3,1,5.4581,27.54,69.56,2.87
Visakhapatnam,2024,3,2,6.2393,27.6,67.87,3.19
Visakhapatnam,2024,3,3,5.9472,27.66,68.37,3.97
Visakhapatnam,2024,3,4,5.5075,27.81,67.28,3.72
Visakhapatnam,2024,3,5,5.4888,28.24,65.04,3.32
Visakhapatnam,2024,3,6,5.5975,28.55,63.52,3.13
Visakhapatnam,2024,3,7,5.3239,28.13,67.05,3.22
Visakhapatnam,2024,3,8,5.5843,28.5,66.51,3.0
Visakhapatnam,2024,3,9,5.0762,28.21,68.78,2.94
Visakhapatnam,2024,3,10,5.2356,27.81,71.65,2.84
Visakhapatnam,2024,3,11,5.4948,28.12,66.44,3.17
Visakhapatnam,2024,3,12,5.4646,28.9,69.71,4.94
Visakhapatnam,2024,3,13,5.5219,29.01,72.29,5.35
Visakhapatnam,2024,3,14,4.513,29.08,71.26,5.25
Visakhapatnam,2024,3,15,5.2025,28.87,66.41,4.07
Visakhapatnam,2024,3,16,5.3278,28.45,70.47,3.25
Visakhapatnam,2024,3,17,5.3153,28.73,67.74,2.38
Visakhapatnam,2024,3,18,5.2865,28.99,64.41,3.2
Visakhapatnam,2024,3,19,4.8247,29.0,64.88,2.64
Visakhapatnam,2024,3,20,3.6749,26.54,75.99,5.03
Visakhapatnam,2024,3,21,6.5784,26.21,64.14,2.82
Visakhapatnam,2024,3,22,6.365,27.82,70.13,4.26
Visakhapatnam,2024,3,23,6.2899,28.35,72.65,4.68
Visakhapatnam,2024,3,24,6.0677,28.48,72.77,4.72
Visakhapatnam,2024,3,25,6.1406,28.73,68.92,4.17
Visakhapatnam,2024,3,26,6.1092,28.77,65.45,4.36
Visakhapatnam,2024,3,27,5.9018,28.97,63.59,4.33
Visakhapatnam,2024,3,28,5.983,29.67,64.63,4.87
Visakhapatnam,2024,3,29,6.1447,29.68,67.83,5.21
Visakhapatnam,2024,3,30,6.1817,29.84,64.11,5.27
Visakhapatnam,2024,3,31,5.724,30.08,62.13,5.09
Visakhapatnam,2024,4,1,5.7065,30.25,64.74,5.68
Visakhapatnam,2024,4,2,6.2309,30.28,68.02,5.89
Visakhapatnam,2024,4,3,5.4055,30.19,71.11,5.7
Visakhapatnam,2024,4,4,5.3662,30.71,67.82,5.79
Visakhapatnam,2024,4,5,5.7905,31.52,62.4,5.61
Visakhapatnam,2024,4,6,5.5044,31.72,60.29,5.27
Visakhapatnam,2024,4,7,5.1233,31.08,67.75,5.01
Visakhapatnam,2024,4,8,5.0143,29.82,73.78,4.5
Visakhapatnam,2024,4,9,6.7234,29.83,67.44,2.85
Visakhapatnam,2024,4,10,6.4855,30.1,59.69,2.43
Visakhapatnam,2024,4,11,5.9844,30.4,57.77,2.15
Visakhapatnam,2024,4,12,6.3226,30.06,63.41,2.98
Visakhapatnam,2024,4,13,6.7798,30.4,60.61,2.57
Visakhapatnam,2024,4,14,6.601,30.67,60.01,2.41
Visakhapatnam,2024,4,15,6.324,31.37,58.09,3.74
Visakhapatnam,2024,4,16,6.2539,31.71,61.71,5.59
Visakhapatnam,2024,4,17,6.3346,32.28,62.21,6.03
Visakhapatnam,2024,4,18,6.637,32.14,63.54,5.13
Visakhapatnam,2024,4,19,6.7015,31.64,68.51,5.36
Visakhapatnam,2024,4,20,5.9678,31.85,66.97,5.72
Visakhapatnam,2024,4,21,5.6009,31.95,64.48,4.92
Visakhapatnam,2024,4,22,6.1526,31.73,64.16,3.79
Visakhapatnam,2024,4,23,6.8352,31.67,60.99,2.89
Visakhapatnam,2024,4,24,6.5155,31.82,60.92,3.84
Visakhapatnam,2024,4,25,6.5318,31.55,64.85,3.91
Visakhapatnam,2024,4,26,6.5647,31.83,63.94,4.82
Visakhapatnam,2024,4,27,6.5575,32.35,60.89,4.52
Visakhapatnam,2024,4,28,6.2035,32.24,62.87,4.86
Visakhapatnam,2024,4,29,6.6144,32.04,62.66,5.27
Visakhapatnam,2024,4,30,6.3612,32.64,59.35,6.08
Visakhapatnam,2024,5,1,6.595,32.42,63.92,6.67
Visakhapatnam,2024,5,2,6.317,31.84,71.64,6.23
Visakhapatnam,2024,5,3,5.551,32.04,72.34,5.54
Visakhapatnam,2024,5,4,6.6763,31.82,71.42,5.88
Visakhapatnam,2024,5,5,6.137,31.58,73.63,6.64
Visakhapatnam,2024,5,6,5.7547,31.43,76.1,6.26
Visakhapatnam,2024,5,7,3.553,30.31,78.4,4.0
Visakhapatnam,2024,5,8,6.4606,29.99,71.13,3.08
Visakhapatnam,2024,5,9,6.6271,29.96,73.7,3.81
Visakhapatnam,2024,5,10,6.3907,29.54,76.94,3.9
Visakhapatnam,2024,5,11,6.8506,30.29,77.0,4.84
Visakhapatnam,2024,5,12,5.8543,30.47,75.19,4.35
Visakhapatnam,2024,5,13,6.684,30.94,68.2,2.92
Visakhapatnam,2024,5,14,6.8486,30.55,68.86,2.34
Visakhapatnam,2024,5,15,6.5599,30.33,72.2,3.09
Visakhapatnam,2024,5,16,3.2112,28.74,77.7,2.86
Visakhapatnam,2024,5,17,6.3238,29.52,73.03,2.18
Visakhapatnam,2024,5,18,7.4774,30.24,74.42,2.94
Visakhapatnam,2024,5,19,7.0531,30.52,76.64,3.45
Visakhapatnam,2024,5,20,5.4122,30.82,76.11,3.78
Visakhapatnam,2024,5,21,6.678,30.68,75.95,2.8
Visakhapatnam,2024,5,22,7.128,31.08,71.93,3.19
Visakhapatnam,2024,5,23,6.3926,31.08,70.39,4.44
Visakhapatnam,2024,5,24,5.1341,30.93,66.78,2.86
Visakhapatnam,2024,5,25,0.9418,30.69,75.21,3.29
Visakhapatnam,2024,5,26,3.3617,31.79,73.02,5.46
Visakhapatnam,2024,5,27,3.911,32.59,73.13,5.72
Visakhapatnam,2024,5,28,5.8102,33.39,69.57,5.75
Visakhapatnam,2024,5,29,6.0523,32.25,73.27,5.04
Visakhapatnam,2024,5,30,6.2026,31.15,82.48,4.27
Visakhapatnam,2024,5,31,6.1061,30.87,85.41,4.22
Visakhapatnam,2024,6,1,5.2709,30.6,85.66,4.02
Visakhapatnam,2024,6,2,2.6782,30.47,83.1,4.89
Visakhapatnam,2024,6,3,4.9884,30.65,76.12,2.85
Visakhapatnam,2024,6,4,5.7734,31.32,74.81,4.83
Visakhapatnam,2024,6,5,4.9934,30.83,79.36,4.88
Visakhapatnam,2024,6,6,5.7398,30.87,75.14,5.2
Visakhapatnam,2024,6,7,5.7557,30.3,77.89,5.72
Visakhapatnam,2024,6,8,4.2643,29.44,80.28,6.97
Visakhapatnam,2024,6,9,6.2822,29.32,80.48,6.89
Visakhapatnam,2024,6,10,5.7871,30.1,77.51,5.4
Visakhapatnam,2024,6,11,4.53,30.42,74.58,5.45
Visakhapatnam,2024,6,12,1.6214,30.52,73.44,3.19
Visakhapatnam,2024,6,13,2.2375,29.15,77.69,5.1
Visakhapatnam,2024,6,14,5.3141,30.19,74.68,2.48
Visakhapatnam,2024,6,15,5.6237,30.64,76.96,1.73
Visakhapatnam,2024,6,16,5.94,30.53,75.1,2.88
Visakhapatnam,2024,6,17,5.97,30.56,79.32,4.55
Visakhapatnam,2024,6,18,6.1783,30.49,79.26,4.57
Visakhapatnam,2024,6,19,5.4912,30.51,75.37,5.23
Visakhapatnam,2024,6,20,5.7761,30.08,76.73,6.61
Visakhapatnam,2024,6,21,3.3497,29.41,83.5,4.18
Visakhapatnam,2024,6,22,5.4636,29.64,80.3,3.57
Visakhapatnam,2024,6,23,3.8292,28.79,82.84,5.96
Visakhapatnam,2024,6,24,6.1562,29.37,80.45,4.68
Visakhapatnam,2024,6,25,6.1262,29.48,81.63,5.43
Visakhapatnam,2024,6,26,1.944,29.11,83.27,5.23
Visakhapatnam,2024,6,27,1.4664,27.69,84.22,7.98
Visakhapatnam,2024,6,28,3.7315,27.95,79.91,7.57
Visakhapatnam,2024,6,29,2.2154,29.29,80.08,5.66
Visakhapatnam,2024,6,30,2.9542,28.97,84.62,7.5
Visakhapatnam,2024,7,1,2.2891,28.64,82.95,7.41
Visakhapatnam,2024,7,2,4.2101,29.5,79.36,6.76
Visakhapatnam,2024,7,3,4.3409,29.55,80.87,5.39
Visakhapatnam,2024,7,4,4.3678,28.75,86.05,5.47
Visakhapatnam,2024,7,5,5.5531,28.04,88.97,6.89
Visakhapatnam,2024,7,6,4.465,28.51,83.21,7.02
Visakhapatnam,2024,7,7,2.2522,28.35,84.36,5.04
Visakhapatnam,2024,7,8,2.2339,28.0,86.36,4.23
Visakhapatnam,2024,7,9,2.6628,28.29,85.25,5.23
Visakhapatnam,2024,7,10,4.1621,28.37,84.67,5.67
Visakhapatnam,2024,7,11,4.4813,28.71,84.48,5.64
Visakhapatnam,2024,7,12,5.2253,28.65,86.61,6.14
Visakhapatnam,2024,7,13,3.996,28.69,83.69,6.19
Visakhapatnam,2024,7,14,2.0662,28.0,88.08,6.19
Visakhapatnam,2024,7,15,3.8299,27.05,89.88,7.68
Visakhapatnam,2024,7,16,3.2069,28.72,84.46,6.31
Visakhapatnam,2024,7,17,2.8195,28.92,83.03,5.63
Visakhapatnam,2024,7,18,0.8246,27.61,90.3,5.83
Visakhapatnam,2024,7,19,0.7723,27.46,91.17,8.36
Visakhapatnam,2024,7,20,2.3774,27.2,89.08,11.91
Visakhapatnam,2024,7,21,2.2908,27.56,89.15,10.48
Visakhapatnam,2024,7,22,1.9111,28.57,86.33,7.99
Visakhapatnam,2024,7,23,3.2813,28.4,85.14,7.64
Visakhapatnam,2024,7,24,3.3166,28.2,86.09,8.32
Visakhapatnam,2024,7,25,3.6482,28.11,87.47,7.89
Visakhapatnam,2024,7,26,3.4675,27.56,86.59,8.61
Visakhapatnam,2024,7,27,3.7313,28.18,86.19,8.15
Visakhapatnam,2024,7,28,4.7309,28.28,86.3,7.24
Visakhapatnam,2024,7,29,6.1224,28.46,87.25,5.11
Visakhapatnam,2024,7,30,5.8471,28.43,90.26,6.17
Visakhapatnam,2024,7,31,5.8865,28.46,90.37,5.32
Visakhapatnam,2024,8,1,4.409,28.19,91.17,5.82
Visakhapatnam,2024,8,2,4.2266,28.29,88.73,6.38
Visakhapatnam,2024,8,3,5.7478,27.96,89.56,6.41
Visakhapatnam,2024,8,4,6.2971,27.95,88.84,5.74
Visakhapatnam,2024,8,5,5.4295,27.86,90.47,4.68
Visakhapatnam,2024,8,6,2.3861,27.66,92.31,5.94
Visakhapatnam,2024,8,7,2.9208,27.38,91.67,6.13
Visakhapatnam,2024,8,8,4.5718,28.15,86.03,5.03
Visakhapatnam,2024,8,9,4.6349,28.61,86.5,4.34
Visakhapatnam,2024,8,10,5.6551,28.95,84.54,3.71
Visakhapatnam,2024,8,11,5.5675,28.58,88.64,3.84
Visakhapatnam,2024,8,12,5.6995,29.38,84.3,3.06
Visakhapatnam,2024,8,13,6.0871,29.24,86.98,3.56
Visakhapatnam,2024,8,14,4.7107,28.56,89.44,3.06
Visakhapatnam,2024,8,15,5.7259,28.34,90.1,3.02
Visakhapatnam,2024,8,16,4.6598,28.46,89.71,3.26
Visakhapatnam,2024,8,17,5.2738,28.56,89.46,3.89
Visakhapatnam,2024,8,18,5.9942,28.88,86.58,3.51
Visakhapatnam,2024,8,19,4.6488,28.91,88.68,4.39
Visakhapatnam,2024,8,20,6.3725,28.97,87.71,4.33
Visakhapatnam,2024,8,21,6.4673,29.01,85.78,4.57
Visakhapatnam,2024,8,22,2.3657,28.16,87.81,4.93
Visakhapatnam,2024,8,23,2.2829,28.15,88.38,5.35
Visakhapatnam,2024,8,24,2.3126,27.91,88.87,6.9
Visakhapatnam,2024,8,25,4.32,28.19,86.97,6.66
Visakhapatnam,2024,8,26,2.5282,28.48,85.84,6.22
Visakhapatnam,2024,8,27,5.2584,28.2,87.83,5.48
Visakhapatnam,2024,8,28,2.9791,27.58,90.57,5.22
Visakhapatnam,2024,8,29,0.9202,27.13,88.93,4.27
Visakhapatnam,2024,8,30,0.8218,28.05,86.8,3.46
Visakhapatnam,2024,8,31,3.1529,28.27,91.08,4.32
Visakhapatnam,2024,9,1,3.7966,28.19,89.9,5.75
Visakhapatnam,2024,9,2,4.2533,27.47,86.63,6.9
Visakhapatnam,2024,9,3,3.9125,27.98,85.46,5.17
Visakhapatnam,2024,9,4,4.0817,28.2,86.93,2.43
Visakhapatnam,2024,9,5,5.4852,28.3,86.32,1.99
Visakhapatnam,2024,9,6,6.2441,28.2,88.88,2.24
Visakhapatnam,2024,9,7,1.771,29.0,85.7,2.92
Visakhapatnam,2024,9,8,0.5126,28.47,90.13,5.77
Visakhapatnam,2024,9,9,3.0523,27.68,90.15,7.75
Visakhapatnam,2024,9,10,5.8039,28.11,87.85,9.08
Visakhapatnam,2024,9,11,6.3389,28.39,86.24,5.45
Visakhapatnam,2024,9,12,5.8392,28.56,84.38,4.22
Visakhapatnam,2024,9,13,5.1391,29.03,85.49,4.36
Visakhapatnam,2024,9,14,4.9068,29.12,83.87,4.09
Visakhapatnam,2024,9,15,5.3179,28.74,81.99,4.66
Visakhapatnam,2024,9,16,5.3011,28.71,83.27,4.88
Visakhapatnam,2024,9,17,4.9517,28.75,84.11,4.03
Visakhapatnam,2024,9,18,6.0826,28.87,79.36,2.97
Visakhapatnam,2024,9,19,5.2891,28.49,79.05,1.95
Visakhapatnam,2024,9,20,4.8005,28.21,84.07,1.78
Visakhapatnam,2024,9,21,5.8853,28.86,81.45,2.3
Visakhapatnam,2024,9,22,5.6153,28.83,84.75,3.42
Visakhapatnam,2024,9,23,3.0967,28.9,78.59,1.91
Visakhapatnam,2024,9,24,3.9725,28.28,82.37,1.82
Visakhapatnam,2024,9,25,1.4623,28.36,89.2,4.48
Visakhapatnam,2024,9,26,1.3109,28.35,88.44,6.09
Visakhapatnam,2024,9,27,2.9712,27.92,89.06,5.26
Visakhapatnam,2024,9,28,5.9491,28.26,86.27,3.89
Visakhapatnam,2024,9,29,6.0206,28.42,86.12,4.23
Visakhapatnam,2024,9,30,5.8963,28.65,86.9,4.48
Visakhapatnam,2024,10,1,6.1176,29.26,85.3,3.89
Visakhapatnam,2024,10,2,4.4064,28.88,87.38,3.75
Visakhapatnam,2024,10,3,4.957,29.22,86.6,3.68
Visakhapatnam,2024,10,4,5.9304,29.74,79.94,2.35
Visakhapatnam,2024,10,5,5.0923,29.57,78.7,1.79
Visakhapatnam,2024,10,6,4.8749,28.63,79.44,1.87
Visakhapatnam,2024,10,7,5.0314,27.75,82.9,2.69
Visakhapatnam,2024,10,8,5.8133,28.3,80.77,2.34
Visakhapatnam,2024,10,9,5.959,28.3,82.86,3.07
Visakhapatnam,2024,10,10,6.0535,28.0,86.2,3.33
Visakhapatnam,2024,10,11,5.9424,28.26,84.15,2.84
Visakhapatnam,2024,10,12,5.737,28.44,81.99,2.6
Visakhapatnam,2024,10,13,6.0247,28.48,83.2,3.92
Visakhapatnam,2024,10,14,4.2151,28.61,85.4,5.45
Visakhapatnam,2024,10,15,4.6277,28.58,86.41,4.97
Visakhapatnam,2024,10,16,4.5473,28.86,85.6,5.91
Visakhapatnam,2024,10,17,3.8834,28.6,88.65,5.12
Visakhapatnam,2024,10,18,5.3849,28.51,87.81,3.34
Visakhapatnam,2024,10,19,5.3208,28.46,87.2,3.76
Visakhapatnam,2024,10,20,5.4576,28.53,82.43,3.58
Visakhapatnam,2024,10,21,5.2219,28.22,81.0,3.34
Visakhapatnam,2024,10,22,5.0546,28.09,77.16,3.54
Visakhapatnam,2024,10,23,4.3042,27.72,73.96,4.47
Visakhapatnam,2024,10,24,3.2467,27.68,74.46,3.95
Visakhapatnam,2024,10,25,3.8407,28.06,77.87,2.58
Visakhapatnam,2024,10,26,4.5948,28.02,84.69,3.23
Visakhapatnam,2024,10,27,4.6246,28.59,78.63,2.29
Visakhapatnam,2024,10,28,4.8504,27.9,81.23,1.72
Visakhapatnam,2024,10,29,4.5528,27.77,78.12,2.07
Visakhapatnam,2024,10,30,4.8187,27.75,77.33,1.73
Visakhapatnam,2024,10,31,5.1991,27.71,75.47,1.59
Visakhapatnam,2024,11,1,5.1785,27.1,79.15,1.48
Visakhapatnam,2024,11,2,4.6625,27.56,79.58,2.52
Visakhapatnam,2024,11,3,5.0338,27.08,83.09,4.34
Visakhapatnam,2024,11,4,4.8732,26.86,75.94,4.01
Visakhapatnam,2024,11,5,4.7818,26.49,79.7,5.05
Visakhapatnam,2024,11,6,5.1338,26.89,84.18,5.34
Visakhapatnam,2024,11,7,5.081,26.99,84.89,5.38
Visakhapatnam,2024,11,8,5.0551,26.74,82.01,5.12
Visakhapatnam,2024,11,9,4.9181,26.57,80.57,5.59
Visakhapatnam,2024,11,10,4.7969,26.24,76.64,6.02
Visakhapatnam,2024,11,11,3.7711,25.95,80.93,7.33
Visakhapatnam,2024,11,12,3.5033,26.29,86.92,5.91
Visakhapatnam,2024,11,13,4.9891,26.94,84.72,5.12
Visakhapatnam,2024,11,14,3.2707,26.49,86.54,6.25
Visakhapatnam,2024,11,15,4.2278,26.35,82.14,5.08
Visakhapatnam,2024,11,16,3.9756,25.4,80.69,4.65
Visakhapatnam,2024,11,17,4.141,24.45,78.24,5.1
Visakhapatnam,2024,11,18,4.44,23.81,76.77,5.06
Visakhapatnam,2024,11,19,4.6246,23.76,74.6,3.96
Visakhapatnam,2024,11,20,4.4962,23.69,73.8,3.93
Visakhapatnam,2024,11,21,4.211,23.58,75.92,4.05
Visakhapatnam,2024,11,22,4.2922,23.79,76.29,4.02
Visakhapatnam,2024,11,23,4.3646,24.26,76.97,3.91
Visakhapatnam,2024,11,24,3.5074,24.28,78.31,4.51
Visakhapatnam,2024,11,25,3.437,24.0,80.59,5.72
Visakhapatnam,2024,11,26,4.1119,24.17,77.19,6.91
Visakhapatnam,2024,11,27,3.5462,23.56,76.4,7.58
Visakhapatnam,2024,11,28,3.1063,24.23,82.59,8.4
Visakhapatnam,2024,11,29,2.2351,25.03,89.85,7.57
Visakhapatnam,2024,11,30,1.2449,26.22,88.29,7.76
Visakhapatnam,2024,12,1,1.4642,26.07,91.43,7.62
Visakhapatnam,2024,12,2,1.8101,25.52,91.4,4.7
Visakhapatnam,2024,12,3,2.9462,26.21,90.07,5.58
Visakhapatnam,2024,12,4,2.7646,25.59,86.72,5.2
Visakhapatnam,2024,12,5,4.3898,25.74,82.98,4.06
Visakhapatnam,2024,12,6,3.6178,25.73,77.45,2.03
Visakhapatnam,2024,12,7,3.9871,25.7,74.18,1.64
Visakhapatnam,2024,12,8,3.39,25.43,81.98,1.99
Visakhapatnam,2024,12,9,3.7217,25.72,82.6,1.8
Visakhapatnam,2024,12,10,3.9,25.66,84.69,4.04
Visakhapatnam,2024,12,11,3.4795,24.34,81.99,6.23
Visakhapatnam,2024,12,12,3.385,23.77,78.64,4.99
Visakhapatnam,2024,12,13,4.391,22.97,73.38,4.99
Visakhapatnam,2024,12,14,4.3733,22.34,70.2,5.43
Visakhapatnam,2024,12,15,4.8173,22.03,70.32,5.27
Visakhapatnam,2024,12,16,4.9099,21.91,68.66,5.53
Visakhapatnam,2024,12,17,2.0249,22.96,74.67,6.46
Visakhapatnam,2024,12,18,1.7165,23.52,87.05,7.65
Visakhapatnam,2024,12,19,1.997,24.42,91.18,7.35
Visakhapatnam,2024,12,20,1.127,24.79,91.29,6.75
Visakhapatnam,2024,12,21,1.799,24.78,88.34,6.54
Visakhapatnam,2024,12,22,4.2744,23.47,85.51,7.53
Visakhapatnam,2024,12,23,1.1371,23.6,87.27,7.65
Visakhapatnam,2024,12,24,1.5749,22.94,88.62,8.44
Visakhapatnam,2024,12,25,1.2816,24.28,90.16,7.01
Visakhapatnam,2024,12,26,3.0866,24.28,85.24,6.49
Visakhapatnam,2024,12,27,4.2422,23.85,81.13,5.89
Visakhapatnam,2024,12,28,4.547,23.82,79.32,4.79
Visakhapatnam,2024,12,29,4.6195,23.73,80.23,4.01
Visakhapatnam,2024,12,30,4.4081,24.07,78.99,4.18
Visakhapatnam,2024,12,31,3.708,23.76,83.56,4.05
Visakhapatnam,2025,1,1,4.0793,23.17,76.86,3.67
Visakhapatnam,2025,1,2,4.1431,22.18,67.99,4.18
Visakhapatnam,2025,1,3,4.1762,21.84,69.59,3.73
Visakhapatnam,2025,1,4,4.0519,22.08,70.2,3.14
Visakhapatnam,2025,1,5,3.5952,22.61,77.84,2.51
Visakhapatnam,2025,1,6,3.9106,23.35,74.05,2.32
Visakhapatnam,2025,1,7,4.0603,23.66,69.41,1.58
Visakhapatnam,2025,1,8,3.8234,23.4,70.78,2.85
Visakhapatnam,2025,1,9,4.3546,22.75,74.55,4.82
Visakhapatnam,2025,1,10,4.2677,22.39,73.94,5.33
Visakhapatnam,2025,1,11,4.344,22.41,77.55,5.34
Visakhapatnam,2025,1,12,4.7026,22.91,76.11,4.53
Visakhapatnam,2025,1,13,4.8108,23.42,76.97,3.96
Visakhapatnam,2025,1,14,4.3517,23.75,78.84,4.73
Visakhapatnam,2025,1,15,3.707,23.62,76.78,5.74
Visakhapatnam,2025,1,16,3.6014,23.27,74.87,5.16
Visakhapatnam,2025,1,17,4.3481,22.98,71.16,5.46
Visakhapatnam,2025,1,18,4.6478,22.59,70.37,5.34
Visakhapatnam,2025,1,19,4.7071,23.11,69.69,5.32
Visakhapatnam,2025,1,20,5.1408,23.57,62.46,3.19
Visakhapatnam,2025,1,21,5.2265,23.7,60.49,2.86
Visakhapatnam,2025,1,22,5.1802,23.74,66.32,2.68
Visakhapatnam,2025,1,23,5.0374,24.09,71.34,1.81
Visakhapatnam,2025,1,24,4.8218,24.06,68.77,1.8
Visakhapatnam,2025,1,25,4.7594,24.34,66.42,1.84
Visakhapatnam,2025,1,26,4.5482,24.29,74.16,2.78
Visakhapatnam,2025,1,27,4.5442,24.15,75.35,2.23
Visakhapatnam,2025,1,28,4.5257,24.22,78.69,2.65
Visakhapatnam,2025,1,29,4.409,24.34,77.26,2.43
Visakhapatnam,2025,1,30,3.6074,24.28,76.77,2.12
Visakhapatnam,2025,1,31,4.8833,24.98,73.87,2.59
Visakhapatnam,2025,2,1,4.7863,25.42,73.24,2.13
Visakhapatnam,2025,2,2,5.1228,25.46,70.99,2.46
Visakhapatnam,2025,2,3,5.3162,26.2,64.14,2.2
Visakhapatnam,2025,2,4,4.9644,26.45,66.2,1.82
Visakhapatnam,2025,2,5,4.4875,26.69,72.3,2.16
Visakhapatnam,2025,2,6,4.7069,26.81,71.0,2.74
Visakhapatnam,2025,2,7,3.9823,26.7,64.39,2.69
Visakhapatnam,2025,2,8,4.4222,26.15,69.77,3.26
Visakhapatnam,2025,2,9,4.8737,25.58,76.34,2.62
Visakhapatnam,2025,2,10,5.1149,25.64,70.99,2.07
Visakhapatnam,2025,2,11,5.2774,25.94,66.13,3.06
Visakhapatnam,2025,2,12,5.0496,26.51,65.92,3.68
Visakhapatnam,2025,2,13,5.2003,27.06,65.63,3.69
Visakhapatnam,2025,2,14,5.4691,26.36,65.77,2.88
Visakhapatnam,2025,2,15,5.5826,26.08,64.36,2.62
Visakhapatnam,2025,2,16,5.5944,26.18,70.73,2.56
Visakhapatnam,2025,2,17,5.6774,26.28,72.61,2.81
Visakhapatnam,2025,2,18,5.4768,26.63,73.09,4.19
Visakhapatnam,2025,2,19,5.2807,26.69,71.96,3.81
Visakhapatnam,2025,2,20,5.3561,26.65,71.02,3.24
Visakhapatnam,2025,2,21,5.3954,26.71,69.79,2.48
Visakhapatnam,2025,2,22,4.999,27.25,69.16,3.06
Visakhapatnam,2025,2,23,5.8442,27.55,66.38,2.46
Visakhapatnam,2025,2,24,5.5802,26.92,69.41,3.72
Visakhapatnam,2025,2,25,5.6215,26.94,70.97,3.88
Visakhapatnam,2025,2,26,5.4672,26.98,69.73,4.36
Visakhapatnam,2025,2,27,5.5982,26.91,67.59,3.4
Visakhapatnam,2025,2,28,5.7372,26.94,63.83,2.77
Visakhapatnam,2025,3,1,6.2311,26.98,63.68,2.15
Visakhapatnam,2025,3,2,5.7586,27.66,66.22,3.07
Visakhapatnam,2025,3,3,5.5654,28.68,65.51,3.77
Visakhapatnam,2025,3,4,5.7391,28.9,66.93,2.42
Visakhapatnam,2025,3,5,5.8032,28.83,69.11,2.74
Visakhapatnam,2025,3,6,6.6612,28.06,44.45,4.2
Visakhapatnam,2025,3,7,6.2822,26.89,54.33,2.66
Visakhapatnam,2025,3,8,5.7691,27.04,72.24,3.84
Visakhapatnam,2025,3,9,5.8723,27.13,70.92,3.01
Visakhapatnam,2025,3,10,6.312,27.07,69.22,4.41
Visakhapatnam,2025,3,11,6.2458,26.95,65.2,3.23
Visakhapatnam,2025,3,12,6.3266,28.0,66.0,3.85
Visakhapatnam,2025,3,13,6.2376,29.18,67.81,4.96
Visakhapatnam,2025,3,14,5.6561,29.22,71.79,5.15
Visakhapatnam,2025,3,15,6.2429,29.05,68.51,5.04
Visakhapatnam,2025,3,16,6.4498,29.02,65.08,4.52
Visakhapatnam,2025,3,17,6.2638,28.88,64.53,5.32
Visakhapatnam,2025,3,18,5.8133,28.71,67.61,4.46
Visakhapatnam,2025,3,19,6.5292,28.23,75.14,4.56
Visakhapatnam,2025,3,20,7.0315,27.87,72.16,3.89
Visakhapatnam,2025,3,21,7.1551,28.29,67.0,4.74
Visakhapatnam,2025,3,22,6.4356,27.95,74.75,3.56
Visakhapatnam,2025,3,23,6.4985,27.99,71.15,3.08
Visakhapatnam,2025,3,24,6.0266,28.27,68.23,2.6
Visakhapatnam,2025,3,25,6.12,28.56,63.94,2.74
Visakhapatnam,2025,3,26,6.3751,29.07,67.89,4.05
Visakhapatnam,2025,3,27,6.4622,30.19,66.35,4.57
Visakhapatnam,2025,3,28,6.1349,30.54,67.55,4.98
Visakhapatnam,2025,3,29,5.9467,30.37,68.2,4.85
Visakhapatnam,2025,3,30,5.5586,29.75,71.7,4.23
Visakhapatnam,2025,3,31,5.9575,29.04,71.67,4.39
Visakhapatnam,2025,4,1,7.0082,28.53,69.06,4.16
Visakhapatnam,2025,4,2,6.9305,28.67,67.67,3.72
Visakhapatnam,2025,4,3,6.7469,28.69,73.32,3.09
Visakhapatnam,2025,4,4,6.4224,29.64,68.01,3.03
Visakhapatnam,2025,4,5,6.1433,30.0,66.06,3.25
Visakhapatnam,2025,4,6,6.2189,30.03,67.6,4.34
Visakhapatnam,2025,4,7,6.565,29.81,67.89,3.28
Visakhapatnam,2025,4,8,6.7193,29.13,73.52,5.22
Visakhapatnam,2025,4,9,6.7824,29.17,71.04,5.91
Visakhapatnam,2025,4,10,6.8455,28.97,72.16,3.49
Visakhapatnam,2025,4,11,5.6566,29.32,75.07,3.18
Visakhapatnam,2025,4,12,6.3074,30.53,71.69,3.59
Visakhapatnam,2025,4,13,6.0547,30.06,71.04,2.42
Visakhapatnam,2025,4,14,6.2011,29.97,65.32,2.92
Visakhapatnam,2025,4,15,5.9676,29.6,67.76,3.0
Visakhapatnam,2025,4,16,6.1973,29.32,72.68,4.37
Visakhapatnam,2025,4,17,6.5381,30.0,70.72,5.27
Visakhapatnam,2025,4,18,6.0624,30.35,70.85,5.84
Visakhapatnam,2025,4,19,6.0158,30.84,70.53,5.81
Visakhapatnam,2025,4,20,6.0862,31.1,70.73,5.44
Visakhapatnam,2025,4,21,6.3785,31.18,70.41,5.11
Visakhapatnam,2025,4,22,6.336,30.89,71.43,5.83
Visakhapatnam,2025,4,23,6.607,31.35,68.08,6.01
Visakhapatnam,2025,4,24,6.6559,31.04,69.85,6.85
Visakhapatnam,2025,4,25,6.4853,30.72,72.38,6.49
Visakhapatnam,2025,4,26,6.5191,30.5,71.1,5.86
Visakhapatnam,2025,4,27,6.6192,29.99,71.36,4.22
Visakhapatnam,2025,4,28,6.5794,29.85,70.48,4.2
Visakhapatnam,2025,4,29,6.9665,29.75,74.2,4.62
Visakhapatnam,2025,4,30,4.2432,28.96,78.16,2.87
Visakhapatnam,2025,5,1,6.6694,29.35,73.65,3.05
Visakhapatnam,2025,5,2,6.5849,29.43,74.57,3.18
Visakhapatnam,2025,5,3,6.0247,30.07,76.19,4.41
Visakhapatnam,2025,5,4,1.7335,29.16,77.93,3.77
Visakhapatnam,2025,5,5,6.9341,29.54,71.86,3.81
Visakhapatnam,2025,5,6,6.9365,30.23,72.83,4.04
Visakhapatnam,2025,5,7,5.838,30.53,69.26,4.09
Visakhapatnam,2025,5,8,6.7308,30.3,71.6,4.14
Visakhapatnam,2025,5,9,7.1213,30.33,72.87,3.25
Visakhapatnam,2025,5,10,7.1256,30.22,74.4,3.23
Visakhapatnam,2025,5,11,6.8014,30.71,72.51,3.75
Visakhapatnam,2025,5,12,6.2206,31.16,74.66,3.85
Visakhapatnam,2025,5,13,5.713,31.1,74.04,3.23
Visakhapatnam,2025,5,14,5.1353,30.76,74.6,3.14
Visakhapatnam,2025,5,15,5.4638,30.69,75.4,3.34
Visakhapatnam,2025,5,16,6.2959,30.68,76.15,2.83
Visakhapatnam,2025,5,17,5.1583,30.05,77.42,2.1
Visakhapatnam,2025,5,18,4.2276,29.85,78.62,3.02
Visakhapatnam,2025,5,19,4.7388,30.01,79.59,5.23
Visakhapatnam,2025,5,20,2.4307,29.63,86.3,4.25
Visakhapatnam,2025,5,21,3.4908,29.48,86.36,2.33
Visakhapatnam,2025,5,22,1.8835,29.73,78.22,1.89
Visakhapatnam,2025,5,23,4.0678,30.13,78.31,5.28
Visakhapatnam,2025,5,24,5.2229,29.65,82.16,4.14
Visakhapatnam,2025,5,25,3.2846,29.72,80.91,5.96
Visakhapatnam,2025,5,26,3.0761,28.84,84.95,4.73
Visakhapatnam,2025,5,27,5.9923,29.1,81.21,4.35
Visakhapatnam,2025,5,28,1.4038,29.26,85.32,4.25
Visakhapatnam,2025,5,29,1.9658,29.8,82.62,4.31
Visakhapatnam,2025,5,30,4.9164,29.88,84.33,5.49
Visakhapatnam,2025,5,31,4.8499,30.39,80.19,3.85
Visakhapatnam,2025,6,1,5.9834,31.18,71.98,4.07
Visakhapatnam,2025,6,2,6.5242,30.95,71.81,5.78
Visakhapatnam,2025,6,3,6.2045,31.11,72.81,5.87
Visakhapatnam,2025,6,4,6.647,31.0,74.66,4.53
Visakhapatnam,2025,6,5,6.4118,31.08,74.14,3.19
Visakhapatnam,2025,6,6,5.9839,30.84,75.48,3.01
Visakhapatnam,2025,6,7,6.127,30.33,78.66,3.75
Visakhapatnam,2025,6,8,4.8766,31.0,74.08,3.76
Visakhapatnam,2025,6,9,5.3818,31.13,74.52,3.92
Visakhapatnam,2025,6,10,1.0493,30.36,76.41,2.59
Visakhapatnam,2025,6,11,2.9827,28.77,80.36,2.46
Visakhapatnam,2025,6,12,5.3971,29.11,76.57,2.06
Visakhapatnam,2025,6,13,5.2142,28.92,81.72,2.17
Visakhapatnam,2025,6,14,5.1425,28.89,86.55,4.91
Visakhapatnam,2025,6,15,2.6962,28.67,86.19,5.98
Visakhapatnam,2025,6,16,5.0062,29.36,79.2,7.59
Visakhapatnam,2025,6,17,3.3708,29.46,78.35,6.88
Visakhapatnam,2025,6,18,4.3651,30.33,77.33,6.74
Visakhapatnam,2025,6,19,3.6578,30.01,78.53,7.49
Visakhapatnam,2025,6,20,6.0262,30.17,77.09,5.66
Visakhapatnam,2025,6,21,6.5743,30.35,77.76,5.24
Visakhapatnam,2025,6,22,2.8685,29.44,80.83,4.31
Visakhapatnam,2025,6,23,1.5343,28.81,82.36,6.03
Visakhapatnam,2025,6,24,2.0839,28.84,79.7,7.43
Visakhapatnam,2025,6,25,0.7409,28.36,84.31,7.12
Visakhapatnam,2025,6,26,3.0149,28.44,83.79,7.3
Visakhapatnam,2025,6,27,2.9004,29.22,81.83,5.62
Visakhapatnam,2025,6,28,4.6824,29.01,83.33,6.0
Visakhapatnam,2025,6,29,1.9805,29.15,80.5,5.61
Visakhapatnam,2025,6,30,2.8812,28.4,79.98,7.08
Visakhapatnam,2025,7,1,1.3596,27.77,84.55,8.81
Visakhapatnam,2025,7,2,1.8379,27.46,87.03,7.98
Visakhapatnam,2025,7,3,3.0545,28.45,83.94,6.41
Visakhapatnam,2025,7,4,4.0661,28.79,83.11,6.93
Visakhapatnam,2025,7,5,3.2724,29.0,83.35,6.49
Visakhapatnam,2025,7,6,3.1798,28.63,84.63,6.19
Visakhapatnam,2025,7,7,5.4912,28.6,82.43,6.75
Visakhapatnam,2025,7,8,5.8416,28.9,77.53,7.01
Visakhapatnam,2025,7,9,6.1874,28.22,80.31,6.15
Visakhapatnam,2025,7,10,6.5731,28.9,80.55,5.43
Visakhapatnam,2025,7,11,6.0144,29.33,78.05,4.6
Visakhapatnam,2025,7,12,6.3898,29.26,81.72,4.4
Visakhapatnam,2025,7,13,5.2529,29.02,83.65,3.39
Visakhapatnam,2025,7,14,5.3472,29.23,82.38,3.77
Visakhapatnam,2025,7,15,6.1666,29.41,81.22,4.03
Visakhapatnam,2025,7,16,6.0449,29.05,83.89,3.7
Visakhapatnam,2025,7,17,6.3408,28.65,85.74,3.31
Visakhapatnam,2025,7,18,6.0698,28.33,84.81,1.67
Visakhapatnam,2025,7,19,6.6838,28.94,82.18,2.28
Visakhapatnam,2025,7,20,4.733,29.2,83.7,2.6
Visakhapatnam,2025,7,21,5.3729,28.25,87.68,3.1
Visakhapatnam,2025,7,22,4.6332,28.83,85.88,3.17
Visakhapatnam,2025,7,23,1.3337,28.42,90.49,7.04
Visakhapatnam,2025,7,24,1.8864,28.14,87.21,7.28
Visakhapatnam,2025,7,25,2.2622,27.56,88.49,8.6
Visakhapatnam,2025,7,26,3.5959,27.88,87.63,9.02
Visakhapatnam,2025,7,27,6.5873,28.7,83.04,7.24
Visakhapatnam,2025,7,28,5.5702,28.81,82.05,5.76
Visakhapatnam,2025,7,29,5.423,28.73,81.99,5.81
Visakhapatnam,2025,7,30,5.9093,28.66,82.92,5.59
Visakhapatnam,2025,7,31,5.2243,28.94,82.34,4.32
Visakhapatnam,2025,8,1,5.8522,28.98,83.12,3.39
Visakhapatnam,2025,8,2,6.031,29.09,84.51,3.28
Visakhapatnam,2025,8,3,6.2717,29.48,84.92,2.99
Visakhapatnam,2025,8,4,5.874,29.68,82.5,2.72
Visakhapatnam,2025,8,5,6.4603,28.92,86.5,2.89
Visakhapatnam,2025,8,6,6.565,28.68,83.83,2.6
Visakhapatnam,2025,8,7,5.9971,28.55,86.43,3.37
Visakhapatnam,2025,8,8,4.5202,28.43,81.55,2.09
Visakhapatnam,2025,8,9,5.6042,28.21,84.6,2.49
Visakhapatnam,2025,8,10,4.2542,28.21,85.14,3.88
Visakhapatnam,2025,8,11,6.4582,28.72,82.78,4.23
Visakhapatnam,2025,8,12,6.3389,29.33,81.58,2.41
Visakhapatnam,2025,8,13,5.4857,28.49,85.02,2.22
Visakhapatnam,2025,8,14,4.7712,28.13,85.88,5.33
Visakhapatnam,2025,8,15,5.6045,28.25,85.01,7.09
Visakhapatnam,2025,8,16,3.0722,28.25,84.45,3.12
Visakhapatnam,2025,8,17,1.2598,27.99,88.54,3.08
Visakhapatnam,2025,8,18,1.3457,27.51,90.03,8.23
Visakhapatnam,2025,8,19,4.4232,27.51,87.92,9.49
Visakhapatnam,2025,8,20,5.1979,28.28,85.46,7.76
Visakhapatnam,2025,8,21,4.4002,28.5,86.46,5.11
Visakhapatnam,2025,8,22,4.2809,28.06,89.04,5.66
Visakhapatnam,2025,8,23,4.6008,28.01,86.81,6.27
Visakhapatnam,2025,8,24,2.694,28.08,83.98,5.85
Visakhapatnam,2025,8,25,2.3364,27.84,84.18,3.83
Visakhapatnam,2025,8,26,0.617,26.95,90.23,5.43
Visakhapatnam,2025,8,27,3.1049,27.31,90.37,4.46
Visakhapatnam,2025,8,28,4.619,27.56,89.02,6.19
Visakhapatnam,2025,8,29,4.8996,28.09,86.18,6.51
Visakhapatnam,2025,8,30,5.5087,28.01,87.51,4.89
Visakhapatnam,2025,8,31,3.1092,28.97,84.41,3.26
Visakhapatnam,2025,9,1,5.5049,28.86,85.02,2.96
Visakhapatnam,2025,9,2,3.5479,28.44,86.91,3.89
Visakhapatnam,2025,9,3,4.3951,28.22,84.46,3.01
Visakhapatnam,2025,9,4,5.0282,28.5,83.99,4.19
Visakhapatnam,2025,9,5,5.089,28.61,83.34,3.45
Visakhapatnam,2025,9,6,4.524,28.74,82.41,3.15
Visakhapatnam,2025,9,7,3.827,29.08,79.99,2.18
Visakhapatnam,2025,9,8,4.9246,28.7,84.18,2.11
Visakhapatnam,2025,9,9,3.9134,29.15,81.31,2.97
Visakhapatnam,2025,9,10,4.9063,28.92,85.61,3.96
Visakhapatnam,2025,9,11,3.7075,28.48,82.82,2.67
Visakhapatnam,2025,9,12,1.6013,27.71,86.46,2.92
Visakhapatnam,2025,9,13,5.1701,27.77,85.42,2.0
Visakhapatnam,2025,9,14,6.1106,28.03,87.75,4.0
Visakhapatnam,2025,9,15,3.4466,28.29,87.72,4.12
Visakhapatnam,2025,9,16,4.4688,28.15,87.88,3.92
Visakhapatnam,2025,9,17,6.0638,27.73,87.85,2.96
Visakhapatnam,2025,9,18,6.4279,28.01,84.3,2.32
Visakhapatnam,2025,9,19,6.4248,28.45,81.68,2.34
Visakhapatnam,2025,9,20,5.6527,28.8,84.3,2.24
Visakhapatnam,2025,9,21,4.9135,28.93,81.6,1.92
Visakhapatnam,2025,9,22,3.1255,28.65,82.5,2.93
Visakhapatnam,2025,9,23,3.2657,28.12,87.62,3.98
Visakhapatnam,2025,9,24,3.606,28.19,87.86,5.33
Visakhapatnam,2025,9,25,3.259,28.51,83.54,4.32
Visakhapatnam,2025,9,26,1.1376,27.85,86.98,3.34
Visakhapatnam,2025,9,27,4.3418,27.87,86.51,6.61
Visakhapatnam,2025,9,28,5.761,28.01,85.49,4.51
Visakhapatnam,2025,9,29,4.512,28.24,85.27,3.42
Visakhapatnam,2025,9,30,5.0203,28.3,87.19,2.23
Visakhapatnam,2025,10,1,2.0086,28.78,85.56,3.68
Visakhapatnam,2025,10,2,0.6614,28.43,86.56,7.3
Visakhapatnam,2025,10,3,4.9277,28.46,87.52,5.26
Visakhapatnam,2025,10,4,4.0913,28.49,86.69,4.45
Visakhapatnam,2025,10,5,5.4122,28.22,83.83,3.52
Visakhapatnam,2025,10,6,5.5519,28.37,85.82,2.72
Visakhapatnam,2025,10,7,5.5464,28.94,80.2,1.5
Visakhapatnam,2025,10,8,5.0345,28.32,84.96,1.79
Visakhapatnam,2025,10,9,4.5982,28.27,82.86,1.8
Visakhapatnam,2025,10,10,3.6924,27.64,85.11,1.94
Visakhapatnam,2025,10,11,4.6526,27.53,84.79,2.39
Visakhapatnam,2025,10,12,4.782,27.48,85.83,4.34
Visakhapatnam,2025,10,13,1.9505,27.35,88.48,4.77
Visakhapatnam,2025,10,14,5.5457,27.7,83.89,4.87
Visakhapatnam,2025,10,15,5.5306,27.6,82.19,6.04
Visakhapatnam,2025,10,16,5.2154,27.68,82.76,5.39
Visakhapatnam,2025,10,17,5.1756,27.22,80.83,5.75
Visakhapatnam,2025,10,18,4.2722,27.1,83.57,5.26
Visakhapatnam,2025,10,19,3.8402,26.81,87.43,3.6
Visakhapatnam,2025,10,20,5.7874,27.14,88.42,4.66
Visakhapatnam,2025,10,21,5.4706,27.75,87.07,6.44
Visakhapatnam,2025,10,22,4.4086,28.02,87.57,6.44
Visakhapatnam,2025,10,23,4.3097,27.66,89.27,4.57
Visakhapatnam,2025,10,24,4.1414,27.5,87.33,4.49
Visakhapatnam,2025,10,25,5.6959,27.47,85.45,4.35
Visakhapatnam,2025,10,26,5.2274,27.71,85.06,5.49
Visakhapatnam,2025,10,27,1.099,27.78,89.23,8.29
Visakhapatnam,2025,10,28,2.7854,27.99,88.39,11.68
Visakhapatnam,2025,10,29,2.089,26.92,87.24,10.15
Visakhapatnam,2025,10,30,4.3114,27.66,84.09,5.94
Visakhapatnam,2025,10,31,5.5853,27.51,82.51,4.4
Visakhapatnam,2025,11,1,5.3755,28.16,76.06,3.17
Visakhapatnam,2025,11,2,5.0369,28.78,79.33,1.89
Visakhapatnam,2025,11,3,4.6001,27.98,84.3,2.92
Visakhapatnam,2025,11,4,4.291,27.64,81.01,2.94
Visakhapatnam,2025,11,5,4.7789,27.63,76.02,1.57
Visakhapatnam,2025,11,6,4.8689,27.91,70.65,1.8
Visakhapatnam,2025,11,7,3.8455,26.66,73.9,3.75
Visakhapatnam,2025,11,8,4.8401,25.95,74.01,4.48
Visakhapatnam,2025,11,9,4.667,24.7,74.88,4.38
Visakhapatnam,2025,11,10,4.5391,25.08,73.32,3.44
Visakhapatnam,2025,11,11,4.8218,25.6,75.97,3.36
Visakhapatnam,2025,11,12,4.8307,25.04,73.7,4.37
Visakhapatnam,2025,11,13,5.0923,23.08,68.2,4.71
Visakhapatnam,2025,11,14,4.7069,23.02,75.14,4.29
Visakhapatnam,2025,11,15,4.7299,22.9,75.01,4.98
Visakhapatnam,2025,11,16,4.8446,22.58,76.08,6.06
Visakhapatnam,2025,11,17,4.5096,22.17,76.34,6.0
Visakhapatnam,2025,11,18,5.0638,22.64,77.75,5.44
Visakhapatnam,2025,11,19,5.2008,22.94,77.53,4.84
Visakhapatnam,2025,11,20,5.0179,24.69,86.05,5.67
Visakhapatnam,2025,11,21,4.889,25.74,87.17,6.21
Visakhapatnam,2025,11,22,4.8478,25.4,85.66,4.93
Visakhapatnam,2025,11,23,4.271,25.36,84.53,4.4
Visakhapatnam,2025,11,24,3.7507,24.88,82.43,4.88
Visakhapatnam,2025,11,25,3.9216,23.74,80.69,4.97
Visakhapatnam,2025,11,26,3.737,23.39,81.17,5.24
Visakhapatnam,2025,11,27,4.3726,22.53,75.48,5.67
Visakhapatnam,2025,11,28,4.591,22.67,81.48,5.49
Visakhapatnam,2025,11,29,3.6396,24.47,83.79,5.59
Visakhapatnam,2025,11,30,2.7276,24.27,87.16,6.11
Visakhapatnam,2025,12,1,1.8202,22.62,87.9,6.89
Visakhapatnam,2025,12,2,1.8691,22.98,86.6,5.05
Visakhapatnam,2025,12,3,2.6138,23.91,84.99,5.49
Visakhapatnam,2025,12,4,4.0126,23.62,83.08,5.71
Visakhapatnam,2025,12,5,4.1285,22.93,78.94,5.9
Visakhapatnam,2025,12,6,4.6022,22.25,78.61,5.24
Visakhapatnam,2025,12,7,4.7465,21.42,78.91,4.87
Visakhapatnam,2025,12,8,4.7414,21.8,76.41,4.7
Visakhapatnam,2025,12,9,4.301,21.83,72.21,5.01
Visakhapatnam,2025,12,10,4.0898,21.91,74.89,5.41
Visakhapatnam,2025,12,11,4.7009,21.37,70.37,4.78
Visakhapatnam,2025,12,12,4.607,21.5,71.25,3.91
Visakhapatnam,2025,12,13,4.6346,21.68,74.25,3.98
Visakhapatnam,2025,12,14,4.0958,21.83,79.42,4.3
Visakhapatnam,2025,12,15,4.2115,21.95,78.73,4.71
Visakhapatnam,2025,12,16,4.3692,22.0,77.76,4.45
Visakhapatnam,2025,12,17,4.0205,21.93,79.24,3.6
Visakhapatnam,2025,12,18,3.7937,21.51,72.62,3.76
Visakhapatnam,2025,12,19,3.7174,21.42,70.24,3.04
Visakhapatnam,2025,12,20,3.9622,21.37,74.18,3.51
Visakhapatnam,2025,12,21,3.6982,21.86,78.09,3.72
Visakhapatnam,2025,12,22,3.781,21.43,79.17,4.44
Visakhapatnam,2025,12,23,3.8016,21.32,76.77,3.77
Visakhapatnam,2025,12,24,4.1405,21.4,77.28,3.88
Visakhapatnam,2025,12,25,3.7058,21.39,75.72,4.03
Visakhapatnam,2025,12,26,3.5786,21.45,79.78,4.05
Visakhapatnam,2025,12,27,3.5851,21.66,77.97,3.18
Visakhapatnam,2025,12,28,3.8592,21.38,75.57,3.56
Visakhapatnam,2025,12,29,3.8222,21.14,77.29,4.3
Visakhapatnam,2025,12,30,3.5933,21.41,80.3,3.84
Visakhapatnam,2025,12,31,3.407,22.17,83.55,3.44
