City,YEAR,MO,DY,ALLSKY_SFC_SW_DWN,T2M,RH2M,WS10M
Bengaluru,2018,1,1,5.6362,19.98,73.07,1.48
Bengaluru,2018,1,2,5.4194,20,74.26,2.03
Bengaluru,2018,1,3,4.6123,20.18,73.81,2.1
Bengaluru,2018,1,4,4.639,19.48,75.11,2.93
Bengaluru,2018,1,5,5.1734,18.11,71.16,2.93
Bengaluru,2018,1,6,5.0076,17.38,68.3,2.45
Bengaluru,2018,1,7,4.8437,17.64,64.28,2.53
Bengaluru,2018,1,8,5.5334,17.29,69.5,3.4
Bengaluru,2018,1,9,5.0246,19.01,75.96,3.71
Bengaluru,2018,1,10,4.3277,20.94,79.14,4.3
Bengaluru,2018,1,11,4.5374,22.02,78.5,3.45
Bengaluru,2018,1,12,4.0418,21.99,72.87,3.51
Bengaluru,2018,1,13,5.6566,20.57,71.2,3.13
Bengaluru,2018,1,14,6.0763,20.2,69.15,3.48
Bengaluru,2018,1,15,5.9086,21.11,68.7,3.62
Bengaluru,2018,1,16,4.5658,21.05,70.8,2.55
Bengaluru,2018,1,17,4.8458,20.06,67.42,3.08
Bengaluru,2018,1,18,6.1296,18.84,65.43,3.61
Bengaluru,2018,1,19,5.9789,18.35,66.76,3.34
Bengaluru,2018,1,20,6.0948,18.61,65.27,2.62
Bengaluru,2018,1,21,6.0214,18.84,64.87,3.21
Bengaluru,2018,1,22,5.9782,19.52,64.24,2.38
Bengaluru,2018,1,23,5.6095,20.62,69.62,2.05
Bengaluru,2018,1,24,4.5401,21.1,67.84,2.32
Bengaluru,2018,1,25,5.1343,20.44,57.04,2.79
Bengaluru,2018,1,26,5.6323,19.99,61.9,2.67
Bengaluru,2018,1,27,5.2954,20.24,66.14,2.36
Bengaluru,2018,1,28,5.4864,20.22,61.98,2.93
Bengaluru,2018,1,29,6.0732,20.11,62.19,3.72
Bengaluru,2018,1,30,6.1774,19.96,61.9,3.62
Bengaluru,2018,1,31,6.5335,19.81,57.64,3.44
Bengaluru,2018,2,1,6.7483,19.9,46.39,3.46
Bengaluru,2018,2,2,6.6199,20,47.66,3.22
Bengaluru,2018,2,3,6.7006,19.38,51.82,3.64
Bengaluru,2018,2,4,6.7567,18.78,55.39,3.28
Bengaluru,2018,2,5,6.6626,20.58,53.72,3.28
Bengaluru,2018,2,6,6.0965,22.64,62.7,2.77
Bengaluru,2018,2,7,4.0846,21.61,80.01,2.58
Bengaluru,2018,2,8,4.6454,22.2,62.74,1.57
Bengaluru,2018,2,9,5.2927,22.77,68.79,1.61
Bengaluru,2018,2,10,5.3482,22.02,67.04,2.71
Bengaluru,2018,2,11,6.0768,22.62,64.12,3.81
Bengaluru,2018,2,12,5.7538,22.73,62.15,3.53
Bengaluru,2018,2,13,5.783,21.96,63.46,3.35
Bengaluru,2018,2,14,6.3612,22.05,61.38,4.44
Bengaluru,2018,2,15,6.427,19.99,65.49,4.05
Bengaluru,2018,2,16,6.8153,21.28,55.86,3.47
Bengaluru,2018,2,17,6.6946,21.84,56.16,2.83
Bengaluru,2018,2,18,6.8345,22.13,53.24,3.23
Bengaluru,2018,2,19,6.9158,21.97,53.98,3.17
Bengaluru,2018,2,20,6.8352,22.39,56.38,3.64
Bengaluru,2018,2,21,6.9533,22.12,52.06,4.26
Bengaluru,2018,2,22,6.9578,22.62,47.27,3.64
Bengaluru,2018,2,23,7.1436,22.1,47.27,4.12
Bengaluru,2018,2,24,7.2881,21.67,48.04,3.79
Bengaluru,2018,2,25,7.3164,22.5,50.8,4.05
Bengaluru,2018,2,26,7.369,22.87,42.32,3.48
Bengaluru,2018,2,27,7.2482,23.05,40.36,4.48
Bengaluru,2018,2,28,7.1285,23.69,32.5,4.61
Bengaluru,2018,3,1,7.3807,23.37,38.11,4.07
Bengaluru,2018,3,2,7.4117,23.95,34.72,4.36
Bengaluru,2018,3,3,7.4664,24.29,29.88,3.49
Bengaluru,2018,3,4,7.4462,24.27,29.78,3.75
Bengaluru,2018,3,5,7.2516,24.46,28.28,3.95
Bengaluru,2018,3,6,7.5955,24.5,32.64,3.68
Bengaluru,2018,3,7,7.4323,24.63,36.14,4.11
Bengaluru,2018,3,8,7.2137,25.12,33.59,4.28
Bengaluru,2018,3,9,6.8894,25.48,36.34,4.17
Bengaluru,2018,3,10,6.2244,25.87,38.2,4.4
Bengaluru,2018,3,11,7.0039,25.74,39.51,5.07
Bengaluru,2018,3,12,6.8938,25.48,44.21,5.33
Bengaluru,2018,3,13,5.8973,25.5,55.99,4.96
Bengaluru,2018,3,14,5.4331,25.5,55.75,4.05
Bengaluru,2018,3,15,5.6172,25.47,56.87,1.82
Bengaluru,2018,3,16,4.9416,25.06,67.08,1.34
Bengaluru,2018,3,17,5.0686,24.81,67.49,2.64
Bengaluru,2018,3,18,5.453,24.61,66.79,2.64
Bengaluru,2018,3,19,6.9468,25.2,53.76,3.98
Bengaluru,2018,3,20,7.2905,25.7,47.74,3.53
Bengaluru,2018,3,21,6.9749,26.14,48.21,2.01
Bengaluru,2018,3,22,6.0854,27.52,47.38,2.27
Bengaluru,2018,3,23,6.7411,27.68,40.02,3.42
Bengaluru,2018,3,24,5.8327,27.94,45.99,3.54
Bengaluru,2018,3,25,6.479,27.99,42.85,4.84
Bengaluru,2018,3,26,6.4428,27.48,38.43,4.51
Bengaluru,2018,3,27,6.7939,27.7,36.82,2.55
Bengaluru,2018,3,28,6.4843,28.67,45.66,2.37
Bengaluru,2018,3,29,5.9122,28.7,43.57,1.62
Bengaluru,2018,3,30,5.8678,29.18,44.51,1.8
Bengaluru,2018,3,31,6.3432,27.37,54.25,2.62
Bengaluru,2018,4,1,6.413,28.54,47.31,2.49
Bengaluru,2018,4,2,6.0852,28.45,46.97,3.66
Bengaluru,2018,4,3,6.2162,28.83,44.32,3.31
Bengaluru,2018,4,4,6.7747,28.76,42.24,3.98
Bengaluru,2018,4,5,7.068,27.88,46.54,4.47
Bengaluru,2018,4,6,6.7661,27.24,43.98,3.23
Bengaluru,2018,4,7,6.677,28.27,42.38,3.96
Bengaluru,2018,4,8,7.2739,27.71,48.48,4.85
Bengaluru,2018,4,9,7.1909,27.59,48.21,4.4
Bengaluru,2018,4,10,7.3282,28.07,47.09,4.23
Bengaluru,2018,4,11,6.6528,28.42,48.24,2.77
Bengaluru,2018,4,12,6.631,29.18,47.71,3.72
Bengaluru,2018,4,13,6.5686,29.05,47.7,4.07
Bengaluru,2018,4,14,6.9614,29.82,45.86,3.97
Bengaluru,2018,4,15,6.1963,29.82,49.53,4.5
Bengaluru,2018,4,16,5.9395,30.18,46.64,3.58
Bengaluru,2018,4,17,6.7642,30.16,44.6,4.09
Bengaluru,2018,4,18,6.5134,30.42,39.46,3.67
Bengaluru,2018,4,19,5.8154,29.69,44.83,2.48
Bengaluru,2018,4,20,6.0216,28.74,48.25,2.6
Bengaluru,2018,4,21,6.1927,28.12,57.28,2.29
Bengaluru,2018,4,22,6.2333,28.72,54.28,3.19
Bengaluru,2018,4,23,6.6077,28.66,56.21,2.49
Bengaluru,2018,4,24,6.2566,28.3,50.88,2.32
Bengaluru,2018,4,25,6.7723,28.19,56.17,2.46
Bengaluru,2018,4,26,6.3451,28.53,53.52,2.65
Bengaluru,2018,4,27,6.7692,28.33,51.97,3.75
Bengaluru,2018,4,28,6.7598,28.73,51.78,4.03
Bengaluru,2018,4,29,6.5755,30.44,44.33,2.28
Bengaluru,2018,4,30,6.4308,29.48,50.63,3.44
Bengaluru,2018,5,1,5.4482,28.7,59.75,2.62
Bengaluru,2018,5,2,5.9683,28.58,59.96,2.3
Bengaluru,2018,5,3,5.7612,28.42,61.41,2.72
Bengaluru,2018,5,4,6.4874,26.69,66.49,3.12
Bengaluru,2018,5,5,6.5789,27.15,59.41,3.37
Bengaluru,2018,5,6,6.1476,27.78,58.69,3.3
Bengaluru,2018,5,7,6.3799,27.79,61.24,3.32
Bengaluru,2018,5,8,5.5078,26.59,65.77,2.92
Bengaluru,2018,5,9,5.237,25.2,70.73,2.87
Bengaluru,2018,5,10,6.4061,25.65,68.37,1.91
Bengaluru,2018,5,11,6.823,25.83,72.99,2.12
Bengaluru,2018,5,12,6.6586,26.13,70.97,1.94
Bengaluru,2018,5,13,6.2136,26.31,68.36,1.93
Bengaluru,2018,5,14,5.8987,23.97,76.81,2.11
Bengaluru,2018,5,15,6.5714,25.28,63.8,2.77
Bengaluru,2018,5,16,6.4356,26.08,62.31,1.96
Bengaluru,2018,5,17,5.945,26.78,65,1.81
Bengaluru,2018,5,18,5.1233,25.43,73.14,2.88
Bengaluru,2018,5,19,5.8574,26.77,66.72,1.95
Bengaluru,2018,5,20,6.1488,26.61,69.62,2.52
Bengaluru,2018,5,21,5.9426,26.33,68.48,2.06
Bengaluru,2018,5,22,6.1354,26.23,69.7,2.45
Bengaluru,2018,5,23,5.4365,27.64,61.35,1.65
Bengaluru,2018,5,24,5.9117,26.68,68.51,3.2
Bengaluru,2018,5,25,3.515,25.62,75.11,3.18
Bengaluru,2018,5,26,5.1142,25.86,72.9,2.89
Bengaluru,2018,5,27,5.9688,25.65,73.88,3.53
Bengaluru,2018,5,28,6.5078,26.11,71.66,2.02
Bengaluru,2018,5,29,6.5388,26.12,72.09,4.5
Bengaluru,2018,5,30,5.3407,25.63,78.73,3.32
Bengaluru,2018,5,31,5.6482,25.95,78.29,2.24
Bengaluru,2018,6,1,4.9416,24.99,81.1,2.01
Bengaluru,2018,6,2,4.8353,25.28,74.37,1.58
Bengaluru,2018,6,3,5.3561,24.01,82.92,3.08
Bengaluru,2018,6,4,5.257,23.81,82.82,2.98
Bengaluru,2018,6,5,5.8022,24.91,72.43,4.4
Bengaluru,2018,6,6,6.1202,25.06,70.47,5.14
Bengaluru,2018,6,7,4.9476,23.6,79.4,6.85
Bengaluru,2018,6,8,3.0746,23.42,77.87,8.34
Bengaluru,2018,6,9,3.4718,23.29,76.37,9.18
Bengaluru,2018,6,10,4.2787,24.24,77.86,7.98
Bengaluru,2018,6,11,3.8957,24.64,79.27,7.67
Bengaluru,2018,6,12,4.4926,24.65,78.68,7.22
Bengaluru,2018,6,13,4.7364,24.66,78.4,6.81
Bengaluru,2018,6,14,3.678,24.46,70.04,5.89
Bengaluru,2018,6,15,5.7634,24.46,69.1,5.07
Bengaluru,2018,6,16,6.0929,23.55,63.8,5.92
Bengaluru,2018,6,17,5.3717,23.22,67.28,6.08
Bengaluru,2018,6,18,6.0586,23.15,72.61,6.38
Bengaluru,2018,6,19,5.7286,23.91,77.62,6.63
Bengaluru,2018,6,20,5.2886,23.95,77.89,6.49
Bengaluru,2018,6,21,4.9968,24.09,75.01,6.04
Bengaluru,2018,6,22,4.5401,23.4,74.32,5.78
Bengaluru,2018,6,23,4.771,23.39,77.34,5.07
Bengaluru,2018,6,24,5.2637,23.21,72.03,5.75
Bengaluru,2018,6,25,5.0242,22.89,70.68,5.92
Bengaluru,2018,6,26,5.0102,23.17,74.39,6.85
Bengaluru,2018,6,27,3.6053,23.52,78.46,6.53
Bengaluru,2018,6,28,4.2362,23.44,77.71,5.95
Bengaluru,2018,6,29,4.855,23.65,73.2,4.74
Bengaluru,2018,6,30,5.8025,23.83,66.08,4.13
Bengaluru,2018,7,1,5.5598,24.26,68.32,3.53
Bengaluru,2018,7,2,6.0142,23.7,73.49,4.87
Bengaluru,2018,7,3,5.4682,22.72,77.81,4.26
Bengaluru,2018,7,4,5.5802,24.05,72.97,5.41
Bengaluru,2018,7,5,6.6924,24.19,71,6.31
Bengaluru,2018,7,6,4.2382,23.52,76.58,6.04
Bengaluru,2018,7,7,3.1032,22.91,78.98,5.74
Bengaluru,2018,7,8,3.3118,23.33,75.7,6.46
Bengaluru,2018,7,9,4.6138,23.76,75.52,6.25
Bengaluru,2018,7,10,3.9382,23.26,73.86,6.43
Bengaluru,2018,7,11,3.7656,23.05,79.96,7.63
Bengaluru,2018,7,12,4.1059,23.79,75.65,8.52
Bengaluru,2018,7,13,4.0502,23.02,79.41,7.29
Bengaluru,2018,7,14,3.967,23.41,79,7.45
Bengaluru,2018,7,15,4.5593,24.05,74.59,8.36
Bengaluru,2018,7,16,4.0512,22.78,77.77,8.56
Bengaluru,2018,7,17,4.1897,23.7,74.1,8.75
Bengaluru,2018,7,18,4.7995,23.76,75.14,7.35
Bengaluru,2018,7,19,3.4128,24.58,74.64,7.09
Bengaluru,2018,7,20,3.9658,24.17,74.61,7.95
Bengaluru,2018,7,21,3.4495,23.91,75.11,7.54
Bengaluru,2018,7,22,4.5924,24.76,70.41,7.46
Bengaluru,2018,7,23,4.1155,24.49,73.7,6.88
Bengaluru,2018,7,24,4.3498,23.98,76.85,6.3
Bengaluru,2018,7,25,4.5358,24.45,74.43,6.1
Bengaluru,2018,7,26,4.2485,24.85,72.1,5.83
Bengaluru,2018,7,27,4.0718,24.49,72.47,6.21
Bengaluru,2018,7,28,4.1717,24.58,73.18,5.75
Bengaluru,2018,7,29,4.0262,24.43,74.29,5.37
Bengaluru,2018,7,30,4.6793,24.27,74.92,5.21
Bengaluru,2018,7,31,3.947,23.33,79.31,5.91
Bengaluru,2018,8,1,4.4899,23.59,76.81,5.85
Bengaluru,2018,8,2,5.022,24.04,73.62,5.48
Bengaluru,2018,8,3,4.3212,23.42,72.98,5.97
Bengaluru,2018,8,4,4.7198,23.22,75.12,5.87
Bengaluru,2018,8,5,4.7098,24.21,71.19,6.37
Bengaluru,2018,8,6,5.2678,23.9,71.98,7.45
Bengaluru,2018,8,7,3.8006,22.86,75.97,7.43
Bengaluru,2018,8,8,4.321,23.63,75.63,6.87
Bengaluru,2018,8,9,5.0189,23.81,73.59,6.68
Bengaluru,2018,8,10,3.9293,22.83,78.16,5.86
Bengaluru,2018,8,11,2.8817,23.45,74.99,7.79
Bengaluru,2018,8,12,3.4003,22.24,78.69,7.63
Bengaluru,2018,8,13,3.7553,22.97,71.62,8.56
Bengaluru,2018,8,14,3.5657,22.57,81.91,7.55
Bengaluru,2018,8,15,3.6158,23.29,83.4,6.89
Bengaluru,2018,8,16,3.3806,23.46,76.91,8.89
Bengaluru,2018,8,17,4.0334,24.51,71.87,8.94
Bengaluru,2018,8,18,4.0846,24.07,72.26,7.74
Bengaluru,2018,8,19,3.5366,24.59,69.7,7.49
Bengaluru,2018,8,20,4.3541,23.87,71.55,7.58
Bengaluru,2018,8,21,4.999,24.46,69.62,6.89
Bengaluru,2018,8,22,5.1019,24.15,69.13,6.01
Bengaluru,2018,8,23,4.8758,24.41,71.71,5.56
Bengaluru,2018,8,24,4.8149,23.73,75.28,5.2
Bengaluru,2018,8,25,4.9306,23.62,75.23,4.71
Bengaluru,2018,8,26,4.5958,24.03,72.47,5.34
Bengaluru,2018,8,27,3.3838,23.82,73.01,5.98
Bengaluru,2018,8,28,4.7146,23.69,73.34,5.3
Bengaluru,2018,8,29,4.3702,23.96,72.7,5.06
Bengaluru,2018,8,30,4.9301,24.49,72.65,5.06
Bengaluru,2018,8,31,5.1845,24.46,71.66,5.31
Bengaluru,2018,9,1,5.4478,23.91,72.74,3.71
Bengaluru,2018,9,2,5.3474,24.95,66.87,4.33
Bengaluru,2018,9,3,7.0262,23.22,69.67,3.67
Bengaluru,2018,9,4,7.2401,24.93,65.54,3.93
Bengaluru,2018,9,5,6.2153,24.05,67.84,4.4
Bengaluru,2018,9,6,5.7614,24.44,66.49,5.19
Bengaluru,2018,9,7,5.76,24.33,66.33,5.22
Bengaluru,2018,9,8,6.3974,24.73,65.75,4.58
Bengaluru,2018,9,9,6.5568,25.37,66.03,2.09
Bengaluru,2018,9,10,4.2362,24.91,69.43,1.88
Bengaluru,2018,9,11,5.8572,25.98,68.42,1.56
Bengaluru,2018,9,12,6.2635,24.05,75.29,2.55
Bengaluru,2018,9,13,5.4698,25.91,62.4,2.05
Bengaluru,2018,9,14,5.959,25.77,63.7,1.5
Bengaluru,2018,9,15,5.5548,24.67,74,2.07
Bengaluru,2018,9,16,5.4826,23.88,80.16,2.88
Bengaluru,2018,9,17,5.1017,23.21,79.95,4.31
Bengaluru,2018,9,18,6.0355,23.66,75.89,4.25
Bengaluru,2018,9,19,4.8358,22.71,73.37,4.97
Bengaluru,2018,9,20,5.8949,22.96,76.54,3.78
Bengaluru,2018,9,21,5.4012,23.09,78.94,3.74
Bengaluru,2018,9,22,6.6199,23.84,67.34,3.07
Bengaluru,2018,9,23,5.256,24.19,75.87,1.48
Bengaluru,2018,9,24,5.4053,23.46,82.35,1.8
Bengaluru,2018,9,25,5.9227,24.35,77.37,1.49
Bengaluru,2018,9,26,5.5807,24.22,79.58,2.56
Bengaluru,2018,9,27,5.0897,24.59,75.41,2.43
Bengaluru,2018,9,28,5.3191,24.33,78.52,2.65
Bengaluru,2018,9,29,5.3138,24.83,74.97,3.26
Bengaluru,2018,9,30,6.168,25.49,72.01,3.11
Bengaluru,2018,10,1,6.3941,25.23,72.35,3.87
Bengaluru,2018,10,2,5.8838,25.07,71.94,3.21
Bengaluru,2018,10,3,6.1577,24.39,75.13,3.08
Bengaluru,2018,10,4,2.8375,23.2,79.07,3.91
Bengaluru,2018,10,5,3.7452,22.72,82.44,4.52
Bengaluru,2018,10,6,3.3917,23.09,82.04,4.34
Bengaluru,2018,10,7,6.3317,23.9,76.06,3.04
Bengaluru,2018,10,8,5.2344,24.36,70.86,2.55
Bengaluru,2018,10,9,5.329,23.59,73.44,2.21
Bengaluru,2018,10,10,5.7612,23.28,62.06,3.45
Bengaluru,2018,10,11,5.8375,24.08,50.49,2.61
Bengaluru,2018,10,12,5.8747,24.14,66.05,2.67
Bengaluru,2018,10,13,5.8375,25.29,59.17,1.09
Bengaluru,2018,10,14,4.3368,24.53,74.67,1.33
Bengaluru,2018,10,15,4.6176,23.98,79.33,1.88
Bengaluru,2018,10,16,4.8437,23.61,79.63,2.23
Bengaluru,2018,10,17,5.1281,22.26,83.48,2.04
Bengaluru,2018,10,18,5.1994,22.49,78.33,1.22
Bengaluru,2018,10,19,4.3987,23.25,76.3,2.23
Bengaluru,2018,10,20,5.7953,23.01,65.69,2.89
Bengaluru,2018,10,21,4.4678,23.55,68.88,2.85
Bengaluru,2018,10,22,6.4769,22.68,61.35,3.35
Bengaluru,2018,10,23,6.0938,22.87,61.66,3.26
Bengaluru,2018,10,24,6.4013,22.59,64.41,3.51
Bengaluru,2018,10,25,5.724,22.83,64.74,4.29
Bengaluru,2018,10,26,5.8932,23.14,66.57,4.38
Bengaluru,2018,10,27,6.2885,22.76,61.97,4.01
Bengaluru,2018,10,28,6.457,21.98,60.78,4.41
Bengaluru,2018,10,29,6.3142,21.74,49.63,3.73
Bengaluru,2018,10,30,6.4087,22.37,52.88,3.27
Bengaluru,2018,10,31,5.5445,23.83,69.78,3.92
Bengaluru,2018,11,1,4.2883,24.09,73.04,3.91
Bengaluru,2018,11,2,3.9396,23.15,77.86,4.04
Bengaluru,2018,11,3,3.7205,23.5,76.73,4.43
Bengaluru,2018,11,4,4.7827,23.91,72.03,4.42
Bengaluru,2018,11,5,6.0058,24.39,65.66,4.46
Bengaluru,2018,11,6,5.2246,22.87,68.37,3.35
Bengaluru,2018,11,7,5.9035,22.57,58.65,3.88
Bengaluru,2018,11,8,4.9493,22.51,59.15,3.63
Bengaluru,2018,11,9,6.0799,23.31,62.15,3.82
Bengaluru,2018,11,10,6.0466,22.85,61.87,3.13
Bengaluru,2018,11,11,5.5546,22.56,60.55,3.01
Bengaluru,2018,11,12,5.1691,22.17,52.5,3.15
Bengaluru,2018,11,13,5.6292,21.75,40.71,2.68
Bengaluru,2018,11,14,6.3103,21.98,37.35,2.64
Bengaluru,2018,11,15,4.6843,22.24,61.92,4.39
Bengaluru,2018,11,16,2.9585,22.9,78.38,5.29
Bengaluru,2018,11,17,5.369,24.09,71.72,3.17
Bengaluru,2018,11,18,4.7995,24.72,70.78,3.06
Bengaluru,2018,11,19,4.4676,25.16,66.15,3.72
Bengaluru,2018,11,20,5.3782,24.08,66.14,4.37
Bengaluru,2018,11,21,3.2318,21.32,78.8,5.03
Bengaluru,2018,11,22,1.9723,21.72,81.47,5.03
Bengaluru,2018,11,23,2.5858,22.68,81.55,3.99
Bengaluru,2018,11,24,4.2754,23.58,70.01,3.43
Bengaluru,2018,11,25,4.3306,23.5,67.52,3.03
Bengaluru,2018,11,26,4.9992,22.22,64.59,3.4
Bengaluru,2018,11,27,5.7166,20.43,63.92,3.52
Bengaluru,2018,11,28,5.8183,21,67.27,3.97
Bengaluru,2018,11,29,3.5244,22.45,71.51,3.78
Bengaluru,2018,11,30,4.8938,22.78,67,3.24
Bengaluru,2018,12,1,4.9046,22,64.51,3.32
Bengaluru,2018,12,2,5.7739,21.66,65.63,3.43
Bengaluru,2018,12,3,4.6586,22.72,65.92,3.88
Bengaluru,2018,12,4,2.9578,21.18,82.9,2.93
Bengaluru,2018,12,5,4.5079,23.11,76.96,1.86
Bengaluru,2018,12,6,4.6361,24.41,66.24,3.37
Bengaluru,2018,12,7,4.4266,23.73,65.33,3.86
Bengaluru,2018,12,8,4.7419,23.43,67.43,4.18
Bengaluru,2018,12,9,5.3465,23.18,63.51,3.71
Bengaluru,2018,12,10,4.6375,23.51,63.67,2.29
Bengaluru,2018,12,11,4.2948,23.26,62.18,2.65
Bengaluru,2018,12,12,4.3666,23.6,61.74,2
Bengaluru,2018,12,13,3.6838,23.47,62.48,2.6
Bengaluru,2018,12,14,4.9058,23.17,57.02,3.87
Bengaluru,2018,12,15,5.0981,21.94,62.83,5.19
Bengaluru,2018,12,16,4.002,20.43,62.34,4.45
Bengaluru,2018,12,17,4.0342,21.07,53.66,3.77
Bengaluru,2018,12,18,5.6354,20.96,41.97,3.27
Bengaluru,2018,12,19,4.1702,19.26,62.05,2.32
Bengaluru,2018,12,20,4.8859,21.6,60.99,2.62
Bengaluru,2018,12,21,4.4045,23.34,61.32,2.44
Bengaluru,2018,12,22,4.5655,23.87,61.12,3.52
Bengaluru,2018,12,23,4.003,24.33,63.69,4.09
Bengaluru,2018,12,24,4.2362,24.54,59.08,3.58
Bengaluru,2018,12,25,5.1103,24.17,56.54,3.32
Bengaluru,2018,12,26,5.5039,23.86,54.42,2.4
Bengaluru,2018,12,27,4.5962,23.88,54.58,2.64
Bengaluru,2018,12,28,4.1266,22.97,57.72,2.34
Bengaluru,2018,12,29,3.5983,22.65,56.31,3.84
Bengaluru,2018,12,30,4.1731,20.91,57.29,4.08
Bengaluru,2018,12,31,5.3292,20.9,52.87,3.87
Bengaluru,2019,1,1,6.0528,19.39,47.59,3.79
Bengaluru,2019,1,2,6.0701,19.22,49.99,4.26
Bengaluru,2019,1,3,6.012,19.63,49.04,4.09
Bengaluru,2019,1,4,6.0348,19.57,51.83,4.66
Bengaluru,2019,1,5,6.1406,19.89,52.66,3.56
Bengaluru,2019,1,6,5.8553,20.9,52.72,3.16
Bengaluru,2019,1,7,5.9726,21.08,51.33,3.56
Bengaluru,2019,1,8,5.9674,21.1,45.71,3.38
Bengaluru,2019,1,9,6.0674,21.1,45.27,3.51
Bengaluru,2019,1,10,6.036,21.26,49.96,3.46
Bengaluru,2019,1,11,5.9666,21.44,51.42,2.82
Bengaluru,2019,1,12,5.2538,21.56,53.2,3.41
Bengaluru,2019,1,13,5.8834,21.27,46.41,3.03
Bengaluru,2019,1,14,5.8483,20.96,46.86,3.41
Bengaluru,2019,1,15,5.4348,20.81,40.55,4.11
Bengaluru,2019,1,16,6.1013,21.07,49.88,3.85
Bengaluru,2019,1,17,5.665,21.62,54.83,3.88
Bengaluru,2019,1,18,5.6474,21.4,54.26,4.06
Bengaluru,2019,1,19,6.0946,21.18,48.29,4.04
Bengaluru,2019,1,20,5.375,20.87,46.93,3.86
Bengaluru,2019,1,21,5.5894,21.09,46.58,3.7
Bengaluru,2019,1,22,6.0343,21.51,49.54,2.1
Bengaluru,2019,1,23,5.9203,22.62,54.38,2.37
Bengaluru,2019,1,24,5.807,23.27,54.09,3.05
Bengaluru,2019,1,25,5.1362,24.02,57.45,4
Bengaluru,2019,1,26,4.4585,24.74,59.07,3.49
Bengaluru,2019,1,27,4.4333,23.85,64.32,3.5
Bengaluru,2019,1,28,4.4242,23.08,66.06,3.18
Bengaluru,2019,1,29,5.1739,21.44,67.19,3.79
Bengaluru,2019,1,30,5.7641,21.44,59.51,3.69
Bengaluru,2019,1,31,5.7912,20.89,55.22,3.88
Bengaluru,2019,2,1,5.7806,21.46,58.57,3.28
Bengaluru,2019,2,2,5.6537,22.51,55.15,3.28
Bengaluru,2019,2,3,6.1123,23.25,55.21,3.3
Bengaluru,2019,2,4,6.3456,24.19,54.52,4.25
Bengaluru,2019,2,5,4.9658,23.45,54.81,3.87
Bengaluru,2019,2,6,6.019,24.28,48.04,3.31
Bengaluru,2019,2,7,5.4425,25.01,51.73,3.68
Bengaluru,2019,2,8,5.9033,25.99,51.21,2.55
Bengaluru,2019,2,9,4.9248,25.92,55.73,2.54
Bengaluru,2019,2,10,4.8583,22.89,77.58,3.12
Bengaluru,2019,2,11,5.429,23.8,66.81,5.1
Bengaluru,2019,2,12,6.4673,23.04,60.17,5.46
Bengaluru,2019,2,13,6.6058,22.92,58.2,4.65
Bengaluru,2019,2,14,6.57,23.71,57.93,4.31
Bengaluru,2019,2,15,6.0072,24.88,58.93,2.29
Bengaluru,2019,2,16,5.7305,25.62,55.77,2.69
Bengaluru,2019,2,17,6.4502,25.73,49.13,2.99
Bengaluru,2019,2,18,6.8705,25.46,35.37,1.94
Bengaluru,2019,2,19,5.8001,27,55.5,4.31
Bengaluru,2019,2,20,6.6202,26,52.57,5.11
Bengaluru,2019,2,21,6.9526,24.59,50.06,4.95
Bengaluru,2019,2,22,7.2026,24.11,38.78,4.98
Bengaluru,2019,2,23,7.3085,24.77,29.76,4.86
Bengaluru,2019,2,24,7.2946,25.2,32.28,4.69
Bengaluru,2019,2,25,7.2631,25.26,32.77,3.13
Bengaluru,2019,2,26,6.9566,25.89,37.6,2.55
Bengaluru,2019,2,27,6.2786,27.58,44.95,2.73
Bengaluru,2019,2,28,6.6288,27.18,37.1,2.72
Bengaluru,2019,3,1,6.5345,28.17,49.33,2.95
Bengaluru,2019,3,2,5.6122,27.78,51.76,4.54
Bengaluru,2019,3,3,5.623,27.36,50.39,2.8
Bengaluru,2019,3,4,6.492,28.5,45.33,2.69
Bengaluru,2019,3,5,5.8946,30.15,34.61,2.13
Bengaluru,2019,3,6,6.7663,29.71,29.14,2.33
Bengaluru,2019,3,7,7.219,29.69,23.99,2.23
Bengaluru,2019,3,8,7.0735,29.33,34.2,2.55
Bengaluru,2019,3,9,6.0084,29.17,44.65,3.71
Bengaluru,2019,3,10,6.0242,29.63,42.87,3.63
Bengaluru,2019,3,11,6.7082,28.86,38.47,4.69
Bengaluru,2019,3,12,7.2264,27.44,36.17,4.25
Bengaluru,2019,3,13,6.9617,26.95,30.31,4.96
Bengaluru,2019,3,14,7.2888,27.01,29.49,5.09
Bengaluru,2019,3,15,7.363,27,30.3,4.69
Bengaluru,2019,3,16,7.3459,26.5,34.67,4.65
Bengaluru,2019,3,17,7.4683,26.16,36.41,3.7
Bengaluru,2019,3,18,7.237,27.1,46.42,3.45
Bengaluru,2019,3,19,6.9595,28.42,45.32,3.43
Bengaluru,2019,3,20,6.5566,28.45,42.4,4.59
Bengaluru,2019,3,21,6.9979,28.18,37.47,3.34
Bengaluru,2019,3,22,6.965,28.47,38.41,2.9
Bengaluru,2019,3,23,6.8854,29.53,40.52,2.86
Bengaluru,2019,3,24,6.8436,30.09,31.9,4.07
Bengaluru,2019,3,25,7.3013,29.12,35.09,4.37
Bengaluru,2019,3,26,7.4179,28.71,35.38,4.31
Bengaluru,2019,3,27,7.3426,28.8,30.99,4.15
Bengaluru,2019,3,28,7.5811,29.07,32.74,4.16
Bengaluru,2019,3,29,6.7963,29.96,25.75,3.12
Bengaluru,2019,3,30,7.1561,29.76,28.82,3.75
Bengaluru,2019,3,31,7.2372,29.99,28.85,3.07
Bengaluru,2019,4,1,7.241,30.39,26.92,3.76
Bengaluru,2019,4,2,6.437,30.11,33.38,3.55
Bengaluru,2019,4,3,6.9518,29.93,35.5,4.67
Bengaluru,2019,4,4,7.5756,28.76,34.85,4.51
Bengaluru,2019,4,5,7.1842,29.49,39.08,3.78
Bengaluru,2019,4,6,7.3658,29.47,32.64,3.96
Bengaluru,2019,4,7,6.889,29.43,33.61,3.81
Bengaluru,2019,4,8,6.8647,29.83,42.81,3.59
Bengaluru,2019,4,9,6.113,29.94,44.05,3.21
Bengaluru,2019,4,10,6.9125,30.74,38.23,4.48
Bengaluru,2019,4,11,6.9917,29.09,39.5,2.73
Bengaluru,2019,4,12,7.2154,30.47,31,3.36
Bengaluru,2019,4,13,7.5554,29.62,34.78,3.95
Bengaluru,2019,4,14,7.4347,29.81,28.78,4.69
Bengaluru,2019,4,15,7.6754,29.21,25.55,3.28
Bengaluru,2019,4,16,7.4719,30.22,34.87,3.18
Bengaluru,2019,4,17,5.7324,29.01,49.81,2.67
Bengaluru,2019,4,18,6.5635,29.4,48.32,2.96
Bengaluru,2019,4,19,6.7178,29.3,51.72,2.1
Bengaluru,2019,4,20,6.3998,27.12,62.65,2.75
Bengaluru,2019,4,21,6.5837,27.73,59.89,2.37
Bengaluru,2019,4,22,6.2179,28.29,54.86,2.87
Bengaluru,2019,4,23,6.5909,26.47,57.91,3.43
Bengaluru,2019,4,24,7.224,28.55,44.22,3.92
Bengaluru,2019,4,25,6.8635,28.61,37.87,3.41
Bengaluru,2019,4,26,6.1378,29.78,41.16,4.25
Bengaluru,2019,4,27,6.1351,29.8,38.71,3.73
Bengaluru,2019,4,28,4.8638,30.09,41.63,3.66
Bengaluru,2019,4,29,5.3647,30.09,40.32,2.74
Bengaluru,2019,4,30,5.28,29.22,55.06,3.79
Bengaluru,2019,5,1,4.5468,26.95,65.41,4.88
Bengaluru,2019,5,2,6.4025,27.7,55.45,5.17
Bengaluru,2019,5,3,7.0238,28.06,55.63,4.33
Bengaluru,2019,5,4,6.5066,27.8,52.89,3
Bengaluru,2019,5,5,6.5436,28.99,54.3,1.91
Bengaluru,2019,5,6,6.8304,29.32,54.01,1.82
Bengaluru,2019,5,7,5.4624,28,59.92,3.73
Bengaluru,2019,5,8,5.8327,25.87,71.34,4.65
Bengaluru,2019,5,9,6.143,27.74,60.19,3.59
Bengaluru,2019,5,10,6.7176,28.93,54.59,3.12
Bengaluru,2019,5,11,6.222,28.89,55.87,2.04
Bengaluru,2019,5,12,6.0134,29.02,57.21,1.67
Bengaluru,2019,5,13,6.1742,28.8,58.32,1.91
Bengaluru,2019,5,14,6.3727,28.12,58.69,2.86
Bengaluru,2019,5,15,6,27.98,63.19,2.51
Bengaluru,2019,5,16,6.4524,28.95,58.54,2.07
Bengaluru,2019,5,17,6.072,27.67,63.83,1.66
Bengaluru,2019,5,18,6.7872,28.2,60.42,2.18
Bengaluru,2019,5,19,7.0157,29.95,52.18,2.33
Bengaluru,2019,5,20,6.8467,29.38,50.65,2.74
Bengaluru,2019,5,21,6.821,29.47,44.78,2.88
Bengaluru,2019,5,22,6.4687,28.14,60.99,2.25
Bengaluru,2019,5,23,5.7468,27.82,63.8,1.71
Bengaluru,2019,5,24,6.2602,28.73,61.78,1.98
Bengaluru,2019,5,25,6.6226,27.45,67.34,4.09
Bengaluru,2019,5,26,6.948,27.23,70.72,3.32
Bengaluru,2019,5,27,7.0174,28.51,64.19,2.53
Bengaluru,2019,5,28,6.4368,29.42,57.83,2.01
Bengaluru,2019,5,29,6.5774,25.79,74.72,3.7
Bengaluru,2019,5,30,6.2378,26.34,69.01,3.02
Bengaluru,2019,5,31,6.1138,25.04,77.79,3.55
Bengaluru,2019,6,1,6.3084,26.51,70.54,3.53
Bengaluru,2019,6,2,5.1773,28.06,67.29,3.11
Bengaluru,2019,6,3,5.4965,25.65,73.9,3.62
Bengaluru,2019,6,4,6.2563,26.68,71.67,2.91
Bengaluru,2019,6,5,5.5483,26.2,73.97,2.32
Bengaluru,2019,6,6,6.625,26.7,72.44,2.22
Bengaluru,2019,6,7,5.5123,26.88,71.73,1.46
Bengaluru,2019,6,8,5.5762,26.03,71.51,3.35
Bengaluru,2019,6,9,6.6722,26.85,63.42,5.23
Bengaluru,2019,6,10,5.215,25.51,67.58,5.03
Bengaluru,2019,6,11,5.2313,25.89,66.14,7.06
Bengaluru,2019,6,12,3.9348,26.27,67.78,7.65
Bengaluru,2019,6,13,4.9843,25.17,69.13,7.19
Bengaluru,2019,6,14,5.537,25.47,63.51,6.74
Bengaluru,2019,6,15,7.0068,26.52,64.54,5.7
Bengaluru,2019,6,16,6.7903,26.74,64.81,5.27
Bengaluru,2019,6,17,5.9844,26.15,65.73,5.52
Bengaluru,2019,6,18,5.5543,26.41,65.7,5
Bengaluru,2019,6,19,6.5938,27.34,64.34,5.55
Bengaluru,2019,6,20,6.2986,26.21,61.81,6.37
Bengaluru,2019,6,21,4.7218,24.85,66.74,5.08
Bengaluru,2019,6,22,5.4341,24.8,71.34,5.71
Bengaluru,2019,6,23,4.8394,24.43,72.17,5.24
Bengaluru,2019,6,24,5.431,25.39,67.82,4.85
Bengaluru,2019,6,25,5.5745,25.7,64.34,4.73
Bengaluru,2019,6,26,4.752,24.57,73.57,4.55
Bengaluru,2019,6,27,5.5615,25.55,71.08,5.76
Bengaluru,2019,6,28,6.7193,25.2,70.39,6.42
Bengaluru,2019,6,29,5.8886,24.7,71.39,6.49
Bengaluru,2019,6,30,4.8502,24.8,71.32,6.51
Bengaluru,2019,7,1,5.8519,26.44,66.56,6.39
Bengaluru,2019,7,2,5.7761,25.66,69.93,6.32
Bengaluru,2019,7,3,5.4576,25.8,68.97,6.73
Bengaluru,2019,7,4,5.1264,25.68,69.94,7.01
Bengaluru,2019,7,5,4.319,25.02,73.9,7.4
Bengaluru,2019,7,6,4.6469,24.49,74.91,7.63
Bengaluru,2019,7,7,5.5762,24.98,70.3,7.46
Bengaluru,2019,7,8,5.4574,25.36,68.88,7.64
Bengaluru,2019,7,9,4.8977,24.3,75,6.42
Bengaluru,2019,7,10,4.9164,24.65,67.56,7.09
Bengaluru,2019,7,11,5.1816,23.95,69.44,6.09
Bengaluru,2019,7,12,5.8006,25.63,64.16,3.29
Bengaluru,2019,7,13,4.854,25.54,66.39,4.17
Bengaluru,2019,7,14,5.9203,24.73,75.26,3.96
Bengaluru,2019,7,15,5.898,24.86,68.37,4.42
Bengaluru,2019,7,16,5.1401,24.43,69.76,4.44
Bengaluru,2019,7,17,4.8902,23.89,70.55,4.95
Bengaluru,2019,7,18,5.0962,21.57,80.68,5.36
Bengaluru,2019,7,19,4.6639,22.87,79.49,4.65
Bengaluru,2019,7,20,4.241,24.3,74.05,5.72
Bengaluru,2019,7,21,4.429,24.64,73.42,7.07
Bengaluru,2019,7,22,3.2417,23.42,78.97,6.52
Bengaluru,2019,7,23,4.4222,23.17,75.84,6.44
Bengaluru,2019,7,24,5.7067,23.78,75.32,5.63
Bengaluru,2019,7,25,4.6241,24.26,72.59,5.24
Bengaluru,2019,7,26,2.7324,23.28,75.93,5.82
Bengaluru,2019,7,27,5.0167,23.72,73.14,6.05
Bengaluru,2019,7,28,5.1007,24.06,72.85,6.72
Bengaluru,2019,7,29,4.5271,24.02,74.56,6.16
Bengaluru,2019,7,30,4.105,23.79,69.86,6.44
Bengaluru,2019,7,31,5.9664,24.43,67.31,5.93
Bengaluru,2019,8,1,6.0024,25.67,67.37,6.06
Bengaluru,2019,8,2,4.0642,24.27,69.55,7.28
Bengaluru,2019,8,3,4.8218,23.82,73.98,7.08
Bengaluru,2019,8,4,4.3421,23.43,66.71,7.24
Bengaluru,2019,8,5,3.7949,22.36,80.28,8.01
Bengaluru,2019,8,6,2.8121,23.11,75.53,8.38
Bengaluru,2019,8,7,3.2587,23.68,75.88,9.63
Bengaluru,2019,8,8,2.7955,23.89,77.24,10.18
Bengaluru,2019,8,9,3.1082,24.17,74.34,9.64
Bengaluru,2019,8,10,3.2138,24.02,71.62,9.05
Bengaluru,2019,8,11,4.2703,24.36,71.46,6.94
Bengaluru,2019,8,12,4.6555,23.76,73.24,6.59
Bengaluru,2019,8,13,4.6646,24.54,71.96,6
Bengaluru,2019,8,14,4.6894,24.2,75.73,5.27
Bengaluru,2019,8,15,4.6464,24.03,75.6,5.39
Bengaluru,2019,8,16,4.1472,23.9,77.52,5.02
Bengaluru,2019,8,17,2.7948,23.36,80.64,5.26
Bengaluru,2019,8,18,2.7619,22.39,85.36,4.33
Bengaluru,2019,8,19,5.8495,23.65,82.15,2.64
Bengaluru,2019,8,20,3.7591,23.17,86.54,3.35
Bengaluru,2019,8,21,4.3759,21.88,87.52,5.26
Bengaluru,2019,8,22,3.6492,21.83,84.84,4.96
Bengaluru,2019,8,23,4.8382,22.1,84,6
Bengaluru,2019,8,24,4.7714,22.54,81.37,5.34
Bengaluru,2019,8,25,5.1653,22.46,79.44,5.69
Bengaluru,2019,8,26,4.9375,23.29,76.13,5.85
Bengaluru,2019,8,27,5.6124,23.24,76.33,5.04
Bengaluru,2019,8,28,5.4566,23.04,78.47,5.12
Bengaluru,2019,8,29,5.2903,23.66,79.89,4.77
Bengaluru,2019,8,30,5.3942,23.09,78.8,6.18
Bengaluru,2019,8,31,3.7051,23.45,77.84,6.08
Bengaluru,2019,9,1,3.9943,22.41,81.9,5.47
Bengaluru,2019,9,2,3.8633,22.88,79.99,5.79
Bengaluru,2019,9,3,3.96,23.2,79.63,6.14
Bengaluru,2019,9,4,3.8998,22.22,79.46,6.82
Bengaluru,2019,9,5,4.3414,23.13,77.7,7.22
Bengaluru,2019,9,6,4.386,23.6,80.14,6.94
Bengaluru,2019,9,7,4.9296,23.98,76.91,7.15
Bengaluru,2019,9,8,4.6946,23.8,77.31,6.57
Bengaluru,2019,9,9,4.8281,23.25,78.79,6.02
Bengaluru,2019,9,10,5.2289,24.65,77.27,4.75
Bengaluru,2019,9,11,4.1736,24.34,78.91,4.49
Bengaluru,2019,9,12,5.544,23.02,83.37,4.53
Bengaluru,2019,9,13,5.6491,23.25,80.99,4.06
Bengaluru,2019,9,14,5.6758,23.87,78.78,3.71
Bengaluru,2019,9,15,4.9426,23.96,78.29,3.57
Bengaluru,2019,9,16,4.1347,23.65,78.65,5
Bengaluru,2019,9,17,4.1688,22.65,85.31,3.78
Bengaluru,2019,9,18,4.3927,22.83,85.46,3.79
Bengaluru,2019,9,19,4.9879,22.15,87.2,3.52
Bengaluru,2019,9,20,5.0683,23.15,78.25,2.76
Bengaluru,2019,9,21,6.6715,24.73,76.81,2.09
Bengaluru,2019,9,22,4.3368,22.44,91.09,2.14
Bengaluru,2019,9,23,5.7082,23.09,86.71,2.49
Bengaluru,2019,9,24,5.2344,21.82,92.87,2.59
Bengaluru,2019,9,25,4.8974,22.41,91.34,3.58
Bengaluru,2019,9,26,5.0606,22.35,85.8,5.01
Bengaluru,2019,9,27,5.7317,22.82,83.16,2.06
Bengaluru,2019,9,28,5.7031,22.96,83.7,2.76
Bengaluru,2019,9,29,6.2405,22.73,82.23,3.23
Bengaluru,2019,9,30,5.3484,21.79,84.1,3.11
Bengaluru,2019,10,1,5.5339,23.19,80.56,1.82
Bengaluru,2019,10,2,6.3787,23.68,82.53,1.71
Bengaluru,2019,10,3,6.1735,23.66,84.2,1.78
Bengaluru,2019,10,4,5.8481,23.31,85.89,1.71
Bengaluru,2019,10,5,5.8548,22.51,90.29,2.02
Bengaluru,2019,10,6,5.2793,22.68,86.84,2.22
Bengaluru,2019,10,7,5.3477,22.86,86.5,1.47
Bengaluru,2019,10,8,5.8968,23.64,84.61,1.12
Bengaluru,2019,10,9,5.4876,23.14,88.95,1.04
Bengaluru,2019,10,10,4.8216,23,85.55,1.64
Bengaluru,2019,10,11,5.2058,23.05,86.44,2.33
Bengaluru,2019,10,12,5.4833,23.29,84.7,2.79
Bengaluru,2019,10,13,5.5776,23.48,84.7,2.6
Bengaluru,2019,10,14,6.108,23.5,85.57,2.73
Bengaluru,2019,10,15,4.8523,22.96,87.76,3.11
Bengaluru,2019,10,16,4.5617,22.43,86.39,3.46
Bengaluru,2019,10,17,3.8986,22.23,86.35,3.07
Bengaluru,2019,10,18,4.1004,22.43,88.37,3.51
Bengaluru,2019,10,19,4.9406,22.53,86.89,3.49
Bengaluru,2019,10,20,4.2043,22.25,87.89,3.33
Bengaluru,2019,10,21,3.8882,21.85,88.43,2.34
Bengaluru,2019,10,22,3.2974,22.47,87.67,2.43
Bengaluru,2019,10,23,4.8797,21.9,87.22,3.65
Bengaluru,2019,10,24,4.8197,21.56,87.02,4.61
Bengaluru,2019,10,25,4.056,21.62,87.01,4.03
Bengaluru,2019,10,26,4.4897,22.03,87.17,3.2
Bengaluru,2019,10,27,4.7748,22.13,85.24,1.69
Bengaluru,2019,10,28,4.7294,22.14,87.29,3.33
Bengaluru,2019,10,29,3.5299,20.13,87.02,4.13
Bengaluru,2019,10,30,3.5412,21.51,90.7,4.56
Bengaluru,2019,10,31,3.8345,21.83,89.22,5
Bengaluru,2019,11,1,6.0218,22.09,85.33,2.39
Bengaluru,2019,11,2,5.4173,22.38,86.11,2.66
Bengaluru,2019,11,3,5.5654,22.07,84.52,2.56
Bengaluru,2019,11,4,5.9935,21.91,80.53,2.37
Bengaluru,2019,11,5,5.934,22.56,79.07,2.17
Bengaluru,2019,11,6,5.3422,23,78.29,1.77
Bengaluru,2019,11,7,4.717,22.68,82.16,1.42
Bengaluru,2019,11,8,4.0238,22.64,87.98,1.77
Bengaluru,2019,11,9,4.5406,22.58,88.71,2.24
Bengaluru,2019,11,10,4.6865,22.72,84.1,2.13
Bengaluru,2019,11,11,4.3435,21.5,81.84,2.66
Bengaluru,2019,11,12,5.3923,21.45,83.66,3.19
Bengaluru,2019,11,13,5.6755,21.13,83.7,3.57
Bengaluru,2019,11,14,3.9312,21.85,87.44,3.56
Bengaluru,2019,11,15,3.9794,22.33,85.87,2.99
Bengaluru,2019,11,16,4.5384,22.46,84.5,3.54
Bengaluru,2019,11,17,5.5025,21.26,80.22,3.04
Bengaluru,2019,11,18,4.368,22.32,86.49,3.84
Bengaluru,2019,11,19,5.3916,22.74,83,2.25
Bengaluru,2019,11,20,3.9617,22.3,88.28,3.17
Bengaluru,2019,11,21,3.792,22.29,86.31,4
Bengaluru,2019,11,22,3.5446,20.59,83.03,4.26
Bengaluru,2019,11,23,5.5462,19.88,82.21,3.94
Bengaluru,2019,11,24,5.4026,20.6,83.27,3.85
Bengaluru,2019,11,25,4.4402,20.91,82.63,4.28
Bengaluru,2019,11,26,5.813,20.44,82.43,4.61
Bengaluru,2019,11,27,3.2671,21.38,85.63,4.45
Bengaluru,2019,11,28,3.3737,21.97,85.81,5
Bengaluru,2019,11,29,3.2599,22.12,84.76,4.43
Bengaluru,2019,11,30,2.8169,22.27,86.67,4.84
Bengaluru,2019,12,1,2.3028,22.16,87.65,5
Bengaluru,2019,12,2,2.7305,21.21,86.76,4.11
Bengaluru,2019,12,3,2.7662,20.92,84.75,4.7
Bengaluru,2019,12,4,4.2569,21.1,82.37,5.23
Bengaluru,2019,12,5,4.3882,20.49,80.91,5
Bengaluru,2019,12,6,3.8453,19.91,78.65,4.65
Bengaluru,2019,12,7,3.7567,20.81,82.29,4.3
Bengaluru,2019,12,8,2.8495,21.47,80.75,4.22
Bengaluru,2019,12,9,5.2723,20.85,78.64,4.29
Bengaluru,2019,12,10,5.2198,20.8,78.37,3.58
Bengaluru,2019,12,11,5.1691,21.24,76.79,2.98
Bengaluru,2019,12,12,5.3011,21.39,75.28,2.63
Bengaluru,2019,12,13,5.1132,22.17,78.39,3.23
Bengaluru,2019,12,14,2.4288,21.67,83.11,3.93
Bengaluru,2019,12,15,4.6054,21.46,78.76,4.01
Bengaluru,2019,12,16,5.161,21.58,79.13,3.85
Bengaluru,2019,12,17,3.9307,21.11,77.04,4.75
Bengaluru,2019,12,18,4.3565,21.3,76.76,4.54
Bengaluru,2019,12,19,3.2707,21.26,75.44,4.66
Bengaluru,2019,12,20,4.1393,20.97,76.17,3.7
Bengaluru,2019,12,21,4.5269,21.14,79.4,3.35
Bengaluru,2019,12,22,4.867,22.05,74.85,3.36
Bengaluru,2019,12,23,4.225,21.52,72.46,3.19
Bengaluru,2019,12,24,4.1256,21.87,72.9,3.17
Bengaluru,2019,12,25,2.5464,22.78,76.42,3.43
Bengaluru,2019,12,26,4.6762,23.64,69.89,2.46
Bengaluru,2019,12,27,4.9793,22.82,69.06,3.15
Bengaluru,2019,12,28,5.2058,22.07,73.57,3.55
Bengaluru,2019,12,29,4.7326,22.21,71.97,3.7
Bengaluru,2019,12,30,4.9562,22.15,72.31,3.31
Bengaluru,2019,12,31,4.4822,22.7,73.87,3.47
Bengaluru,2020,1,1,3.2345,22.9,74.47,3.41
Bengaluru,2020,1,2,4.0279,23.45,73.02,3.31
Bengaluru,2020,1,3,4.9488,23.88,72.03,2.72
Bengaluru,2020,1,4,4.745,24.38,72.06,2.04
Bengaluru,2020,1,5,4.6673,24.15,74.21,2.63
Bengaluru,2020,1,6,3.7903,23.64,72.34,4.55
Bengaluru,2020,1,7,4.9126,22.47,70.75,4.36
Bengaluru,2020,1,8,5.6791,22.33,69.04,2.82
Bengaluru,2020,1,9,5.4005,22.58,69.05,2.56
Bengaluru,2020,1,10,5.5524,21.96,71.28,4.44
Bengaluru,2020,1,11,6.0418,21.19,65.59,4.24
Bengaluru,2020,1,12,5.4324,21.36,68.71,3.89
Bengaluru,2020,1,13,5.1994,21.96,68.12,1.9
Bengaluru,2020,1,14,5.7816,21.46,63.42,2.89
Bengaluru,2020,1,15,5.9974,20.44,60.38,3.52
Bengaluru,2020,1,16,5.9659,20.43,64.36,3.36
Bengaluru,2020,1,17,5.8462,21.52,66.75,3.71
Bengaluru,2020,1,18,4.3253,23.1,71.85,4.33
Bengaluru,2020,1,19,5.0335,23.48,68.94,3.46
Bengaluru,2020,1,20,5.8985,23.02,61.73,4.01
Bengaluru,2020,1,21,6.1747,21.87,59.43,4.22
Bengaluru,2020,1,22,6.1577,21.97,64.36,4.73
Bengaluru,2020,1,23,6.0622,22.6,62.42,4.38
Bengaluru,2020,1,24,6.3374,22.12,56.4,3.85
Bengaluru,2020,1,25,6.4589,21.42,50.77,3.33
Bengaluru,2020,1,26,6.4049,22.09,54.92,3.19
Bengaluru,2020,1,27,6.1754,22.83,54.76,3.07
Bengaluru,2020,1,28,5.9141,23.76,56.05,3.32
Bengaluru,2020,1,29,6.2148,23.81,56.6,2.84
Bengaluru,2020,1,30,6.2995,24.26,55.7,2.26
Bengaluru,2020,1,31,6.3,24.1,56,3.18
Bengaluru,2020,2,1,5.8836,23.78,60.85,4.82
Bengaluru,2020,2,2,5.9791,23.64,58.44,4.84
Bengaluru,2020,2,3,6.4126,23.56,55.58,4.11
Bengaluru,2020,2,4,6.3211,23.61,57.31,4.07
Bengaluru,2020,2,5,5.4391,23.76,57.31,3.69
Bengaluru,2020,2,6,5.6782,24.04,54.94,3.1
Bengaluru,2020,2,7,5.3182,24.51,56.61,3.74
Bengaluru,2020,2,8,5.8445,25.4,51.98,2.75
Bengaluru,2020,2,9,5.4271,24.3,58.96,4.58
Bengaluru,2020,2,10,5.7974,24.52,55.74,5.19
Bengaluru,2020,2,11,6.5021,24.09,55.04,5.51
Bengaluru,2020,2,12,5.7079,23.36,52.52,4.79
Bengaluru,2020,2,13,6.575,23.71,50.17,3.77
Bengaluru,2020,2,14,6.4553,24.31,48.29,2.59
Bengaluru,2020,2,15,6.6122,24.72,39.26,2.66
Bengaluru,2020,2,16,6.8246,24.08,37.45,3.98
Bengaluru,2020,2,17,7.0543,23.31,36.45,3.88
Bengaluru,2020,2,18,7.0087,23.72,45.81,4.32
Bengaluru,2020,2,19,6.5297,24.3,52.06,3.77
Bengaluru,2020,2,20,6.9444,24.14,46.66,4.42
Bengaluru,2020,2,21,7.0771,23.92,44.1,4.33
Bengaluru,2020,2,22,6.84,24.36,52.06,4.39
Bengaluru,2020,2,23,6.1128,25.06,49.12,4.18
Bengaluru,2020,2,24,5.2531,25.39,50.2,4.23
Bengaluru,2020,2,25,6.7718,25.86,49.88,3.09
Bengaluru,2020,2,26,6.2582,26.47,52.76,3.94
Bengaluru,2020,2,27,5.3878,25.84,55.98,3.65
Bengaluru,2020,2,28,5.447,26.17,52.54,4.47
Bengaluru,2020,2,29,6.1402,26.53,50.11,3.82
Bengaluru,2020,3,1,6.161,26.96,49.61,3.77
Bengaluru,2020,3,2,4.2005,26.22,52.17,2.31
Bengaluru,2020,3,3,5.651,27.66,47.46,2.23
Bengaluru,2020,3,4,5.3194,27.98,47.82,1.39
Bengaluru,2020,3,5,5.7499,27.55,50.19,3.95
Bengaluru,2020,3,6,5.5457,27.23,52.74,3.38
Bengaluru,2020,3,7,5.0498,25.12,64.66,3.49
Bengaluru,2020,3,8,5.7888,27.45,56.57,3.39
Bengaluru,2020,3,9,5.6388,27.77,51.25,3.36
Bengaluru,2020,3,10,6.5527,27.82,41.35,3.8
Bengaluru,2020,3,11,6.6698,27.55,45.62,3.4
Bengaluru,2020,3,12,6.8359,27.49,38.87,3.69
Bengaluru,2020,3,13,7.1986,26.77,37.82,4.27
Bengaluru,2020,3,14,7.3507,27.04,46.07,4.01
Bengaluru,2020,3,15,7.1602,27.67,48.5,4.27
Bengaluru,2020,3,16,7.051,27.78,47.28,4.45
Bengaluru,2020,3,17,7.4098,27.15,44.42,5.09
Bengaluru,2020,3,18,7.5163,26.86,39.12,4.3
Bengaluru,2020,3,19,7.2842,27.67,36.58,2.98
Bengaluru,2020,3,20,5.5891,27.68,41.86,2.96
Bengaluru,2020,3,21,6.6432,28.43,38.96,2.59
Bengaluru,2020,3,22,6.5832,29.08,39.06,2.54
Bengaluru,2020,3,23,5.2282,28.9,40.77,3.49
Bengaluru,2020,3,24,6.7022,28.3,39.59,3.96
Bengaluru,2020,3,25,6.0314,27.52,46.03,4.21
Bengaluru,2020,3,26,6.7706,27.58,44.67,4.73
Bengaluru,2020,3,27,7.1666,26.97,45.85,4.39
Bengaluru,2020,3,28,7.4393,26.95,36.73,4.15
Bengaluru,2020,3,29,7.5754,27.1,32.77,3.99
Bengaluru,2020,3,30,7.644,27.53,32.87,4.73
Bengaluru,2020,3,31,7.5634,27.62,34.73,4.49
Bengaluru,2020,4,1,7.5744,28.3,37.97,4.14
Bengaluru,2020,4,2,7.321,29.21,38.23,4.02
Bengaluru,2020,4,3,7.3682,28.88,39.58,4.57
Bengaluru,2020,4,4,7.6745,28.27,41.6,3.85
Bengaluru,2020,4,5,7.2406,29.15,47.38,3.98
Bengaluru,2020,4,6,5.9726,28.42,53.76,2.53
Bengaluru,2020,4,7,4.3315,24.66,64.53,2.69
Bengaluru,2020,4,8,6.0852,27.53,53.9,1.25
Bengaluru,2020,4,9,6.3835,26.7,61.57,3.08
Bengaluru,2020,4,10,6.0046,26.86,55.4,3.79
Bengaluru,2020,4,11,7.0644,26.52,55.21,4.05
Bengaluru,2020,4,12,7.278,27.21,47.92,3.83
Bengaluru,2020,4,13,7.3046,27.78,41.07,4.66
Bengaluru,2020,4,14,7.7126,27.54,35.37,5.29
Bengaluru,2020,4,15,7.7942,27.19,38.87,3.94
Bengaluru,2020,4,16,7.4592,28.34,45.84,4.12
Bengaluru,2020,4,17,7.0402,29.48,46.87,4.39
Bengaluru,2020,4,18,6.6456,29.78,45.41,4.85
Bengaluru,2020,4,19,7.0226,29.34,46.8,5.14
Bengaluru,2020,4,20,7.5646,28.78,45.44,4.84
Bengaluru,2020,4,21,7.5672,28.88,39.62,3.35
Bengaluru,2020,4,22,6.6914,29.84,46.22,3.3
Bengaluru,2020,4,23,6.5873,30.2,47.33,2.8
Bengaluru,2020,4,24,5.1761,28.8,55.44,2.37
Bengaluru,2020,4,25,5.5548,27.87,62.28,2.28
Bengaluru,2020,4,26,5.6143,28.37,56.88,4.01
Bengaluru,2020,4,27,5.5222,27.47,60.22,2.72
Bengaluru,2020,4,28,5.7866,26.61,71.49,2.93
Bengaluru,2020,4,29,3.0828,23.42,79.26,3.56
Bengaluru,2020,4,30,6.9223,27.24,60.38,2.97
Bengaluru,2020,5,1,6.5638,27.99,60.05,2.57
Bengaluru,2020,5,2,6.0583,28.72,57,2.34
Bengaluru,2020,5,3,6.4217,28.56,55.36,2.84
Bengaluru,2020,5,4,7.0392,29.79,49.48,3.07
Bengaluru,2020,5,5,6.9972,29.44,50.8,3.22
Bengaluru,2020,5,6,6.0559,28.44,55.64,3.07
Bengaluru,2020,5,7,5.755,28.37,59.4,1.97
Bengaluru,2020,5,8,6.0317,28.37,57.61,2.84
Bengaluru,2020,5,9,7.2509,29.52,49.17,4.02
Bengaluru,2020,5,10,6.8566,28.75,49.7,4.43
Bengaluru,2020,5,11,5.9592,28.58,49.49,4.32
Bengaluru,2020,5,12,6.3485,27.77,53.57,3.62
Bengaluru,2020,5,13,6.1896,29.06,39.19,3.02
Bengaluru,2020,5,14,6.5933,29.42,46.45,3.53
Bengaluru,2020,5,15,6.3679,30.03,39.97,3.54
Bengaluru,2020,5,16,5.1895,30.25,40.33,3.96
Bengaluru,2020,5,17,5.4322,28.65,54.06,3.06
Bengaluru,2020,5,18,5.0626,25.75,70.22,7.26
Bengaluru,2020,5,19,5.5555,27.45,61.87,7.48
Bengaluru,2020,5,20,6.1322,28.54,57.06,5.9
Bengaluru,2020,5,21,6.667,28.75,55.83,4.87
Bengaluru,2020,5,22,6.456,28.85,49.33,5.08
Bengaluru,2020,5,23,6.2522,30.62,42.06,2.43
Bengaluru,2020,5,24,6.7138,30.82,45.97,3.32
Bengaluru,2020,5,25,6.6365,28.98,61.46,2.11
Bengaluru,2020,5,26,6.6386,28.8,64.73,2.39
Bengaluru,2020,5,27,5.9909,27.39,73.56,2.63
Bengaluru,2020,5,28,6.6722,27.16,71.57,2.63
Bengaluru,2020,5,29,6.8846,24.53,80.29,3.46
Bengaluru,2020,5,30,5.6004,25.68,72.94,1.9
Bengaluru,2020,5,31,6.1913,26.36,70.31,3.32
Bengaluru,2020,6,1,5.7701,25.15,77.56,3.35
Bengaluru,2020,6,2,5.6009,25.15,72.43,4.22
Bengaluru,2020,6,3,5.4535,24.3,77.64,4.88
Bengaluru,2020,6,4,5.5493,24.02,78.72,4.83
Bengaluru,2020,6,5,6.0542,25.25,71.74,4.64
Bengaluru,2020,6,6,5.9801,24.44,75.63,4.44
Bengaluru,2020,6,7,5.5471,25.87,66.94,5.2
Bengaluru,2020,6,8,6.5184,25.05,65.29,5.84
Bengaluru,2020,6,9,6.091,25.28,60.98,5.5
Bengaluru,2020,6,10,5.3026,25.65,69.2,6.42
Bengaluru,2020,6,11,4.2274,23.66,79.47,6.47
Bengaluru,2020,6,12,4.4018,23.45,74.27,7.75
Bengaluru,2020,6,13,5.04,24.58,67.73,7.46
Bengaluru,2020,6,14,5.4034,24,70.56,8.04
Bengaluru,2020,6,15,5.6966,25.78,69.53,6.74
Bengaluru,2020,6,16,5.1852,25.49,71.59,6.63
Bengaluru,2020,6,17,4.1702,24.61,75.14,6
Bengaluru,2020,6,18,4.1693,24.59,71.15,6.16
Bengaluru,2020,6,19,5.6662,24.38,70.6,5.54
Bengaluru,2020,6,20,5.6314,24.55,68.52,5.54
Bengaluru,2020,6,21,5.694,25.11,69.26,5.4
Bengaluru,2020,6,22,5.8495,24.33,70.86,5.9
Bengaluru,2020,6,23,6.1884,24.07,66.03,5.18
Bengaluru,2020,6,24,6.3497,24.52,71.79,3.92
Bengaluru,2020,6,25,5.7286,23.82,81.57,1.95
Bengaluru,2020,6,26,5.3011,24.3,80.08,2.77
Bengaluru,2020,6,27,5.5315,23.79,84.36,3.41
Bengaluru,2020,6,28,4.8202,23.98,85.66,4
Bengaluru,2020,6,29,4.6474,23.74,86.5,3.33
Bengaluru,2020,6,30,5.6047,23.74,83.26,4.05
Bengaluru,2020,7,1,5.0206,23,81.09,5.02
Bengaluru,2020,7,2,3.8534,22.14,82.79,6.41
Bengaluru,2020,7,3,4.9865,22.49,84.76,5.96
Bengaluru,2020,7,4,4.513,23.18,79.35,7.29
Bengaluru,2020,7,5,4.0426,22.36,79.64,6.55
Bengaluru,2020,7,6,4.3253,23.37,79.56,5.95
Bengaluru,2020,7,7,5.3359,23.2,80.51,6.03
Bengaluru,2020,7,8,4.7712,22.58,87.31,3.42
Bengaluru,2020,7,9,5.7799,22.4,87.5,3.11
Bengaluru,2020,7,10,4.4544,22.89,82.82,3.51
Bengaluru,2020,7,11,5.8025,22.67,83.92,3.18
Bengaluru,2020,7,12,6.1562,23.64,83.22,3.68
Bengaluru,2020,7,13,5.2937,22.78,84.59,3.72
Bengaluru,2020,7,14,4.0553,22.95,85.22,4.37
Bengaluru,2020,7,15,3.5616,22.87,83.14,5.51
Bengaluru,2020,7,16,3.5496,22.76,83.55,5.37
Bengaluru,2020,7,17,3.5664,22.76,83.34,4.56
Bengaluru,2020,7,18,4.6315,23.48,82.59,2.93
Bengaluru,2020,7,19,5.1804,23.63,81.2,2.57
Bengaluru,2020,7,20,5.4648,23.17,87.36,2.95
Bengaluru,2020,7,21,6.78,23.83,81.11,2.53
Bengaluru,2020,7,22,5.839,23.77,82.51,3.02
Bengaluru,2020,7,23,5.4989,23.25,85.64,1.25
Bengaluru,2020,7,24,3.9386,23.35,83.97,2.76
Bengaluru,2020,7,25,5.4946,22.66,83.72,2.34
Bengaluru,2020,7,26,5.2961,22.35,83.94,4.02
Bengaluru,2020,7,27,5.9297,23.24,80.8,4.48
Bengaluru,2020,7,28,5.8102,23.29,84.96,3.7
Bengaluru,2020,7,29,3.366,22.27,88.98,3.49
Bengaluru,2020,7,30,5.2687,22.73,90.38,3.06
Bengaluru,2020,7,31,5.2519,23.08,85.49,3.17
Bengaluru,2020,8,1,4.5209,22.58,87.63,4.25
Bengaluru,2020,8,2,4.9162,22.03,89.32,5.54
Bengaluru,2020,8,3,3.6432,22.73,85,6.84
Bengaluru,2020,8,4,3.0629,22.3,83.42,8.47
Bengaluru,2020,8,5,3.7222,22.59,83.12,9.82
Bengaluru,2020,8,6,4.3046,23.96,81.94,7.89
Bengaluru,2020,8,7,4.0361,23.56,83.79,7.01
Bengaluru,2020,8,8,4.1198,22.51,84.63,6.41
Bengaluru,2020,8,9,3.4442,21.87,86.26,5.87
Bengaluru,2020,8,10,4.3457,22.33,86.08,4.59
Bengaluru,2020,8,11,4.1762,22.97,83.58,5.36
Bengaluru,2020,8,12,4.0426,22.65,84.96,5.47
Bengaluru,2020,8,13,4.9558,22.65,84.07,5.3
Bengaluru,2020,8,14,3.8268,22.6,83.16,5.82
Bengaluru,2020,8,15,3.791,22.95,81.8,6.05
Bengaluru,2020,8,16,2.4701,23.08,83.38,5.38
Bengaluru,2020,8,17,3.7464,23.19,83.77,5.02
Bengaluru,2020,8,18,4.2571,23.43,83.48,5.03
Bengaluru,2020,8,19,3.9821,23.23,83.9,4.97
Bengaluru,2020,8,20,3.8623,23.11,83.62,5.06
Bengaluru,2020,8,21,4.6135,23.48,83.13,4.56
Bengaluru,2020,8,22,5.4228,23.57,84.3,3.93
Bengaluru,2020,8,23,4.717,23.27,85.14,3.12
Bengaluru,2020,8,24,5.3743,23.91,81.95,2.52
Bengaluru,2020,8,25,6.7898,24.36,78.41,2.43
Bengaluru,2020,8,26,5.3866,23.34,83.14,2.5
Bengaluru,2020,8,27,5.6844,23.27,81.86,3.03
Bengaluru,2020,8,28,6.9991,23.72,77.83,3.36
Bengaluru,2020,8,29,6.9439,24.32,78.54,3.35
Bengaluru,2020,8,30,6.2784,23.94,82.97,2.61
Bengaluru,2020,8,31,5.6227,23.69,84.14,2.83
Bengaluru,2020,9,1,5.1396,22.44,89.98,4.31
Bengaluru,2020,9,2,3.3914,22.4,91.18,4.29
Bengaluru,2020,9,3,4.4666,22.88,87.99,2.88
Bengaluru,2020,9,4,5.3242,23.86,84.27,2.41
Bengaluru,2020,9,5,4.4822,24.15,83.49,2.56
Bengaluru,2020,9,6,4.9126,23.79,86.35,2.21
Bengaluru,2020,9,7,5.2342,23.32,87.11,3.41
Bengaluru,2020,9,8,5.603,23.73,82.57,2
Bengaluru,2020,9,9,4.9075,23.29,86.64,2.93
Bengaluru,2020,9,10,4.6118,22,89.57,2.47
Bengaluru,2020,9,11,4.0985,21.92,88.22,5.49
Bengaluru,2020,9,12,3.4114,21.25,88.17,5.26
Bengaluru,2020,9,13,2.9513,20.61,86.31,5.58
Bengaluru,2020,9,14,3.7538,21.65,82.84,6.25
Bengaluru,2020,9,15,4.1633,22.46,84.51,5.16
Bengaluru,2020,9,16,4.4275,22.9,85.4,4.86
Bengaluru,2020,9,17,5.0448,22.86,84.72,4.7
Bengaluru,2020,9,18,4.6742,22.39,86.2,5.75
Bengaluru,2020,9,19,3.6154,22.23,87.62,5.75
Bengaluru,2020,9,20,2.6986,20.89,87.42,7.74
Bengaluru,2020,9,21,4.0522,20.96,84.69,8.04
Bengaluru,2020,9,22,3.7769,20.78,81.51,7
Bengaluru,2020,9,23,5.3971,21.84,81.49,5.43
Bengaluru,2020,9,24,5.3213,22.16,82.21,4.38
Bengaluru,2020,9,25,5.4247,21.62,87.8,2.56
Bengaluru,2020,9,26,3.4838,20.56,90.92,4.37
Bengaluru,2020,9,27,4.8427,21.91,86.51,3.09
Bengaluru,2020,9,28,5.5474,23.13,84.05,2.83
Bengaluru,2020,9,29,4.783,22.87,88.84,3.5
Bengaluru,2020,9,30,4.5739,21.98,89.06,3.82
Bengaluru,2020,10,1,5.8486,21.7,83,4.37
Bengaluru,2020,10,2,5.3808,22.67,83.55,2.66
Bengaluru,2020,10,3,5.3964,22.32,87.43,4.28
Bengaluru,2020,10,4,4.3543,21.21,88.17,4.15
Bengaluru,2020,10,5,5.5855,22.19,83.11,3.94
Bengaluru,2020,10,6,6.1733,22.85,83.22,2.94
Bengaluru,2020,10,7,5.6129,23.07,85.24,3.02
Bengaluru,2020,10,8,5.574,22.61,83.94,2.06
Bengaluru,2020,10,9,4.6536,23.04,82.39,1.18
Bengaluru,2020,10,10,5.2008,22.27,92.1,2.94
Bengaluru,2020,10,11,3.2066,21.59,89.92,4.07
Bengaluru,2020,10,12,2.9688,21.72,89.01,5.17
Bengaluru,2020,10,13,2.669,21.1,92.11,5.38
Bengaluru,2020,10,14,3.895,21.4,86.4,6.56
Bengaluru,2020,10,15,4.9582,21.76,87.14,4.92
Bengaluru,2020,10,16,5.939,22.2,85.7,3.06
Bengaluru,2020,10,17,5.0064,21.89,80.82,1.89
Bengaluru,2020,10,18,4.0944,22.34,86.43,1.85
Bengaluru,2020,10,19,4.0258,22.12,90.27,2.22
Bengaluru,2020,10,20,2.7972,22.16,89.89,2.28
Bengaluru,2020,10,21,3.6094,22.28,89.87,2.4
Bengaluru,2020,10,22,4.3627,22.08,89.96,2.17
Bengaluru,2020,10,23,3.8369,22.14,90.8,2.02
Bengaluru,2020,10,24,3.9502,22.48,88.97,1.91
Bengaluru,2020,10,25,4.6457,22.88,82.45,1.27
Bengaluru,2020,10,26,5.7588,22.66,83.5,1.9
Bengaluru,2020,10,27,5.5627,21.55,84.09,2.75
Bengaluru,2020,10,28,5.7504,21.29,84.62,3
Bengaluru,2020,10,29,4.8434,20.89,86.68,3.03
Bengaluru,2020,10,30,5.569,21.39,82.93,2.68
Bengaluru,2020,10,31,5.4931,21.95,78.4,2.1
Bengaluru,2020,11,1,5.4089,22.27,79.5,1.73
Bengaluru,2020,11,2,4.7222,22.58,83.66,1.95
Bengaluru,2020,11,3,4.7863,22.59,84.78,2.62
Bengaluru,2020,11,4,4.3217,22.92,86.05,2.6
Bengaluru,2020,11,5,4.6877,22.52,85.14,3.05
Bengaluru,2020,11,6,5.4072,22.45,84.81,2.82
Bengaluru,2020,11,7,5.6978,22.78,86.83,3.09
Bengaluru,2020,11,8,4.2113,22.39,87.45,3.88
Bengaluru,2020,11,9,5.4926,21.04,84.98,3.25
Bengaluru,2020,11,10,6.2038,18.78,80.12,3.3
Bengaluru,2020,11,11,5.352,19.53,87.42,3.78
Bengaluru,2020,11,12,4.2662,21.62,90.33,3.82
Bengaluru,2020,11,13,2.6472,21.97,88.69,4.11
Bengaluru,2020,11,14,4.7666,21.82,87.42,4.36
Bengaluru,2020,11,15,2.9342,22.17,89.26,4.43
Bengaluru,2020,11,16,2.7199,21.84,90.03,4.27
Bengaluru,2020,11,17,3.5964,21.55,88.11,4.34
Bengaluru,2020,11,18,4.1693,21.71,87.6,3.52
Bengaluru,2020,11,19,4.8626,21.53,86.34,3.8
Bengaluru,2020,11,20,5.8433,20.59,83.11,3.44
Bengaluru,2020,11,21,6.2138,19,77.15,2.77
Bengaluru,2020,11,22,5.6837,18.12,75.36,2.83
Bengaluru,2020,11,23,4.757,18.26,81.3,2.95
Bengaluru,2020,11,24,4.0668,20.32,87.02,3.47
Bengaluru,2020,11,25,3.1382,21.03,88.48,5.05
Bengaluru,2020,11,26,0.9077,19.14,94.28,8.63
Bengaluru,2020,11,27,4.0039,19.59,89.7,5.48
Bengaluru,2020,11,28,3.5779,20.54,87.51,3.32
Bengaluru,2020,11,29,2.7113,20.98,87.76,3.72
Bengaluru,2020,11,30,4.1129,20.7,86.76,4.18
Bengaluru,2020,12,1,5.3174,19.59,82.3,3.72
Bengaluru,2020,12,2,4.3392,19.78,83.6,4.27
Bengaluru,2020,12,3,2.0633,19.92,91.82,5.14
Bengaluru,2020,12,4,1.962,20.71,91.11,5.02
Bengaluru,2020,12,5,2.5867,21.06,87.34,4.4
Bengaluru,2020,12,6,2.6088,21.54,88.1,4.92
Bengaluru,2020,12,7,2.897,21.78,88.47,4.85
Bengaluru,2020,12,8,3.1066,21.34,88.22,4.54
Bengaluru,2020,12,9,3.8134,21.25,87.39,3.88
Bengaluru,2020,12,10,5.6719,19.48,79.21,2.72
Bengaluru,2020,12,11,5.7552,18.85,78.66,2.6
Bengaluru,2020,12,12,5.4924,18.4,79.62,2.64
Bengaluru,2020,12,13,5.1953,18.5,79.33,2.36
Bengaluru,2020,12,14,5.3928,18.94,81.44,2.81
Bengaluru,2020,12,15,5.3371,18.89,81.72,3.55
Bengaluru,2020,12,16,3.3924,20.52,85.5,3.85
Bengaluru,2020,12,17,2.5212,20.94,86.22,4.15
Bengaluru,2020,12,18,5.478,19.42,86.32,3.77
Bengaluru,2020,12,19,4.4191,19.85,85.2,4.23
Bengaluru,2020,12,20,4.0308,19.09,82.98,4.29
Bengaluru,2020,12,21,5.7746,17.2,81.97,3.65
Bengaluru,2020,12,22,5.2901,18.04,79.68,2.99
Bengaluru,2020,12,23,4.3637,19.19,79.83,2.72
Bengaluru,2020,12,24,4.7278,20.14,81.48,2.62
Bengaluru,2020,12,25,5.0695,20.11,82.8,3.1
Bengaluru,2020,12,26,5.6431,18.68,80.49,3.25
Bengaluru,2020,12,27,5.815,18.28,79.97,2.97
Bengaluru,2020,12,28,5.0088,18.67,74.68,2.19
Bengaluru,2020,12,29,5.0254,19.89,78.82,3.33
Bengaluru,2020,12,30,4.7885,21.09,84.03,4.04
Bengaluru,2020,12,31,2.5745,21.08,84.78,4.93
Bengaluru,2021,1,1,4.9915,18.87,81.29,4.29
Bengaluru,2021,1,2,4.0044,19.86,84.14,3.93
Bengaluru,2021,1,3,3.0974,20.95,82.54,4.2
Bengaluru,2021,1,4,2.0726,21.01,80.6,4.69
Bengaluru,2021,1,5,3.9046,20.98,86.53,3.74
Bengaluru,2021,1,6,2.7034,21.7,86.4,3.33
Bengaluru,2021,1,7,2.8642,21.16,87.96,3.29
Bengaluru,2021,1,8,3.1774,22.02,85.13,3.4
Bengaluru,2021,1,9,2.2937,22.21,83.32,3.86
Bengaluru,2021,1,10,3.8933,21.39,82.98,3.79
Bengaluru,2021,1,11,2.826,20.86,82.66,3.65
Bengaluru,2021,1,12,2.5402,20.05,82.01,4.62
Bengaluru,2021,1,13,4.6414,20.66,77.67,4.7
Bengaluru,2021,1,14,3.5726,20.41,79.63,4.08
Bengaluru,2021,1,15,4.506,21.23,76.72,3.85
Bengaluru,2021,1,16,4.7546,21.45,72.58,3.49
Bengaluru,2021,1,17,5.1989,21.12,74.65,3.43
Bengaluru,2021,1,18,6.0936,20.16,73.55,3.83
Bengaluru,2021,1,19,5.8133,20.17,74.28,3.33
Bengaluru,2021,1,20,5.6604,20.87,71.24,2.13
Bengaluru,2021,1,21,5.7002,22.27,71.25,1.53
Bengaluru,2021,1,22,4.9126,22.55,72.91,2.76
Bengaluru,2021,1,23,5.3772,21.83,71.33,2.76
Bengaluru,2021,1,24,5.8553,21.05,69.06,2.67
Bengaluru,2021,1,25,6.2026,19.72,66.74,3.22
Bengaluru,2021,1,26,6.425,19.64,61.53,3.26
Bengaluru,2021,1,27,6.2021,19.19,65.51,3.51
Bengaluru,2021,1,28,6.0614,20.04,68.92,4.09
Bengaluru,2021,1,29,5.6035,21.06,69.02,3.65
Bengaluru,2021,1,30,5.4228,21.74,67.06,2.89
Bengaluru,2021,1,31,6.0684,21.63,62.62,4.02
Bengaluru,2021,2,1,6.3682,20.36,60.89,4.33
Bengaluru,2021,2,2,6.2227,20.87,66.47,4.33
Bengaluru,2021,2,3,5.4521,21.49,68.2,3.99
Bengaluru,2021,2,4,6.1925,21.07,63.85,3.38
Bengaluru,2021,2,5,6.2719,20.61,63.04,2.98
Bengaluru,2021,2,6,6.4274,20.6,60.9,3.72
Bengaluru,2021,2,7,6.7142,20.16,50.85,4.47
Bengaluru,2021,2,8,6.7346,19.81,58.62,4.36
Bengaluru,2021,2,9,6.5561,19.69,61.61,4.26
Bengaluru,2021,2,10,6.888,19.5,55.57,3.38
Bengaluru,2021,2,11,6.7908,20.07,58.48,3.47
Bengaluru,2021,2,12,6.9007,20.3,57.87,3.49
Bengaluru,2021,2,13,6.8033,20.54,57.24,3.2
Bengaluru,2021,2,14,6.7879,20.8,55.54,2.39
Bengaluru,2021,2,15,6.5141,21.85,55.69,2.19
Bengaluru,2021,2,16,5.8013,22.52,57.46,2.8
Bengaluru,2021,2,17,5.363,22.71,56.9,3.75
Bengaluru,2021,2,18,4.9469,22.23,60.86,4.71
Bengaluru,2021,2,19,4.6246,22.06,62.7,3.84
Bengaluru,2021,2,20,4.3603,21.47,73.36,4.39
Bengaluru,2021,2,21,3.9626,20.95,74.29,5.11
Bengaluru,2021,2,22,5.8202,22.36,63.27,3.13
Bengaluru,2021,2,23,6.7205,23.46,61.13,3.39
Bengaluru,2021,2,24,6.8302,23.55,57.56,2.76
Bengaluru,2021,2,25,6.869,23.98,54.32,2.8
Bengaluru,2021,2,26,6.8443,23.89,50.27,2.75
Bengaluru,2021,2,27,6.6626,24.5,49.84,3.07
Bengaluru,2021,2,28,6.8414,24.14,48.03,4.15
Bengaluru,2021,3,1,7.104,23.39,50.3,3.36
Bengaluru,2021,3,2,6.6662,23.94,51.82,4.13
Bengaluru,2021,3,3,7.0452,23.73,45.48,4.63
Bengaluru,2021,3,4,7.4069,22.64,48.88,4.85
Bengaluru,2021,3,5,7.4606,23.17,47.2,3.23
Bengaluru,2021,3,6,7.3567,24.47,46.94,3.05
Bengaluru,2021,3,7,7.2336,24.6,49.87,3.32
Bengaluru,2021,3,8,7.4503,24.44,49.27,4.09
Bengaluru,2021,3,9,7.4508,24.54,48.44,4.52
Bengaluru,2021,3,10,7.206,25.74,53.42,3.01
Bengaluru,2021,3,11,6.965,26.65,51.34,3.94
Bengaluru,2021,3,12,7.1318,25.5,45.2,3.97
Bengaluru,2021,3,13,7.5545,24.75,45.44,3.8
Bengaluru,2021,3,14,7.5072,25.4,47.05,4.02
Bengaluru,2021,3,15,7.0687,25.79,43.48,3.02
Bengaluru,2021,3,16,7.2629,26.34,41.85,3.5
Bengaluru,2021,3,17,6.7318,26.25,38.61,4.05
Bengaluru,2021,3,18,6.4022,25.43,46.56,4.29
Bengaluru,2021,3,19,7.2113,25.29,41.81,4.34
Bengaluru,2021,3,20,6.7099,25.85,36.75,4.33
Bengaluru,2021,3,21,7.1621,26.3,37.38,3.97
Bengaluru,2021,3,22,7.2072,27.02,38.25,4
Bengaluru,2021,3,23,7.2185,27.4,42.89,4.05
Bengaluru,2021,3,24,6.9242,27.75,43.64,4.22
Bengaluru,2021,3,25,6.0886,27.68,40,3.8
Bengaluru,2021,3,26,6.9454,28.31,39.19,4.51
Bengaluru,2021,3,27,6.534,26.96,47.38,4.2
Bengaluru,2021,3,28,5.0798,26.84,46.37,3.31
Bengaluru,2021,3,29,5.4106,28.28,41.15,3.72
Bengaluru,2021,3,30,6.2359,29.12,37.04,3.98
Bengaluru,2021,3,31,6.6084,30.7,29.83,3.52
Bengaluru,2021,4,1,7.3726,29.02,30.24,4.39
Bengaluru,2021,4,2,7.6781,28.95,30.31,3.7
Bengaluru,2021,4,3,6.961,30.67,31.43,2.49
Bengaluru,2021,4,4,6.3509,30.1,32.16,3.58
Bengaluru,2021,4,5,6.3437,30.06,38.93,3.9
Bengaluru,2021,4,6,6.415,28.84,44.42,4.51
Bengaluru,2021,4,7,7.0306,29.07,38.33,3.91
Bengaluru,2021,4,8,6.0689,28.62,31.95,4.44
Bengaluru,2021,4,9,6.5467,28.41,37.74,4.41
Bengaluru,2021,4,10,6.7781,28.21,44.51,5.15
Bengaluru,2021,4,11,6.2314,28.45,47.89,4.22
Bengaluru,2021,4,12,5.7744,28.5,50.64,4.2
Bengaluru,2021,4,13,5.7048,27.98,51.56,3.71
Bengaluru,2021,4,14,4.9174,26.99,57.58,2.18
Bengaluru,2021,4,15,5.6194,24.89,73.13,2.01
Bengaluru,2021,4,16,6.3461,26.11,63.5,3.05
Bengaluru,2021,4,17,6.155,26.98,59.81,2.58
Bengaluru,2021,4,18,6.3823,27.32,56.76,2.93
Bengaluru,2021,4,19,6.2316,27.3,60.5,2.01
Bengaluru,2021,4,20,5.291,26.79,61.44,2.04
Bengaluru,2021,4,21,6.0094,26.57,66.22,1.77
Bengaluru,2021,4,22,6.0653,27.07,61.35,1.46
Bengaluru,2021,4,23,5.5466,25.97,66.39,1.53
Bengaluru,2021,4,24,5.837,26.57,65.13,1.55
Bengaluru,2021,4,25,5.9386,27.16,59.96,3.35
Bengaluru,2021,4,26,6.4481,25.62,65.95,2.84
Bengaluru,2021,4,27,6.0593,26.66,61.03,2.54
Bengaluru,2021,4,28,6.5498,27.07,58.54,2.76
Bengaluru,2021,4,29,6.3072,27.76,55.64,2.69
Bengaluru,2021,4,30,5.7686,26.77,61.4,2.85
Bengaluru,2021,5,1,6.3624,26.69,64.91,3.49
Bengaluru,2021,5,2,5.8303,26.86,62.4,2.57
Bengaluru,2021,5,3,5.5788,27.28,60.82,2.94
Bengaluru,2021,5,4,5.2742,27.55,61.03,3.02
Bengaluru,2021,5,5,6.5052,28.23,58.02,3.11
Bengaluru,2021,5,6,6.126,28.07,57.91,3.84
Bengaluru,2021,5,7,5.735,27.79,59.65,4.02
Bengaluru,2021,5,8,5.7732,27.96,57.84,3.78
Bengaluru,2021,5,9,6.768,28.64,56.78,2.94
Bengaluru,2021,5,10,5.0777,28.4,59.52,2.63
Bengaluru,2021,5,11,5.9186,27.27,66.44,2.06
Bengaluru,2021,5,12,4.9356,27.02,70.17,1.81
Bengaluru,2021,5,13,5.8541,26,75.75,1.82
Bengaluru,2021,5,14,6.4253,27.2,65,4.82
Bengaluru,2021,5,15,3.0389,24.81,75.47,6.3
Bengaluru,2021,5,16,4.0442,25.6,74.03,5.9
Bengaluru,2021,5,17,6.4078,26.98,67.47,3.59
Bengaluru,2021,5,18,6.9132,26.55,68.18,3.6
Bengaluru,2021,5,19,6.6475,25.33,80.84,3.75
Bengaluru,2021,5,20,4.981,24.37,79.53,3.51
Bengaluru,2021,5,21,5.1454,23.76,80.22,3.76
Bengaluru,2021,5,22,5.8598,24.23,78.4,4.19
Bengaluru,2021,5,23,6.2494,24.76,76.87,4.63
Bengaluru,2021,5,24,6.6427,23.97,75.43,4.6
Bengaluru,2021,5,25,5.419,23.04,85.96,4.62
Bengaluru,2021,5,26,5.8411,24.1,76.2,6.66
Bengaluru,2021,5,27,6.7754,24.33,74.16,5.22
Bengaluru,2021,5,28,7.2319,25.25,70.03,5.35
Bengaluru,2021,5,29,7.2041,25.36,70.37,4.41
Bengaluru,2021,5,30,7.1364,25.2,72.95,4.55
Bengaluru,2021,5,31,7.2026,25.59,73.43,4.4
Bengaluru,2021,6,1,6.6458,25.85,74.98,3.31
Bengaluru,2021,6,2,6.5155,25.23,77.55,2.56
Bengaluru,2021,6,3,5.365,24.72,79.01,0.92
Bengaluru,2021,6,4,4.6975,23.61,86.32,3.32
Bengaluru,2021,6,5,4.7431,22.23,84.36,2.76
Bengaluru,2021,6,6,5.9938,24.09,72.91,2.9
Bengaluru,2021,6,7,7.1978,23.23,78.89,3.72
Bengaluru,2021,6,8,7.0994,24.83,72.28,4.42
Bengaluru,2021,6,9,6.1188,24.15,77.55,5.27
Bengaluru,2021,6,10,5.723,24.29,74.73,5.7
Bengaluru,2021,6,11,5.3808,23.32,77.79,5.77
Bengaluru,2021,6,12,4.8626,22.52,75.53,7.5
Bengaluru,2021,6,13,4.6423,22.95,72.7,7.52
Bengaluru,2021,6,14,3.9641,22.68,77.64,8.66
Bengaluru,2021,6,15,4.284,22.59,79.81,7.15
Bengaluru,2021,6,16,4.4213,23.88,75.01,7.31
Bengaluru,2021,6,17,5.3688,23.84,78.15,6.92
Bengaluru,2021,6,18,4.6267,23.1,78.68,6.7
Bengaluru,2021,6,19,5.2733,23.52,79.59,6.26
Bengaluru,2021,6,20,5.8351,23.76,76.14,5.14
Bengaluru,2021,6,21,5.929,24.33,74.53,4.7
Bengaluru,2021,6,22,5.2855,24.13,75.69,4.02
Bengaluru,2021,6,23,5.6885,24.49,75.38,4.01
Bengaluru,2021,6,24,5.8682,24.26,74.27,4.93
Bengaluru,2021,6,25,6.6238,23.58,74.05,5.17
Bengaluru,2021,6,26,4.2926,23.69,74.48,5.49
Bengaluru,2021,6,27,3.8467,21.82,74.63,5.12
Bengaluru,2021,6,28,5.3671,24.15,68.14,2.68
Bengaluru,2021,6,29,6.3917,25.75,70.26,2.68
Bengaluru,2021,6,30,6.5964,25.61,76.84,2.73
Bengaluru,2021,7,1,3.3391,23.77,87.65,2.87
Bengaluru,2021,7,2,5.6177,23.53,84.52,3.67
Bengaluru,2021,7,3,5.1084,23.68,80.84,2.79
Bengaluru,2021,7,4,5.5973,23.3,83.4,2.72
Bengaluru,2021,7,5,6.3557,24.04,79.99,2.37
Bengaluru,2021,7,6,5.7619,23.77,84.16,2.51
Bengaluru,2021,7,7,4.9903,23.06,86.64,3.03
Bengaluru,2021,7,8,6.0353,23.18,85.38,3.61
Bengaluru,2021,7,9,5.1504,23.25,84.45,4.7
Bengaluru,2021,7,10,4.3805,21.77,82.02,5.73
Bengaluru,2021,7,11,4.1513,21.44,82.45,6.2
Bengaluru,2021,7,12,4.488,21.76,81.82,6.56
Bengaluru,2021,7,13,3.5772,23.28,81.39,6.81
Bengaluru,2021,7,14,2.9892,22.86,84.45,6.85
Bengaluru,2021,7,15,2.6532,22.54,83.56,6.38
Bengaluru,2021,7,16,4.842,23.49,82.08,5.01
Bengaluru,2021,7,17,4.661,22.87,86.8,4.73
Bengaluru,2021,7,18,3.1682,22.52,88.74,6.31
Bengaluru,2021,7,19,4.3361,23.4,81.26,6.33
Bengaluru,2021,7,20,5.279,23.27,80.76,7.42
Bengaluru,2021,7,21,2.9873,23.1,80.93,7.14
Bengaluru,2021,7,22,2.6215,22.42,83.54,8.87
Bengaluru,2021,7,23,2.5178,23.44,79.71,7.6
Bengaluru,2021,7,24,4.7614,23.8,80.99,6.21
Bengaluru,2021,7,25,5.0815,22.95,84.99,6.22
Bengaluru,2021,7,26,4.9579,22.92,83.06,5.94
Bengaluru,2021,7,27,5.371,23.17,80.97,5.95
Bengaluru,2021,7,28,5.6258,23.61,78.15,6.41
Bengaluru,2021,7,29,5.3669,23.23,79.96,6.2
Bengaluru,2021,7,30,5.3597,22.82,82.26,5.86
Bengaluru,2021,7,31,4.8667,23.24,80.53,5.86
Bengaluru,2021,8,1,4.6745,23.3,79.24,5.97
Bengaluru,2021,8,2,5.1634,23.14,76.92,6.27
Bengaluru,2021,8,3,4.4971,23.27,79.09,5.7
Bengaluru,2021,8,4,3.9372,23.44,79.82,6.26
Bengaluru,2021,8,5,4.1294,23.58,79.41,6.28
Bengaluru,2021,8,6,4.7016,23.92,79.98,5.95
Bengaluru,2021,8,7,5.484,24.01,81.77,5.01
Bengaluru,2021,8,8,6.0499,24.11,80.69,3.15
Bengaluru,2021,8,9,5.8111,24.12,81.35,3.28
Bengaluru,2021,8,10,4.127,22.65,86.33,4.55
Bengaluru,2021,8,11,4.8962,23.5,82.8,3.58
Bengaluru,2021,8,12,3.563,22.74,85.15,4.66
Bengaluru,2021,8,13,4.6555,23.14,82.43,4.82
Bengaluru,2021,8,14,5.2872,22.52,83.69,4.77
Bengaluru,2021,8,15,4.6128,22.19,81.94,5.23
Bengaluru,2021,8,16,4.3922,22.87,79.91,4.55
Bengaluru,2021,8,17,4.4309,23.51,78.24,4.16
Bengaluru,2021,8,18,4.824,22.99,77.37,4.57
Bengaluru,2021,8,19,4.9817,22.29,77.31,5.54
Bengaluru,2021,8,20,5.813,22.36,79.88,3.67
Bengaluru,2021,8,21,4.4621,22.4,81.17,2.38
Bengaluru,2021,8,22,5.7125,23.2,79.65,1.85
Bengaluru,2021,8,23,5.0496,23.02,85.11,1.7
Bengaluru,2021,8,24,6.0187,23.54,80.21,2.66
Bengaluru,2021,8,25,5.7538,23.62,80.26,3.56
Bengaluru,2021,8,26,6.21,24,82.53,2.03
Bengaluru,2021,8,27,4.9428,23.41,86,3.39
Bengaluru,2021,8,28,4.2442,22.79,83.01,4.61
Bengaluru,2021,8,29,3.5102,22.48,77.98,5.46
Bengaluru,2021,8,30,4.469,22,80.41,5.28
Bengaluru,2021,8,31,5.497,23.3,77.63,4.05
Bengaluru,2021,9,1,5.2596,23.25,80,2.66
Bengaluru,2021,9,2,4.0392,22.49,87.06,2.5
Bengaluru,2021,9,3,4.003,22.6,80.97,3.89
Bengaluru,2021,9,4,3.6026,22.14,86.15,4.38
Bengaluru,2021,9,5,4.351,22.58,83.12,5.46
Bengaluru,2021,9,6,4.812,21.93,80.18,6.55
Bengaluru,2021,9,7,4.2259,22.02,81.85,5.92
Bengaluru,2021,9,8,4.7215,22.68,83.53,5.43
Bengaluru,2021,9,9,5.4166,23,81.33,4.7
Bengaluru,2021,9,10,5.1502,22.98,82.59,4.72
Bengaluru,2021,9,11,4.969,22.93,83.35,5.2
Bengaluru,2021,9,12,4.7962,23.13,82.17,6.2
Bengaluru,2021,9,13,4.3231,23.1,83.4,6.63
Bengaluru,2021,9,14,4.9406,23.62,82,4.89
Bengaluru,2021,9,15,5.3777,23.5,82.63,3.88
Bengaluru,2021,9,16,5.7838,23.54,82.44,3.8
Bengaluru,2021,9,17,6.6881,23.87,79.02,3.23
Bengaluru,2021,9,18,5.9998,24.22,76.14,2.55
Bengaluru,2021,9,19,6.0173,23.56,82.01,2.08
Bengaluru,2021,9,20,4.8094,23.36,85.24,2.25
Bengaluru,2021,9,21,5.9503,23.07,83.55,3.66
Bengaluru,2021,9,22,4.9217,23.12,83,3.62
Bengaluru,2021,9,23,4.9896,23.03,83.65,2.96
Bengaluru,2021,9,24,5.4504,23.78,82.11,2.71
Bengaluru,2021,9,25,4.6298,23.18,85.86,2.89
Bengaluru,2021,9,26,4.9788,21.95,86.96,4.02
Bengaluru,2021,9,27,4.643,22.83,82.78,5.47
Bengaluru,2021,9,28,4.4962,21.58,84.45,5.14
Bengaluru,2021,9,29,5.2126,22.27,81.71,4.17
Bengaluru,2021,9,30,5.586,23.26,78.63,1.99
Bengaluru,2021,10,1,4.2794,23.7,82.97,2.36
Bengaluru,2021,10,2,4.6603,23.33,85.5,2.92
Bengaluru,2021,10,3,4.7945,23.14,83.19,3.2
Bengaluru,2021,10,4,5.4202,22.97,85.5,2.46
Bengaluru,2021,10,5,3.6346,23.05,87.12,2.2
Bengaluru,2021,10,6,3.4462,22.78,87.53,2.39
Bengaluru,2021,10,7,5.6971,24.06,81.66,2.11
Bengaluru,2021,10,8,4.5924,23.33,88.97,2.82
Bengaluru,2021,10,9,3.2652,22.96,88.74,3.74
Bengaluru,2021,10,10,5.4329,22.77,87.04,3.27
Bengaluru,2021,10,11,4.7558,23.23,84.75,2.15
Bengaluru,2021,10,12,4.9682,22.59,87.1,2.29
Bengaluru,2021,10,13,4.7009,22.56,87.22,3.5
Bengaluru,2021,10,14,5.293,23.36,82.94,2.23
Bengaluru,2021,10,15,4.0649,23.4,86.61,1.27
Bengaluru,2021,10,16,4.4722,23.58,87.46,2.46
Bengaluru,2021,10,17,4.0879,22.22,90.53,2.62
Bengaluru,2021,10,18,3.5426,23.13,87.69,3.36
Bengaluru,2021,10,19,5.2997,22.87,84.43,1.89
Bengaluru,2021,10,20,3.7586,23.16,86.4,2.01
Bengaluru,2021,10,21,4.9613,22.99,89.36,1.7
Bengaluru,2021,10,22,5.4372,23.17,86.9,2.18
Bengaluru,2021,10,23,5.1478,22.89,86.19,2.24
Bengaluru,2021,10,24,5.5769,22.46,85,1.6
Bengaluru,2021,10,25,3.8482,22.13,86.76,2.64
Bengaluru,2021,10,26,3.9588,22.41,85.3,2.14
Bengaluru,2021,10,27,3.8105,21.92,84.5,2.84
Bengaluru,2021,10,28,4.1246,21.65,82.91,2.98
Bengaluru,2021,10,29,3.6852,21.39,87.46,3.2
Bengaluru,2021,10,30,4.0531,22.05,87.82,3.77
Bengaluru,2021,10,31,3.9818,22.04,88.62,3.26
Bengaluru,2021,11,1,3.6523,21.71,89.69,3.36
Bengaluru,2021,11,2,3.4872,21.42,88.4,4.69
Bengaluru,2021,11,3,3.5174,21.73,87.75,3.59
Bengaluru,2021,11,4,4.0723,22.05,88.06,2.75
Bengaluru,2021,11,5,3.919,22.22,85.96,1.45
Bengaluru,2021,11,6,4.4467,21.69,88.94,2.38
Bengaluru,2021,11,7,3.3211,21.56,90.23,3.51
Bengaluru,2021,11,8,2.0652,20.57,93.34,3.04
Bengaluru,2021,11,9,3.9665,20.54,89.66,2.52
Bengaluru,2021,11,10,2.6122,19.8,86.38,3.08
Bengaluru,2021,11,11,2.0419,18.65,90.86,5.9
Bengaluru,2021,11,12,1.8554,19.87,92.88,5.6
Bengaluru,2021,11,13,2.31,22.57,84.72,1.24
Bengaluru,2021,11,14,3.4291,22.32,90.28,1.88
Bengaluru,2021,11,15,3.8275,22.98,88.16,1.93
Bengaluru,2021,11,16,3.521,22.48,89.35,3.31
Bengaluru,2021,11,17,4.0231,22.08,89.94,2.67
Bengaluru,2021,11,18,0.96,19.7,92.65,5.03
Bengaluru,2021,11,19,2.3006,21.89,93.42,5.46
Bengaluru,2021,11,20,3.1109,22.08,91.97,3.81
Bengaluru,2021,11,21,4.2996,21.76,82.52,2.77
Bengaluru,2021,11,22,3.7742,21.55,87.6,2.37
Bengaluru,2021,11,23,5.0179,22.13,88.97,2.65
Bengaluru,2021,11,24,4.6042,21.98,86.12,2.84
Bengaluru,2021,11,25,4.1134,21.12,88.19,3.78
Bengaluru,2021,11,26,3.2292,21.29,87.03,4.19
Bengaluru,2021,11,27,2.2764,20.8,89.97,4.6
Bengaluru,2021,11,28,2.6657,20.03,91.44,4.53
Bengaluru,2021,11,29,2.2615,20.25,90.37,4.56
Bengaluru,2021,11,30,3.8858,21.02,88.26,3.98
Bengaluru,2021,12,1,3.4258,21.71,87.75,4.57
Bengaluru,2021,12,2,3.294,21.8,85.94,3.13
Bengaluru,2021,12,3,3.7639,21.18,84.92,1.92
Bengaluru,2021,12,4,3.9031,21.72,80.07,1.02
Bengaluru,2021,12,5,4.1981,22.22,82.17,1.83
Bengaluru,2021,12,6,3.3298,21.46,86.94,2.01
Bengaluru,2021,12,7,3.7644,21.62,85.32,3.19
Bengaluru,2021,12,8,5.1072,20.68,82.77,3.12
Bengaluru,2021,12,9,3.1114,21.88,85.37,2.52
Bengaluru,2021,12,10,5.5123,20.57,85.14,3.9
Bengaluru,2021,12,11,3.6218,20.82,87.6,4.22
Bengaluru,2021,12,12,3.5129,20.66,87.26,4.57
Bengaluru,2021,12,13,3.2383,20.9,87.83,4.19
Bengaluru,2021,12,14,3.4613,20.11,87.69,4.34
Bengaluru,2021,12,15,3.2666,20.14,85.28,3.94
Bengaluru,2021,12,16,4.663,19.96,84.29,3.72
Bengaluru,2021,12,17,5.1302,19.69,82.23,2.99
Bengaluru,2021,12,18,4.9493,18.22,80.39,3.44
Bengaluru,2021,12,19,5.3734,17.08,79.4,3.45
Bengaluru,2021,12,20,5.5649,17.15,81.45,3.11
Bengaluru,2021,12,21,5.2625,18.15,74,1.7
Bengaluru,2021,12,22,4.8286,17.69,78.01,2.36
Bengaluru,2021,12,23,5.0614,17.96,76.31,2.23
Bengaluru,2021,12,24,5.3522,17.61,73.09,2.42
Bengaluru,2021,12,25,5.477,18.31,77.05,2.49
Bengaluru,2021,12,26,5.3986,18.7,80.71,2.73
Bengaluru,2021,12,27,5.6186,18.48,81.15,3.09
Bengaluru,2021,12,28,5.4958,18.48,82.94,3.33
Bengaluru,2021,12,29,5.2567,18.96,82.45,3.35
Bengaluru,2021,12,30,4.4986,19.49,83.39,3.94
Bengaluru,2021,12,31,2.7641,20.63,86.54,5.22
Bengaluru,2022,1,1,3.5268,20.72,85.66,4.83
Bengaluru,2022,1,2,5.2426,20.2,83.39,4.33
Bengaluru,2022,1,3,5.2183,19.63,78.96,3.2
Bengaluru,2022,1,4,5.2294,19.48,81.36,3.14
Bengaluru,2022,1,5,5.3335,19.59,77.66,1.75
Bengaluru,2022,1,6,5.3654,19.83,80.79,2.87
Bengaluru,2022,1,7,4.7546,20.39,81.7,3.29
Bengaluru,2022,1,8,4.2442,20.76,81.81,2.88
Bengaluru,2022,1,9,4.8134,20.89,80.97,3
Bengaluru,2022,1,10,4.9646,20.22,77.92,3.18
Bengaluru,2022,1,11,5.4473,20.61,77.77,3.06
Bengaluru,2022,1,12,4.7006,21.12,80.29,2.98
Bengaluru,2022,1,13,5.2094,21.43,79.51,2.89
Bengaluru,2022,1,14,5.0172,21.59,78.49,2.35
Bengaluru,2022,1,15,5.3712,22.13,73.33,1.41
Bengaluru,2022,1,16,4.674,21.72,78.88,3.53
Bengaluru,2022,1,17,4.9822,21.22,78.42,3.94
Bengaluru,2022,1,18,5.0851,20.6,75.65,3.18
Bengaluru,2022,1,19,5.687,20.16,72.14,2.77
Bengaluru,2022,1,20,5.9009,20.17,63.92,2.22
Bengaluru,2022,1,21,5.9647,21.21,63.12,2.06
Bengaluru,2022,1,22,6.143,20.62,65.11,2.64
Bengaluru,2022,1,23,6.1901,20.01,69.45,2.65
Bengaluru,2022,1,24,6.3115,20.13,62.8,2.18
Bengaluru,2022,1,25,5.5433,20.92,71.47,1.54
Bengaluru,2022,1,26,4.7976,21.42,81.19,2.83
Bengaluru,2022,1,27,4.5398,21.49,75.83,3.91
Bengaluru,2022,1,28,3.7793,20.75,73.84,4.69
Bengaluru,2022,1,29,4.4222,21.24,74.44,4.12
Bengaluru,2022,1,30,5.0426,22.71,71.88,1.35
Bengaluru,2022,1,31,5.6866,23.6,69.69,1.81
Bengaluru,2022,2,1,5.3765,23.02,70.03,2.51
Bengaluru,2022,2,2,5.7886,22.24,65.8,2.47
Bengaluru,2022,2,3,4.8977,21.57,69.01,2.72
Bengaluru,2022,2,4,6.3701,22.14,63.54,2.8
Bengaluru,2022,2,5,6.1272,22.14,66.78,2.84
Bengaluru,2022,2,6,4.8401,22.92,71.58,3.79
Bengaluru,2022,2,7,5.3405,22.54,69.43,2.39
Bengaluru,2022,2,8,5.471,22.43,66.73,2.39
Bengaluru,2022,2,9,6.0715,21.81,66.42,3.72
Bengaluru,2022,2,10,6.2914,21.45,57.94,3.49
Bengaluru,2022,2,11,6.4018,21.69,56.93,5.02
Bengaluru,2022,2,12,6.2873,22.06,63.41,4.31
Bengaluru,2022,2,13,6.0274,21.41,61.85,3.78
Bengaluru,2022,2,14,5.3316,21.72,63.43,2.95
Bengaluru,2022,2,15,5.0004,22.15,66.03,3.02
Bengaluru,2022,2,16,5.3117,22.76,62.5,2.14
Bengaluru,2022,2,17,5.9364,22.68,62.15,2.65
Bengaluru,2022,2,18,6.3096,22.71,61.18,4.11
Bengaluru,2022,2,19,6.5026,22.97,58.34,4.28
Bengaluru,2022,2,20,6.6029,23.8,55.62,1.95
Bengaluru,2022,2,21,6.4308,24.62,60.03,2.09
Bengaluru,2022,2,22,5.5358,24.97,56.08,3.63
Bengaluru,2022,2,23,6.6211,23.45,58.48,4.74
Bengaluru,2022,2,24,7.0562,22.54,54.16,3.51
Bengaluru,2022,2,25,6.8947,22.44,49.27,4.04
Bengaluru,2022,2,26,7.3152,21.63,54.72,3.9
Bengaluru,2022,2,27,7.1381,23.31,58.58,3.45
Bengaluru,2022,2,28,7.3008,22.87,53.38,3.17
Bengaluru,2022,3,1,7.14,23.43,49.46,4.09
Bengaluru,2022,3,2,6.4236,22.92,38.76,4.57
Bengaluru,2022,3,3,6.8455,22.8,40.86,5.12
Bengaluru,2022,3,4,7.0046,23.39,36.74,5.05
Bengaluru,2022,3,5,7.0596,23.82,45.38,5.07
Bengaluru,2022,3,6,6.4162,23.9,52.91,5.55
Bengaluru,2022,3,7,4.1146,23.23,54.4,5.28
Bengaluru,2022,3,8,6.7735,24.97,49.96,4.2
Bengaluru,2022,3,9,6.6766,25.82,45.63,3.6
Bengaluru,2022,3,10,7.0646,25.83,40.23,4.72
Bengaluru,2022,3,11,6.9007,25.63,32.85,5.22
Bengaluru,2022,3,12,7.2238,25.81,30.83,5.05
Bengaluru,2022,3,13,6.8018,25.37,34.05,4.79
Bengaluru,2022,3,14,6.575,26.4,37.56,3.65
Bengaluru,2022,3,15,5.9398,26.72,35.25,3
Bengaluru,2022,3,16,6.1219,26.47,36.02,3.58
Bengaluru,2022,3,17,5.9064,27.12,30.23,3.85
Bengaluru,2022,3,18,6.168,27.81,33.16,2.83
Bengaluru,2022,3,19,5.8178,28.46,35.43,2.58
Bengaluru,2022,3,20,4.8415,26.19,57.19,2.45
Bengaluru,2022,3,21,5.9177,26.76,58.02,1.84
Bengaluru,2022,3,22,4.8502,26.26,62.97,2.28
Bengaluru,2022,3,23,4.9973,27.65,54.59,2.68
Bengaluru,2022,3,24,4.8478,27.35,56.16,1.79
Bengaluru,2022,3,25,4.6968,27.88,49.84,2.86
Bengaluru,2022,3,26,5.6491,28.27,49.76,3.32
Bengaluru,2022,3,27,6.0137,28.81,48.62,4.58
Bengaluru,2022,3,28,6.2642,28.85,47.73,3.95
Bengaluru,2022,3,29,6.1651,29.64,43.4,3.36
Bengaluru,2022,3,30,5.8032,30,40.22,3.16
Bengaluru,2022,3,31,6.1174,30.16,38.39,3.35
Bengaluru,2022,4,1,5.2836,29.91,38.47,4.01
Bengaluru,2022,4,2,5.8104,28.72,43.09,4.16
Bengaluru,2022,4,3,6.5561,28.59,44.73,4.83
Bengaluru,2022,4,4,6.6389,28.61,46.34,4.75
Bengaluru,2022,4,5,6.7867,28.07,44.87,5.26
Bengaluru,2022,4,6,6.9869,28.11,40.52,4.69
Bengaluru,2022,4,7,6.9281,27.39,48.96,4.67
Bengaluru,2022,4,8,6.1442,28.1,52.25,4.34
Bengaluru,2022,4,9,6.191,27.96,53.89,3.82
Bengaluru,2022,4,10,4.5398,28.56,44.78,4.43
Bengaluru,2022,4,11,6.2246,27.88,47.5,3.73
Bengaluru,2022,4,12,5.531,29.05,44.14,4
Bengaluru,2022,4,13,4.0855,27.56,56.46,3.64
Bengaluru,2022,4,14,4.6085,25.23,62.32,2.81
Bengaluru,2022,4,15,6.876,27.76,56.89,1.23
Bengaluru,2022,4,16,6.9562,28.72,54.39,2.43
Bengaluru,2022,4,17,6.5347,26.82,65.49,2.73
Bengaluru,2022,4,18,6.0984,26.48,60.74,3.53
Bengaluru,2022,4,19,6.1814,26.05,66.78,2.78
Bengaluru,2022,4,20,6.7738,28.1,55.37,3.1
Bengaluru,2022,4,21,7.1846,27.45,59.52,3.71
Bengaluru,2022,4,22,6.8038,26.78,61.66,3.64
Bengaluru,2022,4,23,5.496,25.93,65.9,3.57
Bengaluru,2022,4,24,6.4428,27.73,52.58,2.97
Bengaluru,2022,4,25,7.0882,27.65,53.84,2.98
Bengaluru,2022,4,26,7.1462,28.44,46.97,3.23
Bengaluru,2022,4,27,7.385,28.83,50.75,3.93
Bengaluru,2022,4,28,7.2876,29.18,49.88,3.53
Bengaluru,2022,4,29,6.7858,29.94,47.9,4.45
Bengaluru,2022,4,30,6.6233,29.98,49.96,2.63
Bengaluru,2022,5,1,6.1174,30.31,52.38,2.08
Bengaluru,2022,5,2,6.8995,28.76,62.16,2.72
Bengaluru,2022,5,3,6.8794,27.77,63.48,2.62
Bengaluru,2022,5,4,6.1505,28.44,60.84,2.88
Bengaluru,2022,5,5,5.2037,27.11,65.39,2.32
Bengaluru,2022,5,6,6.4536,27.4,62.09,1.75
Bengaluru,2022,5,7,6.0329,27.35,64.03,2.24
Bengaluru,2022,5,8,5.4852,27.81,62.57,2.47
Bengaluru,2022,5,9,4.6522,27.31,65.58,2.9
Bengaluru,2022,5,10,2.1125,26.4,68.95,5.35
Bengaluru,2022,5,11,3.7409,25.2,73.35,7.33
Bengaluru,2022,5,12,1.7938,24.54,76.26,5.8
Bengaluru,2022,5,13,3.7313,25.61,73.96,4.22
Bengaluru,2022,5,14,4.4462,25.35,76.35,3.31
Bengaluru,2022,5,15,5.4336,24.21,84.68,3.28
Bengaluru,2022,5,16,3.0094,25.13,81.11,3.34
Bengaluru,2022,5,17,4.2245,25.1,71.44,1.67
Bengaluru,2022,5,18,3.583,24.38,79.89,2.12
Bengaluru,2022,5,19,2.3282,22.64,87.21,4.99
Bengaluru,2022,5,20,4.8797,22.05,82.12,6.37
Bengaluru,2022,5,21,4.9402,23.51,75.97,5.97
Bengaluru,2022,5,22,4.8965,24.39,77.29,6
Bengaluru,2022,5,23,6.6266,25.31,75.7,4.67
Bengaluru,2022,5,24,7.1232,26.15,73.19,3.62
Bengaluru,2022,5,25,6.1416,26.3,71.36,2.38
Bengaluru,2022,5,26,6.2177,25.46,73.94,3.4
Bengaluru,2022,5,27,7.0229,24.38,76.25,4.34
Bengaluru,2022,5,28,7.2216,24.5,73.33,4.82
Bengaluru,2022,5,29,7.3958,24.83,69.24,4.22
Bengaluru,2022,5,30,6.2436,25.28,71.11,3.61
Bengaluru,2022,5,31,5.8433,23.55,78.83,4.02
Bengaluru,2022,6,1,6.0283,23.49,79.46,4.75
Bengaluru,2022,6,2,6.1488,25.09,73.28,3.04
Bengaluru,2022,6,3,6.7824,24.96,74.95,2.91
Bengaluru,2022,6,4,6.7843,24.32,75.55,3.5
Bengaluru,2022,6,5,6.3965,24.87,76.26,2.17
Bengaluru,2022,6,6,5.9563,24.37,76.62,2.16
Bengaluru,2022,6,7,4.518,24.71,76.44,3.78
Bengaluru,2022,6,8,6.7205,24.56,75.07,5.01
Bengaluru,2022,6,9,6.4265,25.28,70.31,5.2
Bengaluru,2022,6,10,6.0514,24.79,72.59,5.73
Bengaluru,2022,6,11,6.245,24.6,70.64,5.31
Bengaluru,2022,6,12,6.2458,23.66,71.84,4.66
Bengaluru,2022,6,13,6.0929,24.04,73.8,3.49
Bengaluru,2022,6,14,6.8002,24.15,78.12,3.78
Bengaluru,2022,6,15,4.8967,23.32,80.65,3.65
Bengaluru,2022,6,16,5.9342,23.18,84.05,2.02
Bengaluru,2022,6,17,6.0821,21.74,84.67,2.22
Bengaluru,2022,6,18,5.3758,22.02,86.81,2.33
Bengaluru,2022,6,19,5.7353,23.17,86.05,2.95
Bengaluru,2022,6,20,5.3738,23.2,79.53,4.37
Bengaluru,2022,6,21,4.8444,23.01,81.91,4.72
Bengaluru,2022,6,22,3.9394,22.32,85.63,3.64
Bengaluru,2022,6,23,4.4534,23.15,80.31,4.34
Bengaluru,2022,6,24,6.0874,22.26,84.76,5.66
Bengaluru,2022,6,25,3.9571,22.67,81.21,5.92
Bengaluru,2022,6,26,5.2819,23.12,79.43,6.37
Bengaluru,2022,6,27,4.843,23.81,76.61,6
Bengaluru,2022,6,28,5.1413,23.95,77.12,4.89
Bengaluru,2022,6,29,5.5906,24.13,79.52,4.35
Bengaluru,2022,6,30,4.4868,23.57,82.75,5
Bengaluru,2022,7,1,4.8552,23.2,84.03,5.05
Bengaluru,2022,7,2,4.7966,22.83,84.87,4.94
Bengaluru,2022,7,3,4.0721,23.52,81.4,5.73
Bengaluru,2022,7,4,3.8208,22.44,83.42,6.84
Bengaluru,2022,7,5,3.5762,22.37,84.1,6.51
Bengaluru,2022,7,6,2.635,22.56,81.81,6.09
Bengaluru,2022,7,7,3.1642,22.55,83.8,6.35
Bengaluru,2022,7,8,3.9317,22.27,82.37,6.99
Bengaluru,2022,7,9,3.1046,22.61,83.41,7.02
Bengaluru,2022,7,10,3.5081,22.93,80.17,7.33
Bengaluru,2022,7,11,2.8495,23.11,80.01,6.97
Bengaluru,2022,7,12,4.7652,22.79,80.38,8.08
Bengaluru,2022,7,13,3.7022,22.87,78.86,9.72
Bengaluru,2022,7,14,3.4697,22.43,78.31,10.31
Bengaluru,2022,7,15,4.0687,23.32,76.98,8.17
Bengaluru,2022,7,16,3.9778,23.57,80.63,6.66
Bengaluru,2022,7,17,4.1066,23.09,81.89,7.05
Bengaluru,2022,7,18,3.397,22.68,82.1,5.59
Bengaluru,2022,7,19,5.963,22.95,82.54,3.4
Bengaluru,2022,7,20,5.4278,23.77,81.67,2.94
Bengaluru,2022,7,21,5.0395,23.26,84.52,3.28
Bengaluru,2022,7,22,3.7154,22.51,86.68,3.87
Bengaluru,2022,7,23,4.1777,22.84,82.61,4.59
Bengaluru,2022,7,24,4.1309,22.99,80.88,4.79
Bengaluru,2022,7,25,5.3834,22.91,80.91,3.77
Bengaluru,2022,7,26,4.7441,22.22,84.1,3.92
Bengaluru,2022,7,27,4.7338,22.88,85.09,2.95
Bengaluru,2022,7,28,5.7974,24.1,78.61,1.81
Bengaluru,2022,7,29,5.9801,23.39,80.18,1.8
Bengaluru,2022,7,30,5.9842,24.39,76.57,1.27
Bengaluru,2022,7,31,4.9865,24.02,84.58,1.79
Bengaluru,2022,8,1,5.6124,23.93,84.35,2.77
Bengaluru,2022,8,2,4.5526,23.89,83.76,2.34
Bengaluru,2022,8,3,3.2885,22.77,83.4,2.71
Bengaluru,2022,8,4,2.3064,22.06,85.69,1.78
Bengaluru,2022,8,5,3.012,22.62,84.42,7.65
Bengaluru,2022,8,6,3.3806,22.5,84.33,7.87
Bengaluru,2022,8,7,3.1507,22.28,86.36,7.41
Bengaluru,2022,8,8,3.4805,22.39,85.48,8.11
Bengaluru,2022,8,9,3.852,22.49,81.48,8.81
Bengaluru,2022,8,10,4.9406,22.1,81.41,8.01
Bengaluru,2022,8,11,4.6963,22.64,82.13,6.88
Bengaluru,2022,8,12,4.6507,22.86,81.25,6.2
Bengaluru,2022,8,13,5.5267,22.2,82.48,5.01
Bengaluru,2022,8,14,4.6058,22.82,78.98,5.46
Bengaluru,2022,8,15,5.1346,23.63,78.49,4.2
Bengaluru,2022,8,16,6.3144,24.23,76.83,2.38
Bengaluru,2022,8,17,5.9726,24.05,79.47,3.32
Bengaluru,2022,8,18,5.0671,22.91,86.48,4.46
Bengaluru,2022,8,19,4.7652,23.02,84.18,5.1
Bengaluru,2022,8,20,4.8173,22.87,83.98,4.9
Bengaluru,2022,8,21,4.5955,22.87,85.15,5.05
Bengaluru,2022,8,22,4.3805,22.83,85.48,5.55
Bengaluru,2022,8,23,5.5862,23.28,83.66,4.95
Bengaluru,2022,8,24,4.343,22.86,84.98,4.57
Bengaluru,2022,8,25,3.9221,22.28,86.29,4.12
Bengaluru,2022,8,26,4.3651,22,90.52,3.42
Bengaluru,2022,8,27,4.2254,22.02,89.28,4
Bengaluru,2022,8,28,5.4823,22.53,86.92,3.68
Bengaluru,2022,8,29,3.9293,22.84,89.66,2.69
Bengaluru,2022,8,30,5.5318,23.67,86.74,2.77
Bengaluru,2022,8,31,4.9387,22.53,90.56,2.65
Bengaluru,2022,9,1,3.2592,23.1,83.85,1.56
Bengaluru,2022,9,2,5.0748,23.3,85.24,2.39
Bengaluru,2022,9,3,5.6035,24.24,82.53,1.29
Bengaluru,2022,9,4,5.4401,23.57,89.64,1.84
Bengaluru,2022,9,5,5.8433,24.12,83.96,1.22
Bengaluru,2022,9,6,4.8178,23.13,86.43,1.96
Bengaluru,2022,9,7,4.374,22.26,88.64,2.15
Bengaluru,2022,9,8,2.8634,22.06,89.52,3.94
Bengaluru,2022,9,9,4.4225,22.3,90.33,4.33
Bengaluru,2022,9,10,3.8506,22.27,88.73,5.45
Bengaluru,2022,9,11,3.9451,21.95,88.36,6.13
Bengaluru,2022,9,12,5.0959,22.07,86.68,6.84
Bengaluru,2022,9,13,4.5883,22.48,87.81,4.84
Bengaluru,2022,9,14,4.963,22.21,88.65,3.76
Bengaluru,2022,9,15,5.0366,21.9,88.61,3.83
Bengaluru,2022,9,16,5.2495,22.62,87.24,3.93
Bengaluru,2022,9,17,6.0192,22.37,87.76,3.48
Bengaluru,2022,9,18,5.6083,22.75,86.23,3.71
Bengaluru,2022,9,19,5.1706,22.52,86.55,4.41
Bengaluru,2022,9,20,5.4958,21.41,82.76,4.18
Bengaluru,2022,9,21,5.5558,22.02,84.6,3.92
Bengaluru,2022,9,22,6.3554,22.14,81.47,4.23
Bengaluru,2022,9,23,6.0329,21.42,84.75,3.71
Bengaluru,2022,9,24,5.622,22.26,84.27,3.87
Bengaluru,2022,9,25,6.0154,22.68,82.71,3.46
Bengaluru,2022,9,26,4.5874,23.04,86.46,3.4
Bengaluru,2022,9,27,4.523,22.21,87.8,3.12
Bengaluru,2022,9,28,4.2722,22.47,85.5,3.38
Bengaluru,2022,9,29,4.5475,21.87,87.46,3.3
Bengaluru,2022,9,30,4.0219,21.27,89.82,4.24
Bengaluru,2022,10,1,3.3346,21.54,87.97,4.85
Bengaluru,2022,10,2,3.9888,21.43,86.06,4.64
Bengaluru,2022,10,3,3.6454,22.07,86.38,4.7
Bengaluru,2022,10,4,4.7705,22.02,88.88,3.86
Bengaluru,2022,10,5,4.0678,21.64,91.06,3.4
Bengaluru,2022,10,6,3.5292,21.97,87.63,3.29
Bengaluru,2022,10,7,5.9002,22.16,85.87,2.6
Bengaluru,2022,10,8,5.105,21.47,87.17,2.62
Bengaluru,2022,10,9,3.1147,22,89.22,2.79
Bengaluru,2022,10,10,3.2402,23.23,88.5,3
Bengaluru,2022,10,11,3.4406,22.98,89.62,3.13
Bengaluru,2022,10,12,3.7709,22.99,88.71,2.22
Bengaluru,2022,10,13,4.6682,22.91,88.68,1.74
Bengaluru,2022,10,14,4.7856,23.62,84.27,1.81
Bengaluru,2022,10,15,4.0493,22.98,88.47,1.99
Bengaluru,2022,10,16,4.0459,23.36,88.52,2.9
Bengaluru,2022,10,17,4.7184,23.43,89.33,2.94
Bengaluru,2022,10,18,4.8494,23.19,87.66,2.15
Bengaluru,2022,10,19,5.0278,23.06,85.27,1.59
Bengaluru,2022,10,20,5.1739,22.95,86.27,2.46
Bengaluru,2022,10,21,4.5305,22.45,87.28,2.84
Bengaluru,2022,10,22,5.1178,21.98,87.45,3.12
Bengaluru,2022,10,23,5.9285,20.94,83.79,2.88
Bengaluru,2022,10,24,6.2114,18.96,76.05,3.64
Bengaluru,2022,10,25,6.6293,19.07,70.96,2.75
Bengaluru,2022,10,26,6.4344,19.7,71.17,2.11
Bengaluru,2022,10,27,6.4078,19.66,78.36,2.77
Bengaluru,2022,10,28,4.165,20.95,86.9,3.22
Bengaluru,2022,10,29,3.9089,21.67,87.82,3.58
Bengaluru,2022,10,30,3.5419,21.64,86.69,3.29
Bengaluru,2022,10,31,5.4024,20.31,88.26,2.93
Bengaluru,2022,11,1,2.9849,20.21,93.18,3.41
Bengaluru,2022,11,2,2.6011,20.12,89.63,3.53
Bengaluru,2022,11,3,2.9981,20.3,85.56,3.65
Bengaluru,2022,11,4,3.8054,20.56,86.1,3.76
Bengaluru,2022,11,5,5.2735,20.62,84.18,3.45
Bengaluru,2022,11,6,3.8446,20.77,88.35,3.3
Bengaluru,2022,11,7,5.7938,20.02,82.15,3.18
Bengaluru,2022,11,8,5.3198,20.75,87.6,3.3
Bengaluru,2022,11,9,5.0839,21.37,84.77,2.92
Bengaluru,2022,11,10,5.3381,21.39,84.91,3.51
Bengaluru,2022,11,11,1.2696,20.02,88.59,5.26
Bengaluru,2022,11,12,1.4719,20.35,91.92,4.41
Bengaluru,2022,11,13,2.9081,20.77,89.24,3.78
Bengaluru,2022,11,14,4.5689,21.33,88.72,2.55
Bengaluru,2022,11,15,4.3997,21.59,87.62,2.35
Bengaluru,2022,11,16,5.0131,20.8,86.23,2.63
Bengaluru,2022,11,17,5.3782,18.65,78.06,3.14
Bengaluru,2022,11,18,5.7118,17.62,75.28,3.08
Bengaluru,2022,11,19,5.1041,17.79,79.84,3.25
Bengaluru,2022,11,20,4.6306,17.37,77.83,2.67
Bengaluru,2022,11,21,5.4324,16.92,87.67,2.81
Bengaluru,2022,11,22,2.3455,20.16,89.71,2.53
Bengaluru,2022,11,23,2.621,21.37,89.41,2.58
Bengaluru,2022,11,24,1.8593,21.63,87.46,3.39
Bengaluru,2022,11,25,4.5974,21.4,86.21,3.11
Bengaluru,2022,11,26,5.1242,21.57,84.52,2.6
Bengaluru,2022,11,27,4.1122,21.94,83.69,1.81
Bengaluru,2022,11,28,3.3878,22.06,85.45,1.89
Bengaluru,2022,11,29,3.5573,21.26,83.85,2.91
Bengaluru,2022,11,30,5.1139,18.66,78.73,2.92
Bengaluru,2022,12,1,3.4111,20.8,87.83,3.09
Bengaluru,2022,12,2,4.3243,21.93,86.09,3.05
Bengaluru,2022,12,3,5.1905,21.77,85.71,3.41
Bengaluru,2022,12,4,5.034,21.29,86.33,3.49
Bengaluru,2022,12,5,4.0178,20.85,87.18,3.36
Bengaluru,2022,12,6,3.2738,20.64,84.93,2.81
Bengaluru,2022,12,7,3.9799,19.11,80.51,3.41
Bengaluru,2022,12,8,3.7375,17.31,77.64,3.45
Bengaluru,2022,12,9,2.4468,17.79,83.38,5.11
Bengaluru,2022,12,10,1.5281,19.26,93.76,7.41
Bengaluru,2022,12,11,1.9121,21.04,90.83,4.44
Bengaluru,2022,12,12,2.6482,20.8,92.76,4.25
Bengaluru,2022,12,13,3.367,21.12,89.84,4.43
Bengaluru,2022,12,14,3.8078,20.79,86.79,3.46
Bengaluru,2022,12,15,5.8819,20.03,79.32,3.1
Bengaluru,2022,12,16,5.8961,19.25,76.11,3.15
Bengaluru,2022,12,17,5.2687,19.9,84.12,3.15
Bengaluru,2022,12,18,4.1582,20.55,86.92,3.81
Bengaluru,2022,12,19,5.2879,17.88,84.75,3.48
Bengaluru,2022,12,20,5.1331,18.84,81.31,2.87
Bengaluru,2022,12,21,5.4612,18.39,75.49,3.04
Bengaluru,2022,12,22,5.8138,17.5,77.37,3.55
Bengaluru,2022,12,23,5.5642,19.35,84.27,3.17
Bengaluru,2022,12,24,5.6129,20.47,83.55,3.06
Bengaluru,2022,12,25,2.4022,21.29,87.92,4.54
Bengaluru,2022,12,26,2.9023,21.19,87.28,4.5
Bengaluru,2022,12,27,2.8742,21.09,87.3,3.77
Bengaluru,2022,12,28,5.2877,21.5,85.92,3.09
Bengaluru,2022,12,29,5.6518,20.79,82.26,3.05
Bengaluru,2022,12,30,5.8915,19.25,78.02,2.81
Bengaluru,2022,12,31,5.9016,18.84,73.82,2.17
Bengaluru,2023,1,1,5.7029,18.53,76.63,2.72
Bengaluru,2023,1,2,5.8274,18.57,81.34,3.68
Bengaluru,2023,1,3,5.2486,18.94,80.9,3.24
Bengaluru,2023,1,4,5.4226,19.22,80.99,3.47
Bengaluru,2023,1,5,4.123,18.78,81.13,4.28
Bengaluru,2023,1,6,4.7527,18.89,83.05,4.64
Bengaluru,2023,1,7,4.7933,19.36,82.9,4.05
Bengaluru,2023,1,8,4.8257,19.3,80.76,3.11
Bengaluru,2023,1,9,5.7802,18.05,71.84,3.02
Bengaluru,2023,1,10,6.0768,16.62,74.99,3.71
Bengaluru,2023,1,11,6.15,17.17,71.12,2.69
Bengaluru,2023,1,12,6.2726,17.92,65.4,2.44
Bengaluru,2023,1,13,5.2858,18.12,71.58,2.2
Bengaluru,2023,1,14,6.0014,17.89,68.49,2.29
Bengaluru,2023,1,15,6.2244,17.84,68.45,2.24
Bengaluru,2023,1,16,6.131,18.39,68.26,2.49
Bengaluru,2023,1,17,6.2244,18.05,70.56,2.28
Bengaluru,2023,1,18,6.2028,18.29,73.7,2.92
Bengaluru,2023,1,19,6.3518,18.23,70.27,3.25
Bengaluru,2023,1,20,5.6059,18.16,79.29,3.49
Bengaluru,2023,1,21,4.9771,19.34,76.61,3.32
Bengaluru,2023,1,22,5.531,18.87,70.86,3.67
Bengaluru,2023,1,23,4.6157,20.13,79.09,3.85
Bengaluru,2023,1,24,3.8263,20.98,75.82,3.18
Bengaluru,2023,1,25,5.7528,19.7,72.94,3.2
Bengaluru,2023,1,26,6.0672,19.3,70.88,3.19
Bengaluru,2023,1,27,6.1668,18.98,67.89,3.62
Bengaluru,2023,1,28,6.2993,18.54,63.64,3.92
Bengaluru,2023,1,29,6.0355,19.14,67.93,4.16
Bengaluru,2023,1,30,4.2458,20.89,76.99,3.48
Bengaluru,2023,1,31,5.0597,21.23,70.23,3.74
Bengaluru,2023,2,1,5.347,21.21,65.42,4.06
Bengaluru,2023,2,2,4.085,20.91,66.39,4.33
Bengaluru,2023,2,3,2.609,21.8,68.59,4.19
Bengaluru,2023,2,4,6.2198,22.43,66.01,4.4
Bengaluru,2023,2,5,6.3878,22.26,59.22,3.19
Bengaluru,2023,2,6,6.023,21.4,63.84,2.85
Bengaluru,2023,2,7,6.2628,21.2,63.89,1.71
Bengaluru,2023,2,8,6.0336,22.06,61.95,3.18
Bengaluru,2023,2,9,6.3113,21.74,61.56,3.42
Bengaluru,2023,2,10,6.2729,21.82,62.36,3.46
Bengaluru,2023,2,11,6.0737,21.94,56.14,3.55
Bengaluru,2023,2,12,6.7478,22.52,51.88,3.69
Bengaluru,2023,2,13,6.8412,21.99,49.12,4.2
Bengaluru,2023,2,14,6.9161,21.57,54.11,3.35
Bengaluru,2023,2,15,6.9379,21.49,53.67,3.32
Bengaluru,2023,2,16,6.7296,21.76,52.86,4.26
Bengaluru,2023,2,17,6.8825,21.42,57.93,3.72
Bengaluru,2023,2,18,6.9046,21.63,58.81,3.26
Bengaluru,2023,2,19,6.7764,22.06,59.3,3.19
Bengaluru,2023,2,20,6.8902,22.33,53.76,2.61
Bengaluru,2023,2,21,6.9132,22.52,52.44,3.04
Bengaluru,2023,2,22,6.7018,22.47,52.07,4.11
Bengaluru,2023,2,23,7.2785,21.61,51.75,4.43
Bengaluru,2023,2,24,7.356,21.69,47.05,3.78
Bengaluru,2023,2,25,7.3694,22.58,39.21,4.36
Bengaluru,2023,2,26,7.0548,22.51,43.36,4.75
Bengaluru,2023,2,27,7.326,21.53,50.01,4.64
Bengaluru,2023,2,28,6.7126,22.07,51.97,4.19
Bengaluru,2023,3,1,6.1747,23.85,56.23,4.51
Bengaluru,2023,3,2,7.3762,22.13,45.57,5.12
Bengaluru,2023,3,3,7.4138,22.1,43.88,5.47
Bengaluru,2023,3,4,7.2722,22.63,38.93,5.39
Bengaluru,2023,3,5,7.2682,22.93,39.07,5.1
Bengaluru,2023,3,6,7.3735,23.01,38.91,5.19
Bengaluru,2023,3,7,5.988,23.21,39.53,5.07
Bengaluru,2023,3,8,7.2466,23.36,44.32,5.04
Bengaluru,2023,3,9,5.6316,22.66,46.32,4.31
Bengaluru,2023,3,10,6.1956,23.39,46.29,4.85
Bengaluru,2023,3,11,7.0786,24.05,49.61,4.94
Bengaluru,2023,3,12,7.3025,24.13,50.79,4.94
Bengaluru,2023,3,13,6.876,25.23,49.79,4.47
Bengaluru,2023,3,14,6.6473,25.92,42.04,3.3
Bengaluru,2023,3,15,6.4027,26.64,46.19,3.63
Bengaluru,2023,3,16,5.2111,26.32,55.69,2.63
Bengaluru,2023,3,17,5.6059,24,70.81,2.89
Bengaluru,2023,3,18,5.8128,24.65,71.42,3.76
Bengaluru,2023,3,19,6.1104,24.85,67.81,2.61
Bengaluru,2023,3,20,6.5107,24.89,57.62,3.03
Bengaluru,2023,3,21,7.2398,24.04,47.21,2.98
Bengaluru,2023,3,22,6.8911,24.77,47.31,1.96
Bengaluru,2023,3,23,6.6185,26.83,52.1,1.88
Bengaluru,2023,3,24,6.0437,26.81,57.34,2.41
Bengaluru,2023,3,25,5.4372,25.7,67.57,2.88
Bengaluru,2023,3,26,5.3275,25.73,65.58,1.86
Bengaluru,2023,3,27,6.7082,26.6,58.1,2.4
Bengaluru,2023,3,28,6.9396,27.5,53.03,2.48
Bengaluru,2023,3,29,5.6146,27.77,55.6,2.87
Bengaluru,2023,3,30,5.6237,27.29,55.19,1.51
Bengaluru,2023,3,31,6.5534,27.59,50.58,1.65
Bengaluru,2023,4,1,5.9962,27.12,53.43,1.99
Bengaluru,2023,4,2,6.1418,27.67,53.21,2.28
Bengaluru,2023,4,3,6.4822,28.34,48.42,2.32
Bengaluru,2023,4,4,4.535,26.26,62.97,2.13
Bengaluru,2023,4,5,5.7758,27.05,59.49,2.4
Bengaluru,2023,4,6,6.2448,27.19,52.24,3.26
Bengaluru,2023,4,7,6.8515,26.87,52.28,4.13
Bengaluru,2023,4,8,7.4998,26.54,50.93,5.07
Bengaluru,2023,4,9,7.5518,26.71,48.02,4.23
Bengaluru,2023,4,10,7.4578,27.36,46.57,4.42
Bengaluru,2023,4,11,7.6774,27.58,34.86,3.75
Bengaluru,2023,4,12,7.7203,27.02,33.87,3.62
Bengaluru,2023,4,13,7.823,28.88,27.2,3.98
Bengaluru,2023,4,14,7.5041,28.34,28.79,3.76
Bengaluru,2023,4,15,6.4903,28.42,30.05,3.42
Bengaluru,2023,4,16,7.2031,27.88,33.91,3.63
Bengaluru,2023,4,17,7.4945,28.3,31.27,4.35
Bengaluru,2023,4,18,7.7304,28.72,33.73,4.04
Bengaluru,2023,4,19,7.5569,29.02,35.1,2.98
Bengaluru,2023,4,20,7.2298,30.24,34.99,2.26
Bengaluru,2023,4,21,6.5254,30.16,41.28,2.73
Bengaluru,2023,4,22,5.905,29.62,46.07,2.4
Bengaluru,2023,4,23,6.2388,28.42,54.25,2.54
Bengaluru,2023,4,24,6.6379,28.21,52.99,4.56
Bengaluru,2023,4,25,6.0353,27.88,49.99,3.38
Bengaluru,2023,4,26,5.6023,28.07,51.17,3.24
Bengaluru,2023,4,27,5.8138,28.51,49.52,3.39
Bengaluru,2023,4,28,6.3278,29.09,46.23,4.34
Bengaluru,2023,4,29,5.3393,27.96,56.71,3.65
Bengaluru,2023,4,30,5.9381,26.51,67.15,2.65
Bengaluru,2023,5,1,4.5295,24.41,78.9,2.77
Bengaluru,2023,5,2,5.8598,25.42,73.04,1.56
Bengaluru,2023,5,3,4.8034,25.56,73.72,2.9
Bengaluru,2023,5,4,5.4343,24.75,75.59,1.55
Bengaluru,2023,5,5,5.0974,23.04,84.99,2.31
Bengaluru,2023,5,6,5.0362,23.83,80.99,2.06
Bengaluru,2023,5,7,3.817,24.48,80.3,2.74
Bengaluru,2023,5,8,4.5732,24.6,79.76,2.26
Bengaluru,2023,5,9,6.2863,26.62,71.52,2.1
Bengaluru,2023,5,10,6.4846,27.29,65.02,2.77
Bengaluru,2023,5,11,5.8642,27.79,63.65,2.34
Bengaluru,2023,5,12,5.7077,28.05,63.55,2.48
Bengaluru,2023,5,13,5.0808,27.4,65.87,4.37
Bengaluru,2023,5,14,6.7879,28.21,64.77,4.42
Bengaluru,2023,5,15,7.2259,28.35,62.61,3.74
Bengaluru,2023,5,16,7.314,28.66,59.2,3
Bengaluru,2023,5,17,6.7517,29.4,48.21,1.3
Bengaluru,2023,5,18,6.0106,29.29,52.95,2.61
Bengaluru,2023,5,19,6.5434,27.4,64.8,2.06
Bengaluru,2023,5,20,6.6142,27.63,65,2.91
Bengaluru,2023,5,21,6.4462,27.7,67.02,1.77
Bengaluru,2023,5,22,6.4027,28,63.47,2.44
Bengaluru,2023,5,23,6.5326,27.18,64.86,2.19
Bengaluru,2023,5,24,6.5801,26.34,67.66,2.74
Bengaluru,2023,5,25,6.5818,26.66,68.18,2.76
Bengaluru,2023,5,26,6.7606,27.38,64.95,3.18
Bengaluru,2023,5,27,7.1863,27.63,63.38,3.06
Bengaluru,2023,5,28,6.588,27.92,60.34,2.84
Bengaluru,2023,5,29,6.0206,28.34,58.54,2.75
Bengaluru,2023,5,30,5.2992,26.22,70.95,2.44
Bengaluru,2023,5,31,5.9885,26.78,66.95,1.16
Bengaluru,2023,6,1,5.9275,26.1,70.34,2.85
Bengaluru,2023,6,2,5.9592,25.76,65.18,3.32
Bengaluru,2023,6,3,6.3384,28.04,63.65,3.72
Bengaluru,2023,6,4,5.3239,27.85,64.81,3.49
Bengaluru,2023,6,5,6.5095,26.24,71.14,3.91
Bengaluru,2023,6,6,7.0961,27.02,69.33,4.07
Bengaluru,2023,6,7,6.6794,26.66,70.21,4.51
Bengaluru,2023,6,8,6.798,25.07,74.53,4.15
Bengaluru,2023,6,9,6.8674,26.07,69.63,4.96
Bengaluru,2023,6,10,6.5873,25.97,67.01,6.52
Bengaluru,2023,6,11,5.85,26.26,66.54,5.82
Bengaluru,2023,6,12,6.4565,25.89,73.9,5.14
Bengaluru,2023,6,13,6.7867,26.43,69.74,5.1
Bengaluru,2023,6,14,6.535,26.15,69.55,5.85
Bengaluru,2023,6,15,6.5539,27.04,65.7,5.21
Bengaluru,2023,6,16,7.2182,27.25,64.4,5.12
Bengaluru,2023,6,17,6.0216,26.7,66.91,4.86
Bengaluru,2023,6,18,3.7478,25.18,72.95,4.97
Bengaluru,2023,6,19,4.061,24.95,74.63,4.41
Bengaluru,2023,6,20,2.9738,24.58,77.28,2.94
Bengaluru,2023,6,21,3.7366,23.83,80.71,2.86
Bengaluru,2023,6,22,5.7542,25.19,72.44,3.4
Bengaluru,2023,6,23,5.4026,24.35,70.19,4.68
Bengaluru,2023,6,24,4.3886,23.46,80.66,4.86
Bengaluru,2023,6,25,5.3198,23.97,79.43,4.38
Bengaluru,2023,6,26,4.506,24.06,69.79,5.46
Bengaluru,2023,6,27,5.1209,24.13,69.59,5.2
Bengaluru,2023,6,28,5.0429,24.59,67.44,5.63
Bengaluru,2023,6,29,4.644,24.14,73.18,5.39
Bengaluru,2023,6,30,5.9441,24.74,68.23,5.9
Bengaluru,2023,7,1,5.7271,24.36,69.36,5.73
Bengaluru,2023,7,2,4.2305,23.45,78.99,5.85
Bengaluru,2023,7,3,5.2601,23.74,79.68,5.95
Bengaluru,2023,7,4,3.4733,23.55,81.15,6.64
Bengaluru,2023,7,5,3.7082,22.76,78.77,7.27
Bengaluru,2023,7,6,3.7759,23.17,74.78,7.98
Bengaluru,2023,7,7,4.116,24.12,75.76,5.98
Bengaluru,2023,7,8,3.7586,23.91,75.39,5.39
Bengaluru,2023,7,9,4.4234,24.37,74.53,4.8
Bengaluru,2023,7,10,4.0423,23.88,77.24,4.28
Bengaluru,2023,7,11,3.4778,24.05,72.74,5.98
Bengaluru,2023,7,12,5.4216,23.94,70.69,5.91
Bengaluru,2023,7,13,4.6517,23.93,72.57,5.73
Bengaluru,2023,7,14,4.9118,23.93,75.52,5.76
Bengaluru,2023,7,15,5.2253,24.2,73.86,5.37
Bengaluru,2023,7,16,4.5708,24.78,74.88,4.92
Bengaluru,2023,7,17,4.8931,24.72,74.93,5.87
Bengaluru,2023,7,18,5.2358,25.01,71.83,7.34
Bengaluru,2023,7,19,4.0546,24.22,74.78,8.67
Bengaluru,2023,7,20,5.0158,24.37,73.51,9.02
Bengaluru,2023,7,21,3.931,23.92,78.03,8.83
Bengaluru,2023,7,22,3.3271,24.12,74.01,8.6
Bengaluru,2023,7,23,3.1944,24.13,74.91,8.14
Bengaluru,2023,7,24,2.8824,23.11,82.1,7.15
Bengaluru,2023,7,25,2.6203,22.19,83.33,7.02
Bengaluru,2023,7,26,2.8092,22.54,83.91,7.39
Bengaluru,2023,7,27,4.1527,22.44,79.91,8
Bengaluru,2023,7,28,4.3313,24.12,74.43,7.49
Bengaluru,2023,7,29,4.6901,24.68,72.27,7.5
Bengaluru,2023,7,30,5.7288,25.12,70.97,6.85
Bengaluru,2023,7,31,5.1163,25.44,70.58,6.36
Bengaluru,2023,8,1,5.0902,24.98,71.59,7.04
Bengaluru,2023,8,2,5.3441,24.9,70.25,7.29
Bengaluru,2023,8,3,5.3246,25.23,70.11,6.85
Bengaluru,2023,8,4,5.0957,25.23,70.8,6.12
Bengaluru,2023,8,5,5.1053,25.21,69.67,6.04
Bengaluru,2023,8,6,5.3249,25.2,72.48,4.95
Bengaluru,2023,8,7,5.4132,25.48,68.55,4.84
Bengaluru,2023,8,8,5.069,25.42,69.1,4.03
Bengaluru,2023,8,9,5.5442,25.69,69.25,3.5
Bengaluru,2023,8,10,5.4612,24.72,75.78,3.06
Bengaluru,2023,8,11,5.0342,24.78,75.53,2.54
Bengaluru,2023,8,12,4.1976,24.95,72.26,3.7
Bengaluru,2023,8,13,5.778,25.38,68.72,3.97
Bengaluru,2023,8,14,5.555,24.76,68.83,3.61
Bengaluru,2023,8,15,6.7279,25.05,69.23,3.08
Bengaluru,2023,8,16,6.8606,25.83,67.96,3.46
Bengaluru,2023,8,17,5.9405,25.63,67.5,4.87
Bengaluru,2023,8,18,4.8977,24.88,69.41,5.81
Bengaluru,2023,8,19,4.332,25.06,70.47,6.1
Bengaluru,2023,8,20,5.0448,25.73,68.72,5.09
Bengaluru,2023,8,21,6.2714,26.15,65.07,4.26
Bengaluru,2023,8,22,5.4826,25.78,70.76,2.24
Bengaluru,2023,8,23,5.6544,25.72,70.03,2.54
Bengaluru,2023,8,24,6.0115,25.7,66.44,3.61
Bengaluru,2023,8,25,6.3418,26.59,65.04,2.92
Bengaluru,2023,8,26,5.995,24.83,74.07,3.12
Bengaluru,2023,8,27,5.2138,25.34,71.7,2.79
Bengaluru,2023,8,28,6.2222,26,65.56,3.57
Bengaluru,2023,8,29,5.6503,26.2,65.39,3.65
Bengaluru,2023,8,30,6.2851,26.3,69.32,3.74
Bengaluru,2023,8,31,4.8826,24.33,78.26,2.49
Bengaluru,2023,9,1,5.8205,24.07,85.11,2.04
Bengaluru,2023,9,2,5.1139,23.26,83.89,4.04
Bengaluru,2023,9,3,5.5742,23.12,79.31,3.99
Bengaluru,2023,9,4,4.1539,22.15,78.67,6.24
Bengaluru,2023,9,5,4.0738,23.34,78.72,5.37
Bengaluru,2023,9,6,4.4597,23.08,80.92,4.6
Bengaluru,2023,9,7,4.8653,23.22,77.75,5.4
Bengaluru,2023,9,8,4.9495,23.62,76.77,5.79
Bengaluru,2023,9,9,6.0307,23.68,76.62,5.36
Bengaluru,2023,9,10,5.5183,24,77.58,4.99
Bengaluru,2023,9,11,4.5161,23.54,79.91,5.24
Bengaluru,2023,9,12,5.5428,24.02,76.38,5.13
Bengaluru,2023,9,13,5.1931,24.45,72.22,5.6
Bengaluru,2023,9,14,4.5266,24.24,74.66,5.11
Bengaluru,2023,9,15,4.7122,23.3,76.84,5.5
Bengaluru,2023,9,16,4.4875,24.14,77.79,5.26
Bengaluru,2023,9,17,4.6802,24.23,79.41,4.17
Bengaluru,2023,9,18,5.2526,23.93,81.3,3.97
Bengaluru,2023,9,19,5.9942,24.37,78.67,3.97
Bengaluru,2023,9,20,5.6381,23.65,82.25,3.38
Bengaluru,2023,9,21,4.7813,22.21,87.94,2.35
Bengaluru,2023,9,22,5.8013,24.01,83.03,2.16
Bengaluru,2023,9,23,5.6866,23.3,87.69,2.62
Bengaluru,2023,9,24,5.556,22.78,88.99,3.47
Bengaluru,2023,9,25,4.7494,21.94,88.87,3.85
Bengaluru,2023,9,26,5.5946,23.29,84.1,3.04
Bengaluru,2023,9,27,5.2157,23.42,80.3,4
Bengaluru,2023,9,28,4.5271,22.35,85.74,3.96
Bengaluru,2023,9,29,4.6721,22.86,84.89,4.74
Bengaluru,2023,9,30,4.0836,22.5,78.31,5.58
Bengaluru,2023,10,1,4.2302,23.34,79.94,5.9
Bengaluru,2023,10,2,5.1854,23.5,78.2,5.44
Bengaluru,2023,10,3,6.2395,23.81,76.74,3.71
Bengaluru,2023,10,4,6.295,24.2,74.55,2.29
Bengaluru,2023,10,5,5.927,23.68,82.26,2.84
Bengaluru,2023,10,6,4.8036,23.46,81.41,2.07
Bengaluru,2023,10,7,4.3272,24.45,79.65,1.71
Bengaluru,2023,10,8,4.2598,24.43,76.24,1.25
Bengaluru,2023,10,9,4.2154,24.19,84.04,1.54
Bengaluru,2023,10,10,4.8055,23.86,86.72,1.05
Bengaluru,2023,10,11,4.1837,23.17,86.39,3.02
Bengaluru,2023,10,12,4.8533,22.99,77.04,3.23
Bengaluru,2023,10,13,6.4325,22.71,72.33,3.08
Bengaluru,2023,10,14,5.5495,22.82,76.59,2.64
Bengaluru,2023,10,15,4.9279,23.45,76.4,2.57
Bengaluru,2023,10,16,4.5686,23.08,83.74,2.75
Bengaluru,2023,10,17,5.2608,23.9,78.52,2.28
Bengaluru,2023,10,18,5.6674,23.39,77.75,2.74
Bengaluru,2023,10,19,5.5567,23.58,72.69,2.92
Bengaluru,2023,10,20,5.7401,23.84,74.35,3.01
Bengaluru,2023,10,21,5.0554,23.92,75.04,3.24
Bengaluru,2023,10,22,5.2879,23.93,72.35,2.92
Bengaluru,2023,10,23,5.0347,23.34,62.23,2.82
Bengaluru,2023,10,24,6.0686,22.58,54.78,2.51
Bengaluru,2023,10,25,6.0418,22.76,65.71,2.3
Bengaluru,2023,10,26,5.7178,22.9,66.52,2.41
Bengaluru,2023,10,27,5.2224,23.76,70.61,3.07
Bengaluru,2023,10,28,5.0208,24.11,74.2,3.11
Bengaluru,2023,10,29,4.6678,23.96,78.45,3.07
Bengaluru,2023,10,30,3.9946,22.43,84.5,3.35
Bengaluru,2023,10,31,3.9187,22.52,80.85,2.56
Bengaluru,2023,11,1,4.6082,23.75,71.07,2.84
Bengaluru,2023,11,2,4.5722,24.33,75.63,3.07
Bengaluru,2023,11,3,4.9548,24.67,75.46,3.39
Bengaluru,2023,11,4,4.0858,23.59,80.72,2.85
Bengaluru,2023,11,5,4.133,23.38,80.82,4.15
Bengaluru,2023,11,6,4.4671,22.57,84.05,1.77
Bengaluru,2023,11,7,4.3015,22.92,87.44,2.58
Bengaluru,2023,11,8,4.0548,23.21,83.33,2.52
Bengaluru,2023,11,9,3.9648,21.91,82.61,3.43
Bengaluru,2023,11,10,4.015,22.32,80.06,3.18
Bengaluru,2023,11,11,5.7122,22.73,70.21,3.8
Bengaluru,2023,11,12,5.2006,21.8,72.96,4.06
Bengaluru,2023,11,13,5.201,22.17,75.51,4.01
Bengaluru,2023,11,14,2.4343,21.24,74.86,4.04
Bengaluru,2023,11,15,4.4009,22.41,74.97,2.93
Bengaluru,2023,11,16,4.2127,23.53,68.97,2.08
Bengaluru,2023,11,17,4.5041,23.99,72.46,2.68
Bengaluru,2023,11,18,4.6318,24.23,69.92,3.86
Bengaluru,2023,11,19,5.5805,23.69,71.31,4.56
Bengaluru,2023,11,20,5.2898,23.29,73.29,4.04
Bengaluru,2023,11,21,4.201,23.3,81.16,4.15
Bengaluru,2023,11,22,3.5585,23.81,82.39,3.59
Bengaluru,2023,11,23,3.3595,23.1,79.89,3.88
Bengaluru,2023,11,24,3.8023,23.59,80.53,3.43
Bengaluru,2023,11,25,3.4529,23.2,80.64,4.01
Bengaluru,2023,11,26,3.9814,22.95,75.62,5.13
Bengaluru,2023,11,27,4.5108,23.29,76.21,4.1
Bengaluru,2023,11,28,4.2965,23.55,74.94,3.49
Bengaluru,2023,11,29,3.8786,23.02,79.49,3.68
Bengaluru,2023,11,30,3.3142,22.83,78.56,3.61
Bengaluru,2023,12,1,2.6602,23.01,77.08,3.1
Bengaluru,2023,12,2,4.1887,23.1,76.81,4.67
Bengaluru,2023,12,3,2.7982,22.99,83.8,5.4
Bengaluru,2023,12,4,2.0162,22.51,80.6,5.72
Bengaluru,2023,12,5,3.8194,22.96,74.96,4.54
Bengaluru,2023,12,6,4.9594,23.94,69.85,1.92
Bengaluru,2023,12,7,4.2156,24.4,75.7,1.23
Bengaluru,2023,12,8,3.2693,22.91,83.37,2.68
Bengaluru,2023,12,9,3.2666,22.14,79.77,3.74
Bengaluru,2023,12,10,4.2269,23.37,71.79,3.36
Bengaluru,2023,12,11,4.1201,22.86,70.75,2.71
Bengaluru,2023,12,12,3.7735,22.07,70.08,3.14
Bengaluru,2023,12,13,4.3351,20.93,69.8,3.41
Bengaluru,2023,12,14,4.789,20.79,68.88,3.54
Bengaluru,2023,12,15,4.2142,22.24,74.55,3.42
Bengaluru,2023,12,16,3.6168,23.62,76.17,4.6
Bengaluru,2023,12,17,2.4715,22.44,76.16,4.94
Bengaluru,2023,12,18,2.2968,21.89,76.92,4.81
Bengaluru,2023,12,19,5.1031,21.65,70.29,5
Bengaluru,2023,12,20,3.359,21.8,69.16,4.25
Bengaluru,2023,12,21,4.2046,22.6,71.23,3.21
Bengaluru,2023,12,22,4.6356,22.57,66.5,2.68
Bengaluru,2023,12,23,5.1521,20.65,63.98,3.22
Bengaluru,2023,12,24,5.5066,21.33,69.65,3.77
Bengaluru,2023,12,25,3.5414,22.57,69.52,4.38
Bengaluru,2023,12,26,5.8891,21.15,64.59,4.13
Bengaluru,2023,12,27,6.0295,21.1,65.59,4.18
Bengaluru,2023,12,28,4.6913,21.81,71.73,4.59
Bengaluru,2023,12,29,3.3857,22.39,71.92,4.56
Bengaluru,2023,12,30,5.0501,22.3,64.82,4.12
Bengaluru,2023,12,31,5.4226,21.19,64.84,3.91
Bengaluru,2024,1,1,4.6692,21.79,66.01,2.64
Bengaluru,2024,1,2,4.3968,22.42,65.44,3.18
Bengaluru,2024,1,3,2.9746,22.27,67.87,3.01
Bengaluru,2024,1,4,2.4643,21.31,76.24,3.06
Bengaluru,2024,1,5,3.2774,22.83,71.45,3.07
Bengaluru,2024,1,6,4.6908,22.68,63.46,3.94
Bengaluru,2024,1,7,4.3327,22.07,69.71,4.92
Bengaluru,2024,1,8,2.1046,22.07,76.51,5.78
Bengaluru,2024,1,9,2.7516,21.82,73.88,5.31
Bengaluru,2024,1,10,3.7015,22.03,64.75,4.98
Bengaluru,2024,1,11,5.6186,22.2,61.36,4.48
Bengaluru,2024,1,12,5.8423,21.92,67.84,5.17
Bengaluru,2024,1,13,4.7328,23.11,65.34,3.92
Bengaluru,2024,1,14,5.2022,23.01,62.41,3.56
Bengaluru,2024,1,15,5.3981,22.66,62.3,2.91
Bengaluru,2024,1,16,5.3585,22.47,63.77,2.42
Bengaluru,2024,1,17,5.6052,22.64,62.55,3.06
Bengaluru,2024,1,18,5.2102,22.87,60.5,2.78
Bengaluru,2024,1,19,5.2651,23.26,59.9,3.03
Bengaluru,2024,1,20,5.381,24.38,61.49,2.68
Bengaluru,2024,1,21,5.9309,24.3,55.99,2.92
Bengaluru,2024,1,22,5.8181,24.69,56.86,2.97
Bengaluru,2024,1,23,5.7302,24.02,58.65,2.96
Bengaluru,2024,1,24,4.8415,24.67,58.14,3.06
Bengaluru,2024,1,25,4.8574,24.33,58.3,3.87
Bengaluru,2024,1,26,6.0598,23.48,55.6,4.33
Bengaluru,2024,1,27,5.898,23.4,57.28,4.85
Bengaluru,2024,1,28,5.027,23.36,57.43,4.73
Bengaluru,2024,1,29,5.7353,23.32,50.92,4.04
Bengaluru,2024,1,30,5.8188,23.19,49.81,2.19
Bengaluru,2024,1,31,6.1066,24.46,53.75,2.25
Bengaluru,2024,2,1,5.8817,24.97,50.47,1.94
Bengaluru,2024,2,2,4.9577,25.87,58.5,2.42
Bengaluru,2024,2,3,4.7189,26.01,59.42,4.23
Bengaluru,2024,2,4,6.1826,24.62,54.71,4.01
Bengaluru,2024,2,5,6.4555,24.4,52.11,4.39
Bengaluru,2024,2,6,6.5568,24.68,50.93,4.19
Bengaluru,2024,2,7,6.7406,24.82,47.97,3.81
Bengaluru,2024,2,8,6.0986,25.54,43.08,3.73
Bengaluru,2024,2,9,6.5364,24.94,50.18,4
Bengaluru,2024,2,10,6.391,24.8,54.69,4.99
Bengaluru,2024,2,11,6.5136,24.37,53.62,4.84
Bengaluru,2024,2,12,6.8712,23.72,49.69,4.8
Bengaluru,2024,2,13,6.7421,23.64,54.16,4.44
Bengaluru,2024,2,14,6.4478,25.01,54.3,4.93
Bengaluru,2024,2,15,6.6646,24.36,48.11,5.01
Bengaluru,2024,2,16,6.7742,23.95,48.35,5.43
Bengaluru,2024,2,17,6.8369,24.41,43.7,4.31
Bengaluru,2024,2,18,6.7915,24.82,40.29,2.61
Bengaluru,2024,2,19,6.6053,25.16,46.88,3
Bengaluru,2024,2,20,6.4495,25.94,47.8,3.08
Bengaluru,2024,2,21,5.7509,26.83,43.26,2.77
Bengaluru,2024,2,22,6.2122,26.81,37.48,2.45
Bengaluru,2024,2,23,6.5249,27.94,41.9,2.13
Bengaluru,2024,2,24,5.2898,27.94,50.85,3.94
Bengaluru,2024,2,25,5.7096,27.01,53.84,5.19
Bengaluru,2024,2,26,6.4426,25.77,53.68,5.81
Bengaluru,2024,2,27,6.845,26.26,51.5,5.19
Bengaluru,2024,2,28,7.1026,26.17,43.44,4.23
Bengaluru,2024,2,29,7.2878,25.22,37.74,4.68
Bengaluru,2024,3,1,7.1021,25.11,44.27,4.97
Bengaluru,2024,3,2,6.217,26.16,34.8,3.85
Bengaluru,2024,3,3,6.8525,26.53,37.82,2.44
Bengaluru,2024,3,4,6.9146,27.48,42.52,2.66
Bengaluru,2024,3,5,7.0296,27.79,39.04,3.3
Bengaluru,2024,3,6,5.957,27.96,34.72,2.48
Bengaluru,2024,3,7,6.8724,27.51,32.7,2.86
Bengaluru,2024,3,8,6.0439,28.38,33.42,2.8
Bengaluru,2024,3,9,6.1651,28.7,36.9,3.45
Bengaluru,2024,3,10,6.2098,28.17,42.9,4.51
Bengaluru,2024,3,11,6.1051,27.71,46.56,3.85
Bengaluru,2024,3,12,6.4613,27.92,42.51,3.3
Bengaluru,2024,3,13,6.0422,28.33,36.4,2.67
Bengaluru,2024,3,14,5.7499,29.15,35.74,1.98
Bengaluru,2024,3,15,5.7254,29.74,32.72,3.9
Bengaluru,2024,3,16,6.228,28.32,39.85,4.36
Bengaluru,2024,3,17,6.9787,27.58,41.89,4.66
Bengaluru,2024,3,18,6.9415,27.58,35.71,3.18
Bengaluru,2024,3,19,7.1261,27.92,35.08,3.65
Bengaluru,2024,3,20,7.1129,27.99,39.81,3.39
Bengaluru,2024,3,21,6.8477,27.62,48.86,4.35
Bengaluru,2024,3,22,5.7528,28.26,47.77,3.5
Bengaluru,2024,3,23,6.8602,28.7,45.02,4.04
Bengaluru,2024,3,24,7.0406,28.52,37.38,4.1
Bengaluru,2024,3,25,7.183,28.14,37.94,4.55
Bengaluru,2024,3,26,7.2991,28.38,32,4.86
Bengaluru,2024,3,27,7.7232,27.77,24.91,4.74
Bengaluru,2024,3,28,7.4462,28.3,28.23,4.11
Bengaluru,2024,3,29,7.1597,28.96,35.78,4.7
Bengaluru,2024,3,30,7.3193,28.97,32.79,4.63
Bengaluru,2024,3,31,7.6843,28.01,34.86,3.49
Bengaluru,2024,4,1,7.2989,28.77,43.72,2.62
Bengaluru,2024,4,2,7.3301,29.86,42.01,3.77
Bengaluru,2024,4,3,7.0728,29.63,34.74,4.08
Bengaluru,2024,4,4,7.5499,29.91,37.18,4.75
Bengaluru,2024,4,5,7.0831,30.47,34.14,4.34
Bengaluru,2024,4,6,7.0584,30.22,29.35,4.57
Bengaluru,2024,4,7,7.3908,30.1,29.66,4.84
Bengaluru,2024,4,8,7.5859,29.83,33.49,4.27
Bengaluru,2024,4,9,7.4282,28.98,45.72,5.32
Bengaluru,2024,4,10,7.4993,29.14,44.24,4.61
Bengaluru,2024,4,11,7.362,29.5,45.52,4.56
Bengaluru,2024,4,12,6.1975,29.38,48.41,5.13
Bengaluru,2024,4,13,6.3487,28.89,45.34,4.57
Bengaluru,2024,4,14,7.231,29.35,42.68,4.34
Bengaluru,2024,4,15,7.393,29.46,40.4,4.71
Bengaluru,2024,4,16,7.4837,29.86,41.01,4.39
Bengaluru,2024,4,17,6.1531,31.1,39.48,3.68
Bengaluru,2024,4,18,5.8142,32.38,35.6,3.42
Bengaluru,2024,4,19,5.8274,32.25,38.4,3.17
Bengaluru,2024,4,20,5.0369,32.29,35.34,3.55
Bengaluru,2024,4,21,7.0224,31.51,36.31,4.06
Bengaluru,2024,4,22,7.1218,31.04,38.53,4.16
Bengaluru,2024,4,23,7.5835,30.74,36.86,4.86
Bengaluru,2024,4,24,7.3574,30.14,34.09,4.39
Bengaluru,2024,4,25,6.6355,30.56,35.82,4.09
Bengaluru,2024,4,26,7.2494,30.35,37.95,4.37
Bengaluru,2024,4,27,7.6658,30.17,36.2,4.42
Bengaluru,2024,4,28,7.6094,31.01,33.9,4.37
Bengaluru,2024,4,29,7.6421,31.13,34.72,3.86
Bengaluru,2024,4,30,7.1923,31.18,33.28,3.75
Bengaluru,2024,5,1,6.6912,32.19,40.26,2.18
Bengaluru,2024,5,2,6.3149,31.55,46.53,1.51
Bengaluru,2024,5,3,4.7026,32.08,46.05,3.51
Bengaluru,2024,5,4,6.631,30.68,53.19,3.1
Bengaluru,2024,5,5,7.1302,31.51,45.24,2.98
Bengaluru,2024,5,6,6.8162,31.11,50.47,3.15
Bengaluru,2024,5,7,6.5136,29.33,61.21,2.79
Bengaluru,2024,5,8,6.0266,27.81,67.26,2.1
Bengaluru,2024,5,9,5.5752,27.9,65,2.34
Bengaluru,2024,5,10,5.7286,27.24,66.12,2.05
Bengaluru,2024,5,11,5.8742,27.78,62.43,2.84
Bengaluru,2024,5,12,5.399,27.58,66.51,2.04
Bengaluru,2024,5,13,4.8948,26.59,72.13,3.02
Bengaluru,2024,5,14,5.1497,26.72,67.12,2.77
Bengaluru,2024,5,15,5.5126,27.93,59.1,3.64
Bengaluru,2024,5,16,4.2886,26.27,67.07,2.8
Bengaluru,2024,5,17,3.9274,27.07,62.09,1.56
Bengaluru,2024,5,18,4.8763,26.35,72.27,1.93
Bengaluru,2024,5,19,3.846,25.47,77.32,2.94
Bengaluru,2024,5,20,4.2406,24.26,74.87,2.37
Bengaluru,2024,5,21,4.2142,25.3,75.09,2.46
Bengaluru,2024,5,22,5.371,27.22,66.64,3.08
Bengaluru,2024,5,23,5.3381,27.76,66.14,3
Bengaluru,2024,5,24,4.4227,27.48,68.09,2.51
Bengaluru,2024,5,25,3.931,23.97,78.53,5.83
Bengaluru,2024,5,26,4.3222,25.76,72.11,6.79
Bengaluru,2024,5,27,5.3162,26.18,71.83,6.25
Bengaluru,2024,5,28,5.2099,26.91,67.32,6.34
Bengaluru,2024,5,29,5.579,26.38,70.88,6.23
Bengaluru,2024,5,30,6.1001,26.81,73.37,4.05
Bengaluru,2024,5,31,6.515,27.73,69.5,4.5
Bengaluru,2024,6,1,4.9337,26.79,76.94,4.13
Bengaluru,2024,6,2,6.221,25.43,76.2,2.57
Bengaluru,2024,6,3,5.328,25.77,75.81,2.11
Bengaluru,2024,6,4,5.7775,25.52,80.04,2.22
Bengaluru,2024,6,5,5.6239,25.08,81.88,2.74
Bengaluru,2024,6,6,5.2913,24.8,79.55,3.37
Bengaluru,2024,6,7,5.4223,24.39,79.88,3.63
Bengaluru,2024,6,8,5.7374,24.68,76.33,5.72
Bengaluru,2024,6,9,5.2565,24.1,77.24,7.05
Bengaluru,2024,6,10,5.3798,23.85,77.15,7.41
Bengaluru,2024,6,11,5.3789,23.05,75.23,6.96
Bengaluru,2024,6,12,4.6418,23.19,76.47,6.79
Bengaluru,2024,6,13,5.3717,23.52,70.07,6.68
Bengaluru,2024,6,14,5.9542,23.26,67.88,5.5
Bengaluru,2024,6,15,6.4594,24.43,75.55,4.67
Bengaluru,2024,6,16,6.1063,24.99,70.76,5.37
Bengaluru,2024,6,17,6.3233,24.99,70.14,3.9
Bengaluru,2024,6,18,5.1504,24.54,74.7,4.68
Bengaluru,2024,6,19,5.406,23.9,75.73,5.47
Bengaluru,2024,6,20,5.2378,24.04,76.7,6.03
Bengaluru,2024,6,21,5.4437,23.39,78.43,6.14
Bengaluru,2024,6,22,5.6326,23.53,77.45,5.25
Bengaluru,2024,6,23,4.8228,23.14,80.35,5.89
Bengaluru,2024,6,24,4.9061,23.15,79.01,6.7
Bengaluru,2024,6,25,4.5324,22.96,76.03,8.05
Bengaluru,2024,6,26,4.2209,22.6,72.34,8.86
Bengaluru,2024,6,27,3.0864,21.71,75.45,8.41
Bengaluru,2024,6,28,4.8686,23.17,70.67,6.48
Bengaluru,2024,6,29,5.3093,24.5,75.07,5.98
Bengaluru,2024,6,30,3.893,24.12,74.09,5.39
Bengaluru,2024,7,1,3.3629,22.67,79.96,6.47
Bengaluru,2024,7,2,4.5718,24.44,68.84,6.31
Bengaluru,2024,7,3,4.9879,24.21,77.65,5.86
Bengaluru,2024,7,4,4.5924,25,72.65,5.85
Bengaluru,2024,7,5,5.0263,23.21,76.78,5.74
Bengaluru,2024,7,6,3.8333,23.3,81.21,6.88
Bengaluru,2024,7,7,4.7374,24.09,74.45,6.32
Bengaluru,2024,7,8,3.8256,23.61,76.58,5.92
Bengaluru,2024,7,9,4.1878,23.33,79.82,5.54
Bengaluru,2024,7,10,5.8958,23.77,78.23,4.53
Bengaluru,2024,7,11,5.2073,24.59,72.48,5.44
Bengaluru,2024,7,12,5.2298,23.68,74.28,5.68
Bengaluru,2024,7,13,4.2062,23.06,77.05,7.26
Bengaluru,2024,7,14,3.0418,23.54,77.38,7.96
Bengaluru,2024,7,15,2.2373,23.41,83.47,7.75
Bengaluru,2024,7,16,2.975,23.28,83.89,8.22
Bengaluru,2024,7,17,3.7022,23.16,81.76,8.08
Bengaluru,2024,7,18,3.0355,22.87,82.43,9.21
Bengaluru,2024,7,19,2.5894,23.41,81.24,9.39
Bengaluru,2024,7,20,3.9629,23.5,79.93,8.24
Bengaluru,2024,7,21,3.5292,23.95,77.52,8.56
Bengaluru,2024,7,22,4.0994,23.87,74.93,8.69
Bengaluru,2024,7,23,3.9326,23.7,74.24,8.84
Bengaluru,2024,7,24,3.6749,23.28,77.29,8.81
Bengaluru,2024,7,25,3.7349,23.47,76.68,9.78
Bengaluru,2024,7,26,3.5234,23.74,76.51,9.19
Bengaluru,2024,7,27,4.596,23.92,74.42,8.55
Bengaluru,2024,7,28,3.0718,24.11,75.17,8.3
Bengaluru,2024,7,29,3.6389,24.83,76.06,7.77
Bengaluru,2024,7,30,3.785,23.67,80.98,6.19
Bengaluru,2024,7,31,4.0807,24.15,80.81,5.77
Bengaluru,2024,8,1,4.1508,24.59,78.23,6.52
Bengaluru,2024,8,2,4.1182,23.9,76.65,6.77
Bengaluru,2024,8,3,4.6001,23.11,78.88,5.75
Bengaluru,2024,8,4,5.4679,22.97,80.31,5.19
Bengaluru,2024,8,5,4.703,24.2,76.69,3.6
Bengaluru,2024,8,6,4.0838,23.47,84.08,3.92
Bengaluru,2024,8,7,4.0524,23.06,84.39,3.98
Bengaluru,2024,8,8,3.5794,23.87,78.59,4
Bengaluru,2024,8,9,4.8062,24.52,78.73,3.21
Bengaluru,2024,8,10,5.143,24.24,80.97,3.29
Bengaluru,2024,8,11,5.1197,24.13,82.21,3.75
Bengaluru,2024,8,12,5.1118,23.47,89.22,3.24
Bengaluru,2024,8,13,6.0463,25.07,81.26,2.36
Bengaluru,2024,8,14,6.3823,25.2,80.58,1.79
Bengaluru,2024,8,15,5.7458,25.11,78.63,2.33
Bengaluru,2024,8,16,4.9596,25.21,80.85,2.39
Bengaluru,2024,8,17,5.8039,24.68,86.66,3.32
Bengaluru,2024,8,18,5.3393,24.71,79.4,2.31
Bengaluru,2024,8,19,5.1338,24.44,81.31,2.41
Bengaluru,2024,8,20,5.3897,24.65,81.28,2.4
Bengaluru,2024,8,21,5.1982,24.22,83.68,4.02
Bengaluru,2024,8,22,5.9407,23.63,84.28,4.29
Bengaluru,2024,8,23,6.2597,23.9,81.4,4.36
Bengaluru,2024,8,24,5.3467,23.08,81.14,5.86
Bengaluru,2024,8,25,4.8571,23.04,83.49,5.7
Bengaluru,2024,8,26,4.8214,23.74,78.99,6.4
Bengaluru,2024,8,27,4.5864,22.98,84.27,4.95
Bengaluru,2024,8,28,3.9751,22.7,82.71,5.16
Bengaluru,2024,8,29,3.2242,23.53,82.54,5.43
Bengaluru,2024,8,30,4.4923,22.87,86.58,5.68
Bengaluru,2024,8,31,3.8071,22.57,83.17,6.45
Bengaluru,2024,9,1,5.4158,22.91,78.88,7.02
Bengaluru,2024,9,2,4.8168,22.85,78.69,6.22
Bengaluru,2024,9,3,4.7786,23.73,80.39,5.01
Bengaluru,2024,9,4,5.0194,23.5,83.56,4.97
Bengaluru,2024,9,5,5.2807,23.42,84.37,4.67
Bengaluru,2024,9,6,4.099,23.44,83.69,5.25
Bengaluru,2024,9,7,4.2391,23.32,83.74,4.94
Bengaluru,2024,9,8,4.4544,23.43,81.96,5.31
Bengaluru,2024,9,9,4.4131,24.06,79.45,6.01
Bengaluru,2024,9,10,5.2572,23.99,80.44,6.17
Bengaluru,2024,9,11,5.279,23.94,78.03,5.59
Bengaluru,2024,9,12,5.1542,23.36,79.58,4.99
Bengaluru,2024,9,13,5.6174,24.15,75.02,4.53
Bengaluru,2024,9,14,5.604,24.32,73.26,4.58
Bengaluru,2024,9,15,5.4986,24.25,73.69,5.25
Bengaluru,2024,9,16,5.743,23.91,75.21,5.19
Bengaluru,2024,9,17,5.9345,24.21,73.5,5.02
Bengaluru,2024,9,18,6.9492,23.71,71.61,4.15
Bengaluru,2024,9,19,6.2434,24.46,70.36,3.4
Bengaluru,2024,9,20,6.079,24.51,73.93,2.68
Bengaluru,2024,9,21,5.3299,24.91,73.99,4.13
Bengaluru,2024,9,22,4.7395,24.12,77.18,4.25
Bengaluru,2024,9,23,4.3846,23.66,80.93,3.98
Bengaluru,2024,9,24,3.7939,23.96,82,4.79
Bengaluru,2024,9,25,4.1765,24.05,80.65,5.12
Bengaluru,2024,9,26,3.661,23.34,78.1,4.26
Bengaluru,2024,9,27,4.8583,24.03,75.84,3.5
Bengaluru,2024,9,28,5.0258,24.43,77.61,2.05
Bengaluru,2024,9,29,5.2058,24.86,77.25,2.31
Bengaluru,2024,9,30,5.6525,24.85,74.34,2.42
Bengaluru,2024,10,1,5.7065,25.23,71,2.42
Bengaluru,2024,10,2,5.8078,25.74,74.57,1.86
Bengaluru,2024,10,3,4.9044,24.24,86.78,2.68
Bengaluru,2024,10,4,4.9637,23.56,88.22,2.14
Bengaluru,2024,10,5,4.2322,23.64,85.88,2.42
Bengaluru,2024,10,6,4.3555,21.57,88.67,2.99
Bengaluru,2024,10,7,4.6642,22.77,80.49,3.16
Bengaluru,2024,10,8,5.1617,23.56,83.42,3.44
Bengaluru,2024,10,9,5.2709,23.68,84.71,3.38
Bengaluru,2024,10,10,4.7846,23.55,84.57,3.08
Bengaluru,2024,10,11,4.4441,23.34,86.63,3.08
Bengaluru,2024,10,12,4.4498,22.71,88.12,3.04
Bengaluru,2024,10,13,4.3073,22.95,87.62,3.13
Bengaluru,2024,10,14,3.0667,22.56,86.91,2.83
Bengaluru,2024,10,15,1.7501,22.27,90.86,2.66
Bengaluru,2024,10,16,2.9335,22.09,92.1,2.81
Bengaluru,2024,10,17,4.0884,23.47,89.62,3.11
Bengaluru,2024,10,18,4.9718,22.53,83.82,3.04
Bengaluru,2024,10,19,2.9042,22.6,89.99,2.44
Bengaluru,2024,10,20,4.5046,23.21,85.94,1.64
Bengaluru,2024,10,21,4.8816,23.65,86.16,2.21
Bengaluru,2024,10,22,4.3874,23.84,83.77,1.05
Bengaluru,2024,10,23,4.6678,23.74,83.77,1.54
Bengaluru,2024,10,24,3.5054,22.95,86.25,1.05
Bengaluru,2024,10,25,4.8254,23.01,81.46,2.06
Bengaluru,2024,10,26,5.1511,22.06,79.41,2.87
Bengaluru,2024,10,27,5.1168,21.66,85.42,2.8
Bengaluru,2024,10,28,5.4137,22.47,80.11,1.9
Bengaluru,2024,10,29,5.5471,23.55,79.61,1.65
Bengaluru,2024,10,30,4.847,23.84,81.77,1
Bengaluru,2024,10,31,3.9732,23.12,88.36,2
Bengaluru,2024,11,1,4.3807,23.33,86.25,2.21
Bengaluru,2024,11,2,4.7278,23.07,83.78,2.9
Bengaluru,2024,11,3,4.8874,22.74,84.06,3.1
Bengaluru,2024,11,4,4.3234,22.55,84.22,3.41
Bengaluru,2024,11,5,5.1254,21.81,81.66,2.82
Bengaluru,2024,11,6,5.4125,22.01,81.61,2.96
Bengaluru,2024,11,7,2.7823,22.89,85.4,3.29
Bengaluru,2024,11,8,5.0659,22.66,83.48,3.8
Bengaluru,2024,11,9,5.4214,21.87,83.65,3.81
Bengaluru,2024,11,10,5.6383,21.25,81.78,3.04
Bengaluru,2024,11,11,5.3556,20.97,80.24,3.15
Bengaluru,2024,11,12,1.9169,21.46,84.57,3.12
Bengaluru,2024,11,13,3.4414,22.54,86.86,4.07
Bengaluru,2024,11,14,2.9657,22.68,86.35,3.55
Bengaluru,2024,11,15,3.311,22.42,88.31,3.3
Bengaluru,2024,11,16,3.7214,22.39,87.44,3.73
Bengaluru,2024,11,17,3.5208,22.3,84.27,3.75
Bengaluru,2024,11,18,4.2521,22.42,83.73,3.93
Bengaluru,2024,11,19,4.3337,22.1,81.83,3.73
Bengaluru,2024,11,20,4.0932,21.33,80.95,3.17
Bengaluru,2024,11,21,4.4086,21.3,75.73,2.39
Bengaluru,2024,11,22,5.4562,20.88,80.05,2.55
Bengaluru,2024,11,23,4.3925,20.95,76.81,2.29
Bengaluru,2024,11,24,4.566,21.82,78.74,2.79
Bengaluru,2024,11,25,4.3817,20.5,80.35,3.4
Bengaluru,2024,11,26,3.1366,20.5,87.3,3.88
Bengaluru,2024,11,27,3.4195,21.49,81.47,4.68
Bengaluru,2024,11,28,4.8746,21.08,73.07,4.91
Bengaluru,2024,11,29,3.5347,20.94,85.17,4.92
Bengaluru,2024,11,30,1.3514,22.04,87.94,5.84
Bengaluru,2024,12,1,0.9924,21.37,93.28,6.35
Bengaluru,2024,12,2,1.213,21.68,95.42,5.86
Bengaluru,2024,12,3,3.2275,22.75,91.01,5.04
Bengaluru,2024,12,4,4.4119,22.53,86.65,3.86
Bengaluru,2024,12,5,4.3198,22.52,86.26,2.99
Bengaluru,2024,12,6,5.4386,22.22,82.87,2.27
Bengaluru,2024,12,7,5.0366,22.4,85.31,2.51
Bengaluru,2024,12,8,5.2618,22.03,82.86,2.81
Bengaluru,2024,12,9,4.805,22.14,84.98,2.35
Bengaluru,2024,12,10,4.535,22.28,83.87,2.77
Bengaluru,2024,12,11,3.2054,22.12,84,3.92
Bengaluru,2024,12,12,1.8175,21.01,91.45,3.93
Bengaluru,2024,12,13,2.0753,20.92,88.31,4.36
Bengaluru,2024,12,14,3.869,20.81,82.59,4.15
Bengaluru,2024,12,15,5.6213,18.63,81.78,3.75
Bengaluru,2024,12,16,5.6208,17.56,77.23,3.09
Bengaluru,2024,12,17,4.4935,19.9,79.26,2.18
Bengaluru,2024,12,18,3.954,21.07,85.17,3
Bengaluru,2024,12,19,3.5623,22.74,84.57,2.77
Bengaluru,2024,12,20,4.1674,22.74,84.16,2.45
Bengaluru,2024,12,21,4.5797,23.63,77.28,1.61
Bengaluru,2024,12,22,3.9756,22.65,77.5,1.75
Bengaluru,2024,12,23,3.8666,21.99,79.4,2.24
Bengaluru,2024,12,24,4.3836,21.75,75.83,1.59
Bengaluru,2024,12,25,3.1099,21.8,80.79,2.71
Bengaluru,2024,12,26,2.3743,22.36,83.8,4.28
Bengaluru,2024,12,27,3.5131,21.66,84.3,5.07
Bengaluru,2024,12,28,4.5278,20.88,79.38,4.18
Bengaluru,2024,12,29,5.6102,20.86,78.6,3.78
Bengaluru,2024,12,30,3.4978,21.2,75.5,4.86
Bengaluru,2024,12,31,5.7787,20.78,75.91,4.55
Bengaluru,2025,1,1,5.7773,19.97,76.49,4.13
Bengaluru,2025,1,2,5.4749,19.98,76.3,3.79
Bengaluru,2025,1,3,5.7142,19.71,76.25,3.8
Bengaluru,2025,1,4,5.867,18.66,73.47,2.84
Bengaluru,2025,1,5,5.8514,18.93,71.28,3.01
Bengaluru,2025,1,6,5.8193,19.14,70.74,2.53
Bengaluru,2025,1,7,5.6827,19.56,72.92,2.38
Bengaluru,2025,1,8,5.6779,19.12,70.38,3.17
Bengaluru,2025,1,9,4.9802,19.51,72.39,4.25
Bengaluru,2025,1,10,4.009,20.64,76.33,3.75
Bengaluru,2025,1,11,2.7197,21.98,74.31,3.88
Bengaluru,2025,1,12,5.2394,22.07,70.91,3.34
Bengaluru,2025,1,13,3.1858,22.46,79.46,3.76
Bengaluru,2025,1,14,3.432,22.33,73.69,4.89
Bengaluru,2025,1,15,3.9204,21.27,69.13,5.38
Bengaluru,2025,1,16,5.2145,20.89,72.33,4.65
Bengaluru,2025,1,17,4.8235,20.98,73.87,4.39
Bengaluru,2025,1,18,4.9858,21.12,71.97,4.63
Bengaluru,2025,1,19,2.251,21.37,81.52,4.4
Bengaluru,2025,1,20,5.7746,21.62,65.9,3.67
Bengaluru,2025,1,21,6.0029,20.79,63.68,3.48
Bengaluru,2025,1,22,6.0137,21.39,67.14,3.52
Bengaluru,2025,1,23,5.1262,21.83,67.83,3.83
Bengaluru,2025,1,24,6.2297,20.68,64.64,3.62
Bengaluru,2025,1,25,5.8793,20.52,61.31,3.73
Bengaluru,2025,1,26,6.4262,19.55,56.57,4.37
Bengaluru,2025,1,27,6.517,20.38,62.12,3.36
Bengaluru,2025,1,28,5.8445,20.77,63.05,2.87
Bengaluru,2025,1,29,6.2546,20.87,62,3.6
Bengaluru,2025,1,30,5.5258,21.03,57.53,1.91
Bengaluru,2025,1,31,6.048,23.45,68.96,2.88
Bengaluru,2025,2,1,5.837,23.62,66.52,2.89
Bengaluru,2025,2,2,6.5381,22.72,58.33,3.15
Bengaluru,2025,2,3,6.733,21.36,53.72,3.37
Bengaluru,2025,2,4,6.5174,21.88,48.09,3.63
Bengaluru,2025,2,5,6.3002,21.86,53.62,4.16
Bengaluru,2025,2,6,6.5652,21.48,57.69,4.26
Bengaluru,2025,2,7,6.7258,21.89,56.29,4.18
Bengaluru,2025,2,8,5.9861,22.34,57.45,3.98
Bengaluru,2025,2,9,5.9678,22.31,61.32,4.09
Bengaluru,2025,2,10,6.0648,22.09,61.09,3.47
Bengaluru,2025,2,11,6.7975,22.2,54.78,3.11
Bengaluru,2025,2,12,6.9883,22.66,50.88,3.43
Bengaluru,2025,2,13,6.947,23.1,44.57,3.53
Bengaluru,2025,2,14,6.7706,23.47,42.46,2.6
Bengaluru,2025,2,15,6.4898,23.77,48.14,3.26
Bengaluru,2025,2,16,6.7298,23.36,53.45,3.65
Bengaluru,2025,2,17,6.779,23.82,53.8,3.79
Bengaluru,2025,2,18,6.7565,24.01,51.76,3.68
Bengaluru,2025,2,19,6.7421,24.76,47.44,3.38
Bengaluru,2025,2,20,6.5839,25.16,51.09,3.7
Bengaluru,2025,2,21,6.5911,25.08,51.56,3.7
Bengaluru,2025,2,22,6.4706,25.03,50.28,4.11
Bengaluru,2025,2,23,6.1462,24.83,43.85,4.8
Bengaluru,2025,2,24,7.0229,24.37,40.92,5.11
Bengaluru,2025,2,25,6.8309,24.03,51.09,4.83
Bengaluru,2025,2,26,6.7495,24.69,48.77,5.63
Bengaluru,2025,2,27,7.0258,24.19,46.6,5.06
Bengaluru,2025,2,28,6.7474,24.5,44.55,4.6
Bengaluru,2025,3,1,5.6909,25.89,49.72,4.31
Bengaluru,2025,3,2,6.4505,26.14,46.45,3.79
Bengaluru,2025,3,3,5.5826,26.3,46.69,3.86
Bengaluru,2025,3,4,6.1459,26.63,37.31,4.84
Bengaluru,2025,3,5,5.7086,26.67,34.66,3.32
Bengaluru,2025,3,6,6.3074,26.76,32.23,3.16
Bengaluru,2025,3,7,7.206,25.68,26.09,2.72
Bengaluru,2025,3,8,6.8558,25.61,37.28,3.28
Bengaluru,2025,3,9,7.0195,25.88,40.68,4.89
Bengaluru,2025,3,10,7.3102,24.95,46.68,5.03
Bengaluru,2025,3,11,6.1555,24.59,60.21,5.77
Bengaluru,2025,3,12,5.9652,26.77,60.48,4.55
Bengaluru,2025,3,13,7.3351,27.51,47.09,3.61
Bengaluru,2025,3,14,7.2737,27.52,39.41,4.17
Bengaluru,2025,3,15,7.5377,26.32,40.95,4.43
Bengaluru,2025,3,16,7.2946,26.8,45.31,3.56
Bengaluru,2025,3,17,6.1025,28.57,49.04,2.04
Bengaluru,2025,3,18,6.8117,28.93,45.46,3.77
Bengaluru,2025,3,19,6.7632,27.88,49.1,4.46
Bengaluru,2025,3,20,7.2216,27.87,48.26,4.73
Bengaluru,2025,3,21,6.6797,28.3,51.07,3.64
Bengaluru,2025,3,22,5.4648,27.38,56.8,3.47
Bengaluru,2025,3,23,5.7396,26.99,58.87,2.91
Bengaluru,2025,3,24,6.3062,28.38,49.56,3.7
Bengaluru,2025,3,25,6.5239,27.71,41.98,3.46
Bengaluru,2025,3,26,6.7301,28.25,34.72,3.07
Bengaluru,2025,3,27,6.5453,28.85,36.52,3.08
Bengaluru,2025,3,28,6.3946,28.94,34.88,3.92
Bengaluru,2025,3,29,6.8422,28.57,28.45,4.1
Bengaluru,2025,3,30,6.6307,28.23,28.04,4.61
Bengaluru,2025,3,31,6.4157,28.11,34.4,4.61
Bengaluru,2025,4,1,5.5438,27.21,42.57,3.62
Bengaluru,2025,4,2,5.3935,27.31,48.59,3.54
Bengaluru,2025,4,3,3.8806,26.2,60.22,2.92
Bengaluru,2025,4,4,6.0425,27.46,49.84,2.75
Bengaluru,2025,4,5,6.061,25.98,59.61,2.42
Bengaluru,2025,4,6,6.15,27.19,51.1,3.62
Bengaluru,2025,4,7,6.9487,28.38,49.1,4.22
Bengaluru,2025,4,8,6.8825,27.99,44.51,4.13
Bengaluru,2025,4,9,6.6586,27.84,44.01,3.08
Bengaluru,2025,4,10,6.0552,27.6,45.32,2.44
Bengaluru,2025,4,11,6.3895,28.7,49.54,3.25
Bengaluru,2025,4,12,6.961,27.7,56.28,3.24
Bengaluru,2025,4,13,6.1414,27.14,58.1,2.54
Bengaluru,2025,4,14,6.235,27.05,58.06,2.83
Bengaluru,2025,4,15,6.6734,27.57,53.58,2.76
Bengaluru,2025,4,16,6.2969,27.75,59.23,2.3
Bengaluru,2025,4,17,6.9401,28.92,54.17,1.52
Bengaluru,2025,4,18,5.4734,27.9,59.43,2.52
Bengaluru,2025,4,19,6.2443,28.69,56.3,2.5
Bengaluru,2025,4,20,6.007,29.53,48.62,2.55
Bengaluru,2025,4,21,6.8539,28.55,50.01,3.27
Bengaluru,2025,4,22,7.1618,29.05,39.64,3.71
Bengaluru,2025,4,23,7.0906,29.52,35.75,3.43
Bengaluru,2025,4,24,7.248,29.98,41.67,3.78
Bengaluru,2025,4,25,6.7428,29.96,41.72,3.92
Bengaluru,2025,4,26,6.275,29.36,45.37,3.97
Bengaluru,2025,4,27,6.2458,29.29,47.97,3.2
Bengaluru,2025,4,28,6.7284,29.33,47.63,3.95
Bengaluru,2025,4,29,6.2762,30.11,43.32,3.86
Bengaluru,2025,4,30,6.3492,29.67,45.56,2.86
Bengaluru,2025,5,1,5.6659,28.54,59.22,1.92
Bengaluru,2025,5,2,5.837,28.41,58.34,1.71
Bengaluru,2025,5,3,6.4862,27.51,60.94,1.78
Bengaluru,2025,5,4,7.1724,27.24,56.13,2.84
Bengaluru,2025,5,5,6.0862,28.24,48.87,1.67
Bengaluru,2025,5,6,6.9022,28.78,52.95,2.13
Bengaluru,2025,5,7,6.6118,28.03,53.63,3.28
Bengaluru,2025,5,8,6.738,27.12,60.73,1.78
Bengaluru,2025,5,9,7.1885,27.63,58.63,2.21
Bengaluru,2025,5,10,6.5971,27.43,59.25,1.25
Bengaluru,2025,5,11,7.0334,28.39,54.1,1.49
Bengaluru,2025,5,12,6.6804,27.51,61.91,2.24
Bengaluru,2025,5,13,6.3374,27,68.53,2.12
Bengaluru,2025,5,14,6.2957,26.97,67,2.33
Bengaluru,2025,5,15,5.9194,24.96,78.97,1.73
Bengaluru,2025,5,16,5.7698,25.54,74.71,1.65
Bengaluru,2025,5,17,4.0774,26.22,71.53,2.24
Bengaluru,2025,5,18,4.8768,24.56,82.92,2.49
Bengaluru,2025,5,19,3.8642,24.7,83.26,2
Bengaluru,2025,5,20,3.8899,24.65,83.72,2.42
Bengaluru,2025,5,21,4.4594,23.76,82.76,6.87
Bengaluru,2025,5,22,5.6254,23.89,78.77,5.96
Bengaluru,2025,5,23,5.1742,25.03,78.24,6.02
Bengaluru,2025,5,24,3.8758,24.4,79.74,7.82
Bengaluru,2025,5,25,3.9324,24.02,82.01,7.9
Bengaluru,2025,5,26,3.6876,23.1,83.21,8.09
Bengaluru,2025,5,27,3.7548,24.46,74.95,8.71
Bengaluru,2025,5,28,4.0265,23.92,77.54,7.65
Bengaluru,2025,5,29,3.6586,23.52,78.47,7.44
Bengaluru,2025,5,30,3.0974,23.24,81.52,6.6
Bengaluru,2025,5,31,4.9054,24.13,74.21,5.87
Bengaluru,2025,6,1,6.3523,24.13,72.8,5.28
Bengaluru,2025,6,2,5.7384,24.41,73.57,5.17
Bengaluru,2025,6,3,4.8358,24.5,72.23,5.56
Bengaluru,2025,6,4,6.0365,24.77,70.77,4.71
Bengaluru,2025,6,5,6.5986,24.38,66.08,3.93
Bengaluru,2025,6,6,6.5525,25.36,66.79,3.06
Bengaluru,2025,6,7,6.8861,26.01,70.59,3.57
Bengaluru,2025,6,8,6.6761,24.99,75.63,4.19
Bengaluru,2025,6,9,5.3602,25.27,73.94,5.33
Bengaluru,2025,6,10,5.4631,24.61,80.38,5.26
Bengaluru,2025,6,11,4.1203,24.55,82,5.55
Bengaluru,2025,6,12,4.3817,23.63,83.08,5.38
Bengaluru,2025,6,13,3.8443,23.68,87.38,5.56
Bengaluru,2025,6,14,4.2125,23.71,83.1,6.82
Bengaluru,2025,6,15,4.0404,22.7,79.34,9.14
Bengaluru,2025,6,16,4.2151,22.49,76.88,8.95
Bengaluru,2025,6,17,4.0327,24.05,75.12,6.69
Bengaluru,2025,6,18,4.9056,24.81,75.18,6.01
Bengaluru,2025,6,19,5.0186,24.5,77.93,5.69
Bengaluru,2025,6,20,5.5397,25,74.33,5.59
Bengaluru,2025,6,21,5.6868,24.91,74.9,5.78
Bengaluru,2025,6,22,4.8401,24.43,76.83,6.37
Bengaluru,2025,6,23,4.7971,24.05,72.74,7.85
Bengaluru,2025,6,24,4.7117,22.63,72.32,7.58
Bengaluru,2025,6,25,3.7951,23.54,74.53,6.86
Bengaluru,2025,6,26,4.0111,23.65,74,6.58
Bengaluru,2025,6,27,4.6817,24.26,74.23,6.44
Bengaluru,2025,6,28,4.5917,24.82,73.83,5.67
Bengaluru,2025,6,29,5.1521,24.93,72.17,6.4
Bengaluru,2025,6,30,4.9296,24.14,74.51,6.09
Bengaluru,2025,7,1,3.7786,24.3,75.55,5.44
Bengaluru,2025,7,2,4.4225,24.08,74.77,6.85
Bengaluru,2025,7,3,4.0572,23.97,71.96,7
Bengaluru,2025,7,4,4.7614,24.18,71.49,6.87
Bengaluru,2025,7,5,4.0723,24.46,72.58,7.54
Bengaluru,2025,7,6,4.3812,24.58,73.48,7.77
Bengaluru,2025,7,7,4.6171,24.35,74.48,7.43
Bengaluru,2025,7,8,5.0138,25.17,70.87,6.92
Bengaluru,2025,7,9,5.0803,25.19,70.61,6.29
Bengaluru,2025,7,10,4.5905,24.93,73.26,5.34
Bengaluru,2025,7,11,5.2375,25.24,73.75,4.98
Bengaluru,2025,7,12,4.7153,24.94,73.59,5.48
Bengaluru,2025,7,13,4.4568,24.5,75.95,5.74
Bengaluru,2025,7,14,4.4904,23.98,77.29,6.39
Bengaluru,2025,7,15,4.3267,24.46,74.78,6.14
Bengaluru,2025,7,16,4.5295,24.58,77.5,4.38
Bengaluru,2025,7,17,4.6262,23.73,82.02,3.8
Bengaluru,2025,7,18,4.9186,23.95,78.1,3.69
Bengaluru,2025,7,19,3.0629,22.74,79.9,4.87
Bengaluru,2025,7,20,4.411,23.48,78.51,5.55
Bengaluru,2025,7,21,3.8647,21.84,79.71,5.65
Bengaluru,2025,7,22,3.6804,22.44,72.5,6.81
Bengaluru,2025,7,23,3.9943,23.2,77.72,6.84
Bengaluru,2025,7,24,3.1416,23.13,77.42,7.19
Bengaluru,2025,7,25,3.2926,23.38,74.17,8.73
Bengaluru,2025,7,26,3.2561,23.3,76.27,8.75
Bengaluru,2025,7,27,3.787,23.44,72.84,7.92
Bengaluru,2025,7,28,3.8971,23.55,72.62,7.49
Bengaluru,2025,7,29,4.0814,23.8,72.82,7.67
Bengaluru,2025,7,30,4.2504,24.57,71.63,7.01
Bengaluru,2025,7,31,4.105,25.21,71.74,5.67
Bengaluru,2025,8,1,4.691,25.09,71.88,4.76
Bengaluru,2025,8,2,5.2205,25.17,72.28,4.92
Bengaluru,2025,8,3,4.3831,24.08,80.74,3.14
Bengaluru,2025,8,4,4.8756,23.64,81.94,1.71
Bengaluru,2025,8,5,4.5936,24.75,79.16,1.84
Bengaluru,2025,8,6,4.8698,23.56,86.18,3.66
Bengaluru,2025,8,7,5.2042,23.62,85.08,3.09
Bengaluru,2025,8,8,4.0178,23.23,86.33,2.64
Bengaluru,2025,8,9,3.6442,23.62,82.92,2.41
Bengaluru,2025,8,10,3.4831,22.96,84.01,3.01
Bengaluru,2025,8,11,3.6545,21.9,83.74,4.68
Bengaluru,2025,8,12,4.0332,22.13,79.32,4.87
Bengaluru,2025,8,13,3.1363,21.7,80.8,5.22
Bengaluru,2025,8,14,3.5714,22.56,81.3,5.58
Bengaluru,2025,8,15,4.0716,22.73,80.74,6.01
Bengaluru,2025,8,16,3.8786,22.63,83.4,5.76
Bengaluru,2025,8,17,2.8783,22.82,83.62,6.05
Bengaluru,2025,8,18,2.5987,22.25,82.72,7.32
Bengaluru,2025,8,19,3.9701,22.72,78.43,8.26
Bengaluru,2025,8,20,4.8526,22.66,79.52,5.43
Bengaluru,2025,8,21,4.7429,23.46,80.28,3.28
Bengaluru,2025,8,22,5.3467,23.43,81.59,1.95
Bengaluru,2025,8,23,4.7645,23.63,81.29,3.44
Bengaluru,2025,8,24,5.748,24.1,75.47,4.55
Bengaluru,2025,8,25,5.1581,23.23,76.71,4.35
Bengaluru,2025,8,26,4.9368,23.93,75.29,4.46
Bengaluru,2025,8,27,4.0495,23.23,81.2,5.24
Bengaluru,2025,8,28,4.7508,23.22,78.01,5.82
Bengaluru,2025,8,29,5.0129,22.47,79.38,5.82
Bengaluru,2025,8,30,4.6826,23.35,81.06,4.89
Bengaluru,2025,8,31,4.2535,23.79,80.88,4.83
Bengaluru,2025,9,1,3.498,23.26,81.97,5.71
Bengaluru,2025,9,2,4.3188,23.14,82.47,5.56
Bengaluru,2025,9,3,3.6994,23.47,82.21,5.33
Bengaluru,2025,9,4,4.453,23.73,79.97,4.3
Bengaluru,2025,9,5,4.6164,23.46,80.95,3.42
Bengaluru,2025,9,6,4.823,24.08,78.84,3.4
Bengaluru,2025,9,7,5.0172,23.88,79.37,3.8
Bengaluru,2025,9,8,6.2873,23.79,76.29,3.31
Bengaluru,2025,9,9,5.3436,24.72,78.57,1.9
Bengaluru,2025,9,10,4.7287,23.92,81.88,1.91
Bengaluru,2025,9,11,4.1614,22.82,84,2.42
Bengaluru,2025,9,12,5.5973,23.56,79.01,2.92
Bengaluru,2025,9,13,4.4184,23.31,84.88,2.5
Bengaluru,2025,9,14,5.5114,23.26,83.01,2.77
Bengaluru,2025,9,15,5.1245,23.23,83.2,3.06
Bengaluru,2025,9,16,4.3286,23.58,84.11,2.17
Bengaluru,2025,9,17,4.4071,22.68,89.98,2.08
Bengaluru,2025,9,18,5.1818,23.36,85.77,2.52
Bengaluru,2025,9,19,3.3401,22.31,87.47,3.23
Bengaluru,2025,9,20,4.6015,22.3,88.42,3.83
Bengaluru,2025,9,21,4.769,23.09,85.72,3.52
Bengaluru,2025,9,22,4.9507,22.89,85.19,3.75
Bengaluru,2025,9,23,4.0608,22.58,84.23,4.18
Bengaluru,2025,9,24,4.6726,22.68,82.99,4.49
Bengaluru,2025,9,25,4.7858,22.75,82.51,4.71
Bengaluru,2025,9,26,4.715,22.72,81.32,5.31
Bengaluru,2025,9,27,4.2994,21.34,84.18,6.01
Bengaluru,2025,9,28,4.5739,22.68,81.61,5.4
Bengaluru,2025,9,29,5.0573,23.14,79.98,5.29
Bengaluru,2025,9,30,5.4494,22.33,82.39,4.27
Bengaluru,2025,10,1,5.202,23.33,80.12,3.92
Bengaluru,2025,10,2,5.0434,23.61,81.54,3.49
Bengaluru,2025,10,3,5.8006,22.97,86.04,2.76
Bengaluru,2025,10,4,4.049,23.75,79.65,2.65
Bengaluru,2025,10,5,6.1238,23.63,79.32,1.97
Bengaluru,2025,10,6,5.7631,22.98,84.18,2.27
Bengaluru,2025,10,7,5.7598,22.95,81.2,2
Bengaluru,2025,10,8,3.7517,23.56,81.32,1.9
Bengaluru,2025,10,9,5.2726,23.67,83.01,1.76
Bengaluru,2025,10,10,5.2865,23.63,85.88,2.43
Bengaluru,2025,10,11,5.2006,23.27,84.7,2.27
Bengaluru,2025,10,12,6.1558,23.36,86.1,2.62
Bengaluru,2025,10,13,5.5834,23.32,85.9,2.83
Bengaluru,2025,10,14,4.5331,23.42,85.06,3.58
Bengaluru,2025,10,15,3.8791,23.06,85,3.57
Bengaluru,2025,10,16,3.7982,23.05,86.66,4.44
Bengaluru,2025,10,17,4.2499,22.99,87.05,4.06
Bengaluru,2025,10,18,4.1657,23.01,86.46,3.88
Bengaluru,2025,10,19,4.9373,22.92,84.11,3.66
Bengaluru,2025,10,20,4.6877,22.42,86.47,3.6
Bengaluru,2025,10,21,2.8512,22.07,87.66,3.73
Bengaluru,2025,10,22,1.8703,21.73,91.68,4.56
Bengaluru,2025,10,23,3.6554,22.71,86.22,2.36
Bengaluru,2025,10,24,3.7435,21.93,85.77,2.5
Bengaluru,2025,10,25,5.6417,22.77,77.07,1.52
Bengaluru,2025,10,26,4.8103,22.92,83.19,1.57
Bengaluru,2025,10,27,2.5673,21.77,90.03,2.5
Bengaluru,2025,10,28,2.3076,21.65,85.06,5.1
Bengaluru,2025,10,29,4.3363,21.63,82.55,4.9
Bengaluru,2025,10,30,5.6813,22.34,84.04,3.74
Bengaluru,2025,10,31,6.2659,22.71,79.39,2.81
Bengaluru,2025,11,1,6.5254,22.88,79.17,1.61
Bengaluru,2025,11,2,4.7784,22.56,82.99,2.33
Bengaluru,2025,11,3,3.7234,22.45,82.4,3.07
Bengaluru,2025,11,4,4.0949,22.28,80.62,2.89
Bengaluru,2025,11,5,4.019,22.78,85.33,2.48
Bengaluru,2025,11,6,4.6234,20.52,93.23,2.99
Bengaluru,2025,11,7,4.572,21.81,83.37,2.03
Bengaluru,2025,11,8,4.2274,20.7,80.08,3.22
Bengaluru,2025,11,9,6.0442,18.73,71.36,3.09
Bengaluru,2025,11,10,5.0962,20.44,75.53,1.62
Bengaluru,2025,11,11,4.2348,22.02,80.07,2.16
Bengaluru,2025,11,12,4.4587,22.22,78.61,3.26
Bengaluru,2025,11,13,4.6423,22.5,81.1,3.46
Bengaluru,2025,11,14,3.7975,20.96,76.89,4.05
Bengaluru,2025,11,15,5.2493,19.82,74.83,3.53
Bengaluru,2025,11,16,4.5828,20.94,79.42,3.81
Bengaluru,2025,11,17,3.9631,20.62,77.47,4.14
Bengaluru,2025,11,18,3.0494,19.38,86.19,3.68
Bengaluru,2025,11,19,3.9077,21.75,80.27,3.48
Bengaluru,2025,11,20,5.0071,21.28,73.47,3.38
Bengaluru,2025,11,21,4.2326,21.98,84.36,3.65
Bengaluru,2025,11,22,3.6775,22.1,84.55,4.33
Bengaluru,2025,11,23,3.7366,21.83,83.49,4.03
Bengaluru,2025,11,24,4.0579,22.21,80.2,4.39
Bengaluru,2025,11,25,4.4191,20.7,79.35,4.03
Bengaluru,2025,11,26,4.9123,20.37,76.41,4.56
Bengaluru,2025,11,27,4.1333,20.56,75.76,4.51
Bengaluru,2025,11,28,3.9274,19.49,76.89,3.96
Bengaluru,2025,11,29,1.8924,19.24,84.92,3.81
Bengaluru,2025,11,30,1.9039,20.07,89.93,4.36
Bengaluru,2025,12,1,2.9174,21.47,81.05,4.12
Bengaluru,2025,12,2,3.6206,21.91,79.81,3.92
Bengaluru,2025,12,3,2.957,23.12,80.62,5.49
Bengaluru,2025,12,4,4.2576,21.83,83.85,3.6
Bengaluru,2025,12,5,2.149,21.84,79.65,5.1
Bengaluru,2025,12,6,4.3423,21.77,74.13,4.53
Bengaluru,2025,12,7,4.505,21.27,74.56,3.91
Bengaluru,2025,12,8,5.5097,20.5,65.32,3.59
Bengaluru,2025,12,9,5.0986,20.42,71.86,3.82
Bengaluru,2025,12,10,5.4802,20.58,65.57,4.24
Bengaluru,2025,12,11,5.4415,19.82,69.24,4.51
Bengaluru,2025,12,12,5.6136,19.37,69.55,3.59
Bengaluru,2025,12,13,5.9652,18.73,61.77,3.16
Bengaluru,2025,12,14,5.8975,18.5,67.46,3.53
Bengaluru,2025,12,15,5.9098,18.81,65.55,3.95
Bengaluru,2025,12,16,2.9256,21.14,78.19,5.42
Bengaluru,2025,12,17,5.5454,21.95,69.23,4.6
Bengaluru,2025,12,18,5.4665,19.43,67.33,4.32
Bengaluru,2025,12,19,4.8094,18.87,67.54,3.23
Bengaluru,2025,12,20,5.0414,18.64,67.96,2.58
Bengaluru,2025,12,21,5.239,19.06,69.05,3.23
Bengaluru,2025,12,22,5.2152,19.62,69.93,3.79
Bengaluru,2025,12,23,5.5586,19.61,69.04,3.07
Bengaluru,2025,12,24,5.3225,19.51,68.63,3.05
Bengaluru,2025,12,25,5.6503,19.52,67.32,3.29
Bengaluru,2025,12,26,3.959,20.5,68.84,3.62
Bengaluru,2025,12,27,5.3962,19.42,67.2,3.46
Bengaluru,2025,12,28,5.4041,19.76,68.23,3.26
Bengaluru,2025,12,29,5.2495,21.04,68.91,2.96
Bengaluru,2025,12,30,4.8036,22.06,69.08,1.68
Bengaluru,2025,12,31,4.2175,23.02,71,2.42
