City,YEAR,MO,DY,ALLSKY_SFC_SW_DWN,T2M,RH2M,WS10M
Chennai,2018,1,1,3.2542,24.21,83.78,4.55
Chennai,2018,1,2,4.9944,24.1,83.69,3.79
Chennai,2018,1,3,4.8264,24.23,82.22,3.8
Chennai,2018,1,4,4.8912,23.7,74.23,4.26
Chennai,2018,1,5,4.915,22.97,69.66,3.88
Chennai,2018,1,6,5.0542,22.71,65.99,3.1
Chennai,2018,1,7,5.0378,22.27,69.69,3.69
Chennai,2018,1,8,4.776,22.8,74.93,4.63
Chennai,2018,1,9,3.2335,23.88,81.28,5.36
Chennai,2018,1,10,2.4403,24.5,84.68,5.12
Chennai,2018,1,11,4.8065,24.95,83.02,3.68
Chennai,2018,1,12,4.9253,24.59,82.01,2.56
Chennai,2018,1,13,5.1833,24.31,82.88,2.25
Chennai,2018,1,14,4.9406,24,83.5,2.59
Chennai,2018,1,15,4.8382,24.33,80.19,2.75
Chennai,2018,1,16,4.6846,24.41,78.15,2.43
Chennai,2018,1,17,5.4146,23.87,73.04,2.98
Chennai,2018,1,18,5.4331,23.13,71.64,3.74
Chennai,2018,1,19,5.3335,22.77,72.69,3.76
Chennai,2018,1,20,5.1067,22.82,72.47,3.56
Chennai,2018,1,21,5.136,22.76,75.21,3.94
Chennai,2018,1,22,5.0962,23.03,74.54,3.56
Chennai,2018,1,23,5.2042,23.41,73.04,2.86
Chennai,2018,1,24,4.9968,23.77,74.58,3.04
Chennai,2018,1,25,4.7818,23.83,75.7,3.08
Chennai,2018,1,26,5.1766,24.11,72.19,2.91
Chennai,2018,1,27,4.9574,24.12,72.01,3.73
Chennai,2018,1,28,5.3981,23.58,75.03,4.54
Chennai,2018,1,29,5.4072,23.65,74.44,4.6
Chennai,2018,1,30,5.5356,23.47,72.62,4.34
Chennai,2018,1,31,5.5529,23.22,70.89,3.6
Chennai,2018,2,1,6.0936,23.25,66.16,2.64
Chennai,2018,2,2,6.0326,23.48,63.75,2.54
Chennai,2018,2,3,6.1406,23.35,66.89,3.02
Chennai,2018,2,4,6.222,23.2,68.26,3.44
Chennai,2018,2,5,5.6789,23.85,71.52,3.68
Chennai,2018,2,6,4.6123,24.93,77.81,3.56
Chennai,2018,2,7,5.2385,25.58,81.22,1.79
Chennai,2018,2,8,5.0988,25.97,75.96,1.98
Chennai,2018,2,9,5.6702,25.52,75.35,2.23
Chennai,2018,2,10,5.3537,25.19,77.63,2.09
Chennai,2018,2,11,5.5152,25.67,75.96,3.2
Chennai,2018,2,12,5.3268,25.34,75.02,3.53
Chennai,2018,2,13,4.727,24.81,77.09,3.73
Chennai,2018,2,14,5.5332,25.26,75.08,4.32
Chennai,2018,2,15,5.7288,25.43,77.69,4.69
Chennai,2018,2,16,5.862,25.4,72.56,3.36
Chennai,2018,2,17,5.8848,25.54,71.75,2.58
Chennai,2018,2,18,6.0938,25.1,70.05,2.59
Chennai,2018,2,19,6.1447,25,71.31,3.06
Chennai,2018,2,20,5.9239,25.12,72.55,3.61
Chennai,2018,2,21,6.317,25.07,71.04,3.57
Chennai,2018,2,22,6.4656,24.96,68.48,3.1
Chennai,2018,2,23,6.5736,24.94,68.1,3.14
Chennai,2018,2,24,6.4963,25.16,68.46,3.22
Chennai,2018,2,25,6.7198,25.64,69.1,4.09
Chennai,2018,2,26,6.4903,25.91,70.21,3.4
Chennai,2018,2,27,6.7668,26.14,66.46,2.97
Chennai,2018,2,28,6.1214,26.27,66.05,2.95
Chennai,2018,3,1,6.4678,26.76,65.1,2.19
Chennai,2018,3,2,6.636,26.4,64.21,2.57
Chennai,2018,3,3,6.936,26.34,57.67,2.76
Chennai,2018,3,4,6.8851,26.03,58.41,3.26
Chennai,2018,3,5,6.8606,26.29,59.67,2.76
Chennai,2018,3,6,6.8138,26.63,64.85,2.59
Chennai,2018,3,7,6.5717,26.71,66.6,2.45
Chennai,2018,3,8,6.5551,27.01,61.66,2.73
Chennai,2018,3,9,5.3851,27.18,67.71,3.25
Chennai,2018,3,10,5.6918,27.56,67.37,3.05
Chennai,2018,3,11,5.6885,27.44,69.98,3.23
Chennai,2018,3,12,6.1666,27.77,72.07,3.59
Chennai,2018,3,13,5.755,28.62,67.75,3.49
Chennai,2018,3,14,5.5486,28.54,67.84,3.08
Chennai,2018,3,15,6.318,28.82,67.68,3.7
Chennai,2018,3,16,6.0134,28.93,70.51,4.02
Chennai,2018,3,17,3.4529,26.96,77.06,2.62
Chennai,2018,3,18,6.313,27.94,69.99,3.68
Chennai,2018,3,19,6.325,27.75,67.38,2.97
Chennai,2018,3,20,6.5496,28,64.68,2.71
Chennai,2018,3,21,6.3233,28.27,67.15,3.4
Chennai,2018,3,22,6.1819,28.91,65.91,3.67
Chennai,2018,3,23,5.8296,29.21,69.15,3.88
Chennai,2018,3,24,5.723,29.38,67.84,3.53
Chennai,2018,3,25,6.1997,28.82,65.26,3.5
Chennai,2018,3,26,6.2986,28.56,62.65,2.63
Chennai,2018,3,27,6.041,29.22,66.65,3.66
Chennai,2018,3,28,6.0727,29.91,70.42,4.43
Chennai,2018,3,29,6.0446,30.26,67.4,4.99
Chennai,2018,3,30,5.7103,29.91,69.56,5.41
Chennai,2018,3,31,5.887,29.71,72.4,4.52
Chennai,2018,4,1,6.1238,29.7,71.76,4.65
Chennai,2018,4,2,6.109,29.71,67.89,3.91
Chennai,2018,4,3,6.3274,29.59,66.56,3.65
Chennai,2018,4,4,6.3626,29.7,65.21,3.68
Chennai,2018,4,5,6.509,29.63,64.13,4.22
Chennai,2018,4,6,6.6024,29.88,64.39,3.97
Chennai,2018,4,7,6.2954,30.01,66.09,3.8
Chennai,2018,4,8,6.7704,29.95,64.9,4.23
Chennai,2018,4,9,6.7445,29.84,62.91,3.71
Chennai,2018,4,10,6.7706,30.02,66.23,4.04
Chennai,2018,4,11,7.0262,30.43,64.35,3.35
Chennai,2018,4,12,7.0394,30.79,63.16,3.57
Chennai,2018,4,13,6.8114,31.14,63.08,3.92
Chennai,2018,4,14,6.7562,31.2,63.4,4.17
Chennai,2018,4,15,6.8806,31.36,62.3,4.25
Chennai,2018,4,16,6.7685,31.53,62.47,3.43
Chennai,2018,4,17,6.6883,31.29,60.93,3.96
Chennai,2018,4,18,6.7594,31.94,58.6,4.74
Chennai,2018,4,19,5.736,31.94,60.98,5.8
Chennai,2018,4,20,6.2251,31.97,62.5,5.28
Chennai,2018,4,21,6.2282,31.39,65,5.83
Chennai,2018,4,22,6.7838,31.92,61.48,5.18
Chennai,2018,4,23,6.7222,31.34,65.62,4.8
Chennai,2018,4,24,6.6646,31.49,63.22,5.22
Chennai,2018,4,25,6.259,31.45,64.1,4.83
Chennai,2018,4,26,6.5582,31.58,64.98,5.21
Chennai,2018,4,27,6.715,31.18,66.01,4.29
Chennai,2018,4,28,6.7087,31.48,61.72,4.53
Chennai,2018,4,29,6.4063,31.55,65.82,5.07
Chennai,2018,4,30,6.2395,32.05,65.93,5.98
Chennai,2018,5,1,5.9539,31.97,67.84,6.35
Chennai,2018,5,2,5.3962,31.23,71.31,4.64
Chennai,2018,5,3,5.935,30.59,74.66,4.33
Chennai,2018,5,4,6.2402,29.6,76.51,3.17
Chennai,2018,5,5,6.8086,30.34,71.51,4.13
Chennai,2018,5,6,6.0389,30.27,71.9,4.12
Chennai,2018,5,7,6.4795,30.59,68.82,4.48
Chennai,2018,5,8,5.8925,30.33,71.66,4.68
Chennai,2018,5,9,6.5921,31.09,65.77,5.58
Chennai,2018,5,10,6.5726,31.19,61.89,6
Chennai,2018,5,11,6.5959,31.35,65.08,5
Chennai,2018,5,12,6.535,31.52,67.11,4.99
Chennai,2018,5,13,6.3535,31.43,66.51,4.89
Chennai,2018,5,14,6.6677,31.29,67.12,4.05
Chennai,2018,5,15,5.2536,30.37,59.92,3.02
Chennai,2018,5,16,6.72,31.34,55.05,4.14
Chennai,2018,5,17,6.4154,31.81,62.33,4.55
Chennai,2018,5,18,5.3362,32.41,59.11,4.79
Chennai,2018,5,19,6.0924,31.84,63.16,4.89
Chennai,2018,5,20,6.1061,30.88,70.46,3.98
Chennai,2018,5,21,6.4762,30.84,71.23,3.82
Chennai,2018,5,22,5.8164,31,64.77,3.53
Chennai,2018,5,23,6.5371,30.92,66.59,3.55
Chennai,2018,5,24,4.9637,31.41,64.28,3.59
Chennai,2018,5,25,5.2421,30.28,68.18,2.78
Chennai,2018,5,26,5.9503,30.31,67.17,3.57
Chennai,2018,5,27,6.5537,30.83,68.68,4.66
Chennai,2018,5,28,6.1121,30.94,69.06,5.69
Chennai,2018,5,29,6.1231,32.57,60.3,4.25
Chennai,2018,5,30,5.9909,32.87,60.72,3.92
Chennai,2018,5,31,5.6923,32.22,68.05,3.78
Chennai,2018,6,1,5.8627,32.12,66.56,2.18
Chennai,2018,6,2,4.6925,30.28,71.13,2.43
Chennai,2018,6,3,5.7989,30.29,71.15,3.19
Chennai,2018,6,4,5.1163,29.68,72.68,4.76
Chennai,2018,6,5,5.6126,30.61,70.02,3.48
Chennai,2018,6,6,4.7172,29.77,73.37,2.57
Chennai,2018,6,7,4.7839,29.82,72.58,4.37
Chennai,2018,6,8,5.4826,30.56,62.75,6.02
Chennai,2018,6,9,4.6274,30.78,62.78,6.9
Chennai,2018,6,10,5.1067,31.15,59.88,6.07
Chennai,2018,6,11,4.1534,31.18,64.64,6.52
Chennai,2018,6,12,3.6043,31.08,65.12,5.44
Chennai,2018,6,13,4.0817,31.27,62.98,5.18
Chennai,2018,6,14,5.879,31.11,62.67,4.57
Chennai,2018,6,15,5.3813,31.18,59.07,3.57
Chennai,2018,6,16,6.2189,30.3,58.15,4.25
Chennai,2018,6,17,6.5239,30.69,55.26,4.89
Chennai,2018,6,18,6.3569,31.23,54.35,5.2
Chennai,2018,6,19,6.2436,31.13,58.58,4.89
Chennai,2018,6,20,6.5597,30.46,66.17,3.98
Chennai,2018,6,21,6.7164,30.22,65.14,4.63
Chennai,2018,6,22,5.4521,30.33,63.46,3.55
Chennai,2018,6,23,6.126,30.56,63.38,2.98
Chennai,2018,6,24,3.1517,30.83,62.1,3.3
Chennai,2018,6,25,4.0834,30.59,59.9,3.69
Chennai,2018,6,26,5.2267,30.96,57.32,3.81
Chennai,2018,6,27,3.635,30.7,61.4,4.13
Chennai,2018,6,28,3.6048,29.76,67.07,3.82
Chennai,2018,6,29,3.559,29.55,64.66,3.83
Chennai,2018,6,30,2.8327,28.66,65.2,3.01
Chennai,2018,7,1,3.8316,29.32,66.31,2.4
Chennai,2018,7,2,6.288,30.09,66.65,2.97
Chennai,2018,7,3,5.5906,28.69,73.99,3.56
Chennai,2018,7,4,4.0027,29.96,65.27,3.5
Chennai,2018,7,5,6.481,30.26,64.12,3.71
Chennai,2018,7,6,4.6246,30.42,61.72,4.41
Chennai,2018,7,7,2.8577,29.81,62.49,4.56
Chennai,2018,7,8,3.8954,29.98,61.23,5.87
Chennai,2018,7,9,3.5143,30.14,60.76,5.73
Chennai,2018,7,10,4.121,29.09,67.9,5.71
Chennai,2018,7,11,4.0301,28.98,67.73,5.49
Chennai,2018,7,12,3.7066,29.47,68.87,5.32
Chennai,2018,7,13,4.4592,29.13,65.62,6.25
Chennai,2018,7,14,5.227,29.48,67.04,6.03
Chennai,2018,7,15,3.7788,30.77,62.37,6.04
Chennai,2018,7,16,5.4878,30.48,59.89,7.29
Chennai,2018,7,17,5.5339,30.73,58.58,6.36
Chennai,2018,7,18,5.3774,30.59,59.97,5.75
Chennai,2018,7,19,4.8926,30.5,63.21,5.11
Chennai,2018,7,20,4.1333,30.15,63.17,5.61
Chennai,2018,7,21,3.3014,30.32,61.92,6.12
Chennai,2018,7,22,4.878,30.63,62.35,4.23
Chennai,2018,7,23,5.6534,30.8,61.17,3.89
Chennai,2018,7,24,6.0449,30.89,63.42,4.06
Chennai,2018,7,25,5.544,30.79,63.22,4.02
Chennai,2018,7,26,5.6354,30.83,64.73,4.13
Chennai,2018,7,27,4.4141,31.04,61.88,3.79
Chennai,2018,7,28,5.0004,31.11,60.46,3.81
Chennai,2018,7,29,5.153,31.41,60.45,4.3
Chennai,2018,7,30,4.877,30.55,64.53,3.66
Chennai,2018,7,31,4.7225,30.57,62.78,4.35
Chennai,2018,8,1,4.8845,30.89,59.85,4.97
Chennai,2018,8,2,4.4988,30.74,62.67,3.92
Chennai,2018,8,3,4.7251,30.28,65.14,3.46
Chennai,2018,8,4,4.7618,30.21,65.39,2.81
Chennai,2018,8,5,4.3651,29.07,70.72,3.3
Chennai,2018,8,6,4.7374,30.49,61.44,5.01
Chennai,2018,8,7,3.7145,29.98,60.66,5.52
Chennai,2018,8,8,5.3575,30.1,63.13,4.66
Chennai,2018,8,9,5.7557,29.63,68.15,4.17
Chennai,2018,8,10,2.2325,29.06,66.59,4.48
Chennai,2018,8,11,1.1232,28.41,69.22,4.82
Chennai,2018,8,12,2.7703,28.85,66.67,5.62
Chennai,2018,8,13,3.2496,29.75,62.17,5.56
Chennai,2018,8,14,2.8872,28.54,69.94,5.15
Chennai,2018,8,15,1.9771,27.67,81.21,5.21
Chennai,2018,8,16,4.5336,29.54,70.45,5.48
Chennai,2018,8,17,5.4638,30.05,66.09,4.05
Chennai,2018,8,18,4.2566,30.13,62.72,4.71
Chennai,2018,8,19,3.9581,30.16,62.37,4.93
Chennai,2018,8,20,4.3414,30.7,59.38,5.2
Chennai,2018,8,21,6.0931,31.14,58.84,4.12
Chennai,2018,8,22,6.1498,30.65,61.14,3.38
Chennai,2018,8,23,5.9206,30.87,65.98,3.49
Chennai,2018,8,24,3.8566,30.24,68.22,2.98
Chennai,2018,8,25,4.469,29.78,68.35,2.96
Chennai,2018,8,26,4.6351,29.69,68.67,2.63
Chennai,2018,8,27,3.6809,29.65,68.83,3.12
Chennai,2018,8,28,4.1458,29.71,69.64,3.74
Chennai,2018,8,29,4.5782,29.6,70.65,3.36
Chennai,2018,8,30,5.9798,30.04,67.69,3.6
Chennai,2018,8,31,3.6242,27.76,78.54,3.66
Chennai,2018,9,1,4.2346,28.21,76.34,4.03
Chennai,2018,9,2,5.2908,29.09,70.06,3.16
Chennai,2018,9,3,6.1387,29.39,68.51,3.1
Chennai,2018,9,4,6.1346,29.15,70.53,3.46
Chennai,2018,9,5,4.5845,29.37,70.42,3.28
Chennai,2018,9,6,5.5862,29.93,66.18,3.37
Chennai,2018,9,7,6.114,30.54,62.64,3.61
Chennai,2018,9,8,6.515,30.48,63.81,3.38
Chennai,2018,9,9,6.3091,30.06,66.97,3.23
Chennai,2018,9,10,5.0256,28.34,73.13,2.77
Chennai,2018,9,11,6.0912,29.38,71.76,3.61
Chennai,2018,9,12,5.8435,29.71,71.91,3.67
Chennai,2018,9,13,6.0782,29.7,70.99,3.95
Chennai,2018,9,14,5.7989,29.61,73.07,3.32
Chennai,2018,9,15,5.7931,29.65,72.44,3.57
Chennai,2018,9,16,4.9507,26.85,85.32,3.73
Chennai,2018,9,17,2.741,26.56,85.84,3.61
Chennai,2018,9,18,2.8651,27.31,79.28,3.03
Chennai,2018,9,19,2.1197,27.74,76.79,3.97
Chennai,2018,9,20,3.2858,28.09,75.24,3.16
Chennai,2018,9,21,5.0642,28.9,73.63,3.51
Chennai,2018,9,22,5.2291,28.56,76.88,2.67
Chennai,2018,9,23,6.2856,27.81,81.35,2.75
Chennai,2018,9,24,6.5467,28.04,78.07,2.23
Chennai,2018,9,25,6.3182,27.63,80.44,2.21
Chennai,2018,9,26,6.5599,27.96,78.39,2.49
Chennai,2018,9,27,6.1198,28.24,76.17,2.56
Chennai,2018,9,28,6.4776,28.37,74.94,2.36
Chennai,2018,9,29,6.2904,28.41,76.47,2.55
Chennai,2018,9,30,6.6062,28.75,76.08,2.75
Chennai,2018,10,1,6.3874,28.34,79.57,2.77
Chennai,2018,10,2,6.1486,28.44,77.27,2.63
Chennai,2018,10,3,5.4029,27.89,81.24,2.48
Chennai,2018,10,4,1.2055,27.22,83.92,2.51
Chennai,2018,10,5,2.1958,26.99,86.12,2.43
Chennai,2018,10,6,5.9148,27.32,85.56,2.78
Chennai,2018,10,7,5.5565,27.63,81.1,3.19
Chennai,2018,10,8,4.5055,27.37,83.86,3.28
Chennai,2018,10,9,5.2013,27.75,78.02,2.83
Chennai,2018,10,10,4.967,28.54,65.73,3.35
Chennai,2018,10,11,5.4655,28.48,63.73,2.68
Chennai,2018,10,12,5.5366,28.41,72.28,3.68
Chennai,2018,10,13,5.4677,28.23,80.77,4.9
Chennai,2018,10,14,5.4742,28.24,80.53,3.63
Chennai,2018,10,15,5.1432,28.03,80.54,2.73
Chennai,2018,10,16,5.7002,27.59,79.61,1.85
Chennai,2018,10,17,4.8091,27.07,79.51,2.45
Chennai,2018,10,18,4.2346,26.52,79.22,1.6
Chennai,2018,10,19,5.3117,26.74,77.67,2.48
Chennai,2018,10,20,5.2814,27.16,74.73,3.37
Chennai,2018,10,21,3.7697,27.11,78.76,4.17
Chennai,2018,10,22,5.4595,26.92,75.94,3.7
Chennai,2018,10,23,5.411,26.55,75.72,3.14
Chennai,2018,10,24,5.5625,26.74,76.02,3.08
Chennai,2018,10,25,5.3983,27.16,77.17,4.11
Chennai,2018,10,26,5.2654,27.48,74.51,5.02
Chennai,2018,10,27,5.1732,27.26,70.36,5.5
Chennai,2018,10,28,5.3287,27.09,69.74,5.83
Chennai,2018,10,29,5.3465,27.42,75.14,6.02
Chennai,2018,10,30,2.7614,27.44,82.22,5.72
Chennai,2018,10,31,2.9966,27.22,81.99,4.83
Chennai,2018,11,1,3.1567,26.42,84.95,3.99
Chennai,2018,11,2,4.921,26.81,83.11,3.37
Chennai,2018,11,3,5.2836,26.99,82.28,3.91
Chennai,2018,11,4,5.1038,27.45,79.87,3.93
Chennai,2018,11,5,5.5013,27.51,76.67,3.82
Chennai,2018,11,6,4.4774,27.33,76.07,3.39
Chennai,2018,11,7,4.7227,26.44,74.21,3.8
Chennai,2018,11,8,4.9774,26.66,77.24,3.84
Chennai,2018,11,9,4.8914,26.73,76.87,3.92
Chennai,2018,11,10,4.9822,26.82,75.13,3.65
Chennai,2018,11,11,4.734,26.7,72.24,3.77
Chennai,2018,11,12,3.6494,26.54,70.59,4.33
Chennai,2018,11,13,4.8559,25.99,68.09,4.29
Chennai,2018,11,14,5.2066,26.44,72.93,4.43
Chennai,2018,11,15,4.0541,27.11,81.61,7.1
Chennai,2018,11,16,3.8134,27.38,82.3,4.5
Chennai,2018,11,17,4.9519,27.46,78.05,1.8
Chennai,2018,11,18,5.0515,27.43,79.71,2.46
Chennai,2018,11,19,5.0491,27.44,80.28,3.85
Chennai,2018,11,20,2.5346,26.91,80.69,5.3
Chennai,2018,11,21,0.7798,25.67,88.42,6.1
Chennai,2018,11,22,0.9571,25.5,86.33,5.68
Chennai,2018,11,23,3.227,26.38,84.67,4.46
Chennai,2018,11,24,4.4755,25.95,81.39,3.73
Chennai,2018,11,25,4.6394,25.27,79.62,3.47
Chennai,2018,11,26,4.8878,24.41,74.58,4.04
Chennai,2018,11,27,4.9063,24.36,74.04,3.79
Chennai,2018,11,28,4.9022,25.11,78.06,4.33
Chennai,2018,11,29,4.1561,25.6,79.23,4.5
Chennai,2018,11,30,5.1444,25.12,79.39,4.26
Chennai,2018,12,1,5.3918,24.44,77.54,3.88
Chennai,2018,12,2,5.051,24.93,78.37,3.98
Chennai,2018,12,3,4.5314,25.45,83.07,4.59
Chennai,2018,12,4,2.6422,25.81,89.55,4.1
Chennai,2018,12,5,3.156,26.17,86.12,3.83
Chennai,2018,12,6,4.6462,26,82.52,3.04
Chennai,2018,12,7,4.3925,25.86,82.33,3.76
Chennai,2018,12,8,4.309,25.73,81.58,3.96
Chennai,2018,12,9,3.9576,25.12,82.82,3.75
Chennai,2018,12,10,4.1498,24.97,79.28,3.33
Chennai,2018,12,11,4.2662,24.77,81.26,3.3
Chennai,2018,12,12,4.2905,24.9,81.93,3.36
Chennai,2018,12,13,4.2233,24.87,82.59,3.56
Chennai,2018,12,14,4.5869,25.37,81.83,5.61
Chennai,2018,12,15,3.3888,25.32,77.83,8.26
Chennai,2018,12,16,0.756,21.8,85.04,9.58
Chennai,2018,12,17,4.139,24.39,72.62,4.78
Chennai,2018,12,18,4.0582,23.6,76.57,3.58
Chennai,2018,12,19,4.686,23.32,77.97,4.46
Chennai,2018,12,20,4.5226,24.42,81.57,4.27
Chennai,2018,12,21,3.2455,25.17,81.62,5.99
Chennai,2018,12,22,3.6746,25.19,83.81,5.55
Chennai,2018,12,23,3.9583,25.32,82.23,4.95
Chennai,2018,12,24,4.5955,25,79.43,4.32
Chennai,2018,12,25,4.3711,24.37,79.56,3.61
Chennai,2018,12,26,4.7201,24.33,78.41,2.55
Chennai,2018,12,27,4.3766,24.87,77.19,2.2
Chennai,2018,12,28,3.8326,24.96,79.36,2.41
Chennai,2018,12,29,2.9928,24.4,78.27,4.5
Chennai,2018,12,30,4.213,23.66,78.78,5.13
Chennai,2018,12,31,4.9486,23.14,68.26,4.95
Chennai,2019,1,1,5.0839,22.22,69.45,4.23
Chennai,2019,1,2,5.0767,22.74,72.73,4.19
Chennai,2019,1,3,5.0122,23.23,72.39,4.14
Chennai,2019,1,4,5.1811,23.08,72.75,4.31
Chennai,2019,1,5,4.8754,23.14,72.64,4.01
Chennai,2019,1,6,4.8998,23.09,73.77,3.64
Chennai,2019,1,7,4.7887,23.64,75.06,3.69
Chennai,2019,1,8,5.1106,23.01,75.19,3.35
Chennai,2019,1,9,5.0016,23.18,73.49,3.03
Chennai,2019,1,10,5.1079,23.54,74.62,3.86
Chennai,2019,1,11,4.9222,23.69,72.14,3.96
Chennai,2019,1,12,5.2776,23.22,73.18,4.47
Chennai,2019,1,13,4.9658,23.33,74.22,3.94
Chennai,2019,1,14,4.9236,23.33,74.69,4.12
Chennai,2019,1,15,4.5564,23.33,73.53,4.45
Chennai,2019,1,16,4.4062,23.81,76.64,4.11
Chennai,2019,1,17,4.3198,23.68,74.42,3.76
Chennai,2019,1,18,4.703,23.5,73.19,3.86
Chennai,2019,1,19,5.4108,23.3,71.94,3.69
Chennai,2019,1,20,4.4719,23.27,71.55,3.81
Chennai,2019,1,21,4.3913,23.43,71.85,3.4
Chennai,2019,1,22,5.5334,23.68,72.03,2.92
Chennai,2019,1,23,5.2862,24.62,74,3.34
Chennai,2019,1,24,5.6244,25.03,74.85,3.13
Chennai,2019,1,25,5.4782,25.52,77.85,3.56
Chennai,2019,1,26,5.3263,25.84,75.68,3.91
Chennai,2019,1,27,4.8883,25.74,73.14,3.79
Chennai,2019,1,28,3.4898,24.93,72.48,3.81
Chennai,2019,1,29,4.6913,24.8,73.39,5.07
Chennai,2019,1,30,5.3393,24.45,73.51,5.12
Chennai,2019,1,31,5.3794,24.31,71.74,4.58
Chennai,2019,2,1,5.5106,24.54,70.36,4.17
Chennai,2019,2,2,5.5656,24.91,70.95,3.99
Chennai,2019,2,3,5.5632,25.21,71.86,4.23
Chennai,2019,2,4,4.4822,26.06,70.88,5.08
Chennai,2019,2,5,4.9546,25.86,70.1,4.61
Chennai,2019,2,6,5.5646,25.83,68.19,3.5
Chennai,2019,2,7,5.4924,26.15,68.11,3.15
Chennai,2019,2,8,5.6206,27,71.02,3.04
Chennai,2019,2,9,5.5142,27.52,71.55,3.01
Chennai,2019,2,10,4.9356,27,73.6,3.55
Chennai,2019,2,11,4.3646,26.82,72.47,5.28
Chennai,2019,2,12,5.4367,26.16,70.21,5.09
Chennai,2019,2,13,5.767,25.75,72.22,4.7
Chennai,2019,2,14,5.7766,26.37,72.29,3.92
Chennai,2019,2,15,6.0598,26.73,69.77,3.06
Chennai,2019,2,16,5.6018,27.66,69.41,3.51
Chennai,2019,2,17,5.8608,28.67,67.14,3.18
Chennai,2019,2,18,5.6086,28.81,70.12,3.56
Chennai,2019,2,19,5.8673,28.38,70.82,3.97
Chennai,2019,2,20,5.671,27.65,69.94,4.09
Chennai,2019,2,21,6.2088,27.19,67.59,3.94
Chennai,2019,2,22,6.654,26.6,64.24,3.01
Chennai,2019,2,23,6.6578,26.77,60.33,2.88
Chennai,2019,2,24,6.3154,27.07,65.79,3.15
Chennai,2019,2,25,6.7075,27.18,67.43,4.14
Chennai,2019,2,26,6.3703,27.68,70.4,4.73
Chennai,2019,2,27,5.9765,28.58,69.44,5.23
Chennai,2019,2,28,4.9687,28.76,71.21,4.81
Chennai,2019,3,1,6.0043,28.61,70.92,4.41
Chennai,2019,3,2,5.9784,28.31,65.2,4.22
Chennai,2019,3,3,6.2402,28.47,64.07,3.58
Chennai,2019,3,4,6.2743,28.79,64.31,4.35
Chennai,2019,3,5,6.48,29.9,62.77,4.93
Chennai,2019,3,6,5.9494,30.45,64.73,4.74
Chennai,2019,3,7,6.241,30.34,68.53,5.7
Chennai,2019,3,8,6.0502,30.04,68.04,4.88
Chennai,2019,3,9,6.031,29.97,65.12,4.21
Chennai,2019,3,10,6.7186,29.49,64.56,4.49
Chennai,2019,3,11,6.6502,29.22,63.95,4.05
Chennai,2019,3,12,6.6041,29.02,61.79,4.2
Chennai,2019,3,13,6.6358,28.71,59.9,3.51
Chennai,2019,3,14,6.7366,29.32,56.56,3.55
Chennai,2019,3,15,6.5258,28.92,57.16,3.59
Chennai,2019,3,16,6.2618,28.75,62.93,3.42
Chennai,2019,3,17,6.8616,28.47,61.2,3.43
Chennai,2019,3,18,7.1861,28.5,61.24,4.03
Chennai,2019,3,19,6.5611,29.04,61.85,4.37
Chennai,2019,3,20,6.3204,29.13,65.01,5.09
Chennai,2019,3,21,6.8117,28.85,60.21,4.36
Chennai,2019,3,22,6.487,29.26,64.06,4.64
Chennai,2019,3,23,6.8592,29.97,62.25,4.01
Chennai,2019,3,24,6.6706,29.96,62.17,4.03
Chennai,2019,3,25,6.6838,29.89,59.95,3.42
Chennai,2019,3,26,6.8563,29.86,60.58,3.93
Chennai,2019,3,27,7.0666,29.62,57.93,3.51
Chennai,2019,3,28,6.9156,29.82,58.43,3.66
Chennai,2019,3,29,6.5614,30.16,60.34,3.97
Chennai,2019,3,30,6.6816,30.52,58.52,4.63
Chennai,2019,3,31,6.7039,30.95,60.95,4.64
Chennai,2019,4,1,6.5561,30.6,62.75,5.22
Chennai,2019,4,2,6.1181,30.11,65.86,5.19
Chennai,2019,4,3,6.5952,29.77,65.34,4.63
Chennai,2019,4,4,6.9876,30.01,65.82,4.7
Chennai,2019,4,5,6.667,30.54,64.71,3.88
Chennai,2019,4,6,6.7025,30.44,62.68,4.17
Chennai,2019,4,7,6.7044,30.48,63.81,5
Chennai,2019,4,8,6.6254,30.76,65.91,5.32
Chennai,2019,4,9,6.3986,30.81,68.02,4.9
Chennai,2019,4,10,6.413,30.87,65.47,4.43
Chennai,2019,4,11,7.1357,30.7,63.75,4.29
Chennai,2019,4,12,7.0003,31.01,61.99,4.12
Chennai,2019,4,13,7.1654,30.89,62.23,4.26
Chennai,2019,4,14,6.9854,31.33,58.06,4.1
Chennai,2019,4,15,7.2466,30.87,58.66,4.32
Chennai,2019,4,16,7.2914,30.91,61.45,4.51
Chennai,2019,4,17,6.6334,31.76,59.23,4.69
Chennai,2019,4,18,6.8666,31.63,64.83,4.38
Chennai,2019,4,19,6.8083,31.33,66.35,4.72
Chennai,2019,4,20,6.7951,31.77,62.85,4.02
Chennai,2019,4,21,6.6341,31.93,61.59,4.68
Chennai,2019,4,22,6.2232,31.91,60.37,3.97
Chennai,2019,4,23,6.552,31.78,56.25,3.49
Chennai,2019,4,24,6.9751,31.91,52.37,3.15
Chennai,2019,4,25,6.2719,31.89,54.79,3.21
Chennai,2019,4,26,6.4759,31.99,59.57,4.05
Chennai,2019,4,27,6.1495,31.93,63.8,4.71
Chennai,2019,4,28,4.1054,31.8,63.53,4.19
Chennai,2019,4,29,4.8281,31.91,64.05,4.08
Chennai,2019,4,30,4.8576,33.1,58.44,3.22
Chennai,2019,5,1,1.9594,31.6,62.26,3.39
Chennai,2019,5,2,3.9444,33.52,55.32,4.67
Chennai,2019,5,3,6.1824,33.98,51.26,4.71
Chennai,2019,5,4,5.8846,32.79,56.12,3.66
Chennai,2019,5,5,6.0804,32.92,59.59,4.59
Chennai,2019,5,6,6.0984,32.32,64.49,5.24
Chennai,2019,5,7,5.9201,31.96,66.22,5.6
Chennai,2019,5,8,5.9858,30.98,64.76,6.36
Chennai,2019,5,9,5.7046,32.92,57.84,5.37
Chennai,2019,5,10,5.9395,32.11,66.33,5.17
Chennai,2019,5,11,6.0696,31.21,70.21,5.23
Chennai,2019,5,12,5.945,31.4,69.38,5.05
Chennai,2019,5,13,6.1961,31.26,69.72,4.62
Chennai,2019,5,14,6.053,31.77,66.95,3.74
Chennai,2019,5,15,5.9957,31.58,66.82,3.87
Chennai,2019,5,16,6.2534,31.08,72.03,4.13
Chennai,2019,5,17,6.2971,31.7,69.57,4.31
Chennai,2019,5,18,6.2611,31.81,68.21,4.55
Chennai,2019,5,19,6.2225,32.13,64.75,5.18
Chennai,2019,5,20,6.3883,31.57,65.68,5.15
Chennai,2019,5,21,6.2988,30.18,72.23,5.25
Chennai,2019,5,22,6.349,30.47,72.97,4.81
Chennai,2019,5,23,6.3053,31.4,70.05,5.5
Chennai,2019,5,24,6.5698,31.49,70.19,5.04
Chennai,2019,5,25,6.1157,32.04,66.85,3.97
Chennai,2019,5,26,6.2114,33.8,58.7,4.92
Chennai,2019,5,27,6.2244,32.48,65.6,4.65
Chennai,2019,5,28,6.2107,31.77,69.65,5.19
Chennai,2019,5,29,6.0756,32.36,65.62,4.21
Chennai,2019,5,30,3.5254,32.22,65.18,3.93
Chennai,2019,5,31,6.018,32.4,63.53,4.61
Chennai,2019,6,1,5.8906,32.74,56.84,4.34
Chennai,2019,6,2,6.0734,32.68,65,3.87
Chennai,2019,6,3,5.4967,31.49,67.79,3.28
Chennai,2019,6,4,6.1049,31.12,69.79,3.01
Chennai,2019,6,5,6.1174,30.73,74.68,4.01
Chennai,2019,6,6,6.1006,30.37,75.15,4.81
Chennai,2019,6,7,5.8838,30.85,74.4,4.4
Chennai,2019,6,8,5.7535,31.64,68.39,4.48
Chennai,2019,6,9,5.8718,32.64,58.98,6.33
Chennai,2019,6,10,5.3599,31.6,58.74,6.84
Chennai,2019,6,11,6.3814,32.54,54.66,5.8
Chennai,2019,6,12,6.6869,33.42,52.06,6.23
Chennai,2019,6,13,6.4687,32.95,52.83,4.34
Chennai,2019,6,14,6.3619,33.4,49.32,5.88
Chennai,2019,6,15,6.6734,33.73,49.06,4.6
Chennai,2019,6,16,6.6151,33.3,53.79,4.44
Chennai,2019,6,17,3.9833,33.28,53.03,4.48
Chennai,2019,6,18,5.7826,32.68,56.47,4.09
Chennai,2019,6,19,5.0544,32.92,55.55,4.95
Chennai,2019,6,20,3.7908,33.25,53.47,3.75
Chennai,2019,6,21,3.2976,31.5,64.04,2.19
Chennai,2019,6,22,5.7286,31.63,63.21,2.58
Chennai,2019,6,23,5.6203,29.77,72.11,2.87
Chennai,2019,6,24,4.9058,30.29,70.72,2.73
Chennai,2019,6,25,2.9887,30.05,72.15,3.67
Chennai,2019,6,26,2.7384,29.88,71.67,3.56
Chennai,2019,6,27,4.8624,30.63,69.76,3.78
Chennai,2019,6,28,5.9782,30.53,69.28,3.43
Chennai,2019,6,29,5.4528,31.44,65.67,4.09
Chennai,2019,6,30,3.8126,31.41,62.4,4.5
Chennai,2019,7,1,4.8094,31.93,63.14,4.3
Chennai,2019,7,2,3.6574,31.58,63.22,4.37
Chennai,2019,7,3,4.0402,31.24,63.24,4.58
Chennai,2019,7,4,5.7758,31.51,60.1,6.11
Chennai,2019,7,5,3.3086,31.36,60.44,5.4
Chennai,2019,7,6,3.7488,31.44,57.97,5.73
Chennai,2019,7,7,5.5032,32.05,53.54,5.82
Chennai,2019,7,8,5.9448,32.36,53.43,4.71
Chennai,2019,7,9,5.4694,31.51,58.01,4.75
Chennai,2019,7,10,5.5399,28.89,74.33,4.98
Chennai,2019,7,11,5.0045,29.26,69.69,3.61
Chennai,2019,7,12,6.4219,29.7,66.69,3.86
Chennai,2019,7,13,6.3451,29.97,71.66,3.43
Chennai,2019,7,14,3.5914,28.47,75.64,3.31
Chennai,2019,7,15,6.293,28.63,72.91,3.52
Chennai,2019,7,16,6.1157,29.76,71.22,3.01
Chennai,2019,7,17,2.9407,30.18,66.42,3.24
Chennai,2019,7,18,5.203,28.82,72.54,3.57
Chennai,2019,7,19,3.295,28.42,74.93,3.52
Chennai,2019,7,20,5.9676,29.49,72.78,3.24
Chennai,2019,7,21,5.3666,29.62,72.66,3.48
Chennai,2019,7,22,1.7482,27.69,80.88,4.16
Chennai,2019,7,23,4.8226,29.38,70.97,3.17
Chennai,2019,7,24,6.6782,30.23,70.83,3.21
Chennai,2019,7,25,4.1045,29.14,74.95,3.2
Chennai,2019,7,26,2.7365,28.76,74.92,3.38
Chennai,2019,7,27,4.7904,28.94,72,3.43
Chennai,2019,7,28,2.0047,28.96,71.88,2.82
Chennai,2019,7,29,3.6394,29.02,75.06,4.32
Chennai,2019,7,30,3.6439,29.22,71.19,3.87
Chennai,2019,7,31,6.2618,29.56,67.45,3.96
Chennai,2019,8,1,3.2441,29.52,70.92,3.93
Chennai,2019,8,2,2.4612,29.68,71.23,4.1
Chennai,2019,8,3,4.6296,30.21,64.11,5.42
Chennai,2019,8,4,5.3376,30.23,58.89,5.29
Chennai,2019,8,5,2.6328,28.68,66.73,6.66
Chennai,2019,8,6,3.9667,28.9,65.09,6.52
Chennai,2019,8,7,3.2527,29.17,66.3,6.82
Chennai,2019,8,8,5.0698,30.05,66.57,6.91
Chennai,2019,8,9,5.8879,29.89,66.94,6.59
Chennai,2019,8,10,5.8574,30.21,63.16,4.97
Chennai,2019,8,11,5.982,30.34,64.92,3.96
Chennai,2019,8,12,4.9939,29.91,65.8,3.1
Chennai,2019,8,13,4.4129,29.81,70,3.54
Chennai,2019,8,14,5.9851,29.87,72.26,3.91
Chennai,2019,8,15,6.1181,29.45,73.75,3.65
Chennai,2019,8,16,5.3131,28.71,77.2,3.18
Chennai,2019,8,17,4.7234,27.94,83.23,2.96
Chennai,2019,8,18,3.277,27.24,85.68,1.97
Chennai,2019,8,19,6.4589,27.87,83.02,3.01
Chennai,2019,8,20,6.1867,28.63,82.24,2.87
Chennai,2019,8,21,4.3498,26.85,88.59,3.42
Chennai,2019,8,22,3.2904,26.23,84.6,4.81
Chennai,2019,8,23,5.1799,27.5,81.07,3.9
Chennai,2019,8,24,5.6153,27.65,79.82,4.62
Chennai,2019,8,25,6.3144,27.94,78.88,4.88
Chennai,2019,8,26,6.0862,28.19,76.68,5.17
Chennai,2019,8,27,6.1154,27.71,78.06,4.02
Chennai,2019,8,28,3.635,28.12,77.72,3.42
Chennai,2019,8,29,6.4673,27.81,80.72,4.56
Chennai,2019,8,30,4.74,27.79,80.9,3.63
Chennai,2019,8,31,3.0036,27.78,80.73,3.89
Chennai,2019,9,1,3.0595,27.6,80.21,4.05
Chennai,2019,9,2,3.6247,27.31,81.41,4.22
Chennai,2019,9,3,3.9178,27.83,80.38,4.72
Chennai,2019,9,4,4.0889,27.44,79.81,4.97
Chennai,2019,9,5,5.4228,28.09,76.74,5.07
Chennai,2019,9,6,4.2564,28.61,77.48,5.44
Chennai,2019,9,7,5.1828,28.74,76.88,5.41
Chennai,2019,9,8,5.9458,28.93,75.24,4.84
Chennai,2019,9,9,4.7916,28.07,77.41,4.33
Chennai,2019,9,10,5.8224,28.57,80.43,4.34
Chennai,2019,9,11,3.319,28.02,84.72,3.82
Chennai,2019,9,12,5.1317,27.29,86.92,4.01
Chennai,2019,9,13,6.101,27.2,86.4,3.55
Chennai,2019,9,14,6.223,28.11,82.68,3.8
Chennai,2019,9,15,6.054,28.03,82.05,3.62
Chennai,2019,9,16,5.4751,28.15,79.61,3.88
Chennai,2019,9,17,3.169,27.3,84.1,3.14
Chennai,2019,9,18,3.6679,26.96,86.42,2.74
Chennai,2019,9,19,2.4146,27.43,87.26,4.37
Chennai,2019,9,20,4.3733,26.83,85.8,2.29
Chennai,2019,9,21,5.3486,27.77,84.81,2.96
Chennai,2019,9,22,5.5183,27.63,86.7,2.29
Chennai,2019,9,23,6.0883,27.7,86.28,2.34
Chennai,2019,9,24,3.7668,27.5,86.44,3.89
Chennai,2019,9,25,3.9614,26.88,88.68,5.46
Chennai,2019,9,26,5.4451,27.21,86.67,4.82
Chennai,2019,9,27,6.4094,27.44,85.24,2.69
Chennai,2019,9,28,5.9198,27.62,80.74,2.52
Chennai,2019,9,29,5.6909,27.39,77.84,3.11
Chennai,2019,9,30,6.1387,27,78.44,2.92
Chennai,2019,10,1,5.9035,27.3,78.92,2.81
Chennai,2019,10,2,5.8954,27.44,85.32,3.16
Chennai,2019,10,3,6.0662,27.93,82.23,3.03
Chennai,2019,10,4,6.2522,27.79,82.34,3.05
Chennai,2019,10,5,6.2249,27.6,83.08,3.3
Chennai,2019,10,6,6.3504,27.3,84.14,3.4
Chennai,2019,10,7,5.9942,27.63,83.2,2.9
Chennai,2019,10,8,5.7031,27.86,82.83,2.98
Chennai,2019,10,9,5.6921,27.93,81.72,3.48
Chennai,2019,10,10,5.8646,27.9,80.91,3.39
Chennai,2019,10,11,6.1382,27.67,82.61,3.04
Chennai,2019,10,12,6.3367,27.34,84.09,2.08
Chennai,2019,10,13,6.1498,27.76,82.75,2.27
Chennai,2019,10,14,5.9141,27.98,81.75,2.1
Chennai,2019,10,15,5.2488,27.6,86.46,3.31
Chennai,2019,10,16,3.0518,27.27,82.35,2.82
Chennai,2019,10,17,1.5521,26.59,84.68,2.28
Chennai,2019,10,18,4.6997,27.03,83.27,1.88
Chennai,2019,10,19,4.3147,26.5,87.34,2.7
Chennai,2019,10,20,2.975,26.45,87.13,3.22
Chennai,2019,10,21,2.2478,26.51,85.37,3.16
Chennai,2019,10,22,1.7782,26.62,86.56,2.26
Chennai,2019,10,23,4.159,26.82,84.76,2.48
Chennai,2019,10,24,3.1378,26.65,84.29,3.3
Chennai,2019,10,25,2.7305,25.85,86.04,3.27
Chennai,2019,10,26,3.9199,26.31,87.33,2.64
Chennai,2019,10,27,5.424,26.49,83.72,2.03
Chennai,2019,10,28,5.3813,26.7,87.12,3.17
Chennai,2019,10,29,4.409,26.44,84.76,3.42
Chennai,2019,10,30,1.7316,26.3,85.21,3.63
Chennai,2019,10,31,3.9101,26.54,84.84,2.93
Chennai,2019,11,1,5.7869,26.89,83.79,2.37
Chennai,2019,11,2,5.3921,26.88,83.8,2.03
Chennai,2019,11,3,5.0671,26.61,85.69,2.8
Chennai,2019,11,4,5.0825,27.14,77.43,2.66
Chennai,2019,11,5,5.2097,27.01,80.52,2.79
Chennai,2019,11,6,4.5691,26.96,78.96,2.46
Chennai,2019,11,7,4.0586,26.97,79.22,1.84
Chennai,2019,11,8,4.1566,27.15,82.52,1.94
Chennai,2019,11,9,4.5355,27.71,80.27,1.62
Chennai,2019,11,10,4.8202,27.05,76.94,2.47
Chennai,2019,11,11,5.543,26.41,80.48,3.34
Chennai,2019,11,12,5.1751,26.63,81.92,3.81
Chennai,2019,11,13,5.1223,26.55,81.87,4.68
Chennai,2019,11,14,4.518,26.71,85.14,3.79
Chennai,2019,11,15,2.0645,26.61,86.32,3.39
Chennai,2019,11,16,4.5624,26.67,84.09,3.96
Chennai,2019,11,17,3.6336,26.39,85.4,5.06
Chennai,2019,11,18,5.3443,27.08,84.45,3.64
Chennai,2019,11,19,2.5932,27.16,81.15,2
Chennai,2019,11,20,3.7788,26.59,88.3,3.22
Chennai,2019,11,21,4.5166,26.7,84.22,5.23
Chennai,2019,11,22,5.0815,26,81.15,5.28
Chennai,2019,11,23,3.0482,25.4,84.29,5.26
Chennai,2019,11,24,5.0239,25.88,82.81,4.5
Chennai,2019,11,25,4.9524,25.93,82.18,5.12
Chennai,2019,11,26,3.9857,25.9,81.44,4.9
Chennai,2019,11,27,4.0994,26.59,83.34,5.1
Chennai,2019,11,28,4.2355,26.84,87.5,5.13
Chennai,2019,11,29,4.8938,26.54,85.65,5.85
Chennai,2019,11,30,2.5795,26.62,88.41,5.3
Chennai,2019,12,1,1.2238,26.12,92.15,4.33
Chennai,2019,12,2,2.9892,26.27,86.89,4.37
Chennai,2019,12,3,3.4752,26.14,83.15,4.98
Chennai,2019,12,4,4.7534,25.94,80.88,5.46
Chennai,2019,12,5,3.6134,25.16,79.26,5.84
Chennai,2019,12,6,4.7225,24.7,80.69,5.55
Chennai,2019,12,7,3.0115,25.57,84.54,5.11
Chennai,2019,12,8,4.0102,25.23,81.72,4.52
Chennai,2019,12,9,4.9457,25.07,78.02,4.52
Chennai,2019,12,10,5.016,24.74,79.9,4.14
Chennai,2019,12,11,5.0465,24.66,79.26,3.93
Chennai,2019,12,12,5.147,25,81.2,3.79
Chennai,2019,12,13,3.2782,25.37,83.46,3.61
Chennai,2019,12,14,2.5886,25.58,84.32,4.6
Chennai,2019,12,15,4.6865,25.03,82.5,4.08
Chennai,2019,12,16,3.1303,25.31,84.78,4.36
Chennai,2019,12,17,4.7047,25.21,81.28,5.44
Chennai,2019,12,18,4.3169,25.37,82.36,4.88
Chennai,2019,12,19,4.5468,25.25,81.69,4.76
Chennai,2019,12,20,4.2794,25.04,81.39,4.03
Chennai,2019,12,21,4.0646,24.62,82.66,3.7
Chennai,2019,12,22,5.0491,24.52,79.27,3.68
Chennai,2019,12,23,4.2802,24.53,77.15,3.71
Chennai,2019,12,24,2.6318,24.94,83.17,4.36
Chennai,2019,12,25,4.6721,25.02,81.74,4.18
Chennai,2019,12,26,5.2786,24.57,79.64,2.89
Chennai,2019,12,27,5.1974,24.51,77.14,2.55
Chennai,2019,12,28,4.7081,24.9,78.39,3.4
Chennai,2019,12,29,4.4381,24.8,81.21,4.19
Chennai,2019,12,30,4.2202,24.76,83.83,3.97
Chennai,2019,12,31,4.4213,25.26,82.46,4.01
Chennai,2020,1,1,3.5285,25.75,85.51,3.3
Chennai,2020,1,2,4.6277,25.68,86.26,2.68
Chennai,2020,1,3,5.015,26.13,82.96,2.14
Chennai,2020,1,4,5.0842,26.09,85.21,2.43
Chennai,2020,1,5,3.0953,26.13,83.38,3.11
Chennai,2020,1,6,3.4318,25.6,82.49,3.97
Chennai,2020,1,7,4.8845,25.32,82.34,4.15
Chennai,2020,1,8,5.2478,24.46,80.08,3.81
Chennai,2020,1,9,5.2733,24.32,74.35,2.66
Chennai,2020,1,10,4.8775,23.83,77.34,3.88
Chennai,2020,1,11,5.0801,23.78,78.26,4.04
Chennai,2020,1,12,4.1069,24.15,82.13,3.86
Chennai,2020,1,13,5.111,23.81,73.3,3.17
Chennai,2020,1,14,5.4485,23.1,70.97,2.97
Chennai,2020,1,15,5.6134,23.67,70.47,2.92
Chennai,2020,1,16,5.6126,25,66.14,2.4
Chennai,2020,1,17,4.2979,24.88,83.08,3.48
Chennai,2020,1,18,4.6327,25.37,83.14,4.23
Chennai,2020,1,19,5.2296,25.21,80.1,3.71
Chennai,2020,1,20,5.527,24.7,76.94,3.61
Chennai,2020,1,21,5.3071,24.17,77.01,4.18
Chennai,2020,1,22,5.0496,24.66,79.09,4.59
Chennai,2020,1,23,5.2406,24.63,79.13,4.02
Chennai,2020,1,24,5.8114,23.57,75.82,3.67
Chennai,2020,1,25,5.8894,23.34,70.88,2.6
Chennai,2020,1,26,5.5958,24.37,70.31,2.11
Chennai,2020,1,27,5.4713,24.46,76.4,2.87
Chennai,2020,1,28,5.3784,25.06,79.08,3.86
Chennai,2020,1,29,5.4266,25.48,76.05,3.39
Chennai,2020,1,30,5.7358,25.25,75.68,3.05
Chennai,2020,1,31,5.2764,25.39,76.96,3
Chennai,2020,2,1,5.5555,25.84,77.11,3.45
Chennai,2020,2,2,5.0983,25.52,71.94,4
Chennai,2020,2,3,5.9693,25.34,71.1,3.7
Chennai,2020,2,4,5.5966,25.5,69.87,3.59
Chennai,2020,2,5,5.9546,25.56,66.04,3.62
Chennai,2020,2,6,6.0086,25.37,68.2,3.78
Chennai,2020,2,7,5.6971,25.78,70.69,4.19
Chennai,2020,2,8,5.555,26.01,69.83,3.98
Chennai,2020,2,9,4.5658,26.15,72.46,4.24
Chennai,2020,2,10,5.7403,25.86,70.39,4.59
Chennai,2020,2,11,5.7293,25.97,68.26,4.83
Chennai,2020,2,12,5.5649,25.7,70.71,4.87
Chennai,2020,2,13,5.8121,25.6,69.51,4.18
Chennai,2020,2,14,5.6729,25.49,67.88,2.74
Chennai,2020,2,15,6.2066,25.55,60.93,2.81
Chennai,2020,2,16,6.4066,25.18,64.98,3.53
Chennai,2020,2,17,6.3874,25.22,62.69,3.13
Chennai,2020,2,18,5.9722,25.46,66.04,3.29
Chennai,2020,2,19,6.0619,25.18,69.17,3.18
Chennai,2020,2,20,6.311,25.17,67.59,3.46
Chennai,2020,2,21,6.0266,25.48,70.06,4.22
Chennai,2020,2,22,5.9136,26.36,73.22,4.91
Chennai,2020,2,23,5.4638,26.33,72.49,4.24
Chennai,2020,2,24,4.9459,26.75,70.05,3.65
Chennai,2020,2,25,5.9726,27.37,70.24,3.7
Chennai,2020,2,26,5.7833,27.49,71.51,3.37
Chennai,2020,2,27,5.8142,27.35,70.51,3.64
Chennai,2020,2,28,5.945,27.32,70.13,3.64
Chennai,2020,2,29,6.0211,27.18,69.12,3.48
Chennai,2020,3,1,6.1918,27.42,66.26,3.5
Chennai,2020,3,2,6.0082,27.51,63.46,3.09
Chennai,2020,3,3,6.0744,28.45,59.58,2.67
Chennai,2020,3,4,5.9086,28.42,62.34,3.61
Chennai,2020,3,5,6.0367,28.26,66.28,4.66
Chennai,2020,3,6,5.202,27.9,70.41,4.6
Chennai,2020,3,7,5.7149,28.04,68.07,4.44
Chennai,2020,3,8,6.3197,28.34,68.1,3.59
Chennai,2020,3,9,6.6763,28.12,66.95,3.7
Chennai,2020,3,10,6.7934,28.28,64.66,3.84
Chennai,2020,3,11,6.774,27.74,64.95,3.64
Chennai,2020,3,12,6.7853,27.93,64.45,3.7
Chennai,2020,3,13,6.4668,28.15,66.63,3.45
Chennai,2020,3,14,6.4346,28.23,68.95,3.71
Chennai,2020,3,15,6.5316,28.11,67.5,3.93
Chennai,2020,3,16,6.7354,29.03,63.79,3.53
Chennai,2020,3,17,7.0207,28.86,64.28,3.46
Chennai,2020,3,18,6.6324,29.21,63.51,3.22
Chennai,2020,3,19,7.0867,29.64,64.64,3.54
Chennai,2020,3,20,6.8642,29.64,62.09,4.12
Chennai,2020,3,21,6.7327,30.01,59.81,4.8
Chennai,2020,3,22,6.2863,30.02,59.94,3.83
Chennai,2020,3,23,6.3,29.27,62.34,3.8
Chennai,2020,3,24,6.7142,29.36,59.81,3.46
Chennai,2020,3,25,6.6276,29.47,60.53,3.69
Chennai,2020,3,26,6.6144,29.34,61.36,3.75
Chennai,2020,3,27,7.014,29.15,58.42,3.26
Chennai,2020,3,28,7.1801,29.25,53.82,2.61
Chennai,2020,3,29,6.7512,29.57,56.71,3.48
Chennai,2020,3,30,7.0159,29.6,54,3.26
Chennai,2020,3,31,6.8688,29.99,55.94,2.99
Chennai,2020,4,1,6.6288,30.36,59.8,3.44
Chennai,2020,4,2,6.3804,30.53,62.58,4.23
Chennai,2020,4,3,6.2568,29.97,64.54,4.26
Chennai,2020,4,4,6.768,29.67,65.16,3.91
Chennai,2020,4,5,6.3749,30.52,67.51,4.27
Chennai,2020,4,6,6.2076,30.77,67.83,4.16
Chennai,2020,4,7,6.1217,30.78,66.24,4.47
Chennai,2020,4,8,5.9455,31.18,63,4.31
Chennai,2020,4,9,4.4143,30.42,65.37,4.09
Chennai,2020,4,10,6.1046,29.74,65.41,3.45
Chennai,2020,4,11,6.593,29.84,66.1,3.15
Chennai,2020,4,12,6.8832,29.96,62.87,2.82
Chennai,2020,4,13,7.0198,30.6,58.84,3.09
Chennai,2020,4,14,6.6254,30.08,59.8,3.45
Chennai,2020,4,15,7.0644,30.11,61.97,3.29
Chennai,2020,4,16,6.5954,30.12,66.61,4.33
Chennai,2020,4,17,6.5794,30.66,65.27,4.72
Chennai,2020,4,18,6.8045,30.95,64.31,4.91
Chennai,2020,4,19,6.8131,31.05,64.96,4.44
Chennai,2020,4,20,7.3236,30.84,62.99,4.03
Chennai,2020,4,21,7.1256,31,61.93,3.87
Chennai,2020,4,22,6.7517,31.26,63.05,4.65
Chennai,2020,4,23,6.6418,31.73,64.99,4.94
Chennai,2020,4,24,6.647,31.91,64.01,5.84
Chennai,2020,4,25,5.695,31.27,70.83,5.07
Chennai,2020,4,26,3.7118,30.06,76.47,4.8
Chennai,2020,4,27,5.8042,29.6,77.23,2.27
Chennai,2020,4,28,6.1663,30.16,70.72,2.59
Chennai,2020,4,29,4.6094,30.68,69.39,2.56
Chennai,2020,4,30,6.6074,30.45,71.62,2.99
Chennai,2020,5,1,6.7872,30.7,70.64,3.33
Chennai,2020,5,2,6.2902,31.19,67.76,3.63
Chennai,2020,5,3,6.6958,31.15,67.58,3.79
Chennai,2020,5,4,6.361,31.33,68.91,3.76
Chennai,2020,5,5,6.4339,31.66,65.98,4.24
Chennai,2020,5,6,5.9057,31.22,69.01,4.7
Chennai,2020,5,7,6.3797,31.83,66.69,4.41
Chennai,2020,5,8,6.5434,32.15,64.6,4.29
Chennai,2020,5,9,6.8237,32.08,64.34,4.22
Chennai,2020,5,10,6.7399,32.15,61.53,4.03
Chennai,2020,5,11,6.1795,30.96,67.62,3.33
Chennai,2020,5,12,5.9182,28.89,76.57,2.83
Chennai,2020,5,13,6.6221,29.94,63.65,2.64
Chennai,2020,5,14,6.8774,30.44,70.61,2.97
Chennai,2020,5,15,6.588,30.21,73.73,3.53
Chennai,2020,5,16,5.958,29.74,76.57,3.9
Chennai,2020,5,17,5.2817,29.73,72.43,3.26
Chennai,2020,5,18,3.8777,30.92,70,3.14
Chennai,2020,5,19,5.1341,32.91,58.51,4.21
Chennai,2020,5,20,5.4636,33.12,57.39,5.21
Chennai,2020,5,21,6.1685,32.81,57.19,5.69
Chennai,2020,5,22,6.0187,32.61,60.58,4.67
Chennai,2020,5,23,6.084,31.38,72.38,4.1
Chennai,2020,5,24,6.1937,30.78,77.43,3.52
Chennai,2020,5,25,6.2405,30.44,79.62,4.12
Chennai,2020,5,26,6.2215,30.68,77.66,3.91
Chennai,2020,5,27,6.2789,31.49,74.36,3.94
Chennai,2020,5,28,6.1874,32.01,71.82,3.65
Chennai,2020,5,29,6.0876,31.45,68.65,4.36
Chennai,2020,5,30,6.3794,30.99,70.24,4.38
Chennai,2020,5,31,6.5006,29.82,75.78,4.49
Chennai,2020,6,1,5.4638,30.49,73.6,4
Chennai,2020,6,2,6.0226,29.94,71.93,4.78
Chennai,2020,6,3,6.6317,30.17,67.69,4.67
Chennai,2020,6,4,6.3067,31.08,64.61,3.56
Chennai,2020,6,5,5.9311,31.11,66.28,2.84
Chennai,2020,6,6,6.2707,30.13,69.26,4.44
Chennai,2020,6,7,5.5303,30.39,64.61,4.44
Chennai,2020,6,8,5.2483,31.52,60.29,3.91
Chennai,2020,6,9,3.2738,31.42,60.94,2.55
Chennai,2020,6,10,1.583,30.18,64.41,3.29
Chennai,2020,6,11,1.9346,29.19,70.03,4.75
Chennai,2020,6,12,4.3771,30.64,62.17,5.1
Chennai,2020,6,13,5.7031,32.14,53.88,4.75
Chennai,2020,6,14,6.0864,32.02,52.15,5.63
Chennai,2020,6,15,4.7738,31.67,60.31,4.66
Chennai,2020,6,16,5.2673,31.37,65.16,5.08
Chennai,2020,6,17,5.3851,32.06,61.49,3.68
Chennai,2020,6,18,4.897,32.52,55,2.23
Chennai,2020,6,19,6.4474,31.96,56.23,2.92
Chennai,2020,6,20,3.9533,31.41,60.58,3.12
Chennai,2020,6,21,4.3622,30.91,60.15,3.21
Chennai,2020,6,22,5.9839,31.44,62.95,3.22
Chennai,2020,6,23,6.3912,30.45,65.13,3.69
Chennai,2020,6,24,6.4898,30.04,70.27,3.16
Chennai,2020,6,25,4.5487,29.47,72.29,3.04
Chennai,2020,6,26,6.1022,30.1,69.36,4.48
Chennai,2020,6,27,6.2153,30.51,70.89,2.96
Chennai,2020,6,28,5.9074,29.62,76.44,3
Chennai,2020,6,29,5.9441,28.64,78.67,2.95
Chennai,2020,6,30,6.5232,29.56,74.02,3.18
Chennai,2020,7,1,2.5481,29.17,76.91,3.6
Chennai,2020,7,2,2.8102,29.11,70.5,3.96
Chennai,2020,7,3,4.9054,29.42,70.39,5.27
Chennai,2020,7,4,3.3888,29.73,69.54,6.01
Chennai,2020,7,5,2.6712,29.33,68.95,5.32
Chennai,2020,7,6,3.1423,29.76,69.75,3.69
Chennai,2020,7,7,6.5858,30.27,69.16,4.28
Chennai,2020,7,8,6.5518,28.52,75.57,2.92
Chennai,2020,7,9,6.323,27.39,82.78,3.42
Chennai,2020,7,10,4.8617,28.71,76.77,3.56
Chennai,2020,7,11,6.0881,27.55,80.31,3.84
Chennai,2020,7,12,6.1399,29.11,77.3,3.01
Chennai,2020,7,13,5.5488,28.33,82.48,2.57
Chennai,2020,7,14,1.5151,27.61,84.58,3.66
Chennai,2020,7,15,2.9234,27.66,83.35,4.53
Chennai,2020,7,16,2.7852,27.47,82.52,3.46
Chennai,2020,7,17,4.6879,28.43,77.87,4.12
Chennai,2020,7,18,2.731,27.96,78.9,2.61
Chennai,2020,7,19,3.9998,28.24,81.27,3.32
Chennai,2020,7,20,6.527,28.09,83.96,4.56
Chennai,2020,7,21,6.5647,28.22,81.18,3.78
Chennai,2020,7,22,5.9851,28.26,83.05,4.49
Chennai,2020,7,23,4.8564,27.67,83.12,4.04
Chennai,2020,7,24,4.1448,27.87,84.27,3.59
Chennai,2020,7,25,6.2942,28.44,76.84,2.83
Chennai,2020,7,26,6.2412,28.69,74.84,2.49
Chennai,2020,7,27,6.1855,28.77,74.75,2.81
Chennai,2020,7,28,6.0166,27.8,81.32,2.57
Chennai,2020,7,29,2.0429,28,82.33,1.87
Chennai,2020,7,30,6.2316,28.22,80.7,2.84
Chennai,2020,7,31,6.5513,28.72,81,4.16
Chennai,2020,8,1,4.1448,27.76,84.23,3.38
Chennai,2020,8,2,4.9157,27.18,85.1,4.4
Chennai,2020,8,3,2.8068,27.44,83.37,4.97
Chennai,2020,8,4,2.927,27.53,77.51,6.05
Chennai,2020,8,5,2.6059,28.07,74.14,7.4
Chennai,2020,8,6,5.1794,28.66,78.67,5.45
Chennai,2020,8,7,4.9637,29.01,79.96,3.8
Chennai,2020,8,8,3.5462,28.75,78.6,3.84
Chennai,2020,8,9,2.1626,27.45,82.1,4.25
Chennai,2020,8,10,4.3363,27.97,79.88,3.85
Chennai,2020,8,11,5.7418,28.78,78.11,3.91
Chennai,2020,8,12,3.2189,28.54,77.5,3.48
Chennai,2020,8,13,3.0562,28.66,77.28,3.46
Chennai,2020,8,14,2.7122,28.82,76.87,2.93
Chennai,2020,8,15,1.5775,28.37,76.91,4.19
Chennai,2020,8,16,2.9357,28.94,76.17,3.38
Chennai,2020,8,17,4.5967,29.03,77.98,3.58
Chennai,2020,8,18,4.6459,29.39,77.66,2.62
Chennai,2020,8,19,4.145,29.18,78.01,3.31
Chennai,2020,8,20,2.6179,28.91,78.45,3.35
Chennai,2020,8,21,5.6854,28.68,78.7,3.38
Chennai,2020,8,22,3.2566,28.39,81.74,2.81
Chennai,2020,8,23,1.9826,28.04,83.21,2.7
Chennai,2020,8,24,4.0519,27.68,85.16,2.56
Chennai,2020,8,25,2.4614,27.97,83.7,2.18
Chennai,2020,8,26,4.9262,27.99,84.8,2.23
Chennai,2020,8,27,5.4379,27.97,82.38,2.5
Chennai,2020,8,28,6.2357,28.92,77.03,2.8
Chennai,2020,8,29,5.8702,28.62,81.74,2.36
Chennai,2020,8,30,6.2719,28.37,83.42,2.52
Chennai,2020,8,31,5.9772,28.39,82.62,2.63
Chennai,2020,9,1,3.2294,27.26,87.46,1.66
Chennai,2020,9,2,5.6098,27.87,78.61,1.95
Chennai,2020,9,3,6.3384,27.58,81.36,2.43
Chennai,2020,9,4,5.7199,28.15,80.5,2.16
Chennai,2020,9,5,6.3523,28.07,80.71,2.13
Chennai,2020,9,6,6.234,28.16,81.2,2.6
Chennai,2020,9,7,4.6337,28.31,82.52,2.5
Chennai,2020,9,8,6.1918,28.53,80.72,3.02
Chennai,2020,9,9,3.5525,28.46,82.94,3.97
Chennai,2020,9,10,4.2566,27.75,82.44,4.54
Chennai,2020,9,11,2.6849,27.61,82.29,4.95
Chennai,2020,9,12,2.4386,27.5,81.6,3.8
Chennai,2020,9,13,2.3734,26.59,81.61,4.29
Chennai,2020,9,14,2.339,26.9,80.71,4.75
Chennai,2020,9,15,3.4498,27.54,79.66,3.47
Chennai,2020,9,16,2.4466,27.79,82.95,3.74
Chennai,2020,9,17,5.7194,28.27,79.55,3.27
Chennai,2020,9,18,4.0865,28.46,80.51,3.71
Chennai,2020,9,19,2.2474,26.81,85.78,4.76
Chennai,2020,9,20,2.4514,26.34,84.79,5.12
Chennai,2020,9,21,3.1862,27.02,80.01,5.04
Chennai,2020,9,22,5.7271,27.35,75.29,5.96
Chennai,2020,9,23,6.4913,27.53,73.93,4.42
Chennai,2020,9,24,6.301,28.1,78.45,3.29
Chennai,2020,9,25,4.6589,27.35,86.34,4.99
Chennai,2020,9,26,3.8352,26.83,83.1,3.99
Chennai,2020,9,27,3.0876,27.97,76.72,2.01
Chennai,2020,9,28,5.2517,28.29,79.78,2.92
Chennai,2020,9,29,3.9053,27.65,83.67,2.16
Chennai,2020,9,30,3.3403,27.06,85.19,2.64
Chennai,2020,10,1,4.7285,27.72,79.05,3.58
Chennai,2020,10,2,4.9759,28.25,76.64,2.92
Chennai,2020,10,3,3.2962,28.17,81.57,3.6
Chennai,2020,10,4,3.216,27.43,81.11,5.09
Chennai,2020,10,5,5.1173,27.9,75.99,4.43
Chennai,2020,10,6,5.8306,28.36,75.75,2.81
Chennai,2020,10,7,5.6678,28.94,79.65,3.12
Chennai,2020,10,8,5.4338,28.4,82.61,2.03
Chennai,2020,10,9,5.3458,27.74,85.26,2.96
Chennai,2020,10,10,2.8075,27.1,83.87,2.09
Chennai,2020,10,11,2.4437,26.83,84.15,3.31
Chennai,2020,10,12,3.9602,27.19,83.62,2.71
Chennai,2020,10,13,4.6548,27.27,83.88,4.96
Chennai,2020,10,14,5.2625,27.86,78.2,5.15
Chennai,2020,10,15,5.9009,27.24,78.8,3.88
Chennai,2020,10,16,5.3134,28.32,78.66,2.55
Chennai,2020,10,17,2.9683,27.51,87.48,1.85
Chennai,2020,10,18,0.9756,27.27,80.69,1.8
Chennai,2020,10,19,3.8549,27.29,82.81,1.72
Chennai,2020,10,20,1.4083,27.25,83,2.37
Chennai,2020,10,21,3.0463,26.55,82.41,3.43
Chennai,2020,10,22,5.2663,27.51,78.88,1.02
Chennai,2020,10,23,4.5461,27.24,86.15,1.51
Chennai,2020,10,24,4.9414,27.35,84.38,2.42
Chennai,2020,10,25,4.3154,27.42,82.08,1.58
Chennai,2020,10,26,5.1698,27.23,81.6,2.75
Chennai,2020,10,27,4.8487,26.89,81.98,3.51
Chennai,2020,10,28,2.2558,26.49,83.59,4.38
Chennai,2020,10,29,2.1324,26.02,86.04,4.33
Chennai,2020,10,30,3.9569,26.73,76.29,3.95
Chennai,2020,10,31,5.5493,26.91,75.38,2.8
Chennai,2020,11,1,5.334,27.05,77.54,2.5
Chennai,2020,11,2,5.161,27.32,80.06,2.41
Chennai,2020,11,3,5.1473,27.53,81.88,3.03
Chennai,2020,11,4,3.9756,26.89,87,2.72
Chennai,2020,11,5,5.2394,27.28,84.69,2.65
Chennai,2020,11,6,5.3364,26.73,86.93,2.71
Chennai,2020,11,7,4.3601,27.31,83.88,3.8
Chennai,2020,11,8,4.5101,27.24,80.62,5.43
Chennai,2020,11,9,5.2668,26.12,76.35,5.43
Chennai,2020,11,10,5.3465,25.39,76.28,5.28
Chennai,2020,11,11,2.8697,25.72,87.57,5.66
Chennai,2020,11,12,1.7554,26.54,90.15,3.76
Chennai,2020,11,13,4.4834,27.01,85.95,4.71
Chennai,2020,11,14,5.4684,26.96,83.91,5.47
Chennai,2020,11,15,1.2605,26.95,90.59,4.85
Chennai,2020,11,16,1.0498,26,90.29,3.81
Chennai,2020,11,17,4.8636,26.34,87.79,3.42
Chennai,2020,11,18,5.0054,26.55,86.12,2.88
Chennai,2020,11,19,5.1682,26.24,85.04,3.3
Chennai,2020,11,20,5.4389,26.03,80.61,3.22
Chennai,2020,11,21,5.6647,24.86,79.48,3.07
Chennai,2020,11,22,5.31,24.69,77.54,2.87
Chennai,2020,11,23,4.1678,25.55,80.76,5.09
Chennai,2020,11,24,2.1,25.99,87.92,7.06
Chennai,2020,11,25,0.6977,25.81,88.7,9.51
Chennai,2020,11,26,2.0407,26.17,89.28,11.27
Chennai,2020,11,27,2.4197,25.28,87.9,5.34
Chennai,2020,11,28,4.2434,25.84,86.38,3.46
Chennai,2020,11,29,3.7157,25.5,88.72,4.33
Chennai,2020,11,30,4.4482,25.73,84.16,5.4
Chennai,2020,12,1,3.9535,25.43,80.17,5.73
Chennai,2020,12,2,1.975,25.42,87.23,7.5
Chennai,2020,12,3,1.325,25.92,92.49,5.6
Chennai,2020,12,4,0.9458,25.47,92.3,5.57
Chennai,2020,12,5,2.8606,25.29,92.12,5.16
Chennai,2020,12,6,4.5876,25.37,91.26,4.81
Chennai,2020,12,7,3.0185,25.8,89.73,4.44
Chennai,2020,12,8,3.9703,25.75,88.98,3.66
Chennai,2020,12,9,4.7712,25.23,85.12,4.06
Chennai,2020,12,10,4.9807,24.29,78.86,3.14
Chennai,2020,12,11,4.9747,24.24,76.47,3.32
Chennai,2020,12,12,5.0141,24.55,74.35,3.31
Chennai,2020,12,13,4.7254,24.63,72.11,2.99
Chennai,2020,12,14,4.7402,24.75,71.36,3.08
Chennai,2020,12,15,4.2602,24.64,80.98,4.61
Chennai,2020,12,16,2.796,25.22,86.14,5.38
Chennai,2020,12,17,3.8762,25.17,86.75,5.15
Chennai,2020,12,18,3.8954,25.05,82.78,5.09
Chennai,2020,12,19,3.7714,24.88,83.05,5.42
Chennai,2020,12,20,4.6654,24.21,79.45,5.23
Chennai,2020,12,21,4.698,23.32,78.14,4.72
Chennai,2020,12,22,4.1242,23.11,78.34,4.18
Chennai,2020,12,23,4.7438,23.34,78.72,3.72
Chennai,2020,12,24,4.5127,23.48,79.93,3.73
Chennai,2020,12,25,4.8307,23.57,76.08,3.79
Chennai,2020,12,26,5.047,23.53,75.91,4.05
Chennai,2020,12,27,4.5338,23.74,78.02,4.51
Chennai,2020,12,28,4.7906,23.55,77.76,4.39
Chennai,2020,12,29,3.0461,24.19,81.72,4.76
Chennai,2020,12,30,2.3942,24.81,84.81,5.33
Chennai,2020,12,31,3.9626,24.61,85.05,5.54
Chennai,2021,1,1,4.3435,23.66,80.7,4.6
Chennai,2021,1,2,1.9514,24.05,85.8,5.27
Chennai,2021,1,3,3.1202,24.61,84.67,4.97
Chennai,2021,1,4,4.0078,24.93,84.78,4.55
Chennai,2021,1,5,0.971,24.85,92.6,3.7
Chennai,2021,1,6,3.4121,25.04,93.15,3.46
Chennai,2021,1,7,3.3401,25.12,89.82,3.72
Chennai,2021,1,8,2.3662,25.43,88.69,3.77
Chennai,2021,1,9,4.4777,25.18,86.05,3.81
Chennai,2021,1,10,3.9526,25.21,86.9,4.28
Chennai,2021,1,11,4.3728,25.26,88.24,4.53
Chennai,2021,1,12,4.355,25.31,84.98,5.05
Chennai,2021,1,13,4.3855,25.21,82.87,4.46
Chennai,2021,1,14,4.4758,24.91,83.99,4.35
Chennai,2021,1,15,5.2061,24.54,81.17,3.96
Chennai,2021,1,16,5.352,23.98,76.56,3.05
Chennai,2021,1,17,5.5073,23.77,76.78,3.47
Chennai,2021,1,18,5.1187,24.03,74.98,4.14
Chennai,2021,1,19,5.1679,23.99,77.33,3.87
Chennai,2021,1,20,3.7375,24.47,81.58,3.57
Chennai,2021,1,21,5.3244,25.46,83.88,2.34
Chennai,2021,1,22,4.9116,25.33,84.5,2.63
Chennai,2021,1,23,5.0292,24.61,81.15,2.66
Chennai,2021,1,24,5.1533,24.41,74.19,2.09
Chennai,2021,1,25,5.2469,24.55,71.81,2.19
Chennai,2021,1,26,5.5586,24.14,72.46,2.68
Chennai,2021,1,27,4.806,24.1,75.69,2.23
Chennai,2021,1,28,4.9514,24.31,78.7,3.74
Chennai,2021,1,29,5.2399,24.56,75.09,3.88
Chennai,2021,1,30,5.1751,24.49,77.96,3.39
Chennai,2021,1,31,5.3551,24.29,81.14,3.93
Chennai,2021,2,1,5.5908,24.37,78.76,4.45
Chennai,2021,2,2,4.8734,24.53,79.32,4.16
Chennai,2021,2,3,5.6035,24.29,74.34,4.37
Chennai,2021,2,4,5.8243,23.75,71.75,4.04
Chennai,2021,2,5,5.4874,23.31,74.17,3.97
Chennai,2021,2,6,5.8325,23.33,73.86,3.97
Chennai,2021,2,7,5.8778,23.23,74.93,4.5
Chennai,2021,2,8,5.7396,23.78,73.74,5.09
Chennai,2021,2,9,5.4883,23.41,73.06,4.33
Chennai,2021,2,10,5.7235,22.96,73.07,3.1
Chennai,2021,2,11,5.9597,23.05,71.29,2.86
Chennai,2021,2,12,6.1548,23.28,70.24,2.6
Chennai,2021,2,13,6.3396,23.5,71.32,2.75
Chennai,2021,2,14,6.1778,23.24,72.04,2.17
Chennai,2021,2,15,5.923,23.68,71.58,2.5
Chennai,2021,2,16,6.1222,23.88,74.22,2.2
Chennai,2021,2,17,6.0101,24.38,74.76,3
Chennai,2021,2,18,5.7684,24.42,74.63,4.18
Chennai,2021,2,19,4.2022,25.13,77.02,4.35
Chennai,2021,2,20,4.7093,25.38,82.76,5.76
Chennai,2021,2,21,3.7632,25.14,83.59,5.32
Chennai,2021,2,22,5.9076,25.44,79.29,3.94
Chennai,2021,2,23,5.9618,25.11,78.3,3.02
Chennai,2021,2,24,6.2921,25,74.23,2.11
Chennai,2021,2,25,6.1121,25.21,70.83,2.02
Chennai,2021,2,26,6.3454,25.26,71.58,2.63
Chennai,2021,2,27,6.2306,25.35,76.26,3.08
Chennai,2021,2,28,6.1939,25.31,77.26,3.13
Chennai,2021,3,1,6.3106,26.05,75.21,3.01
Chennai,2021,3,2,6.0955,25.73,73.84,2.98
Chennai,2021,3,3,6.5558,25.52,71.13,2.76
Chennai,2021,3,4,6.7042,25.64,71.19,2.64
Chennai,2021,3,5,6.7303,25.56,71.3,2.23
Chennai,2021,3,6,6.6862,26.38,70.72,2.35
Chennai,2021,3,7,6.7872,26.48,73.74,2.57
Chennai,2021,3,8,6.6074,26.69,75.07,2.79
Chennai,2021,3,9,6.469,26.8,75.29,2.73
Chennai,2021,3,10,6.6694,27.19,76.99,3.06
Chennai,2021,3,11,6.9922,27.25,73.2,3.08
Chennai,2021,3,12,7.2014,26.05,69.28,2.72
Chennai,2021,3,13,6.8402,26.75,65.68,2.68
Chennai,2021,3,14,6.8904,27.07,66.33,2.6
Chennai,2021,3,15,6.7361,27.6,66.3,2.63
Chennai,2021,3,16,6.2458,27.36,67.1,2.43
Chennai,2021,3,17,6.0156,27.66,68.3,2.64
Chennai,2021,3,18,6.1034,27.14,70.58,2.65
Chennai,2021,3,19,6.469,27.39,66.81,2.62
Chennai,2021,3,20,6.5556,27.23,68.57,2.42
Chennai,2021,3,21,6.0077,27.81,65.82,2.6
Chennai,2021,3,22,6.3341,28.18,67.38,2.81
Chennai,2021,3,23,6.3583,28.05,69.18,2.75
Chennai,2021,3,24,6.3708,28.32,67.15,2.48
Chennai,2021,3,25,6.2155,28.49,67.19,2.64
Chennai,2021,3,26,6.0826,28.34,71.11,2.73
Chennai,2021,3,27,5.9302,29.16,68.84,2.46
Chennai,2021,3,28,5.7122,29.4,68.27,3.66
Chennai,2021,3,29,5.1353,29.75,67.09,4.04
Chennai,2021,3,30,6.0125,30.43,62.89,4
Chennai,2021,3,31,6.1762,31.29,64.73,5.02
Chennai,2021,4,1,6.6322,31.69,62.34,4.7
Chennai,2021,4,2,6.7675,32.34,60.03,4.33
Chennai,2021,4,3,6.3223,31.69,64.22,4.67
Chennai,2021,4,4,6.091,31.45,64.25,3.4
Chennai,2021,4,5,5.8447,30.34,68.14,3.56
Chennai,2021,4,6,6.2477,29.56,68.6,3.55
Chennai,2021,4,7,6.2909,29.35,65.17,3.6
Chennai,2021,4,8,6.2052,29.06,65.42,4.42
Chennai,2021,4,9,6.2174,28.9,67.68,3.99
Chennai,2021,4,10,6.7205,29.41,67.02,3.85
Chennai,2021,4,11,6.8748,29.83,65.22,3.56
Chennai,2021,4,12,6.8904,29.77,67.39,3.35
Chennai,2021,4,13,5.7178,30.03,65.59,3.15
Chennai,2021,4,14,4.9781,29.45,70.36,3.29
Chennai,2021,4,15,4.8886,28.66,73.87,2.87
Chennai,2021,4,16,7.0675,29.59,68.16,3.2
Chennai,2021,4,17,6.455,30,70.4,2.98
Chennai,2021,4,18,6.7512,30.25,70.11,3.19
Chennai,2021,4,19,6.3658,30.66,68.93,3.53
Chennai,2021,4,20,6.049,30.57,70.44,3.45
Chennai,2021,4,21,6.3134,30.6,70.54,3.47
Chennai,2021,4,22,6.276,30.39,68.68,3.84
Chennai,2021,4,23,5.5978,30.9,66.19,2.82
Chennai,2021,4,24,6.0874,29.6,72.84,2.56
Chennai,2021,4,25,6.5741,30.59,67.81,3.26
Chennai,2021,4,26,6.853,30.49,68.04,3.8
Chennai,2021,4,27,6.6348,30.48,68.14,3.48
Chennai,2021,4,28,6.4766,30.79,67.24,3.59
Chennai,2021,4,29,6.4126,30.85,66.53,3.55
Chennai,2021,4,30,6.1594,31.04,66.18,3.53
Chennai,2021,5,1,6.5486,31.03,66.44,3.82
Chennai,2021,5,2,6.7037,30.57,68.32,3.28
Chennai,2021,5,3,6.9334,30.8,66.1,3.43
Chennai,2021,5,4,6.7918,31.11,63.15,3.5
Chennai,2021,5,5,6.7068,31.47,62.35,3.91
Chennai,2021,5,6,6.4834,31.32,64.2,3.98
Chennai,2021,5,7,6.857,30.89,67.21,3.98
Chennai,2021,5,8,6.7493,30.34,67.41,2.94
Chennai,2021,5,9,6.8114,31.05,65.35,3.4
Chennai,2021,5,10,6.9266,31.66,63.83,4.22
Chennai,2021,5,11,6.6845,32.33,64.26,4.21
Chennai,2021,5,12,5.6798,32.48,64.75,4.22
Chennai,2021,5,13,6.1774,31.67,68.77,4.51
Chennai,2021,5,14,5.707,31.8,66.72,5.14
Chennai,2021,5,15,6.2983,31.14,65.6,6.5
Chennai,2021,5,16,4.8305,30.24,69.94,6.35
Chennai,2021,5,17,6.7075,30.97,68.59,4.88
Chennai,2021,5,18,6.8784,30.82,71.57,5.27
Chennai,2021,5,19,6.551,30.36,74.5,5.02
Chennai,2021,5,20,6.318,30.14,72.95,3.26
Chennai,2021,5,21,3.8179,28.62,75.67,5.26
Chennai,2021,5,22,2.2956,29.41,72.53,3.33
Chennai,2021,5,23,2.9854,30.07,69.84,3.89
Chennai,2021,5,24,2.5954,29.32,70.51,4.8
Chennai,2021,5,25,3.6274,28.57,75.73,6.04
Chennai,2021,5,26,6.1174,31.53,61.47,5.18
Chennai,2021,5,27,5.2406,30.92,61.35,5.05
Chennai,2021,5,28,6.2482,31.24,61.36,3.94
Chennai,2021,5,29,6.3425,31.68,63.14,3.64
Chennai,2021,5,30,6.3866,31.89,63.15,3.66
Chennai,2021,5,31,6.4622,31.56,64.6,4.32
Chennai,2021,6,1,6.5232,31.7,65.24,3.59
Chennai,2021,6,2,6.3931,31.1,65.79,2.98
Chennai,2021,6,3,5.9971,30.49,71.1,4.03
Chennai,2021,6,4,6.2141,29.31,69.93,3.45
Chennai,2021,6,5,6.491,29.57,71.3,2.07
Chennai,2021,6,6,6.5309,29.77,68.45,2.06
Chennai,2021,6,7,6.2734,30.41,69.79,3.25
Chennai,2021,6,8,6.4591,30.19,69.18,3.72
Chennai,2021,6,9,6.2167,30.32,68.16,3.71
Chennai,2021,6,10,4.9548,30.73,65.28,3.81
Chennai,2021,6,11,3.4418,30.16,62.14,5.32
Chennai,2021,6,12,5.2997,30.51,58.87,5.71
Chennai,2021,6,13,4.206,29.6,62.29,5.58
Chennai,2021,6,14,3.9144,29.95,60.72,6.44
Chennai,2021,6,15,5.4838,30.54,57.15,6.78
Chennai,2021,6,16,5.1005,30.86,59.46,5.83
Chennai,2021,6,17,5.3069,31.15,58.94,5.78
Chennai,2021,6,18,4.3219,30.98,57.52,5.58
Chennai,2021,6,19,5.449,30.36,62.02,4.59
Chennai,2021,6,20,6.1411,30.51,61.99,4.15
Chennai,2021,6,21,6.2662,30.36,62.24,3.44
Chennai,2021,6,22,4.3356,29.53,70.58,3.46
Chennai,2021,6,23,5.1583,29.63,70.11,3.87
Chennai,2021,6,24,4.5533,29.91,71.51,3.38
Chennai,2021,6,25,5.1091,30.79,63.05,3.11
Chennai,2021,6,26,3.0055,31.01,61.63,3.59
Chennai,2021,6,27,2.6993,29.12,66.84,4.26
Chennai,2021,6,28,5.5394,29.34,67.78,4.03
Chennai,2021,6,29,6.4234,29.81,70.88,5.57
Chennai,2021,6,30,6.5136,30.22,73.42,4.92
Chennai,2021,7,1,4.271,29.44,79.59,4.02
Chennai,2021,7,2,6.1073,29.19,79.81,2.6
Chennai,2021,7,3,5.1814,28.93,81.02,2.17
Chennai,2021,7,4,3.5422,28.55,77.94,2.93
Chennai,2021,7,5,6.6643,29.33,73.9,3.03
Chennai,2021,7,6,6.5306,29.41,77.28,3.79
Chennai,2021,7,7,5.7502,29.18,77.31,3.49
Chennai,2021,7,8,6.1882,28.67,77.17,3.4
Chennai,2021,7,9,4.4657,28.63,80.28,3.56
Chennai,2021,7,10,4.4969,27.85,78.27,3.94
Chennai,2021,7,11,3.2023,27.55,76.29,4.34
Chennai,2021,7,12,3.2477,27.49,75.01,4.81
Chennai,2021,7,13,3.4133,28.35,74.71,3.89
Chennai,2021,7,14,3.859,28.09,78.8,3.07
Chennai,2021,7,15,5.3095,28.56,76.84,4.1
Chennai,2021,7,16,3.9924,28.84,76.77,3.92
Chennai,2021,7,17,5.1463,27.61,83.03,3.34
Chennai,2021,7,18,4.8986,27.36,86.67,4.43
Chennai,2021,7,19,6.0526,28.86,76.36,4.49
Chennai,2021,7,20,4.9807,28.71,77.43,5.03
Chennai,2021,7,21,3.2448,28.68,76.66,5.08
Chennai,2021,7,22,2.0609,27.57,79.63,6.44
Chennai,2021,7,23,5.4384,28.29,77.11,5.04
Chennai,2021,7,24,6.5326,29.23,75.12,4.39
Chennai,2021,7,25,6.2914,28.76,77.89,5.09
Chennai,2021,7,26,6.5407,28.21,77.62,4.27
Chennai,2021,7,27,6.0007,28.33,76.84,5.1
Chennai,2021,7,28,5.6441,29.61,71.14,5.47
Chennai,2021,7,29,4.7796,29.4,71.61,4.85
Chennai,2021,7,30,5.1502,29.46,72.52,4.62
Chennai,2021,7,31,5.0191,29.73,70.59,4.61
Chennai,2021,8,1,5.3616,28.93,73.64,4.02
Chennai,2021,8,2,5.7595,29.41,69.89,4.69
Chennai,2021,8,3,6.2508,29.44,69.42,4.16
Chennai,2021,8,4,5.6002,29.77,70.39,4.97
Chennai,2021,8,5,5.5879,30.08,70.68,4.39
Chennai,2021,8,6,5.8099,29.7,72.35,4.79
Chennai,2021,8,7,5.6249,29.57,75.8,3.95
Chennai,2021,8,8,6.6535,29.64,76.39,3.27
Chennai,2021,8,9,6.4356,29.76,77.23,2.87
Chennai,2021,8,10,6.5436,28.37,80.01,4.31
Chennai,2021,8,11,6.0382,27.04,85.5,3.39
Chennai,2021,8,12,1.8946,27.5,83.95,3.6
Chennai,2021,8,13,4.4374,28.27,78.55,3.07
Chennai,2021,8,14,2.9095,28.63,74.76,3.99
Chennai,2021,8,15,2.4514,28.18,74.48,4.25
Chennai,2021,8,16,2.9806,28.91,71.41,3.23
Chennai,2021,8,17,4.0884,28.96,74.16,4.54
Chennai,2021,8,18,5.0822,28.86,72.53,3.69
Chennai,2021,8,19,5.0304,29.18,71.49,3.56
Chennai,2021,8,20,4.0226,28.16,75.33,3.32
Chennai,2021,8,21,2.7482,26.1,84.9,3.76
Chennai,2021,8,22,6.4111,26.74,81.52,2.73
Chennai,2021,8,23,6.1296,27.37,81.11,4.27
Chennai,2021,8,24,6.3696,28.6,77.94,4.63
Chennai,2021,8,25,6.0698,28.65,78.84,4.22
Chennai,2021,8,26,4.5758,28.7,78.3,2.48
Chennai,2021,8,27,4.7962,26.93,87.39,2.23
Chennai,2021,8,28,3.8026,27.5,80.44,3.31
Chennai,2021,8,29,3.739,27.1,78.95,4.25
Chennai,2021,8,30,3.288,27.7,75.72,4.38
Chennai,2021,8,31,5.454,27.87,72.92,3.09
Chennai,2021,9,1,3.7169,27.53,80.84,1.92
Chennai,2021,9,2,2.2387,27.25,81.85,3.28
Chennai,2021,9,3,3.4702,27.14,80.63,3.89
Chennai,2021,9,4,2.2788,26.38,86.49,5.12
Chennai,2021,9,5,3.6725,28.22,78.62,3.69
Chennai,2021,9,6,3.2083,27.37,79.09,4.65
Chennai,2021,9,7,5.4434,26.66,79.28,4.62
Chennai,2021,9,8,4.985,27.55,81.28,4.16
Chennai,2021,9,9,6.1577,28.13,78.28,4.09
Chennai,2021,9,10,4.8062,28.07,79.24,3.87
Chennai,2021,9,11,4.4489,28.14,79.05,4.56
Chennai,2021,9,12,4.0522,28.09,80.56,4.62
Chennai,2021,9,13,5.0611,28.44,77.69,5.65
Chennai,2021,9,14,5.4005,28.42,79.69,4.88
Chennai,2021,9,15,6.0518,28.82,79.57,3.33
Chennai,2021,9,16,5.4194,27.99,82.21,3.28
Chennai,2021,9,17,5.7036,27.61,85.69,2.95
Chennai,2021,9,18,4.8247,28.29,80.48,2.95
Chennai,2021,9,19,5.875,28.44,80.78,2.85
Chennai,2021,9,20,5.7158,28.69,80.77,2.38
Chennai,2021,9,21,5.6772,28.26,81.32,3.28
Chennai,2021,9,22,3.2158,28.19,79.6,3.18
Chennai,2021,9,23,2.4485,28.25,81.59,3.06
Chennai,2021,9,24,5.5334,28.12,79.09,2.48
Chennai,2021,9,25,5.6635,28.31,82.06,2.49
Chennai,2021,9,26,3.3007,27.3,83.09,2.6
Chennai,2021,9,27,4.3174,28.63,76.31,4.64
Chennai,2021,9,28,5.7154,27.5,79.6,4.48
Chennai,2021,9,29,5.2049,28.04,75.62,2.67
Chennai,2021,9,30,4.9265,28.16,77.95,2.17
Chennai,2021,10,1,6.3895,28.04,81.28,2.28
Chennai,2021,10,2,5.987,27.43,87.9,2.94
Chennai,2021,10,3,6.0984,27.94,82.9,1.94
Chennai,2021,10,4,6.1589,27.92,82.95,2.43
Chennai,2021,10,5,3.5849,27.14,88.45,3.12
Chennai,2021,10,6,5.7977,27.99,86.03,2.96
Chennai,2021,10,7,5.6494,27.58,85.61,3.15
Chennai,2021,10,8,5.1982,28.44,83.88,3.12
Chennai,2021,10,9,5.2334,27.3,86.85,2.04
Chennai,2021,10,10,3.8974,27.76,82.77,3
Chennai,2021,10,11,3.1416,27.07,85.11,2.19
Chennai,2021,10,12,4.4282,27.19,82.65,2.13
Chennai,2021,10,13,5.4257,28.25,79.51,2.74
Chennai,2021,10,14,4.5732,27.8,83.46,3.36
Chennai,2021,10,15,4.9114,28.15,82.88,2.23
Chennai,2021,10,16,4.8862,27.82,86.08,3.36
Chennai,2021,10,17,4.8348,28.06,86.34,2.55
Chennai,2021,10,18,3.8378,28.07,81.65,3.16
Chennai,2021,10,19,5.041,27.66,83.27,2.53
Chennai,2021,10,20,5.2054,27.49,82.14,1.78
Chennai,2021,10,21,5.0604,27.36,83.06,1.41
Chennai,2021,10,22,5.5862,27.32,83.57,1.67
Chennai,2021,10,23,5.0666,27.19,85.22,2.07
Chennai,2021,10,24,3.737,27.63,78.27,2.08
Chennai,2021,10,25,4.3615,26.63,84.65,3.75
Chennai,2021,10,26,4.1909,27.14,79.82,3.43
Chennai,2021,10,27,4.5365,26.86,81.23,4.13
Chennai,2021,10,28,1.8504,26.41,82.03,5.46
Chennai,2021,10,29,3.8417,26.71,86.27,3.22
Chennai,2021,10,30,3.4706,26.48,89.13,3.63
Chennai,2021,10,31,4.2562,26.97,86.98,4.23
Chennai,2021,11,1,1.5485,26.41,88.91,3.88
Chennai,2021,11,2,1.8353,26.42,86.5,3.88
Chennai,2021,11,3,3.0816,25.71,90.13,3.17
Chennai,2021,11,4,1.937,25.87,90.86,3.66
Chennai,2021,11,5,3.5297,25.94,88.54,2.92
Chennai,2021,11,6,3.7001,26.12,89.51,2.85
Chennai,2021,11,7,1.8715,26.64,87.96,3.2
Chennai,2021,11,8,1.261,26.05,89.87,5.45
Chennai,2021,11,9,1.5206,25.26,88.64,5.88
Chennai,2021,11,10,1.2998,24.09,92.22,8.1
Chennai,2021,11,11,1.8019,24.83,93.4,8.96
Chennai,2021,11,12,3.7414,26.11,86.87,5.79
Chennai,2021,11,13,4.4347,26.85,85.99,1.69
Chennai,2021,11,14,4.9481,26.53,87.73,2.14
Chennai,2021,11,15,3.6096,26.59,86.79,2.14
Chennai,2021,11,16,4.6817,26.83,86.29,1.91
Chennai,2021,11,17,1.9774,26.46,90.25,3.43
Chennai,2021,11,18,1.1777,26.52,94.08,8.82
Chennai,2021,11,19,2.803,26.72,89.65,7.25
Chennai,2021,11,20,3.2222,26.91,89.41,5.24
Chennai,2021,11,21,5.0818,26.66,88.16,2.35
Chennai,2021,11,22,4.3058,26.3,89.74,2.88
Chennai,2021,11,23,5.1302,26.64,88.2,3.55
Chennai,2021,11,24,4.5266,26.34,87.86,3.81
Chennai,2021,11,25,4.169,26.46,88.38,5.56
Chennai,2021,11,26,1.5559,26.09,90.36,6.4
Chennai,2021,11,27,1.3709,25.83,92.6,5.53
Chennai,2021,11,28,1.8991,25.53,92.82,4.06
Chennai,2021,11,29,2.6753,25.44,91.47,2.51
Chennai,2021,11,30,3.8945,26.06,91.13,4.65
Chennai,2021,12,1,4.2038,26.09,86.45,4.89
Chennai,2021,12,2,4.9584,24.96,82.33,4.51
Chennai,2021,12,3,4.2223,24.43,89.59,4.38
Chennai,2021,12,4,4.9879,26,81.81,2.28
Chennai,2021,12,5,4.7551,26.58,82.01,1.82
Chennai,2021,12,6,4.703,26.55,84.54,2.18
Chennai,2021,12,7,4.8274,25.87,85.08,3.44
Chennai,2021,12,8,4.675,25.65,87.43,3.77
Chennai,2021,12,9,4.6142,25.84,86.13,4.15
Chennai,2021,12,10,4.7143,25.77,84.35,4.43
Chennai,2021,12,11,4.9447,25.88,85.41,5.24
Chennai,2021,12,12,4.2974,25.7,85.87,5.16
Chennai,2021,12,13,4.0872,25.99,84.01,5.71
Chennai,2021,12,14,4.2146,25.32,83.63,5.49
Chennai,2021,12,15,4.2852,24.96,82.85,5.48
Chennai,2021,12,16,4.4611,24.66,80.87,5.58
Chennai,2021,12,17,4.2406,24.2,81.65,5.13
Chennai,2021,12,18,4.4489,23.89,80.05,5.38
Chennai,2021,12,19,4.7827,23.5,77.93,5.18
Chennai,2021,12,20,4.1681,23.58,76,4.33
Chennai,2021,12,21,4.5638,23.25,74.54,3.32
Chennai,2021,12,22,4.4203,22.74,73.44,2.51
Chennai,2021,12,23,4.9358,22.4,72.27,2.45
Chennai,2021,12,24,4.8902,23.46,72.72,2
Chennai,2021,12,25,4.9685,23.62,73.36,2.19
Chennai,2021,12,26,4.4294,23.94,76.97,2.2
Chennai,2021,12,27,4.9788,24.25,78.07,2.86
Chennai,2021,12,28,3.1267,24,81.99,3.63
Chennai,2021,12,29,4.968,24.37,79.08,3.45
Chennai,2021,12,30,3.0758,24.55,86.17,5.18
Chennai,2021,12,31,3.4637,25.22,87.17,6.2
Chennai,2022,1,1,4.1431,25.03,86.38,6.15
Chennai,2022,1,2,4.7117,24.61,83.33,5.05
Chennai,2022,1,3,4.7383,24.37,81.09,4.38
Chennai,2022,1,4,4.9116,23.36,81.46,4.57
Chennai,2022,1,5,5.1007,23.6,80.24,3.29
Chennai,2022,1,6,5.208,23.94,83.68,3.59
Chennai,2022,1,7,4.889,24.16,84.08,3.53
Chennai,2022,1,8,5.2608,24.29,80.79,3.81
Chennai,2022,1,9,5.2841,24.23,80.86,2.83
Chennai,2022,1,10,5.4276,24.65,81.06,2.54
Chennai,2022,1,11,5.3722,25.14,79.24,2.96
Chennai,2022,1,12,5.2217,25.29,80.42,2.82
Chennai,2022,1,13,5.0076,25.63,81.42,2.81
Chennai,2022,1,14,4.9274,25.84,83.07,2.47
Chennai,2022,1,15,4.8775,25.44,84.49,2.88
Chennai,2022,1,16,5.1571,25.15,84.51,4.63
Chennai,2022,1,17,2.0268,25.03,80.99,4.89
Chennai,2022,1,18,4.83,24.18,81.09,4.22
Chennai,2022,1,19,5.1864,23.85,76.83,3.51
Chennai,2022,1,20,4.9694,23.8,72.09,1.87
Chennai,2022,1,21,5.3981,24.17,76.9,2.46
Chennai,2022,1,22,4.9721,25.02,80.42,2.81
Chennai,2022,1,23,4.9416,25.48,83.85,3.26
Chennai,2022,1,24,3.1906,25.37,82.98,2.88
Chennai,2022,1,25,4.5319,25.15,80.89,2.65
Chennai,2022,1,26,3.9545,24.8,79.43,2.3
Chennai,2022,1,27,5.0496,24.84,76.53,3.37
Chennai,2022,1,28,4.9922,24.43,82.84,4.99
Chennai,2022,1,29,3.2369,24.64,81.67,5.65
Chennai,2022,1,30,5.1523,24.52,82.15,3.65
Chennai,2022,1,31,5.347,24.98,80.62,2.48
Chennai,2022,2,1,5.4305,24.13,74.41,2.26
Chennai,2022,2,2,5.7677,23.63,71.91,1.96
Chennai,2022,2,3,5.8238,23.78,74.14,2.26
Chennai,2022,2,4,5.4324,25.03,76.79,2.83
Chennai,2022,2,5,5.4924,25.45,81.05,2.94
Chennai,2022,2,6,5.3695,25.08,77.66,3.52
Chennai,2022,2,7,5.6434,24.4,75.11,3.55
Chennai,2022,2,8,5.9568,23.98,75.69,3.64
Chennai,2022,2,9,5.01,23.72,75.92,4.07
Chennai,2022,2,10,5.9251,24.2,75.63,4.12
Chennai,2022,2,11,5.2956,24.9,75.48,4.55
Chennai,2022,2,12,5.4778,25.15,75.76,4.63
Chennai,2022,2,13,5.7086,24.62,79.75,4.01
Chennai,2022,2,14,5.034,24.73,74.78,4.21
Chennai,2022,2,15,5.7677,24.13,71.62,4.05
Chennai,2022,2,16,5.3633,24.34,70.88,3.62
Chennai,2022,2,17,5.5186,24.73,72.42,3.12
Chennai,2022,2,18,5.1881,25.13,74.94,3.83
Chennai,2022,2,19,5.4415,25.37,74.38,3.54
Chennai,2022,2,20,6.059,25.9,73.12,2.58
Chennai,2022,2,21,5.7365,26.3,75.22,2.91
Chennai,2022,2,22,5.7838,26.59,76.7,2.94
Chennai,2022,2,23,5.8104,25.98,75.9,3.68
Chennai,2022,2,24,6.3151,25.46,70.74,3.05
Chennai,2022,2,25,6.6221,24.43,72.71,3.58
Chennai,2022,2,26,6.3053,25.33,74.88,3.69
Chennai,2022,2,27,6.593,25.72,72.09,3.96
Chennai,2022,2,28,6.4954,26.06,69.11,3.35
Chennai,2022,3,1,6.947,26.31,66.33,3.79
Chennai,2022,3,2,5.9414,25.89,66.79,4.01
Chennai,2022,3,3,5.029,26,73.5,4.48
Chennai,2022,3,4,5.2769,26.86,71.74,5.53
Chennai,2022,3,5,5.5358,26.68,71.33,4.91
Chennai,2022,3,6,4.6579,26.69,71.49,5.36
Chennai,2022,3,7,5.2718,27.01,72.29,3.8
Chennai,2022,3,8,6.4493,27.16,68.69,2.64
Chennai,2022,3,9,6.3902,27.19,64.58,2.78
Chennai,2022,3,10,6.5167,26.85,66.52,3.11
Chennai,2022,3,11,6.2969,26.67,67.02,3.19
Chennai,2022,3,12,6.6341,26.85,63.83,2.96
Chennai,2022,3,13,5.2855,27.08,65.23,2.92
Chennai,2022,3,14,6.2837,27.78,63.89,2.72
Chennai,2022,3,15,6.2647,27.68,63.14,2.6
Chennai,2022,3,16,6.3367,28.08,58.62,3.11
Chennai,2022,3,17,6.2849,28.36,62.5,3.34
Chennai,2022,3,18,6.5054,28.51,67.68,3.56
Chennai,2022,3,19,6.0348,29,69.51,3.25
Chennai,2022,3,20,4.9318,30.19,66.81,2.44
Chennai,2022,3,21,5.5754,30.81,64.07,2.98
Chennai,2022,3,22,5.256,30.41,64.9,2.87
Chennai,2022,3,23,5.1744,30.09,71.17,3.19
Chennai,2022,3,24,5.7737,29.75,71.76,3.6
Chennai,2022,3,25,6.3142,29.46,70.2,3.66
Chennai,2022,3,26,6.2498,29.66,68.63,3.83
Chennai,2022,3,27,6.5141,29.98,69.34,4.19
Chennai,2022,3,28,6.3041,30.17,70.12,4.59
Chennai,2022,3,29,6.1954,30.24,70.47,4.89
Chennai,2022,3,30,6.2232,30.39,69.13,5.47
Chennai,2022,3,31,6.0389,30.23,71.13,5.18
Chennai,2022,4,1,6.2398,29.6,73.45,5.34
Chennai,2022,4,2,6.4822,29.99,68.64,4.51
Chennai,2022,4,3,6.6612,29.8,68.05,4.28
Chennai,2022,4,4,6.4673,29.69,68.85,4.13
Chennai,2022,4,5,6.7433,29.78,63.99,3.59
Chennai,2022,4,6,6.5455,29.49,66.73,2.94
Chennai,2022,4,7,6.6178,29.97,65.47,3.2
Chennai,2022,4,8,7.0282,29.98,65.25,2.88
Chennai,2022,4,9,6.9398,29.9,66.68,2.79
Chennai,2022,4,10,6.5316,29.9,67.45,2.92
Chennai,2022,4,11,6.7176,29.78,69.04,2.62
Chennai,2022,4,12,6.5995,29.12,73.83,2.34
Chennai,2022,4,13,5.9566,29.6,72.01,2.58
Chennai,2022,4,14,6.7502,30.35,67.51,3.79
Chennai,2022,4,15,6.5614,31.24,62.06,4.66
Chennai,2022,4,16,5.7792,31.33,67.65,4.72
Chennai,2022,4,17,5.7192,31.29,68.04,3.4
Chennai,2022,4,18,6.2419,30.48,67.98,2.69
Chennai,2022,4,19,6.3924,30.64,68.35,3.18
Chennai,2022,4,20,6.468,30.61,69.23,3.6
Chennai,2022,4,21,6.5758,30.29,71.05,4.66
Chennai,2022,4,22,6.7298,30.9,64.82,3.92
Chennai,2022,4,23,6.2215,30.28,66.41,3.8
Chennai,2022,4,24,6.7493,31.79,58.48,3.46
Chennai,2022,4,25,6.8597,31.23,63.44,4.65
Chennai,2022,4,26,6.798,31.01,65.24,4.8
Chennai,2022,4,27,6.6761,31.26,65.49,4.33
Chennai,2022,4,28,6.565,31.23,67.49,4.52
Chennai,2022,4,29,6.5062,31.46,66.74,4.23
Chennai,2022,4,30,6.1022,32.25,63.21,4.21
Chennai,2022,5,1,5.9575,31.53,70.08,4.52
Chennai,2022,5,2,6.2861,31.16,70.49,3.63
Chennai,2022,5,3,6.1824,30.69,74.56,3.72
Chennai,2022,5,4,5.5858,30.28,75.33,3.19
Chennai,2022,5,5,6.2148,30.56,69.34,2.5
Chennai,2022,5,6,6.3221,31.06,64.87,3.79
Chennai,2022,5,7,5.9275,30.73,68.71,2.77
Chennai,2022,5,8,4.957,31.12,67.73,2.91
Chennai,2022,5,9,1.5804,30.63,68.48,2.18
Chennai,2022,5,10,0.7728,29.78,68.11,4.37
Chennai,2022,5,11,2.6738,30.39,65.48,6.19
Chennai,2022,5,12,2.3616,29.95,72.1,5.99
Chennai,2022,5,13,4.4542,28.94,75.67,4.74
Chennai,2022,5,14,5.2634,30.42,72.58,3.59
Chennai,2022,5,15,6.0643,28.6,83.04,4.66
Chennai,2022,5,16,5.9004,29.29,80.9,2.66
Chennai,2022,5,17,6.0269,29.08,80.26,3.37
Chennai,2022,5,18,5.8378,29.3,80.04,3.65
Chennai,2022,5,19,6.2736,29.28,75.88,5.7
Chennai,2022,5,20,4.8595,28.45,69.84,5.42
Chennai,2022,5,21,5.9642,30.58,63.4,4.9
Chennai,2022,5,22,5.8027,31.38,60.97,4.79
Chennai,2022,5,23,6.5926,31.94,61.99,4.57
Chennai,2022,5,24,6.4106,32.05,65.36,3.72
Chennai,2022,5,25,5.9165,31.23,69.08,3.8
Chennai,2022,5,26,5.7907,30.34,73.62,3.66
Chennai,2022,5,27,6.1162,30.33,68.42,4.34
Chennai,2022,5,28,6.251,30.67,66.71,3.71
Chennai,2022,5,29,6.5695,30.83,62.61,3.89
Chennai,2022,5,30,6.5282,31.03,62.73,4.22
Chennai,2022,5,31,6.2659,31,66.15,3.78
Chennai,2022,6,1,5.8514,31.01,64.24,2.98
Chennai,2022,6,2,5.0947,31,63.91,2.48
Chennai,2022,6,3,5.9035,31.22,65.58,3.78
Chennai,2022,6,4,3.8016,29.71,62.64,3.62
Chennai,2022,6,5,5.7082,30.59,63.2,2.79
Chennai,2022,6,6,4.8206,29.17,73.57,3.26
Chennai,2022,6,7,5.0561,29.96,70.36,5.07
Chennai,2022,6,8,5.423,30.65,66.61,4.07
Chennai,2022,6,9,5.8502,30.33,66.24,4.77
Chennai,2022,6,10,5.9174,30.45,66.34,4.16
Chennai,2022,6,11,4.7501,30.27,64.94,3.14
Chennai,2022,6,12,6.5062,30.7,60.43,3.15
Chennai,2022,6,13,6.0166,30.57,66.07,3.51
Chennai,2022,6,14,6.5208,30.66,67.57,3.23
Chennai,2022,6,15,6.5122,29.77,70.59,3.62
Chennai,2022,6,16,6.131,28.98,76.29,2.22
Chennai,2022,6,17,5.9314,29.22,74.08,3.83
Chennai,2022,6,18,5.2534,29.32,72.21,4.6
Chennai,2022,6,19,5.8764,28.87,78.1,3.88
Chennai,2022,6,20,6.4094,28.7,77.28,3.19
Chennai,2022,6,21,4.9874,28.77,76.61,3.36
Chennai,2022,6,22,5.6594,28.39,76.72,2.59
Chennai,2022,6,23,3.1222,28.65,76.02,3.21
Chennai,2022,6,24,6.1404,28.98,75.38,3.89
Chennai,2022,6,25,5.7048,28.63,73.15,4.29
Chennai,2022,6,26,5.7266,28.93,72.4,3.82
Chennai,2022,6,27,3.6686,29.62,69.16,2.84
Chennai,2022,6,28,3.624,30.28,68.3,2.65
Chennai,2022,6,29,5.934,30.59,69.83,2.89
Chennai,2022,6,30,6.335,30,73.97,3.37
Chennai,2022,7,1,6.4234,29.98,72.3,3.72
Chennai,2022,7,2,5.7221,29.85,72.19,4.1
Chennai,2022,7,3,4.224,29.55,73.91,3.25
Chennai,2022,7,4,3.936,29.68,70.08,4.67
Chennai,2022,7,5,4.1806,28.93,72.68,4.17
Chennai,2022,7,6,3.0854,28.77,73.58,3.42
Chennai,2022,7,7,3.155,28.59,73.43,4.71
Chennai,2022,7,8,2.7,28.96,71.85,4.54
Chennai,2022,7,9,3.4169,29.07,70.96,5.12
Chennai,2022,7,10,3.2146,29.1,70.16,5.54
Chennai,2022,7,11,2.8752,29.27,68.64,6.34
Chennai,2022,7,12,4.4383,29.38,67.03,6.67
Chennai,2022,7,13,3.905,29.21,67.36,7.17
Chennai,2022,7,14,5.321,29.52,63.32,7.55
Chennai,2022,7,15,4.885,29.92,64.32,5.91
Chennai,2022,7,16,4.877,29.97,70.15,4.52
Chennai,2022,7,17,3.4858,29.51,75.18,3.56
Chennai,2022,7,18,3.4394,28.48,74.31,3.56
Chennai,2022,7,19,6.5501,29.5,73.25,2.7
Chennai,2022,7,20,6.2827,28.94,79.3,2.82
Chennai,2022,7,21,5.8913,28.65,79.45,2.82
Chennai,2022,7,22,3.0809,27.1,86.36,2.27
Chennai,2022,7,23,5.7566,28.68,75.05,2.75
Chennai,2022,7,24,5.0856,28.71,73.78,2.91
Chennai,2022,7,25,6.2923,28.45,75.63,2.98
Chennai,2022,7,26,3.4243,27.11,83.97,2.33
Chennai,2022,7,27,6.648,27.76,80.18,2.17
Chennai,2022,7,28,6.5417,28.1,78.64,1.68
Chennai,2022,7,29,6.6516,28.49,77.08,1.71
Chennai,2022,7,30,6.6386,29.21,75.32,3.01
Chennai,2022,7,31,6.2333,28.87,78.92,3.03
Chennai,2022,8,1,6.3756,29.2,77.4,2.09
Chennai,2022,8,2,3.9948,29.35,74.09,2.28
Chennai,2022,8,3,3.0775,27.64,80.85,1.96
Chennai,2022,8,4,1.6481,27.68,79.7,2.92
Chennai,2022,8,5,3.1056,28.33,78.14,5.16
Chennai,2022,8,6,3.8844,27.99,79.09,5.16
Chennai,2022,8,7,3.1363,28.1,77.96,5.71
Chennai,2022,8,8,4.8578,28.31,76.48,6.45
Chennai,2022,8,9,4.7114,28.67,72.24,6.67
Chennai,2022,8,10,5.5642,28.89,69.3,6.52
Chennai,2022,8,11,5.7564,29.22,69.98,5.41
Chennai,2022,8,12,5.8596,29.83,69.58,4.36
Chennai,2022,8,13,5.503,29.28,70.75,3.79
Chennai,2022,8,14,3.828,29.8,65.72,3.67
Chennai,2022,8,15,4.9202,29.36,70.5,3
Chennai,2022,8,16,5.7629,28.55,79.44,3.51
Chennai,2022,8,17,6.1106,27.3,85.51,3.85
Chennai,2022,8,18,5.9232,28,79.58,3.17
Chennai,2022,8,19,3.6077,27.74,78.77,3.54
Chennai,2022,8,20,5.5498,29.32,72.62,3.62
Chennai,2022,8,21,4.6476,29.3,73.23,4.09
Chennai,2022,8,22,6.1663,29.01,77.63,4.42
Chennai,2022,8,23,5.9458,29.32,74.8,3.45
Chennai,2022,8,24,4.7986,27.76,79.67,3.3
Chennai,2022,8,25,6.2026,28.38,78.55,2.49
Chennai,2022,8,26,5.9165,27.11,84.17,2.33
Chennai,2022,8,27,4.6848,27.81,80.77,2.84
Chennai,2022,8,28,6.0029,28.01,81.4,2.4
Chennai,2022,8,29,5.5298,27.93,81.98,1.57
Chennai,2022,8,30,5.8968,28.09,80.06,2.02
Chennai,2022,8,31,4.1422,27.45,79.65,1.37
Chennai,2022,9,1,2.3191,27.5,77.82,1.21
Chennai,2022,9,2,6.3518,27.39,81.54,1.9
Chennai,2022,9,3,6.1735,28.13,80.48,2.1
Chennai,2022,9,4,6.4075,28.06,84.68,2.4
Chennai,2022,9,5,6.5635,28.31,83.29,2.62
Chennai,2022,9,6,5.832,28.18,81.79,2.53
Chennai,2022,9,7,2.7418,27.52,80.29,2.6
Chennai,2022,9,8,1.2715,26.86,84.31,2.53
Chennai,2022,9,9,4.1743,28.32,81.35,3.35
Chennai,2022,9,10,2.6474,28.27,81.64,4.48
Chennai,2022,9,11,3.7469,28.06,80.24,5.35
Chennai,2022,9,12,5.9532,27.93,80.49,5.2
Chennai,2022,9,13,6.3828,28.29,78.92,4.38
Chennai,2022,9,14,6.0286,28.57,79.78,3.59
Chennai,2022,9,15,2.7144,27.11,82.01,3.32
Chennai,2022,9,16,6.3,28.16,78.55,2.76
Chennai,2022,9,17,6.3271,28.64,78.48,2.8
Chennai,2022,9,18,6.2537,28.64,78.27,3.25
Chennai,2022,9,19,3.8326,27.82,79.47,3.46
Chennai,2022,9,20,5.1576,28.01,72.64,3.69
Chennai,2022,9,21,6.485,27.97,70.4,3.13
Chennai,2022,9,22,5.7526,28.75,72.72,2.49
Chennai,2022,9,23,6.3943,28.48,69.53,3.07
Chennai,2022,9,24,5.9119,28.92,72.72,3.24
Chennai,2022,9,25,6.0936,28.65,75.29,2.74
Chennai,2022,9,26,4.6843,29.05,76.43,1.8
Chennai,2022,9,27,5.6244,28.27,79.9,1.94
Chennai,2022,9,28,3.3346,26.83,86.66,3.13
Chennai,2022,9,29,1.9543,27.5,80.75,3.21
Chennai,2022,9,30,1.6738,26.9,83.63,3.7
Chennai,2022,10,1,2.4024,26.05,83.85,6.66
Chennai,2022,10,2,2.4391,27.05,77.79,5.08
Chennai,2022,10,3,3.181,27.96,77.2,4.1
Chennai,2022,10,4,3.5081,27.06,82.87,3.31
Chennai,2022,10,5,0.4099,26.19,86.75,2.82
Chennai,2022,10,6,3.4325,26.75,84.4,2
Chennai,2022,10,7,2.9981,27.3,80.74,1.88
Chennai,2022,10,8,4.5175,27.5,82.6,2.45
Chennai,2022,10,9,5.0962,27.17,85.88,3.03
Chennai,2022,10,10,4.7743,27.3,84.96,3.38
Chennai,2022,10,11,5.6798,27.46,84.91,4.23
Chennai,2022,10,12,5.8524,27.45,83.99,2.42
Chennai,2022,10,13,5.7062,27.48,82.14,1.94
Chennai,2022,10,14,2.9203,27.59,81.03,2.03
Chennai,2022,10,15,5.2855,27.18,83.7,2.66
Chennai,2022,10,16,5.6786,27.4,84.12,2.73
Chennai,2022,10,17,5.8867,27.86,82.1,2.51
Chennai,2022,10,18,5.7905,27.66,81.16,1.92
Chennai,2022,10,19,5.5898,27.67,80.37,2.44
Chennai,2022,10,20,5.4317,27.17,85.87,2.8
Chennai,2022,10,21,5.1346,27.25,85.29,3.34
Chennai,2022,10,22,4.1066,27.3,86.71,4.4
Chennai,2022,10,23,5.4197,27.44,76.08,4.49
Chennai,2022,10,24,5.6585,26.14,65.99,3.62
Chennai,2022,10,25,5.9652,26.1,64.27,2.9
Chennai,2022,10,26,6.2081,26.31,65.69,3.7
Chennai,2022,10,27,4.5425,26.44,75.1,4.17
Chennai,2022,10,28,4.6022,26.62,83.52,4.6
Chennai,2022,10,29,4.0073,27.01,80.51,5.02
Chennai,2022,10,30,4.7194,26.81,81.9,5.37
Chennai,2022,10,31,0.9166,25.71,90.31,4.47
Chennai,2022,11,1,1.1801,25.65,85.84,3.23
Chennai,2022,11,2,2.2824,25.63,88.37,3.93
Chennai,2022,11,3,3.792,25.67,86.58,3.68
Chennai,2022,11,4,4.7796,25.79,84.38,2.78
Chennai,2022,11,5,5.5685,26.43,85.01,3.7
Chennai,2022,11,6,5.1665,26.37,83.12,4.83
Chennai,2022,11,7,3.9876,26.06,84.97,4.45
Chennai,2022,11,8,4.1671,26.05,86.01,4.8
Chennai,2022,11,9,5.1094,26.32,83.88,4.82
Chennai,2022,11,10,3.947,26.27,83.05,6.08
Chennai,2022,11,11,0.7188,26.09,90.35,7.4
Chennai,2022,11,12,2.6782,26.44,87.95,4.6
Chennai,2022,11,13,2.1072,25.77,88.67,3
Chennai,2022,11,14,3.6607,26.26,85.98,4.28
Chennai,2022,11,15,4.23,25.97,82.74,4.23
Chennai,2022,11,16,5.0083,24.62,80.42,4.25
Chennai,2022,11,17,4.8386,24.14,76.68,5.12
Chennai,2022,11,18,3.984,24.47,76.51,5.4
Chennai,2022,11,19,4.4906,24.13,77.35,5.9
Chennai,2022,11,20,2.7934,23.07,78.95,6.15
Chennai,2022,11,21,1.1045,23.62,91.87,5.24
Chennai,2022,11,22,0.9139,25.39,92.14,4.5
Chennai,2022,11,23,3.6593,26.18,90.48,2.89
Chennai,2022,11,24,4.6313,25.91,87.32,2.75
Chennai,2022,11,25,4.6418,25.54,86.6,2.64
Chennai,2022,11,26,3.8652,25.84,84.6,2.4
Chennai,2022,11,27,4.0346,25.96,83.83,1.8
Chennai,2022,11,28,4.2842,25.71,81.23,2.63
Chennai,2022,11,29,4.9226,24.69,77.56,3.82
Chennai,2022,11,30,3.7987,24.64,83.2,3.48
Chennai,2022,12,1,4.3901,25.96,86.61,3.47
Chennai,2022,12,2,5.0842,26.07,83.68,3.13
Chennai,2022,12,3,4.5722,26.05,86.39,4.21
Chennai,2022,12,4,3.8335,25.82,86.35,4.81
Chennai,2022,12,5,3.9022,25.87,83.06,4.34
Chennai,2022,12,6,2.7732,25.36,79.81,5.07
Chennai,2022,12,7,3.2004,23.77,81.29,6.2
Chennai,2022,12,8,1.6159,22.52,81.86,9.06
Chennai,2022,12,9,1.3819,23.96,88.93,9.84
Chennai,2022,12,10,2.4002,25.03,89.81,6.75
Chennai,2022,12,11,2.4322,25.37,87.25,4.96
Chennai,2022,12,12,1.7472,25.26,90.18,4.77
Chennai,2022,12,13,4.86,25.5,87.95,3.32
Chennai,2022,12,14,4.5744,25.36,86.71,3.13
Chennai,2022,12,15,5.0662,24.34,83.55,3
Chennai,2022,12,16,4.6274,24.39,84.08,3.38
Chennai,2022,12,17,4.211,25.2,84.58,3.81
Chennai,2022,12,18,3.9674,24.86,81.93,5.41
Chennai,2022,12,19,4.2756,23.97,82.3,5.29
Chennai,2022,12,20,4.7662,24.21,82.48,5.55
Chennai,2022,12,21,3.8789,24.31,86.31,5.6
Chennai,2022,12,22,3.8525,24.32,83.39,5.8
Chennai,2022,12,23,3.6578,24.63,88.43,5.78
Chennai,2022,12,24,3.3511,25.34,87.36,6.26
Chennai,2022,12,25,3.6314,25.88,89.15,5.09
Chennai,2022,12,26,3.871,25.58,89.34,3.76
Chennai,2022,12,27,4.8043,25.1,89.17,3.07
Chennai,2022,12,28,4.8264,25.59,83.74,2.43
Chennai,2022,12,29,4.8178,25.27,82.49,1.94
Chennai,2022,12,30,5.0429,25.01,79.06,1.8
Chennai,2022,12,31,5.1233,24.7,78.67,1.73
Chennai,2023,1,1,5.045,24.36,80.51,2.13
Chennai,2023,1,2,4.9363,24.74,76.93,3.08
Chennai,2023,1,3,4.5348,24.67,77.4,3.53
Chennai,2023,1,4,4.5072,24.68,77.54,4.14
Chennai,2023,1,5,4.7414,24.6,74.79,5.25
Chennai,2023,1,6,4.1446,24.69,77.4,5.82
Chennai,2023,1,7,3.9324,24.44,80.41,5.02
Chennai,2023,1,8,4.0831,23.99,78.94,4.41
Chennai,2023,1,9,5.2265,22.92,72.99,4.36
Chennai,2023,1,10,5.2049,23.08,75.06,4.21
Chennai,2023,1,11,5.4216,23.16,76.15,3.27
Chennai,2023,1,12,5.5618,23.24,74.67,2.24
Chennai,2023,1,13,5.5222,23.15,75.4,2.06
Chennai,2023,1,14,5.9458,22.67,74.14,2.25
Chennai,2023,1,15,5.8046,22.54,75.5,2.18
Chennai,2023,1,16,5.8181,22.55,74.95,2.79
Chennai,2023,1,17,5.4622,23.2,73.37,2.55
Chennai,2023,1,18,5.2594,23.44,72.48,3.18
Chennai,2023,1,19,5.3873,23.68,71.9,3
Chennai,2023,1,20,3.8023,23.98,79.81,3.54
Chennai,2023,1,21,4.8617,24.24,78.13,4.28
Chennai,2023,1,22,4.2694,23.75,77.83,4.07
Chennai,2023,1,23,3.937,24.59,78.83,4.11
Chennai,2023,1,24,5.4749,24.54,75.5,3.53
Chennai,2023,1,25,5.3038,23.71,73.95,3.44
Chennai,2023,1,26,4.3145,24.11,72.82,3.57
Chennai,2023,1,27,5.4948,23.7,75.02,3.59
Chennai,2023,1,28,5.1149,23.93,78,3.91
Chennai,2023,1,29,4.8852,24.8,80.23,4.65
Chennai,2023,1,30,4.5958,25.5,82.63,4.66
Chennai,2023,1,31,3.7985,24.98,82.17,4.85
Chennai,2023,2,1,4.2658,25.47,76.48,5.43
Chennai,2023,2,2,3.1944,25.57,78.36,5.06
Chennai,2023,2,3,5.1958,25.8,78.3,4.96
Chennai,2023,2,4,5.3988,25.43,75.58,4.37
Chennai,2023,2,5,5.6424,25,72.68,3.56
Chennai,2023,2,6,5.25,24.88,73.16,3.09
Chennai,2023,2,7,5.2942,24.75,73.56,2.16
Chennai,2023,2,8,5.3126,24.95,73.76,2.76
Chennai,2023,2,9,5.5102,25.08,74.52,2.35
Chennai,2023,2,10,5.825,25.19,71.65,2.37
Chennai,2023,2,11,4.7578,25.14,68.28,2.09
Chennai,2023,2,12,5.6654,25.19,65.17,2.53
Chennai,2023,2,13,5.9914,25.12,64.43,2.68
Chennai,2023,2,14,5.5781,25.01,69.76,2.55
Chennai,2023,2,15,5.3498,24.71,72.74,2.64
Chennai,2023,2,16,5.9849,24.7,74.12,2.56
Chennai,2023,2,17,5.9683,24.7,73.6,2.73
Chennai,2023,2,18,5.9554,25.17,71.33,3.1
Chennai,2023,2,19,6.1618,25.52,69.58,3.13
Chennai,2023,2,20,5.953,25.76,65.54,2.47
Chennai,2023,2,21,6.1037,25.78,63.99,2.43
Chennai,2023,2,22,5.8978,25.77,65.33,2.93
Chennai,2023,2,23,6.4937,25.06,67.8,2.95
Chennai,2023,2,24,6.6041,25.32,63.89,2.44
Chennai,2023,2,25,6.6194,25.52,64.98,2.73
Chennai,2023,2,26,5.9904,25.42,67.37,3.07
Chennai,2023,2,27,6.4903,25.82,60.33,2.95
Chennai,2023,2,28,5.807,26.06,71.67,3.77
Chennai,2023,3,1,6.2165,26.55,72.45,4.29
Chennai,2023,3,2,6.7891,25.92,63.85,3.97
Chennai,2023,3,3,6.0329,25.88,68.59,3.71
Chennai,2023,3,4,6.1663,26.41,66.97,3.85
Chennai,2023,3,5,6.6002,26.45,69.87,3.89
Chennai,2023,3,6,6.6398,26.47,67.86,3.42
Chennai,2023,3,7,6.3648,26.36,68.22,3.18
Chennai,2023,3,8,6.2746,26.7,65.56,4.15
Chennai,2023,3,9,5.2416,27.22,64.5,3.73
Chennai,2023,3,10,5.1979,26.98,69.71,3.8
Chennai,2023,3,11,6.5813,26.76,70.07,3.94
Chennai,2023,3,12,6.6216,27.49,69.92,3.88
Chennai,2023,3,13,6.5621,27.91,66.41,3.51
Chennai,2023,3,14,6.0389,27.75,68.25,3.34
Chennai,2023,3,15,6.0271,27.95,71.71,3.76
Chennai,2023,3,16,6.0737,28.21,71.36,4.22
Chennai,2023,3,17,3.3883,27.93,75.24,3.53
Chennai,2023,3,18,4.4621,27.82,77.04,4.18
Chennai,2023,3,19,4.2413,27.49,77.8,3.1
Chennai,2023,3,20,5.3275,27.52,78.1,3.83
Chennai,2023,3,21,6.4946,28.24,75.92,3.3
Chennai,2023,3,22,6.2856,29.03,73.18,3.72
Chennai,2023,3,23,4.7918,28.81,76.23,4.04
Chennai,2023,3,24,6.6403,28.76,74.99,4.26
Chennai,2023,3,25,6.467,29.04,72.38,3.83
Chennai,2023,3,26,5.8164,28.96,73.4,3.35
Chennai,2023,3,27,6.4428,29.63,70.9,3.32
Chennai,2023,3,28,6.3936,29.31,71.86,3.94
Chennai,2023,3,29,6.6682,28.95,70.78,3.91
Chennai,2023,3,30,6.5606,28.58,70.01,3.63
Chennai,2023,3,31,6.7505,28.98,67.71,4.44
Chennai,2023,4,1,6.6036,29.27,71.17,4.35
Chennai,2023,4,2,6.3502,29.27,73.05,4.87
Chennai,2023,4,3,6.7464,29.34,74.12,4.67
Chennai,2023,4,4,6.5095,29.51,71.28,4.07
Chennai,2023,4,5,6.75,28.95,73.8,3.98
Chennai,2023,4,6,6.93,29.48,70.09,3.58
Chennai,2023,4,7,6.8738,29.29,68.71,3.43
Chennai,2023,4,8,6.8129,29.16,65.65,3.32
Chennai,2023,4,9,6.7562,28.94,68.3,3.38
Chennai,2023,4,10,7.0951,29.01,67.22,2.65
Chennai,2023,4,11,7.128,29.23,62.6,2.33
Chennai,2023,4,12,7.3133,29.74,57.99,2.59
Chennai,2023,4,13,6.9905,30.69,52.62,2.99
Chennai,2023,4,14,6.6773,30.61,57.99,3.61
Chennai,2023,4,15,6.096,31.07,55.87,3.28
Chennai,2023,4,16,6.5875,30.31,59.96,3.57
Chennai,2023,4,17,6.4603,31.03,57.25,4
Chennai,2023,4,18,6.7248,30.78,60.54,3.38
Chennai,2023,4,19,7.0942,30.8,61.09,3.75
Chennai,2023,4,20,6.8074,31.59,65.28,4.67
Chennai,2023,4,21,6.4042,31.85,64.69,4.96
Chennai,2023,4,22,5.64,31.62,65.45,4.3
Chennai,2023,4,23,6.0943,31.64,65.07,5.33
Chennai,2023,4,24,6.6218,30.84,67.85,5.09
Chennai,2023,4,25,6.3528,30.07,70.92,3.83
Chennai,2023,4,26,6.2642,30.48,63.51,3.24
Chennai,2023,4,27,5.8918,30.59,65.16,3.29
Chennai,2023,4,28,6.7958,30.92,65.36,3.69
Chennai,2023,4,29,5.7595,30.77,67.18,3.53
Chennai,2023,4,30,6.0235,30.83,64.38,3.72
Chennai,2023,5,1,4.4508,29.21,73.13,3.15
Chennai,2023,5,2,3.6662,28.1,81.9,3.47
Chennai,2023,5,3,4.153,27.83,82.81,3.32
Chennai,2023,5,4,5.8999,29.45,72.96,2.32
Chennai,2023,5,5,3.4258,28.25,78.33,1.9
Chennai,2023,5,6,5.2334,29.45,71.08,1.66
Chennai,2023,5,7,4.9222,29.32,73.2,2.66
Chennai,2023,5,8,6.6672,29.32,76.05,2.66
Chennai,2023,5,9,7.0306,29.95,71.53,2.88
Chennai,2023,5,10,5.6189,29.88,71.05,2.6
Chennai,2023,5,11,4.0956,30.41,70.36,2.48
Chennai,2023,5,12,4.7518,31.64,66.11,3.07
Chennai,2023,5,13,4.675,33.29,59.36,4.09
Chennai,2023,5,14,5.4475,34.15,55.34,4.49
Chennai,2023,5,15,5.9386,33.52,59.98,3.98
Chennai,2023,5,16,6.6835,33.34,59.73,3.8
Chennai,2023,5,17,6.3905,32.65,66.61,4
Chennai,2023,5,18,6.3533,31.37,71.2,3.81
Chennai,2023,5,19,6.2803,30.9,74.06,4.52
Chennai,2023,5,20,6.235,31.24,71.64,3.93
Chennai,2023,5,21,5.2135,30.29,76.56,3.73
Chennai,2023,5,22,6.0473,30.38,76.47,4.04
Chennai,2023,5,23,6.3518,30.76,72.5,4.1
Chennai,2023,5,24,6.5143,31.92,65.54,5.04
Chennai,2023,5,25,6.0365,33.23,57.15,3.7
Chennai,2023,5,26,5.7727,33.36,55.67,3.95
Chennai,2023,5,27,6.1322,33.84,55.62,3.33
Chennai,2023,5,28,5.4562,32.91,58.07,4.63
Chennai,2023,5,29,6.2942,32.38,63.99,4.04
Chennai,2023,5,30,5.7948,31.44,68.69,3.57
Chennai,2023,5,31,6.3463,31.25,69.9,2.35
Chennai,2023,6,1,5.7895,32.34,63.01,4.86
Chennai,2023,6,2,5.8601,33.1,57.72,3.95
Chennai,2023,6,3,5.7019,33.76,54.76,5.35
Chennai,2023,6,4,5.5853,33.53,55.26,4.29
Chennai,2023,6,5,5.9304,31.66,62.43,6.44
Chennai,2023,6,6,6.3358,32.2,59.27,5.69
Chennai,2023,6,7,4.8559,28.61,75.89,6.33
Chennai,2023,6,8,5.7926,31.11,66.19,5.96
Chennai,2023,6,9,5.7466,30.34,69.86,5
Chennai,2023,6,10,6.2323,31.31,65.1,2.99
Chennai,2023,6,11,5.7182,31.81,59.37,5.35
Chennai,2023,6,12,6.7639,31.78,63.28,4.64
Chennai,2023,6,13,6.5568,31.16,66.78,3.53
Chennai,2023,6,14,5.6767,30.27,71.26,4.47
Chennai,2023,6,15,6.4838,31.3,65.04,4.19
Chennai,2023,6,16,6.4193,32.16,64.13,3.84
Chennai,2023,6,17,1.938,29.26,72.75,5.26
Chennai,2023,6,18,2.5171,27.98,80.55,4.93
Chennai,2023,6,19,2.8658,29.47,75.81,4.49
Chennai,2023,6,20,4.1894,29.48,76.98,3.35
Chennai,2023,6,21,2.7835,27.48,81.24,2.75
Chennai,2023,6,22,4.2684,28.79,79.69,2.23
Chennai,2023,6,23,3.0672,29.25,77.83,2.77
Chennai,2023,6,24,4.1066,29.23,74.83,3.22
Chennai,2023,6,25,3.4315,28.27,80.21,4.09
Chennai,2023,6,26,4.2739,29.75,70.56,2.97
Chennai,2023,6,27,4.685,30.14,69.05,2.63
Chennai,2023,6,28,6.3998,29.66,68.03,3.96
Chennai,2023,6,29,6.4397,30.08,69.4,3
Chennai,2023,6,30,6.5916,30.74,66.42,3.25
Chennai,2023,7,1,5.1576,30.25,69.37,2.75
Chennai,2023,7,2,2.0935,27.44,78.47,5.22
Chennai,2023,7,3,2.7542,27.97,80.12,4.31
Chennai,2023,7,4,3.8194,28.23,79.22,3.75
Chennai,2023,7,5,3.8918,29.46,67.13,5.83
Chennai,2023,7,6,4.6913,29.09,69.75,5.49
Chennai,2023,7,7,5.7041,29.37,68.08,4.49
Chennai,2023,7,8,4.6754,29.72,69.84,3.44
Chennai,2023,7,9,6.324,29.79,70.06,2.82
Chennai,2023,7,10,2.149,28.83,77.62,3.34
Chennai,2023,7,11,3.5849,28.86,76.32,3.62
Chennai,2023,7,12,3.0312,29.08,73.82,3.1
Chennai,2023,7,13,5.5044,29.26,72.59,4.03
Chennai,2023,7,14,5.7564,29.93,71.98,3.84
Chennai,2023,7,15,6.1795,29.79,68.5,4.02
Chennai,2023,7,16,4.0663,30.05,71.23,2.8
Chennai,2023,7,17,5.2248,30.07,71.34,4.14
Chennai,2023,7,18,4.7921,30.27,68.44,5
Chennai,2023,7,19,5.305,30.18,64.86,5.65
Chennai,2023,7,20,3.845,30.02,65.02,6.73
Chennai,2023,7,21,4.4604,29.98,67.67,5.94
Chennai,2023,7,22,3.1219,29.94,68.46,5.46
Chennai,2023,7,23,1.6318,29.18,73.19,4.42
Chennai,2023,7,24,1.9015,27.96,79.37,4.97
Chennai,2023,7,25,1.4508,27.46,79.23,4.8
Chennai,2023,7,26,3.1898,28.81,74.17,5.61
Chennai,2023,7,27,5.675,29.15,68.17,6.08
Chennai,2023,7,28,6.1862,30.39,64.83,5.06
Chennai,2023,7,29,5.8447,31.12,62.34,5.86
Chennai,2023,7,30,5.8354,31.32,63.59,4.87
Chennai,2023,7,31,5.591,30.94,67.77,4.11
Chennai,2023,8,1,4.4604,31.57,64.38,4.49
Chennai,2023,8,2,5.3779,31.14,62.46,4.26
Chennai,2023,8,3,5.8411,31.04,66.03,3.74
Chennai,2023,8,4,6.2165,31.02,66.32,3.61
Chennai,2023,8,5,6.2458,31.2,65.45,3.36
Chennai,2023,8,6,6.3998,30.97,67.26,3.6
Chennai,2023,8,7,5.6266,30.64,67.78,3.75
Chennai,2023,8,8,3.7654,30.4,67.4,2.99
Chennai,2023,8,9,5.6849,30,71.83,2.98
Chennai,2023,8,10,4.3102,29.62,73.72,2.87
Chennai,2023,8,11,4.1707,29.61,72.25,2.41
Chennai,2023,8,12,5.3681,30.08,72.1,3.22
Chennai,2023,8,13,4.9608,29.8,73.46,2.63
Chennai,2023,8,14,5.2577,29.1,78.19,2.43
Chennai,2023,8,15,5.8994,28.94,77.09,2.93
Chennai,2023,8,16,6.3485,29.24,76.21,3.13
Chennai,2023,8,17,5.7211,28.76,80.85,3.3
Chennai,2023,8,18,4.4434,29.81,73.07,3.1
Chennai,2023,8,19,4.969,29.82,70.72,2.59
Chennai,2023,8,20,5.8927,29.92,71.66,2.95
Chennai,2023,8,21,5.9386,29.73,74.99,3.12
Chennai,2023,8,22,5.7862,29.22,78.93,3.19
Chennai,2023,8,23,5.8536,28.65,81.11,3.19
Chennai,2023,8,24,5.9038,27.85,84.03,2.35
Chennai,2023,8,25,5.555,28.26,82.66,2.65
Chennai,2023,8,26,5.5658,28.51,81.71,3.17
Chennai,2023,8,27,4.3846,28.78,79.99,2.34
Chennai,2023,8,28,5.9794,28.63,79.26,3.83
Chennai,2023,8,29,5.3707,28.29,81.77,3.14
Chennai,2023,8,30,5.5838,28.74,79.96,2.92
Chennai,2023,8,31,5.8968,28.18,84.84,2.83
Chennai,2023,9,1,6.0547,28.75,80.74,4.07
Chennai,2023,9,2,6.1553,28.18,84.27,3.71
Chennai,2023,9,3,4.4791,27.46,83.87,2.96
Chennai,2023,9,4,2.8116,27.68,79.72,3.95
Chennai,2023,9,5,1.4695,28.08,75.87,4.76
Chennai,2023,9,6,4.121,28.21,80.55,4.49
Chennai,2023,9,7,5.9933,28.23,79.55,4.82
Chennai,2023,9,8,5.9652,28.23,77.26,4.64
Chennai,2023,9,9,6.3607,27.93,78.56,4.1
Chennai,2023,9,10,3.2834,26.91,84.83,3.61
Chennai,2023,9,11,3.3269,28.06,78.55,3.21
Chennai,2023,9,12,4.0138,28.81,76.71,2.96
Chennai,2023,9,13,5.196,28.81,77.87,2.84
Chennai,2023,9,14,4.7546,28.94,77.34,3.96
Chennai,2023,9,15,5.9978,28.48,77.47,4.49
Chennai,2023,9,16,5.5646,27.63,82.93,4.42
Chennai,2023,9,17,5.2457,28.13,82.79,3.42
Chennai,2023,9,18,5.5378,28.22,82.13,3.53
Chennai,2023,9,19,5.4475,27.92,82.96,3.76
Chennai,2023,9,20,5.2973,27.75,82.64,3.02
Chennai,2023,9,21,3.2071,27.15,84.23,3.43
Chennai,2023,9,22,5.5757,28.22,82.57,3.54
Chennai,2023,9,23,5.8615,28.61,84.47,3.93
Chennai,2023,9,24,6.4217,28.3,84.45,3.54
Chennai,2023,9,25,6.3504,26.79,88.59,3.35
Chennai,2023,9,26,5.2956,27.58,85.21,3.64
Chennai,2023,9,27,6.1267,27.77,82.77,3.22
Chennai,2023,9,28,6.0266,28.02,82.37,3.07
Chennai,2023,9,29,5.9573,27.59,85.03,4.45
Chennai,2023,9,30,5.3494,27.72,80.61,3.91
Chennai,2023,10,1,5.7578,27.44,82.99,4.73
Chennai,2023,10,2,5.681,27.53,82.8,5.1
Chennai,2023,10,3,5.6525,28.57,78.69,4.02
Chennai,2023,10,4,4.5878,28.87,80.29,3.02
Chennai,2023,10,5,5.1871,28.96,80.17,2.34
Chennai,2023,10,6,5.3806,28.36,82.18,2.35
Chennai,2023,10,7,5.419,28.68,82.33,2.22
Chennai,2023,10,8,5.0974,28.23,85.94,3.08
Chennai,2023,10,9,5.388,28.05,85.96,2.71
Chennai,2023,10,10,5.5289,28.03,86.32,2.4
Chennai,2023,10,11,5.7295,28.04,82.89,2.2
Chennai,2023,10,12,5.8193,27.62,80.09,2.63
Chennai,2023,10,13,4.242,27.16,79.15,2.48
Chennai,2023,10,14,3.858,27.58,81.34,2.25
Chennai,2023,10,15,4.7794,27.34,83.92,2.03
Chennai,2023,10,16,4.9558,27.73,82.46,2.61
Chennai,2023,10,17,5.707,27.83,79.77,3.29
Chennai,2023,10,18,5.4706,27.73,75.35,3.4
Chennai,2023,10,19,4.8341,27.62,77.26,3.05
Chennai,2023,10,20,5.3736,27.65,78.06,2.76
Chennai,2023,10,21,4.5826,27.74,81.5,4.06
Chennai,2023,10,22,5.4259,27.78,79.91,3.98
Chennai,2023,10,23,5.3882,27.41,68.17,3.11
Chennai,2023,10,24,5.6023,27.22,69.26,2.18
Chennai,2023,10,25,5.539,27.61,71.58,2.51
Chennai,2023,10,26,4.6416,27.34,76.89,2.84
Chennai,2023,10,27,4.6598,27.55,78.88,3.08
Chennai,2023,10,28,5.2495,27.89,78.68,2.56
Chennai,2023,10,29,4.7462,27.43,83.19,2.79
Chennai,2023,10,30,2.5142,26.63,85.25,2.84
Chennai,2023,10,31,3.828,27.41,80.58,4.28
Chennai,2023,11,1,3.8254,27.75,83.84,4.78
Chennai,2023,11,2,4.3001,27.78,82.65,3.41
Chennai,2023,11,3,3.6408,26.99,88.05,2.43
Chennai,2023,11,4,2.4216,26.95,86.19,3.05
Chennai,2023,11,5,5.0275,26.7,85.35,1.78
Chennai,2023,11,6,3.7829,27.14,83.1,1.9
Chennai,2023,11,7,3.5186,26.96,85.91,3.03
Chennai,2023,11,8,4.2682,26.76,86.15,2.75
Chennai,2023,11,9,2.9784,26.59,87.36,2.72
Chennai,2023,11,10,4.5874,27.06,83.34,4.02
Chennai,2023,11,11,5.0292,26.6,78.08,4.46
Chennai,2023,11,12,4.3646,26.87,75.52,4.83
Chennai,2023,11,13,3.589,27.06,81.36,5.47
Chennai,2023,11,14,1.1546,26.14,88.39,5.38
Chennai,2023,11,15,1.1278,26.13,90.77,5.64
Chennai,2023,11,16,3.6223,26.8,84.68,4.61
Chennai,2023,11,17,4.8859,26.74,85.04,4.28
Chennai,2023,11,18,4.8994,27.01,84.42,5.13
Chennai,2023,11,19,4.8792,27,84.85,5.13
Chennai,2023,11,20,2.0621,26.57,90.63,5.46
Chennai,2023,11,21,0.5832,27.01,86.09,3.6
Chennai,2023,11,22,3.1157,26.8,85.57,2.9
Chennai,2023,11,23,3.2417,26.93,86.25,1.8
Chennai,2023,11,24,3.9888,26.66,89.94,3.52
Chennai,2023,11,25,4.0874,26.91,86.08,4.77
Chennai,2023,11,26,3.9211,26.71,85.85,5.02
Chennai,2023,11,27,3.7061,26.82,86.53,3.99
Chennai,2023,11,28,4.4525,26.89,85.59,4.33
Chennai,2023,11,29,2.1134,26.36,87.08,3.8
Chennai,2023,11,30,1.7549,26.02,88.69,3.75
Chennai,2023,12,1,4.2401,26.32,86.66,5.04
Chennai,2023,12,2,2.6357,26.38,88.14,6.97
Chennai,2023,12,3,1.6075,26.28,90.4,8.93
Chennai,2023,12,4,0.6396,24.8,89.68,14.75
Chennai,2023,12,5,2.6345,25.84,86.3,5.96
Chennai,2023,12,6,4.2377,27.07,87.78,2.22
Chennai,2023,12,7,3.8059,27.07,87.08,2.14
Chennai,2023,12,8,3.3583,26.38,89.08,3.92
Chennai,2023,12,9,4.4609,26.1,86.13,4.65
Chennai,2023,12,10,3.9247,25.51,84.14,4.44
Chennai,2023,12,11,3.8285,25.1,84.5,4.22
Chennai,2023,12,12,4.2199,24.49,81.09,4.08
Chennai,2023,12,13,4.2034,24.29,77.51,4.57
Chennai,2023,12,14,4.1326,24.53,80.25,5.24
Chennai,2023,12,15,1.2564,25.18,88.2,5.7
Chennai,2023,12,16,3.5503,25.99,86.69,5.83
Chennai,2023,12,17,3.8201,25.5,83.44,5.47
Chennai,2023,12,18,4.2168,25.15,81.4,5.69
Chennai,2023,12,19,4.6723,24.75,81.44,5.58
Chennai,2023,12,20,4.265,24.69,82.83,5.31
Chennai,2023,12,21,3.3569,24.69,83.89,4.66
Chennai,2023,12,22,4.4472,24.23,80.25,3.69
Chennai,2023,12,23,3.8522,23.75,77.38,3.47
Chennai,2023,12,24,3.5256,24.62,84.37,5.4
Chennai,2023,12,25,4.5146,25.17,85.29,5.39
Chennai,2023,12,26,5.0275,24.53,82.05,4.65
Chennai,2023,12,27,5.1082,24.45,80.46,5.21
Chennai,2023,12,28,4.8511,25.1,84.87,5.2
Chennai,2023,12,29,4.0476,25.2,84.25,5.25
Chennai,2023,12,30,4.9829,24.34,80.46,4.36
Chennai,2023,12,31,4.8288,24.46,77.83,3.85
Chennai,2024,1,1,4.6512,24.34,77.47,3.59
Chennai,2024,1,2,3.9314,24.28,77.42,3.94
Chennai,2024,1,3,3.6079,24.57,81.63,4.18
Chennai,2024,1,4,2.6138,25.06,80.49,3.94
Chennai,2024,1,5,3.8227,25.03,80.22,4.33
Chennai,2024,1,6,3.348,25.18,81.29,5.05
Chennai,2024,1,7,2.1694,24.68,87.52,6.51
Chennai,2024,1,8,1.7909,25.39,83.75,5.71
Chennai,2024,1,9,4.2118,25.29,80.62,5.4
Chennai,2024,1,10,4.5374,24.91,79.34,4.51
Chennai,2024,1,11,4.8442,24.61,80.75,4.51
Chennai,2024,1,12,4.5238,25.09,81.21,4.18
Chennai,2024,1,13,3.7966,24.89,83.2,3.68
Chennai,2024,1,14,4.4748,24.31,83.35,3.16
Chennai,2024,1,15,4.8821,24.4,80.62,2.75
Chennai,2024,1,16,5.1542,23.97,75.78,2.88
Chennai,2024,1,17,5.7485,24.11,74.92,2.21
Chennai,2024,1,18,5.4931,24.49,76.36,2.35
Chennai,2024,1,19,4.9553,25.01,81.61,3.06
Chennai,2024,1,20,5.4929,24.89,81.47,3.74
Chennai,2024,1,21,5.5097,24.68,78.16,2.82
Chennai,2024,1,22,5.3657,24.93,78.55,2.76
Chennai,2024,1,23,5.303,24.96,79.42,3.12
Chennai,2024,1,24,5.2457,25.06,77.54,3.09
Chennai,2024,1,25,5.2553,25.07,76.96,3.06
Chennai,2024,1,26,4.549,24.64,79.5,3.73
Chennai,2024,1,27,5.0623,24.82,82.07,4.4
Chennai,2024,1,28,4.1525,24.73,80.17,4.43
Chennai,2024,1,29,5.4274,24.16,75.11,4.52
Chennai,2024,1,30,5.5166,24.13,80.26,3.29
Chennai,2024,1,31,5.3822,25.19,78.98,2.81
Chennai,2024,2,1,5.1895,26.1,80.4,2.3
Chennai,2024,2,2,5.4235,26.56,79.65,2.86
Chennai,2024,2,3,5.2013,26.23,77.72,3.21
Chennai,2024,2,4,5.4499,25.56,76.29,3.25
Chennai,2024,2,5,5.3635,25.42,77.48,3.34
Chennai,2024,2,6,5.4413,25.28,77.52,2.96
Chennai,2024,2,7,5.8879,25.35,75.18,2.58
Chennai,2024,2,8,5.4737,25.48,77.01,2.52
Chennai,2024,2,9,5.4874,25.84,78.03,2.58
Chennai,2024,2,10,5.3578,26.17,78.56,4.01
Chennai,2024,2,11,5.7977,25.8,75.23,4.4
Chennai,2024,2,12,5.567,25.5,73.01,4.33
Chennai,2024,2,13,5.6431,26.01,78.03,4.21
Chennai,2024,2,14,5.9551,26.1,74.59,4.29
Chennai,2024,2,15,5.5519,25.65,73.76,4.21
Chennai,2024,2,16,6.0394,25.85,74.93,4.64
Chennai,2024,2,17,5.8577,25.81,74.64,4.19
Chennai,2024,2,18,6.1987,25.97,71.31,2.96
Chennai,2024,2,19,5.9496,26.67,70.53,3.11
Chennai,2024,2,20,5.7682,26.95,68.57,2.78
Chennai,2024,2,21,5.3899,26.98,70.2,3.45
Chennai,2024,2,22,5.6376,27.77,72.86,4.33
Chennai,2024,2,23,5.2942,28.41,76.63,4.65
Chennai,2024,2,24,5.6904,28,75.11,4.05
Chennai,2024,2,25,5.8644,27.35,74.06,3.73
Chennai,2024,2,26,5.97,27.31,72.45,4.9
Chennai,2024,2,27,6.2393,27.15,72.99,4.66
Chennai,2024,2,28,6.3362,26.59,70.5,3.88
Chennai,2024,2,29,5.9774,27.01,68.36,3.02
Chennai,2024,3,1,6.1402,27.48,67.99,3.14
Chennai,2024,3,2,5.6287,27.65,65.42,2.73
Chennai,2024,3,3,6.3432,27.46,66.14,3.19
Chennai,2024,3,4,6.0223,27.14,66.98,3.2
Chennai,2024,3,5,5.9621,27.56,66.59,2.84
Chennai,2024,3,6,5.5927,27.74,66.87,2.87
Chennai,2024,3,7,6.0881,27.87,65.88,3.49
Chennai,2024,3,8,6.0298,27.96,67.66,4.34
Chennai,2024,3,9,6.0065,28.49,67.63,3.93
Chennai,2024,3,10,6.0818,28.55,67.62,3.64
Chennai,2024,3,11,5.791,28.76,68.19,3.6
Chennai,2024,3,12,6.0538,28.95,66.64,3.52
Chennai,2024,3,13,5.9412,29.33,64.06,4.88
Chennai,2024,3,14,5.9112,29.38,62.11,4.58
Chennai,2024,3,15,6.036,28.98,65,4.22
Chennai,2024,3,16,6.1274,29,69.5,4.43
Chennai,2024,3,17,6.4174,29.02,65.29,3.87
Chennai,2024,3,18,6.1483,29.04,63.23,3.55
Chennai,2024,3,19,6.2748,29.06,62.8,3.88
Chennai,2024,3,20,6.3194,28.56,67.19,4.22
Chennai,2024,3,21,6.0902,29.23,66.99,4.52
Chennai,2024,3,22,6.6038,29.56,64.87,3.69
Chennai,2024,3,23,6.684,29.25,64.19,3.62
Chennai,2024,3,24,6.5952,29.34,64,4.24
Chennai,2024,3,25,6.4318,29.39,60.89,3.9
Chennai,2024,3,26,6.785,29.14,55.98,4.01
Chennai,2024,3,27,6.9722,29.3,53.68,3.64
Chennai,2024,3,28,6.6161,30.12,56.08,3.2
Chennai,2024,3,29,6.5506,30.39,61.32,4.23
Chennai,2024,3,30,7.2036,30.17,57.79,4.02
Chennai,2024,3,31,6.8434,30.04,61.77,3.68
Chennai,2024,4,1,7.1095,30.65,64.24,3.46
Chennai,2024,4,2,7.0373,30.71,63.11,3.64
Chennai,2024,4,3,7.0596,30.49,66.31,4.81
Chennai,2024,4,4,6.859,30.88,61.89,4.14
Chennai,2024,4,5,6.7822,31.29,58.27,3.63
Chennai,2024,4,6,6.331,31.85,57.48,4.29
Chennai,2024,4,7,6.7332,31.75,58.15,4.31
Chennai,2024,4,8,6.5414,30.84,65.34,4.9
Chennai,2024,4,9,6.6401,30.85,63.48,4.26
Chennai,2024,4,10,6.4754,30.95,63.93,3.71
Chennai,2024,4,11,7.0133,31.41,60.35,3.63
Chennai,2024,4,12,6.8143,31.39,61.52,4.42
Chennai,2024,4,13,6.4764,31.33,59.2,3.56
Chennai,2024,4,14,6.7231,31.25,59.78,3.59
Chennai,2024,4,15,7.0385,31.41,58.94,3.19
Chennai,2024,4,16,6.6106,31.61,59.97,4.01
Chennai,2024,4,17,5.9244,32.22,60.26,5.19
Chennai,2024,4,18,6.1284,32.5,63.08,5.38
Chennai,2024,4,19,6.5784,32.59,64.21,5.58
Chennai,2024,4,20,6.3914,32.29,65.69,4.89
Chennai,2024,4,21,6.6792,32.18,65.82,4.16
Chennai,2024,4,22,7.1558,32.05,64.6,4.2
Chennai,2024,4,23,7.0027,31.95,60.03,4.22
Chennai,2024,4,24,6.9036,32.32,59.06,3.98
Chennai,2024,4,25,6.8124,32.51,58.56,3.49
Chennai,2024,4,26,6.8215,32.34,57.77,4.14
Chennai,2024,4,27,7.1767,32.01,56.99,3.52
Chennai,2024,4,28,6.9142,32.16,57.51,3.78
Chennai,2024,4,29,7.1813,32.14,59.37,3.65
Chennai,2024,4,30,7.0555,32.17,59.07,4.73
Chennai,2024,5,1,6.8851,33.78,61.59,5.69
Chennai,2024,5,2,6.6012,33.83,62.58,6.17
Chennai,2024,5,3,6.048,33.53,60.39,6.08
Chennai,2024,5,4,6.0665,33.14,63.57,5.89
Chennai,2024,5,5,6.2758,33.5,63.15,6.72
Chennai,2024,5,6,6.3166,33.43,64.07,6.14
Chennai,2024,5,7,6.2993,32.48,67.03,5.16
Chennai,2024,5,8,3.9079,31.53,67.79,3.26
Chennai,2024,5,9,6.1164,31.37,67.06,3.94
Chennai,2024,5,10,6.815,31.75,65.08,4.3
Chennai,2024,5,11,6.8098,31.72,66.29,4.25
Chennai,2024,5,12,6.5928,31.54,65.15,3.72
Chennai,2024,5,13,6.2938,31.32,65.51,3.27
Chennai,2024,5,14,6.0576,31.12,65.17,2.73
Chennai,2024,5,15,4.9944,31.48,63.61,3.42
Chennai,2024,5,16,1.296,28.92,76.75,2.94
Chennai,2024,5,17,4.3469,29.78,70.49,3.15
Chennai,2024,5,18,6.6574,30.2,72.19,3.06
Chennai,2024,5,19,6.3744,30.71,70.55,2.5
Chennai,2024,5,20,5.6995,30.12,74.04,2.75
Chennai,2024,5,21,4.6157,30.2,74.55,2.62
Chennai,2024,5,22,6.073,30.97,70.72,2.95
Chennai,2024,5,23,6.4138,31.09,71.27,2.75
Chennai,2024,5,24,6.1128,31.75,67.1,3.78
Chennai,2024,5,25,2.5901,31.53,64.34,4.92
Chennai,2024,5,26,4.2674,33.33,56.5,3.69
Chennai,2024,5,27,4.5782,34.14,54.07,4.19
Chennai,2024,5,28,5.581,33.79,53.24,3.75
Chennai,2024,5,29,5.3611,34.6,49.91,3.47
Chennai,2024,5,30,6.2376,34.53,54.25,3.46
Chennai,2024,5,31,6.203,34.06,58.58,4
Chennai,2024,6,1,5.9722,33.33,65.18,3.02
Chennai,2024,6,2,5.6275,29.65,74.94,3.04
Chennai,2024,6,3,2.6659,29.58,73.79,2.61
Chennai,2024,6,4,5.653,30.56,75.36,3.47
Chennai,2024,6,5,5.0304,29.74,81.18,3.09
Chennai,2024,6,6,4.4136,28.47,85.94,3.46
Chennai,2024,6,7,4.0884,28.78,77.28,4.17
Chennai,2024,6,8,4.7734,30.3,72.86,5.45
Chennai,2024,6,9,4.9334,29.9,73.69,5.17
Chennai,2024,6,10,6.114,30.54,66.07,5.85
Chennai,2024,6,11,4.7486,29.07,66.51,4.81
Chennai,2024,6,12,3.0571,28.93,69.65,4.82
Chennai,2024,6,13,5.5495,30.14,65.37,4.03
Chennai,2024,6,14,5.6914,29.67,61.42,4.83
Chennai,2024,6,15,3.0799,30.09,62.99,3.62
Chennai,2024,6,16,6.1339,30.79,68.94,3.45
Chennai,2024,6,17,6.3166,29.86,72.78,3.18
Chennai,2024,6,18,5.2128,29.65,73.75,3.79
Chennai,2024,6,19,5.7593,28.99,75.37,3.33
Chennai,2024,6,20,5.8538,29.83,72.24,4
Chennai,2024,6,21,5.899,29.72,69.58,5.59
Chennai,2024,6,22,5.1559,30.01,68.53,4.97
Chennai,2024,6,23,6.4406,29.25,74.27,4.37
Chennai,2024,6,24,5.6304,29.67,72.8,4.7
Chennai,2024,6,25,5.969,29.23,67.57,5.92
Chennai,2024,6,26,2.8013,28.91,65.4,6.31
Chennai,2024,6,27,2.6458,28.09,67.12,4.6
Chennai,2024,6,28,5.4259,29.3,63.67,4.25
Chennai,2024,6,29,4.7441,29.76,64.76,4.65
Chennai,2024,6,30,1.8684,29.05,73.1,5
Chennai,2024,7,1,3.1111,29.29,72.12,5.46
Chennai,2024,7,2,5.9918,30.42,64.9,4.52
Chennai,2024,7,3,5.7871,29.93,72.07,3.63
Chennai,2024,7,4,4.1693,30.04,73.88,3.39
Chennai,2024,7,5,5.6026,29.45,75.22,3.31
Chennai,2024,7,6,3.0943,28.28,76.22,4.32
Chennai,2024,7,7,4.9855,28.85,74.79,3.2
Chennai,2024,7,8,4.788,29.3,73.46,3.43
Chennai,2024,7,9,4.4225,28.35,77.08,3.7
Chennai,2024,7,10,6.1382,28.81,76.83,3.95
Chennai,2024,7,11,2.8543,28.65,75.74,3.97
Chennai,2024,7,12,6.2928,28.79,76.31,3.89
Chennai,2024,7,13,3.1337,28.81,73.49,3.58
Chennai,2024,7,14,2.1631,28.79,74.02,5.83
Chennai,2024,7,15,2.7516,27.74,80.34,5.56
Chennai,2024,7,16,3.8328,28.61,78.81,6.31
Chennai,2024,7,17,4.0046,28.87,73.91,6.35
Chennai,2024,7,18,2.7134,28.36,76.66,6.32
Chennai,2024,7,19,3.2107,28.4,74.5,6.68
Chennai,2024,7,20,3.4639,29.03,74,5.52
Chennai,2024,7,21,4.0058,29.88,71,5.82
Chennai,2024,7,22,3.7819,29.76,70.01,5.65
Chennai,2024,7,23,5.4528,29.69,67.65,5.56
Chennai,2024,7,24,4.9025,29.28,69.45,5.4
Chennai,2024,7,25,5.1185,29.53,69.27,5.99
Chennai,2024,7,26,3.7944,29.73,67.69,6.3
Chennai,2024,7,27,4.2907,30.47,63.94,6.71
Chennai,2024,7,28,4.704,30.16,65.5,5.84
Chennai,2024,7,29,4.746,30.07,69.7,5.12
Chennai,2024,7,30,5.1276,29.47,72.67,4.71
Chennai,2024,7,31,5.6263,29.7,72.79,3.7
Chennai,2024,8,1,3.9869,30.32,71.42,3.21
Chennai,2024,8,2,3.2453,29.87,69.3,4.4
Chennai,2024,8,3,6.0499,29.53,71.76,3.06
Chennai,2024,8,4,6.467,28.79,77.17,3.19
Chennai,2024,8,5,3.0377,28.59,77.07,3.16
Chennai,2024,8,6,5.1504,27.85,83.47,2.78
Chennai,2024,8,7,2.6918,27.62,83.01,2.44
Chennai,2024,8,8,5.7113,28.45,80.87,3.01
Chennai,2024,8,9,6.0199,28.82,79.72,3.1
Chennai,2024,8,10,4.9229,28.92,81.53,2.69
Chennai,2024,8,11,6.2916,29.06,81.33,2.11
Chennai,2024,8,12,5.8867,29.06,83.85,2.58
Chennai,2024,8,13,6.2455,29.07,82.64,2.43
Chennai,2024,8,14,6.5628,28.85,83.68,2.91
Chennai,2024,8,15,5.9522,28.86,82.27,2.95
Chennai,2024,8,16,5.6777,28.96,83.2,3.91
Chennai,2024,8,17,6.0187,28.64,86.35,2.28
Chennai,2024,8,18,6.6185,28.71,85.42,2.27
Chennai,2024,8,19,5.281,28.92,84.86,3.9
Chennai,2024,8,20,5.3573,28.62,85.41,4.06
Chennai,2024,8,21,6.2537,28.59,81.24,6.79
Chennai,2024,8,22,5.3849,28.01,81.11,5.23
Chennai,2024,8,23,5.8286,28.69,79.15,4.79
Chennai,2024,8,24,4.8029,28.62,79.36,4.97
Chennai,2024,8,25,6.1042,28.7,77.48,4.69
Chennai,2024,8,26,5.5286,28.92,77.31,5.02
Chennai,2024,8,27,3.9355,28.65,76.36,3.11
Chennai,2024,8,28,1.885,28.09,78.39,2.67
Chennai,2024,8,29,2.5296,28.07,79.48,3.73
Chennai,2024,8,30,2.0376,27.91,83.13,3.82
Chennai,2024,8,31,2.515,27.7,76.29,5.66
Chennai,2024,9,1,4.8106,28.48,73.65,5.18
Chennai,2024,9,2,5.5063,28.42,77.05,3.93
Chennai,2024,9,3,3.6943,28.64,77.75,2.49
Chennai,2024,9,4,2.8469,28.76,80.19,3.44
Chennai,2024,9,5,4.4496,28.51,79.38,3.54
Chennai,2024,9,6,3.2398,28.21,81.4,3.75
Chennai,2024,9,7,3.0461,28.29,79.81,3.76
Chennai,2024,9,8,2.6882,28.71,76.4,4.13
Chennai,2024,9,9,3.079,28.52,77.46,4.34
Chennai,2024,9,10,5.8522,28.91,77.27,4.8
Chennai,2024,9,11,5.6136,28.77,75.81,3.97
Chennai,2024,9,12,6.281,29.1,73.28,3.2
Chennai,2024,9,13,5.9501,29.73,70.78,2.34
Chennai,2024,9,14,5.9026,29.85,69.48,2.74
Chennai,2024,9,15,6.1711,29.8,68.51,3.59
Chennai,2024,9,16,6.0499,29.93,67.6,4.13
Chennai,2024,9,17,6.1133,30.24,67.92,3.57
Chennai,2024,9,18,5.3297,29.75,73.11,3.46
Chennai,2024,9,19,3.3218,29.73,72.38,2.88
Chennai,2024,9,20,5.717,29.08,75.14,2.91
Chennai,2024,9,21,2.73,29.75,67.62,1.63
Chennai,2024,9,22,3.281,30.01,70.61,3.4
Chennai,2024,9,23,4.3932,29.2,76.86,2.6
Chennai,2024,9,24,3.9115,28.53,82.71,3.16
Chennai,2024,9,25,4.6418,28.14,83.51,2.81
Chennai,2024,9,26,3.0283,28.53,79.77,2.58
Chennai,2024,9,27,4.3978,28.28,77.9,2.56
Chennai,2024,9,28,5.8906,27.94,81.87,2.21
Chennai,2024,9,29,6.2026,27.97,82.37,3
Chennai,2024,9,30,6.439,28.39,79.7,2.72
Chennai,2024,10,1,6.2302,28.73,78.62,3.34
Chennai,2024,10,2,6.1644,29.5,78.02,4.21
Chennai,2024,10,3,5.2366,29.42,78.79,2.8
Chennai,2024,10,4,5.3904,28.44,80.7,2.3
Chennai,2024,10,5,5.1113,28.44,80.84,2.48
Chennai,2024,10,6,5.1665,28.09,80.09,1.34
Chennai,2024,10,7,5.0786,27.83,79.74,1.85
Chennai,2024,10,8,6.2402,27.76,81.35,2.07
Chennai,2024,10,9,5.7907,27.84,81.8,2.22
Chennai,2024,10,10,3.7231,27.75,81.75,1.95
Chennai,2024,10,11,5.857,27.86,82.75,2.57
Chennai,2024,10,12,5.0626,27.59,85.6,2.42
Chennai,2024,10,13,5.0594,27.87,83.74,2.64
Chennai,2024,10,14,2.1658,27.1,87.72,4.11
Chennai,2024,10,15,1.5209,26.88,86.71,3.09
Chennai,2024,10,16,1.8149,27.02,86.95,2.58
Chennai,2024,10,17,5.2577,27.72,83.82,3.92
Chennai,2024,10,18,5.3825,28.16,78.81,2.45
Chennai,2024,10,19,5.1936,27.44,82.57,1.57
Chennai,2024,10,20,5.4456,27.53,84.62,1.64
Chennai,2024,10,21,5.7674,28.06,82.52,1.98
Chennai,2024,10,22,5.8114,28.03,81.95,1.53
Chennai,2024,10,23,5.1857,28.3,78.7,1.93
Chennai,2024,10,24,3.5436,28.32,77.11,1.61
Chennai,2024,10,25,4.2655,28.77,72.84,2.42
Chennai,2024,10,26,5.0575,28.25,71.29,2.97
Chennai,2024,10,27,5.01,28.56,71.41,2.14
Chennai,2024,10,28,4.9608,29.05,73.78,1.72
Chennai,2024,10,29,4.5355,28.46,76.59,2.21
Chennai,2024,10,30,3.6348,27.49,84.93,2.55
Chennai,2024,10,31,4.4798,27.54,83.35,1.95
Chennai,2024,11,1,4.7578,27.25,84.74,1.97
Chennai,2024,11,2,5.0354,27.24,83.48,2.58
Chennai,2024,11,3,5.5123,26.85,84.75,2.83
Chennai,2024,11,4,5.3966,27.39,78.66,3.31
Chennai,2024,11,5,5.3602,27.14,77.86,4.01
Chennai,2024,11,6,2.7269,26.88,85.08,5.31
Chennai,2024,11,7,4.3939,27.46,85.02,5.13
Chennai,2024,11,8,5.3076,27.45,81.44,4.78
Chennai,2024,11,9,4.895,27.15,79.39,4.87
Chennai,2024,11,10,5.2474,26.97,78.44,5.25
Chennai,2024,11,11,3.0122,26.71,79.57,5.74
Chennai,2024,11,12,0.5179,26,89.56,4.19
Chennai,2024,11,13,2.9998,26.86,88.95,4.12
Chennai,2024,11,14,4.7004,27.15,86.77,3.4
Chennai,2024,11,15,4.5298,26.95,87.81,3.51
Chennai,2024,11,16,3.7601,26.97,88.54,4.31
Chennai,2024,11,17,4.5106,26.65,83.19,4.96
Chennai,2024,11,18,4.6531,26.46,81.52,5.11
Chennai,2024,11,19,4.6075,25.89,81.47,5.3
Chennai,2024,11,20,4.5998,25.33,80.88,4.58
Chennai,2024,11,21,4.6315,25.17,80.14,4.73
Chennai,2024,11,22,4.667,24.83,82.32,4.91
Chennai,2024,11,23,3.9847,25.76,85.16,4.64
Chennai,2024,11,24,3.972,25.78,83.61,4.88
Chennai,2024,11,25,2.7487,25.47,84.26,5.82
Chennai,2024,11,26,0.8484,26.02,91.71,6.3
Chennai,2024,11,27,2.1175,25.47,86.7,8.31
Chennai,2024,11,28,1.8048,24.85,90.87,8.62
Chennai,2024,11,29,1.4254,26.41,92.11,8.33
Chennai,2024,11,30,0.5986,26.57,93.29,13.02
Chennai,2024,12,1,2.4487,26.63,92.89,9.83
Chennai,2024,12,2,2.7871,26.87,90.96,6.94
Chennai,2024,12,3,4.391,26.69,87.36,3.94
Chennai,2024,12,4,4.0699,26.47,89.4,2.93
Chennai,2024,12,5,4.8686,26.63,86.05,2.16
Chennai,2024,12,6,5.0678,26.1,87.42,2.17
Chennai,2024,12,7,5.1588,26.4,82.96,2.45
Chennai,2024,12,8,4.717,26.13,82.18,2.47
Chennai,2024,12,9,4.3351,26.38,83.05,2.83
Chennai,2024,12,10,3.5899,26.37,83.97,4.9
Chennai,2024,12,11,1.6128,25.99,87.97,5.79
Chennai,2024,12,12,1.2809,26.07,90.69,5.6
Chennai,2024,12,13,3.5532,25.43,84.59,5.15
Chennai,2024,12,14,4.3793,24.6,82.29,5.05
Chennai,2024,12,15,4.4009,24.02,79.73,5.35
Chennai,2024,12,16,4.8398,23.5,80.4,5.37
Chennai,2024,12,17,1.8137,22.36,86.65,7.1
Chennai,2024,12,18,1.391,24.25,90.2,5.69
Chennai,2024,12,19,2.5253,25.7,90.44,4.62
Chennai,2024,12,20,2.2351,26.26,88.48,4.12
Chennai,2024,12,21,4.1638,26.19,89.27,4.3
Chennai,2024,12,22,4.5161,25.17,88.55,4.76
Chennai,2024,12,23,4.5209,24.85,88.42,5.75
Chennai,2024,12,24,1.68,24.96,90.49,6.38
Chennai,2024,12,25,1.6241,25.17,89.41,4.67
Chennai,2024,12,26,3.7586,25.94,89.08,4.96
Chennai,2024,12,27,4.9354,25.67,84.66,5.32
Chennai,2024,12,28,4.9291,25.21,82.48,4.2
Chennai,2024,12,29,3.9643,25.14,85.57,5.29
Chennai,2024,12,30,4.3704,25.49,85.18,5.34
Chennai,2024,12,31,4.4388,25.13,83.91,4.97
Chennai,2025,1,1,4.4009,24.48,83.31,4.32
Chennai,2025,1,2,4.3718,24.06,82.63,4.01
Chennai,2025,1,3,4.7292,23.63,79.01,4.18
Chennai,2025,1,4,4.9505,23.48,77.78,3.36
Chennai,2025,1,5,4.5019,23.74,76.19,2.79
Chennai,2025,1,6,4.7702,24.22,71.06,2.67
Chennai,2025,1,7,4.9651,23.66,76.78,3.41
Chennai,2025,1,8,4.9032,23.06,76.7,4.11
Chennai,2025,1,9,4.2156,23.51,78.76,4.59
Chennai,2025,1,10,2.4866,24.06,82.27,5.18
Chennai,2025,1,11,4.175,24.16,80.1,5
Chennai,2025,1,12,2.1905,24.71,85.27,5
Chennai,2025,1,13,2.3232,25.21,87.43,5.4
Chennai,2025,1,14,5.0347,24.6,82.34,4.99
Chennai,2025,1,15,4.548,24.69,80.15,5.49
Chennai,2025,1,16,4.1642,24.39,79.37,4.81
Chennai,2025,1,17,4.0922,23.77,80.39,5.03
Chennai,2025,1,18,2.9419,24.12,83.58,5.83
Chennai,2025,1,19,3.9511,24.59,87.98,5.88
Chennai,2025,1,20,4.7942,23.63,82.93,4.44
Chennai,2025,1,21,5.112,23.35,81.76,3.71
Chennai,2025,1,22,4.7136,24.12,81.12,3.83
Chennai,2025,1,23,5.4192,23.91,78.92,3.24
Chennai,2025,1,24,5.1756,23.29,79.83,3.37
Chennai,2025,1,25,5.5567,22.94,79.53,3.9
Chennai,2025,1,26,5.4276,23.26,81.58,3.28
Chennai,2025,1,27,5.2538,23.78,78,2.83
Chennai,2025,1,28,5.2541,23.85,75.23,2.56
Chennai,2025,1,29,5.6153,23.36,77.17,3.84
Chennai,2025,1,30,5.6318,23.99,81.55,2.78
Chennai,2025,1,31,5.6916,25.19,85.87,2.56
Chennai,2025,2,1,5.8394,25.22,81.17,2.41
Chennai,2025,2,2,6.2172,24.56,77.3,1.88
Chennai,2025,2,3,6.223,24.12,72.48,1.55
Chennai,2025,2,4,5.7024,24.82,66.46,1.69
Chennai,2025,2,5,5.3861,25.27,68.85,2.09
Chennai,2025,2,6,5.413,25.14,78.54,2.26
Chennai,2025,2,7,5.3047,24.88,76.16,1.88
Chennai,2025,2,8,4.9771,24.93,77.13,2.22
Chennai,2025,2,9,4.9327,24.97,80.02,2.67
Chennai,2025,2,10,5.2862,25.01,78.3,2.89
Chennai,2025,2,11,6.269,24.45,74.09,1.97
Chennai,2025,2,12,6.4217,24.47,73.4,1.79
Chennai,2025,2,13,6.1742,24.19,72.31,2
Chennai,2025,2,14,6.132,24.12,74.71,2.25
Chennai,2025,2,15,5.8238,24.57,76.41,2.51
Chennai,2025,2,16,5.8994,25.13,76.24,2.51
Chennai,2025,2,17,5.5159,25.52,77.4,2.6
Chennai,2025,2,18,5.3134,25.2,76.6,2.32
Chennai,2025,2,19,5.8392,25.32,75.61,2.58
Chennai,2025,2,20,5.9465,25.53,76.83,2.78
Chennai,2025,2,21,5.6669,25.9,76.47,2.6
Chennai,2025,2,22,5.7334,26.4,72.18,2.31
Chennai,2025,2,23,6.0907,26.22,70.42,2.71
Chennai,2025,2,24,5.881,26.29,73.72,3.41
Chennai,2025,2,25,5.701,26.53,75.32,4.74
Chennai,2025,2,26,5.7127,26.63,74.61,5.32
Chennai,2025,2,27,6.1152,26.25,72.07,4.74
Chennai,2025,2,28,5.7835,26.3,71.62,4.29
Chennai,2025,3,1,6.1298,27.19,75.13,3.91
Chennai,2025,3,2,6.3228,27.15,75.12,2.44
Chennai,2025,3,3,6.5846,27.41,70.23,2.41
Chennai,2025,3,4,5.8272,27.25,69.77,2.9
Chennai,2025,3,5,5.6071,27.57,65.97,2.51
Chennai,2025,3,6,6.2143,27.61,64.66,3.48
Chennai,2025,3,7,6.787,26.27,64.28,2.65
Chennai,2025,3,8,6.498,26.24,69.98,2.97
Chennai,2025,3,9,6.3979,26.26,70.88,3.3
Chennai,2025,3,10,6.6739,27.18,71.13,4.18
Chennai,2025,3,11,4.5631,27.26,80.24,4.86
Chennai,2025,3,12,6.2167,28.2,78.25,2.82
Chennai,2025,3,13,6.7841,28.51,71.74,2.25
Chennai,2025,3,14,6.7589,27.85,74.28,3.35
Chennai,2025,3,15,7.2502,27.73,72.15,3.4
Chennai,2025,3,16,7.2763,28.22,72.86,2.57
Chennai,2025,3,17,7.021,28.36,76.39,3.11
Chennai,2025,3,18,6.8635,28.32,77.5,3.41
Chennai,2025,3,19,7.0541,28.47,75,4.09
Chennai,2025,3,20,7.1431,28.77,70.4,3.86
Chennai,2025,3,21,6.9233,28.85,71.53,3.86
Chennai,2025,3,22,6.0422,28.98,74.4,4.09
Chennai,2025,3,23,6.1949,29.2,71.74,3.81
Chennai,2025,3,24,6.2352,29,67.7,3.07
Chennai,2025,3,25,6.5518,28.84,65.61,2.61
Chennai,2025,3,26,6.7094,29.08,65.6,3.36
Chennai,2025,3,27,6.732,29.74,60.12,2.98
Chennai,2025,3,28,6.2705,29.82,61.56,3.88
Chennai,2025,3,29,6.4663,29.61,61.22,3.75
Chennai,2025,3,30,6.077,28.82,66.86,4.11
Chennai,2025,3,31,6.2194,28.65,67.54,3.98
Chennai,2025,4,1,6.547,27.75,66.18,3.43
Chennai,2025,4,2,6.6972,29.07,65.6,3.65
Chennai,2025,4,3,4.6078,29.33,67.5,3.65
Chennai,2025,4,4,6.4306,29.5,62.76,3.38
Chennai,2025,4,5,6.5522,29.77,66.74,2.88
Chennai,2025,4,6,5.7672,30.37,64.81,3.1
Chennai,2025,4,7,6.4673,29.96,67.5,2.97
Chennai,2025,4,8,6.6917,29.82,67.23,3.12
Chennai,2025,4,9,6.762,29.92,68.98,4.08
Chennai,2025,4,10,6.5674,31.1,62.73,2.91
Chennai,2025,4,11,5.9143,31.72,63.85,3.74
Chennai,2025,4,12,6.0929,32.04,59.71,3.8
Chennai,2025,4,13,6.0509,31.72,61.11,3.03
Chennai,2025,4,14,6.3562,30.94,62.42,3.12
Chennai,2025,4,15,6.2405,30.04,67.09,3.92
Chennai,2025,4,16,4.0642,29.82,70.27,3.95
Chennai,2025,4,17,6.3538,29.97,70.63,3.82
Chennai,2025,4,18,6.3182,30.46,70.69,4.42
Chennai,2025,4,19,6.1841,30.85,71.11,3.83
Chennai,2025,4,20,6.2892,30.83,72.42,4.16
Chennai,2025,4,21,6.3494,29.78,75.62,2.95
Chennai,2025,4,22,6.4637,30.65,67.73,3.75
Chennai,2025,4,23,6.9274,30.66,65.8,4.08
Chennai,2025,4,24,6.9598,30.14,70.33,3.84
Chennai,2025,4,25,6.8688,30.84,70.33,4.22
Chennai,2025,4,26,6.7279,30.63,70.76,4.62
Chennai,2025,4,27,7.1357,30.39,71,4.07
Chennai,2025,4,28,6.4452,30.57,66.59,3.72
Chennai,2025,4,29,6.8974,31.2,63.72,3.45
Chennai,2025,4,30,6.6482,31.33,65.41,4.1
Chennai,2025,5,1,6.4171,31.77,64.5,4.52
Chennai,2025,5,2,6.449,31.55,65.66,4.46
Chennai,2025,5,3,5.9945,31.55,65.08,4.38
Chennai,2025,5,4,5.4002,31.12,66.83,4.37
Chennai,2025,5,5,5.3304,29.86,73.2,3.67
Chennai,2025,5,6,6.3386,29.83,75.56,4.02
Chennai,2025,5,7,6.271,29.7,74.4,3.04
Chennai,2025,5,8,6.3223,30.18,71.49,3.5
Chennai,2025,5,9,6.6115,29.94,72.56,2.21
Chennai,2025,5,10,6.5808,30.55,70.2,3.33
Chennai,2025,5,11,6.396,30.16,72.71,3.11
Chennai,2025,5,12,6.497,31.39,66.17,2.8
Chennai,2025,5,13,6.1704,31.78,63.41,3.3
Chennai,2025,5,14,6.4882,31.35,66.91,2.31
Chennai,2025,5,15,6.0324,32,67.21,2.46
Chennai,2025,5,16,4.741,30.27,61.58,2.54
Chennai,2025,5,17,2.7012,30.96,59.45,3.07
Chennai,2025,5,18,3.69,30.09,72.24,2.64
Chennai,2025,5,19,4.1568,30.07,73.72,2.48
Chennai,2025,5,20,4.8665,29.27,78.6,3.36
Chennai,2025,5,21,4.1959,30.16,73.33,3.27
Chennai,2025,5,22,5.4173,30.68,67.37,3.78
Chennai,2025,5,23,6.5316,31,67.84,4.45
Chennai,2025,5,24,5.0254,30.96,69.27,5.78
Chennai,2025,5,25,4.0346,30.16,72.13,6.15
Chennai,2025,5,26,3.325,29.89,67.9,7.15
Chennai,2025,5,27,3.288,30.83,62.07,6.23
Chennai,2025,5,28,3.7615,30.66,63.14,5.99
Chennai,2025,5,29,4.7518,30.54,65.21,5.47
Chennai,2025,5,30,2.4226,29.59,69.36,4.88
Chennai,2025,5,31,4.6121,29.68,62.37,4.36
Chennai,2025,6,1,6.3612,30.9,59.46,4.34
Chennai,2025,6,2,6.3655,31.43,60.29,4.01
Chennai,2025,6,3,6.299,31.52,60.9,4.22
Chennai,2025,6,4,6.5892,30.88,61.03,3.52
Chennai,2025,6,5,6.5105,31.08,64.34,3.36
Chennai,2025,6,6,6.4982,30.97,64.91,3.54
Chennai,2025,6,7,6.2666,31.24,68.52,3.16
Chennai,2025,6,8,5.3839,31.21,68.14,3.51
Chennai,2025,6,9,5.6688,30.33,71.65,3.74
Chennai,2025,6,10,5.0794,29.9,73.29,4.01
Chennai,2025,6,11,3.2866,29.47,77.09,3.38
Chennai,2025,6,12,4.4304,29.64,73.62,4.21
Chennai,2025,6,13,6.1968,29.97,73.21,5.74
Chennai,2025,6,14,6.199,28.62,78.38,5.07
Chennai,2025,6,15,5.2582,29.5,68.32,6.48
Chennai,2025,6,16,4.217,29.66,63.83,6.79
Chennai,2025,6,17,5.2747,30.19,61.49,5.46
Chennai,2025,6,18,5.4598,30.44,64.59,4.67
Chennai,2025,6,19,4.9819,30.95,65.1,4.41
Chennai,2025,6,20,6.3535,30.9,66.07,4.42
Chennai,2025,6,21,4.817,30.82,66.11,3.76
Chennai,2025,6,22,2.5354,30.67,65.81,3.93
Chennai,2025,6,23,3.2818,30.7,61.7,5.36
Chennai,2025,6,24,3.8748,30.26,55.23,6.45
Chennai,2025,6,25,3.2669,29.39,62.47,5.03
Chennai,2025,6,26,4.1947,30.36,64.32,4.55
Chennai,2025,6,27,5.8332,30.17,63.92,4.43
Chennai,2025,6,28,5.5166,30.08,66.73,3.76
Chennai,2025,6,29,5.4756,31.2,62.96,4.11
Chennai,2025,6,30,3.6554,30.53,62.4,3.89
Chennai,2025,7,1,3.7435,30.11,64.28,3.59
Chennai,2025,7,2,3.6857,30.37,62.62,3.96
Chennai,2025,7,3,3.8861,29.83,63.71,4.67
Chennai,2025,7,4,5.2313,31.08,57.66,4.93
Chennai,2025,7,5,5.1929,31.62,56.62,4.67
Chennai,2025,7,6,5.2411,31.43,57.79,5.34
Chennai,2025,7,7,5.0909,31.57,57.02,5.37
Chennai,2025,7,8,5.5954,31.78,59.73,4.61
Chennai,2025,7,9,5.8692,31.12,63.85,3.08
Chennai,2025,7,10,5.8054,31.34,62.9,3.37
Chennai,2025,7,11,5.9748,31.3,62.46,3.59
Chennai,2025,7,12,6.0833,30.7,66.26,3.81
Chennai,2025,7,13,5.6422,30.67,63.87,4.27
Chennai,2025,7,14,5.7199,30.03,68.19,4.36
Chennai,2025,7,15,6.0422,30.13,67.46,4.54
Chennai,2025,7,16,6.4894,30.09,69.47,3.9
Chennai,2025,7,17,6.2213,29.77,72.96,3.78
Chennai,2025,7,18,3.8501,28.52,77.94,2.95
Chennai,2025,7,19,4.6966,29.28,72.88,2.39
Chennai,2025,7,20,3.2681,29.17,70.4,4.37
Chennai,2025,7,21,2.7106,27.8,70.93,6.08
Chennai,2025,7,22,3.06,29.07,62.24,5.68
Chennai,2025,7,23,2.4907,28.55,69.52,4.39
Chennai,2025,7,24,3.493,29.08,70.59,4.31
Chennai,2025,7,25,2.5308,29.18,66.97,5.19
Chennai,2025,7,26,4.1786,28.97,67.05,5.86
Chennai,2025,7,27,5.1286,29.67,64.46,5.31
Chennai,2025,7,28,5.7595,30.21,61.67,5.18
Chennai,2025,7,29,5.7588,30.58,61.03,4.86
Chennai,2025,7,30,6.0665,30.68,62.34,3.62
Chennai,2025,7,31,4.554,30.27,65.8,3.09
Chennai,2025,8,1,5.8682,30.61,67.01,3.24
Chennai,2025,8,2,5.3914,29.62,72.46,3.24
Chennai,2025,8,3,5.039,29.15,75.7,3.16
Chennai,2025,8,4,5.443,28.92,76.78,2.58
Chennai,2025,8,5,5.2205,28.77,76.26,2.9
Chennai,2025,8,6,6.5604,29.23,76.68,1.82
Chennai,2025,8,7,6.5563,29.3,75.25,3.4
Chennai,2025,8,8,4.8792,27.79,84.46,1.61
Chennai,2025,8,9,3.4615,28.43,75.56,3.67
Chennai,2025,8,10,3.9564,27.31,82.9,4.13
Chennai,2025,8,11,4.7141,27.05,81.25,3.76
Chennai,2025,8,12,1.8854,27.7,75.63,4.09
Chennai,2025,8,13,1.7028,27.85,71.61,4.09
Chennai,2025,8,14,4.7784,28.66,73.63,3.68
Chennai,2025,8,15,5.292,28.48,73.35,4.24
Chennai,2025,8,16,2.9251,27.97,75.82,4.41
Chennai,2025,8,17,1.8744,27.01,83.03,4.34
Chennai,2025,8,18,3.6286,27.91,77.24,5.31
Chennai,2025,8,19,3.6679,28.49,71.99,5.3
Chennai,2025,8,20,6.289,28.7,69.85,3.86
Chennai,2025,8,21,6.4222,28.97,73.15,2.69
Chennai,2025,8,22,5.6393,27.99,80.44,3.29
Chennai,2025,8,23,3.1068,26.76,85.26,3.48
Chennai,2025,8,24,6.5902,28.77,75.33,2.91
Chennai,2025,8,25,4.8701,28.7,73.42,2.88
Chennai,2025,8,26,5.6582,28.88,73.59,2.87
Chennai,2025,8,27,3.4378,28.31,77.58,3.22
Chennai,2025,8,28,4.9282,28.59,77.68,3.67
Chennai,2025,8,29,5.0237,28.89,74.17,3.81
Chennai,2025,8,30,6.0794,29.37,73.78,3.04
Chennai,2025,8,31,3.8306,29.12,75.18,2.9
Chennai,2025,9,1,3.3242,28.44,77.94,3.73
Chennai,2025,9,2,3.9958,28.55,76.56,3.4
Chennai,2025,9,3,4.9054,28.86,76.6,4.09
Chennai,2025,9,4,5.6551,28.81,76.85,4.01
Chennai,2025,9,5,6.0314,28.98,75.57,2.75
Chennai,2025,9,6,6.3612,29.35,75,2.71
Chennai,2025,9,7,5.783,29.14,76.44,2.9
Chennai,2025,9,8,6.3485,29.01,75.91,2.91
Chennai,2025,9,9,5.9678,28.91,76.44,2.95
Chennai,2025,9,10,5.5325,28.77,79.14,3.51
Chennai,2025,9,11,4.0692,27.8,81.77,2.66
Chennai,2025,9,12,3.299,28.26,78.02,2.17
Chennai,2025,9,13,1.3109,27.78,82.38,2.17
Chennai,2025,9,14,5.1533,28.24,79.39,3.38
Chennai,2025,9,15,5.7734,28.43,79.06,3.35
Chennai,2025,9,16,5.0359,28.66,80.27,2.76
Chennai,2025,9,17,6.1054,27.65,85.2,3.49
Chennai,2025,9,18,6.2162,27.18,86.08,2.32
Chennai,2025,9,19,3.9564,27.27,84.36,2.95
Chennai,2025,9,20,2.9018,28.19,79.98,3.42
Chennai,2025,9,21,3.2393,27.89,80.96,2.18
Chennai,2025,9,22,3.4752,28.36,80.22,2.77
Chennai,2025,9,23,4.063,28,79.78,3.42
Chennai,2025,9,24,4.8996,27.84,76.68,4.16
Chennai,2025,9,25,5.9621,28.44,76.85,3.9
Chennai,2025,9,26,4.1947,28.13,78.72,4.37
Chennai,2025,9,27,4.6937,27.69,76.8,4.8
Chennai,2025,9,28,5.6976,28.06,79.27,4.16
Chennai,2025,9,29,3.2275,28.73,75.92,3.17
Chennai,2025,9,30,4.0634,28.48,72.8,3.06
Chennai,2025,10,1,2.7065,28.57,74.45,3.33
Chennai,2025,10,2,3.7373,28.64,76.65,3.05
Chennai,2025,10,3,4.776,28.16,78.8,2.36
Chennai,2025,10,4,5.125,28.23,77.69,2.48
Chennai,2025,10,5,5.8212,28.24,78.79,3.02
Chennai,2025,10,6,6.0118,28.18,78.76,2.26
Chennai,2025,10,7,5.939,28.65,74.91,1.53
Chennai,2025,10,8,5.879,28.03,80.7,2.83
Chennai,2025,10,9,5.5819,27.61,82.53,2.64
Chennai,2025,10,10,5.8015,27.22,80.24,1.8
Chennai,2025,10,11,5.651,27.74,78.52,2.34
Chennai,2025,10,12,5.3203,27.78,81.11,2.12
Chennai,2025,10,13,5.4144,27.68,80.11,2.37
Chennai,2025,10,14,5.8159,27.63,81.23,2.71
Chennai,2025,10,15,2.4314,27.48,83.57,3.83
Chennai,2025,10,16,5.3791,27.46,86.73,3.34
Chennai,2025,10,17,3.4908,27.18,87.12,3.47
Chennai,2025,10,18,2.6935,26.75,86.6,2
Chennai,2025,10,19,2.3436,26.65,86.09,2.5
Chennai,2025,10,20,2.9726,26.53,88.73,3.26
Chennai,2025,10,21,1.4839,27.01,87.08,4.98
Chennai,2025,10,22,3.4174,26.73,90.14,3.96
Chennai,2025,10,23,4.8372,26.94,88.5,2.26
Chennai,2025,10,24,1.9159,26.32,87.32,1.41
Chennai,2025,10,25,4.2449,26.27,86.75,2.35
Chennai,2025,10,26,3.7318,26.38,87.4,2.42
Chennai,2025,10,27,0.8911,25.93,87.71,5.1
Chennai,2025,10,28,0.2719,25.79,85.41,5.84
Chennai,2025,10,29,4.9529,26.66,84.37,4.75
Chennai,2025,10,30,6.0941,27.39,81.01,2.6
Chennai,2025,10,31,5.5339,27.86,81.1,2.24
Chennai,2025,11,1,5.5872,27.86,82.24,2.38
Chennai,2025,11,2,4.999,27.66,81.91,2.74
Chennai,2025,11,3,5.3978,27.92,79.96,2.49
Chennai,2025,11,4,4.0786,27.1,82.39,3.06
Chennai,2025,11,5,4.5643,27.3,81.73,2.07
Chennai,2025,11,6,4.1338,27.21,81.81,1.98
Chennai,2025,11,7,4.9649,27.12,79.57,3.04
Chennai,2025,11,8,3.8734,26.19,76.93,4.1
Chennai,2025,11,9,3.9581,25.22,80.07,4.34
Chennai,2025,11,10,3.215,25.99,80.46,4.2
Chennai,2025,11,11,3.3046,26.21,82.85,4.15
Chennai,2025,11,12,4.9214,26.72,81.94,4.22
Chennai,2025,11,13,3.4519,26.6,82.63,4.54
Chennai,2025,11,14,5.2181,25.16,74.82,5.15
Chennai,2025,11,15,3.222,25.35,78.07,4.77
Chennai,2025,11,16,3.09,25.39,84.68,6.09
Chennai,2025,11,17,1.2804,24.4,87.62,6.87
Chennai,2025,11,18,3.2666,25.27,88.16,4.14
Chennai,2025,11,19,5.2733,25.66,80.32,4.95
Chennai,2025,11,20,4.1734,25.15,84.71,5.46
Chennai,2025,11,21,4.7426,26.53,87.17,4.02
Chennai,2025,11,22,4.5626,26.72,86.99,4.73
Chennai,2025,11,23,4.5763,26.55,86.86,4.69
Chennai,2025,11,24,3.2786,25.92,84.46,5.06
Chennai,2025,11,25,4.231,25.25,80.07,4.96
Chennai,2025,11,26,3.9218,25.01,79.42,5.14
Chennai,2025,11,27,4.0802,25.29,75.94,5.92
Chennai,2025,11,28,4.3502,24.85,78.44,6.32
Chennai,2025,11,29,2.3105,25.08,86.83,7.18
Chennai,2025,11,30,2.249,25.24,91.14,9.59
Chennai,2025,12,1,0.8506,25.29,90.03,9.21
Chennai,2025,12,2,1.1052,25.51,91.62,7.76
Chennai,2025,12,3,0.8777,25.91,90.53,4.6
Chennai,2025,12,4,2.279,25.86,87.82,4.46
Chennai,2025,12,5,3.2554,25.55,86.28,5.59
Chennai,2025,12,6,4.1148,25.3,84.64,5.07
Chennai,2025,12,7,3.8186,24.55,83.54,4.69
Chennai,2025,12,8,4.3618,24.09,82.71,5.32
Chennai,2025,12,9,4.2626,24.33,84.61,5.59
Chennai,2025,12,10,3.9113,24.06,79.54,5.34
Chennai,2025,12,11,4.7417,24.42,78.99,5.29
Chennai,2025,12,12,5.0158,23.73,76.75,4.78
Chennai,2025,12,13,5.1262,22.57,75.02,4.26
Chennai,2025,12,14,4.9356,22.78,74.27,4.19
Chennai,2025,12,15,5.0489,23.34,77.67,4.56
Chennai,2025,12,16,3.2726,24.93,87.34,5.55
Chennai,2025,12,17,5.1634,24.36,83.73,5.54
Chennai,2025,12,18,4.2115,23.22,80.39,4.52
Chennai,2025,12,19,4.3771,22.93,75.22,3.5
Chennai,2025,12,20,3.6442,22.72,74.68,2.94
Chennai,2025,12,21,4.1093,23.17,77.23,3.48
Chennai,2025,12,22,4.519,23.58,76.88,3.88
Chennai,2025,12,23,4.6776,23.41,75.26,3.53
Chennai,2025,12,24,4.566,23.32,71.04,3.59
Chennai,2025,12,25,3.5386,23.38,79.71,4.17
Chennai,2025,12,26,4.6044,23.7,73.93,4.14
Chennai,2025,12,27,4.5718,23.83,72.36,3.65
Chennai,2025,12,28,4.4784,23.68,72.97,3.71
Chennai,2025,12,29,4.2778,23.45,78.82,4.4
Chennai,2025,12,30,4.0517,23.7,85.17,3.7
Chennai,2025,12,31,3.2417,24.67,86.75,3.79
