City,YEAR,MO,DY,ALLSKY_SFC_SW_DWN,T2M,RH2M,WS10M
Delhi,2018,1,1,2.7655,12.07,34.58,2.41
Delhi,2018,1,2,2.0239,10.98,38.48,2.58
Delhi,2018,1,3,2.2222,11.02,39.62,3.02
Delhi,2018,1,4,2.4686,12.51,33.59,2.09
Delhi,2018,1,5,2.4643,13.02,30.96,1.95
Delhi,2018,1,6,2.6338,11.71,40.49,3.15
Delhi,2018,1,7,3.4834,11.65,41.2,3.81
Delhi,2018,1,8,3.7154,11.97,38.28,3.07
Delhi,2018,1,9,3.2537,11.94,38.1,3.42
Delhi,2018,1,10,3.755,12.56,32.67,4.23
Delhi,2018,1,11,3.9818,13.25,29.87,4.14
Delhi,2018,1,12,3.4795,15.13,28.98,3.35
Delhi,2018,1,13,3.7097,14.88,32.37,2.88
Delhi,2018,1,14,4.0217,14.12,31.34,2.86
Delhi,2018,1,15,4.097,13.23,31.28,4.02
Delhi,2018,1,16,4.2168,14.54,24.56,3.18
Delhi,2018,1,17,3.3209,15.02,27.04,2.11
Delhi,2018,1,18,3.6612,16.6,26.77,2.53
Delhi,2018,1,19,3.7267,15.33,33.84,3.34
Delhi,2018,1,20,4.0394,13.98,26.3,3.8
Delhi,2018,1,21,4.2367,14.24,24.45,2.39
Delhi,2018,1,22,3.9038,15.6,21.64,1.7
Delhi,2018,1,23,1.1729,12.97,41.81,3.03
Delhi,2018,1,24,3.0173,12.18,70.48,2.63
Delhi,2018,1,25,3.241,12.37,60.18,3.76
Delhi,2018,1,26,3.21,12.95,42.25,2.98
Delhi,2018,1,27,3.3626,12.25,37.45,2.9
Delhi,2018,1,28,3.5227,13.32,31.78,3.03
Delhi,2018,1,29,4.0678,14.39,30.36,3.85
Delhi,2018,1,30,4.3776,17.75,26.93,5.02
Delhi,2018,1,31,3.7853,17.86,29.82,5.55
Delhi,2018,2,1,4.3138,18.92,32.69,3.6
Delhi,2018,2,2,4.2924,18.51,37.02,3.22
Delhi,2018,2,3,4.2715,17.51,28.47,2.85
Delhi,2018,2,4,4.7582,15.27,23.35,3.64
Delhi,2018,2,5,3.0254,15.94,15.58,2.81
Delhi,2018,2,6,2.5493,16.92,14.95,3.3
Delhi,2018,2,7,4.8312,15.37,15.84,4.15
Delhi,2018,2,8,4.3284,15.69,14.3,2.99
Delhi,2018,2,9,4.7599,15.44,17.23,3.28
Delhi,2018,2,10,4.3361,17.38,17.2,2.23
Delhi,2018,2,11,3.3662,19.17,19.29,3.58
Delhi,2018,2,12,2.1338,16.99,61.11,4.26
Delhi,2018,2,13,4.0435,16.7,61.56,2.48
Delhi,2018,2,14,4.9546,15.98,41.62,4.57
Delhi,2018,2,15,4.7318,17.39,44.8,4.62
Delhi,2018,2,16,4.3757,18.72,43.27,3.68
Delhi,2018,2,17,4.3267,19.84,34.18,4.11
Delhi,2018,2,18,4.7484,18.94,23.4,3.5
Delhi,2018,2,19,4.8684,19.66,19.23,2.68
Delhi,2018,2,20,4.9951,21.17,27.18,2.54
Delhi,2018,2,21,4.8007,23.15,27.47,2.61
Delhi,2018,2,22,4.4988,23.03,30.98,2.89
Delhi,2018,2,23,4.3442,24.59,23.58,1.7
Delhi,2018,2,24,4.1102,24.96,23.92,2.4
Delhi,2018,2,25,4.7623,23.86,29.62,3.24
Delhi,2018,2,26,5.4763,21.07,34.58,4.73
Delhi,2018,2,27,4.9639,23.31,37.43,3.7
Delhi,2018,2,28,4.4772,23.09,32.45,2.77
Delhi,2018,3,1,4.2946,23.92,27.39,3.18
Delhi,2018,3,2,5.3522,24.99,30.03,3.11
Delhi,2018,3,3,4.7501,25.05,30.14,2.92
Delhi,2018,3,4,4.3577,24.22,39.67,3.67
Delhi,2018,3,5,5.8066,21.66,34.39,3.4
Delhi,2018,3,6,5.8238,21.34,28.9,4.28
Delhi,2018,3,7,6.0444,22.04,26.07,3.88
Delhi,2018,3,8,5.8961,23.93,22.7,2.21
Delhi,2018,3,9,5.6796,24.56,23.63,3.06
Delhi,2018,3,10,5.7876,24.36,25.3,4.11
Delhi,2018,3,11,5.9122,24.4,28.41,3.84
Delhi,2018,3,12,5.9246,25.38,26.39,3.77
Delhi,2018,3,13,6.0701,27.11,19.11,2.7
Delhi,2018,3,14,5.1406,27.27,16.57,2.92
Delhi,2018,3,15,4.9562,25.5,20.77,3.77
Delhi,2018,3,16,5.0095,25.09,23.87,3.11
Delhi,2018,3,17,6.4783,23.13,20.86,4.36
Delhi,2018,3,18,6.42,24.24,15.55,4.18
Delhi,2018,3,19,5.4086,25.99,17.47,3.1
Delhi,2018,3,20,5.2574,27.99,20.98,2.5
Delhi,2018,3,21,5.3957,27.86,26.6,3.21
Delhi,2018,3,22,5.5166,25.76,35.58,2.93
Delhi,2018,3,23,6.2069,24.56,30.57,3.36
Delhi,2018,3,24,6.4058,25.28,25.77,3.68
Delhi,2018,3,25,6.5215,26.24,22.24,4.23
Delhi,2018,3,26,6.378,26.3,15.95,4.37
Delhi,2018,3,27,6.4466,27.67,12.78,3.42
Delhi,2018,3,28,6.6211,29.76,9.59,2.89
Delhi,2018,3,29,6.6696,28.06,14.36,4.42
Delhi,2018,3,30,7.0706,28.17,12.72,4.06
Delhi,2018,3,31,6.3854,28.24,11.26,2.91
Delhi,2018,4,1,6.3919,27.83,21.41,3.05
Delhi,2018,4,2,6.1193,29.12,26.81,2.31
Delhi,2018,4,3,5.6971,30.07,26.52,2.37
Delhi,2018,4,4,6.1745,31.96,23.78,2.32
Delhi,2018,4,5,5.7437,32.08,23.3,1.8
Delhi,2018,4,6,4.476,31.79,26.93,2.32
Delhi,2018,4,7,5.8649,30.1,33.95,1.98
Delhi,2018,4,8,6.1111,29.74,38.13,3.16
Delhi,2018,4,9,3.6631,29.02,44.64,2.01
Delhi,2018,4,10,5.779,29.1,43.68,1.5
Delhi,2018,4,11,4.9219,29.74,38.74,1.73
Delhi,2018,4,12,6.4044,28.01,42.36,2.2
Delhi,2018,4,13,7.3123,27.41,27.31,3.59
Delhi,2018,4,14,6.8976,28.78,25.29,3.72
Delhi,2018,4,15,6.383,31.13,26.41,2.6
Delhi,2018,4,16,4.8953,32.55,25.03,2.35
Delhi,2018,4,17,6.4411,32.78,24.26,2.52
Delhi,2018,4,18,7.1412,32.32,24.04,5.69
Delhi,2018,4,19,6.6766,32.49,21.16,3.85
Delhi,2018,4,20,5.7204,32.8,17.83,5.64
Delhi,2018,4,21,6.6775,28.49,15.34,4.07
Delhi,2018,4,22,7.6481,28.34,18.21,5.28
Delhi,2018,4,23,7.4854,29.03,16.13,4.82
Delhi,2018,4,24,7.4246,31.23,12.46,4.16
Delhi,2018,4,25,7.3968,33.39,11.03,3.34
Delhi,2018,4,26,6.9554,34.94,10.14,2.04
Delhi,2018,4,27,6.3422,33.36,16.51,2.83
Delhi,2018,4,28,6.3295,34.82,20.6,2.64
Delhi,2018,4,29,6.2165,34.98,20.63,2.99
Delhi,2018,4,30,6.8076,35.34,19.13,2.46
Delhi,2018,5,1,6.7781,34.5,23.39,3.16
Delhi,2018,5,2,5.694,32.92,30.27,2.86
Delhi,2018,5,3,5.6134,32.51,38.08,3.74
Delhi,2018,5,4,6.4526,32.62,38.9,3.17
Delhi,2018,5,5,6.72,34.05,28.73,1.59
Delhi,2018,5,6,6.0626,34.8,22.1,1.9
Delhi,2018,5,7,6.8906,34.03,21.37,3.48
Delhi,2018,5,8,6.1265,31.16,28.65,3.6
Delhi,2018,5,9,5.4744,31.74,30.04,2.86
Delhi,2018,5,10,6.9528,32.91,26.2,2.72
Delhi,2018,5,11,7.02,35.48,19.93,2.8
Delhi,2018,5,12,6.3924,37.2,18.09,1.31
Delhi,2018,5,13,6.1248,36.08,21.22,1.81
Delhi,2018,5,14,5.8186,33.58,26.32,1.97
Delhi,2018,5,15,5.2142,34.8,21.54,1.83
Delhi,2018,5,16,6.3919,35.63,22.56,3.45
Delhi,2018,5,17,5.8685,35.95,18.47,3.71
Delhi,2018,5,18,6.3137,36,18.46,3.09
Delhi,2018,5,19,5.6251,36.14,21.52,1.59
Delhi,2018,5,20,6.5064,36.41,18.41,4.06
Delhi,2018,5,21,7.2497,36.6,13.52,4.58
Delhi,2018,5,22,7.0949,37.47,13.5,3.31
Delhi,2018,5,23,6.786,37.97,14.37,2.04
Delhi,2018,5,24,6.187,37.66,10.03,3.85
Delhi,2018,5,25,7.4184,36.67,8.74,3.03
Delhi,2018,5,26,7.6747,37.01,8.72,3.11
Delhi,2018,5,27,7.145,37.71,7.26,2.71
Delhi,2018,5,28,6.6991,37.03,10.22,2.45
Delhi,2018,5,29,6.9571,38.17,11.06,2.11
Delhi,2018,5,30,5.6868,35.83,21.08,3.48
Delhi,2018,5,31,6.4918,37.57,24.3,2.37
Delhi,2018,6,1,6.7819,38.2,20.45,3.25
Delhi,2018,6,2,5.8236,34.29,42.16,3.23
Delhi,2018,6,3,6.666,35.1,34.38,2.84
Delhi,2018,6,4,6.5897,36.65,32.14,3.79
Delhi,2018,6,5,6.019,37.67,33.7,4.16
Delhi,2018,6,6,4.1597,36,43.12,2.76
Delhi,2018,6,7,6.2702,36.18,43.66,2.17
Delhi,2018,6,8,5.6966,37.75,33.4,3.25
Delhi,2018,6,9,4.9332,36.33,45.19,2.8
Delhi,2018,6,10,5.9609,34.67,51,2.24
Delhi,2018,6,11,6.4543,36.28,38.88,4.42
Delhi,2018,6,12,6.2282,38.06,29.76,4.57
Delhi,2018,6,13,5.9333,38.44,27.13,7.32
Delhi,2018,6,14,5.5606,37.39,29.15,6.54
Delhi,2018,6,15,5.9033,36.77,31.15,5.04
Delhi,2018,6,16,5.6834,37.21,31.85,5.28
Delhi,2018,6,17,5.8452,35.73,38.29,3.68
Delhi,2018,6,18,5.7634,35.7,36.37,3.99
Delhi,2018,6,19,7.0234,35.72,34.97,3.75
Delhi,2018,6,20,6.5066,37.48,32.43,2.47
Delhi,2018,6,21,6.3679,38.42,30.44,2.58
Delhi,2018,6,22,7.0303,39.3,24.76,2.05
Delhi,2018,6,23,5.8565,39.85,21.58,3.21
Delhi,2018,6,24,6.0922,38.92,21.85,4.06
Delhi,2018,6,25,6.4217,38.84,26.32,3.82
Delhi,2018,6,26,2.1574,33.08,49.33,3.71
Delhi,2018,6,27,5.1511,33.59,54.61,2.56
Delhi,2018,6,28,5.6242,31.18,69.14,4.94
Delhi,2018,6,29,5.1499,33.15,53.1,5.46
Delhi,2018,6,30,6.049,33.07,55.85,1.45
Delhi,2018,7,1,5.454,34.34,52.51,4.29
Delhi,2018,7,2,4.8115,33.32,60.93,4.63
Delhi,2018,7,3,5.4382,32.95,58.13,2.27
Delhi,2018,7,4,5.9954,33.33,57.09,3.62
Delhi,2018,7,5,5.5882,34.01,51.54,2.28
Delhi,2018,7,6,6.3883,34.28,45.3,3.3
Delhi,2018,7,7,6.1596,34.8,42.84,2.93
Delhi,2018,7,8,6.5078,35.74,40.44,2.44
Delhi,2018,7,9,5.6638,36.15,44.55,2.53
Delhi,2018,7,10,5.7173,35.57,50.38,2.59
Delhi,2018,7,11,3.6557,34.25,54.46,3.14
Delhi,2018,7,12,4.6075,32.79,63.21,2.74
Delhi,2018,7,13,3.486,31.31,67.65,1.56
Delhi,2018,7,14,3.4248,29.53,79.91,1.4
Delhi,2018,7,15,4.7352,30.72,72.25,2.61
Delhi,2018,7,16,3.9725,31.4,71.79,2.6
Delhi,2018,7,17,5.4559,32.81,62.42,2.58
Delhi,2018,7,18,6.0895,33.44,56.77,2.58
Delhi,2018,7,19,5.9645,32.74,63.88,1.71
Delhi,2018,7,20,2.8205,31.07,72.44,1.52
Delhi,2018,7,21,3.6396,30.25,78.28,1.76
Delhi,2018,7,22,3.5736,28.86,85.72,2.67
Delhi,2018,7,23,5.0155,30.26,76.17,2.34
Delhi,2018,7,24,5.207,30.91,74.34,1.96
Delhi,2018,7,25,1.9598,30.22,81.61,1.7
Delhi,2018,7,26,1.3346,27.81,91.77,2.16
Delhi,2018,7,27,1.4698,28.14,88.84,2.43
Delhi,2018,7,28,3.5861,28.37,86.04,3.13
Delhi,2018,7,29,5.1463,28.94,81.7,3.37
Delhi,2018,7,30,4.1858,28.8,83.22,3.56
Delhi,2018,7,31,3.6511,29.01,79.13,3.13
Delhi,2018,8,1,6.0674,28.89,79.63,3.48
Delhi,2018,8,2,5.3542,28.78,78.87,4.1
Delhi,2018,8,3,4.6702,28.56,77.04,3.88
Delhi,2018,8,4,4.35,27.65,80.67,3.04
Delhi,2018,8,5,2.1295,27.05,86.37,2.83
Delhi,2018,8,6,2.5025,27.41,81.1,1.36
Delhi,2018,8,7,3.9245,27.82,82.05,1.95
Delhi,2018,8,8,5.1482,27.95,85.04,2.54
Delhi,2018,8,9,6.2354,29.61,79.12,2.03
Delhi,2018,8,10,5.4989,30.45,76,1.16
Delhi,2018,8,11,5.0112,29.32,82.82,2.72
Delhi,2018,8,12,3.2045,29.18,77.69,2.97
Delhi,2018,8,13,4.8161,28.68,79.7,1.81
Delhi,2018,8,14,4.8554,29.49,78.22,1.3
Delhi,2018,8,15,3.8554,29.96,79.11,1.2
Delhi,2018,8,16,5.2162,29.45,79.3,1.1
Delhi,2018,8,17,5.9923,29.01,84.46,2.57
Delhi,2018,8,18,5.2104,29.83,80.79,1.42
Delhi,2018,8,19,2.9549,29.76,81.11,1.48
Delhi,2018,8,20,4.1201,29.34,81.08,1.17
Delhi,2018,8,21,5.7108,28.92,86,2.37
Delhi,2018,8,22,4.1446,28.75,85.54,1.7
Delhi,2018,8,23,3.7769,28.65,84.02,2.33
Delhi,2018,8,24,3.0701,28.62,83.39,2.96
Delhi,2018,8,25,4.0469,28.76,81.22,3.4
Delhi,2018,8,26,5.2819,28.48,79.95,2.34
Delhi,2018,8,27,3.192,28.48,84.28,1.49
Delhi,2018,8,28,3.8059,28.42,88.73,1.39
Delhi,2018,8,29,3.4476,28.5,86.57,2.33
Delhi,2018,8,30,4.5077,28.87,82.88,1.93
Delhi,2018,8,31,4.3723,27.99,82.69,2.75
Delhi,2018,9,1,2.7166,26.07,90.88,2.74
Delhi,2018,9,2,2.6254,26.76,87.91,2.34
Delhi,2018,9,3,2.0705,27.17,88.04,1.21
Delhi,2018,9,4,3.0418,27.48,84.44,1.83
Delhi,2018,9,5,2.7811,27.59,83.14,2.18
Delhi,2018,9,6,4.9762,28.45,76.57,1.7
Delhi,2018,9,7,3.9588,27.69,87.12,2.14
Delhi,2018,9,8,3.4291,27.03,88.32,3.95
Delhi,2018,9,9,4.9872,26.85,88.51,4.02
Delhi,2018,9,10,4.5394,27.44,87.68,2.37
Delhi,2018,9,11,4.7851,27.58,83.87,2.61
Delhi,2018,9,12,5.5265,27.4,83.25,4.05
Delhi,2018,9,13,5.9218,26.7,82.34,3.48
Delhi,2018,9,14,5.916,26.45,78.48,2.81
Delhi,2018,9,15,5.8838,26.69,73.9,2.63
Delhi,2018,9,16,6.029,26.35,74.46,3.14
Delhi,2018,9,17,5.561,27.26,73.52,2.55
Delhi,2018,9,18,5.9472,26.8,71.24,2.75
Delhi,2018,9,19,5.9688,26.79,69.42,2.36
Delhi,2018,9,20,5.8534,26.69,73.02,1.74
Delhi,2018,9,21,4.6834,26.75,86.06,3.25
Delhi,2018,9,22,1.8053,25.09,92.38,5.03
Delhi,2018,9,23,2.5625,25.89,89.22,7.1
Delhi,2018,9,24,1.5749,25.58,93.07,5.03
Delhi,2018,9,25,3.1426,25.3,87.08,4.25
Delhi,2018,9,26,5.8087,25.17,82.49,3.08
Delhi,2018,9,27,5.6438,25.73,71.87,1.85
Delhi,2018,9,28,5.8224,26.53,64.59,1.67
Delhi,2018,9,29,5.9453,26.41,62.89,1.98
Delhi,2018,9,30,5.6894,24.99,72.25,3.09
Delhi,2018,10,1,5.6892,25.47,71.79,2.58
Delhi,2018,10,2,5.7473,25.98,66.32,1.94
Delhi,2018,10,3,5.5865,26.91,62.26,1.18
Delhi,2018,10,4,5.196,25.59,72.14,2.08
Delhi,2018,10,5,5.4178,25.27,65.06,1.77
Delhi,2018,10,6,5.3455,24.96,65.98,1.98
Delhi,2018,10,7,5.2726,25.06,63.46,1.7
Delhi,2018,10,8,5.3412,25.15,63.8,1.41
Delhi,2018,10,9,5.2394,25.22,71.53,2.21
Delhi,2018,10,10,4.9714,24.68,82.15,3.37
Delhi,2018,10,11,3.9926,24.55,83.14,2.99
Delhi,2018,10,12,4.7021,24.05,76.15,1.68
Delhi,2018,10,13,4.9572,21.83,69.32,2.58
Delhi,2018,10,14,5.1353,22.01,62.57,3
Delhi,2018,10,15,5.0621,22.86,60.42,1.93
Delhi,2018,10,16,4.1246,23.57,66.55,1.97
Delhi,2018,10,17,5.0916,25.26,62.21,1.94
Delhi,2018,10,18,4.5108,24.37,72.01,2.68
Delhi,2018,10,19,4.8137,23.06,64.3,1.92
Delhi,2018,10,20,4.6265,22.7,61.79,2.42
Delhi,2018,10,21,4.1345,22.22,61.48,2.37
Delhi,2018,10,22,4.7938,21.63,54.81,2.8
Delhi,2018,10,23,4.8888,21.81,52.95,2.46
Delhi,2018,10,24,4.6565,22.1,54.06,1.82
Delhi,2018,10,25,4.5437,22.11,54.37,1.81
Delhi,2018,10,26,3.8597,22.26,55.71,1.93
Delhi,2018,10,27,4.079,22.27,56.28,1.9
Delhi,2018,10,28,4.3579,22.1,56.61,2.2
Delhi,2018,10,29,4.4851,22.79,56.09,1.64
Delhi,2018,10,30,4.1467,22.67,58.43,1.42
Delhi,2018,10,31,3.7118,22.59,56.2,1.84
Delhi,2018,11,1,3.4258,23.04,51.24,1.14
Delhi,2018,11,2,3.5957,22.14,60.04,2.25
Delhi,2018,11,3,3.4668,21.93,69.97,3.37
Delhi,2018,11,4,3.9115,21.49,74.3,2.6
Delhi,2018,11,5,3.5184,17.93,54.47,3.22
Delhi,2018,11,6,4.0829,17.41,53.79,4.12
Delhi,2018,11,7,4.3625,17.77,40.93,2.54
Delhi,2018,11,8,3.7018,20.07,41.04,1.12
Delhi,2018,11,9,3.4001,20.14,48.79,1.2
Delhi,2018,11,10,3.1327,19.92,46.03,1.17
Delhi,2018,11,11,3.3869,20.09,47.79,1.69
Delhi,2018,11,12,3.8993,21.76,41.26,1.16
Delhi,2018,11,13,2.9868,21.11,48.26,1.59
Delhi,2018,11,14,2.9054,21.06,57.15,1.59
Delhi,2018,11,15,3.4558,20.15,61.17,2.48
Delhi,2018,11,16,3.8933,17.97,56.62,4.67
Delhi,2018,11,17,3.6334,18.37,47.22,3.47
Delhi,2018,11,18,3.5945,20.17,40.54,1.56
Delhi,2018,11,19,2.7406,19.37,59.43,2.62
Delhi,2018,11,20,3.5921,19.8,56.58,2.22
Delhi,2018,11,21,3.5201,18.78,48.62,3.42
Delhi,2018,11,22,3.2762,18.7,42.4,2
Delhi,2018,11,23,3.4798,18.01,48.79,4.18
Delhi,2018,11,24,4.0922,17.51,46.74,4.48
Delhi,2018,11,25,3.8081,18.12,45.3,3
Delhi,2018,11,26,3.5491,18.79,44.18,2.32
Delhi,2018,11,27,3.193,19.9,47.28,1.29
Delhi,2018,11,28,2.6791,19.08,60.52,1.45
Delhi,2018,11,29,2.8409,17.91,58.66,3
Delhi,2018,11,30,3.1793,17.34,53.42,3.36
Delhi,2018,12,1,3.6497,17.64,44.77,2.95
Delhi,2018,12,2,3.4435,18.33,39.66,1.26
Delhi,2018,12,3,3.3792,17.2,44.82,2.12
Delhi,2018,12,4,3.0372,16.93,46.94,2.22
Delhi,2018,12,5,3.108,16.49,47.68,2.36
Delhi,2018,12,6,3.2045,16.28,48.47,2.07
Delhi,2018,12,7,3.1956,15,54.81,3.16
Delhi,2018,12,8,3.269,15.3,50.43,2.22
Delhi,2018,12,9,2.9906,15.9,47.19,2
Delhi,2018,12,10,2.7905,16.21,47.56,1.67
Delhi,2018,12,11,2.4456,16.92,46.23,1.25
Delhi,2018,12,12,1.9277,14.62,61.42,2.84
Delhi,2018,12,13,2.4319,13.77,73.37,2.27
Delhi,2018,12,14,3.3684,13.16,64.66,3.17
Delhi,2018,12,15,3.6422,13.19,60.84,3.43
Delhi,2018,12,16,3.5882,12.63,51.88,2.93
Delhi,2018,12,17,2.9227,12.72,47.56,3.04
Delhi,2018,12,18,3.811,12.5,42.54,3.78
Delhi,2018,12,19,3.5945,12.23,41.17,3.17
Delhi,2018,12,20,3.6835,12.43,40.86,2.56
Delhi,2018,12,21,3.4399,10.83,42.64,3.13
Delhi,2018,12,22,3.1382,11.73,37.69,1.82
Delhi,2018,12,23,2.7926,12.9,40.78,1.44
Delhi,2018,12,24,3.1411,11.56,45.35,3.02
Delhi,2018,12,25,3.132,10.45,44.3,4.06
Delhi,2018,12,26,3.239,10.59,42.47,3.23
Delhi,2018,12,27,3.4212,11.28,39.72,2.6
Delhi,2018,12,28,3.6192,8.75,44.67,4.04
Delhi,2018,12,29,3.7322,9.96,41.05,3.2
Delhi,2018,12,30,3.2642,12.04,38.34,2.04
Delhi,2018,12,31,3.4406,11.25,44.03,3.54
Delhi,2019,1,1,3.4099,11.56,43.05,2.55
Delhi,2019,1,2,3.2508,13.93,41.76,1.76
Delhi,2019,1,3,2.9621,11.75,52.09,3.59
Delhi,2019,1,4,2.243,11.43,55.33,2.35
Delhi,2019,1,5,3.0211,12.79,52.08,2.93
Delhi,2019,1,6,1.8187,12.34,63.8,2.83
Delhi,2019,1,7,2.8879,12.43,67.93,3.44
Delhi,2019,1,8,3.2846,12.23,60.67,3.57
Delhi,2019,1,9,3.7186,12.44,49.31,4.33
Delhi,2019,1,10,3.5518,13.08,44.41,2.82
Delhi,2019,1,11,3.1142,14.44,36.52,1.05
Delhi,2019,1,12,2.8282,15.27,36.57,1.08
Delhi,2019,1,13,2.43,13.77,57.53,3.01
Delhi,2019,1,14,4.1518,11.85,42.14,5.39
Delhi,2019,1,15,3.1219,11,34.47,4.19
Delhi,2019,1,16,3.1865,13.61,31.15,1.33
Delhi,2019,1,17,3.5448,12.18,36.62,2.88
Delhi,2019,1,18,3.601,12.39,45.86,3.05
Delhi,2019,1,19,3.5491,14.79,41.06,2.65
Delhi,2019,1,20,3.5597,18.05,35.15,1.74
Delhi,2019,1,21,1.7162,16.12,51,4.63
Delhi,2019,1,22,1.9442,13.94,77.31,3.72
Delhi,2019,1,23,2.8366,14.31,68.17,2.91
Delhi,2019,1,24,2.5656,14.36,63.81,3.1
Delhi,2019,1,25,3.2316,11.3,64.11,3.66
Delhi,2019,1,26,4.2499,10.02,56.6,3.27
Delhi,2019,1,27,3.0922,9.42,52.8,3.94
Delhi,2019,1,28,4.2828,9.55,47.06,4.32
Delhi,2019,1,29,4.6366,10.37,42.77,4.08
Delhi,2019,1,30,3.5342,11.29,42.05,2.72
Delhi,2019,1,31,2.7542,13.3,42.03,3.57
Delhi,2019,2,1,3.0744,13.51,51.54,2.49
Delhi,2019,2,2,2.2798,12.07,56.52,3.21
Delhi,2019,2,3,2.4509,12.78,56.4,2.86
Delhi,2019,2,4,3.3535,13.98,48.33,2.56
Delhi,2019,2,5,2.7223,16.96,49.18,2.3
Delhi,2019,2,6,3.0703,17.5,71.34,3.58
Delhi,2019,2,7,1.4297,16.32,75.74,5.01
Delhi,2019,2,8,4.6522,12.79,56.55,3.3
Delhi,2019,2,9,4.7534,11.93,49.2,4.2
Delhi,2019,2,10,3.7337,12.85,44.8,2.51
Delhi,2019,2,11,3.7774,14.17,46.28,1.92
Delhi,2019,2,12,3.7738,15.61,42.6,1.63
Delhi,2019,2,13,3.3389,16.68,41.56,1.58
Delhi,2019,2,14,2.0618,17.04,56.1,4.21
Delhi,2019,2,15,2.8032,15.98,77.94,2.12
Delhi,2019,2,16,2.4331,15.24,72.56,2.36
Delhi,2019,2,17,4.2331,14.73,55.01,3.65
Delhi,2019,2,18,3.287,17.07,44.98,2.69
Delhi,2019,2,19,3.7637,18.26,51.55,2.28
Delhi,2019,2,20,1.5782,18,59.04,3.17
Delhi,2019,2,21,3.9389,20.54,50.58,3.47
Delhi,2019,2,22,4.2648,18.46,58.68,4.2
Delhi,2019,2,23,5.4046,14.79,48.33,4.71
Delhi,2019,2,24,5.003,16.13,40.92,3.22
Delhi,2019,2,25,4.5749,16.82,42.04,2.28
Delhi,2019,2,26,2.6923,16.36,51.12,2.66
Delhi,2019,2,27,3.7476,13.76,62.49,3.04
Delhi,2019,2,28,5.5517,14,49.59,3.43
Delhi,2019,3,1,5.3959,15.54,39.93,2.88
Delhi,2019,3,2,1.6985,16.57,52.56,2.69
Delhi,2019,3,3,3.5995,17.16,65.43,2.87
Delhi,2019,3,4,4.1443,17.75,62.05,2.72
Delhi,2019,3,5,5.4017,17.12,51.86,3.66
Delhi,2019,3,6,6.0482,16.6,44.5,3.69
Delhi,2019,3,7,5.6054,18.11,38.22,2.79
Delhi,2019,3,8,5.0974,19.64,41.94,2.46
Delhi,2019,3,9,5.3602,19.57,44.42,3.75
Delhi,2019,3,10,6.0761,19.31,42.91,2.72
Delhi,2019,3,11,5.0366,21.09,41.6,4.34
Delhi,2019,3,12,4.4234,20.25,49.53,3.75
Delhi,2019,3,13,2.5519,18.75,42.05,3.02
Delhi,2019,3,14,3.6178,19.6,44.28,3.4
Delhi,2019,3,15,6.0247,19.24,46.77,3.43
Delhi,2019,3,16,5.7161,19.56,42.35,3.2
Delhi,2019,3,17,5.9011,20.47,36.75,2.89
Delhi,2019,3,18,6.0526,20.84,37.72,2.79
Delhi,2019,3,19,6.282,22.27,39.14,3.56
Delhi,2019,3,20,5.6522,24.06,37.13,3.69
Delhi,2019,3,21,5.8133,23.62,42.59,2.21
Delhi,2019,3,22,6.5722,22.79,31.29,4.85
Delhi,2019,3,23,6.3929,22.53,34.86,5.22
Delhi,2019,3,24,6.3245,24.56,41.03,4.37
Delhi,2019,3,25,5.387,23.89,42.13,3.4
Delhi,2019,3,26,6.7886,23.4,35.68,4.21
Delhi,2019,3,27,5.5862,24.01,32.52,3.59
Delhi,2019,3,28,6.0778,27.03,30.98,2.78
Delhi,2019,3,29,6.2868,28.79,34.06,2.39
Delhi,2019,3,30,6.2316,29.59,34.57,1.8
Delhi,2019,3,31,6.5172,27.13,26.72,4.53
Delhi,2019,4,1,7.1906,25.45,24.6,4.44
Delhi,2019,4,2,6.972,27.42,21.75,2.49
Delhi,2019,4,3,6.9434,28.54,22.53,2.64
Delhi,2019,4,4,6.7104,29.88,25.93,2.35
Delhi,2019,4,5,6.5124,31.11,26.92,2.23
Delhi,2019,4,6,6.4805,32.15,28.1,2.52
Delhi,2019,4,7,5.5438,30.87,26.69,2.63
Delhi,2019,4,8,6.2904,29.78,27.78,2.31
Delhi,2019,4,9,6.6334,29.81,26.97,2.41
Delhi,2019,4,10,6.4891,31.7,23.45,2.36
Delhi,2019,4,11,6.4289,32.1,26.95,3.27
Delhi,2019,4,12,5.7641,32.13,24.25,3.55
Delhi,2019,4,13,6.775,32.12,29.12,3.96
Delhi,2019,4,14,6.9122,32.44,27.56,4.48
Delhi,2019,4,15,6.5676,33.51,27.35,5.09
Delhi,2019,4,16,2.8476,28.37,43.59,3.98
Delhi,2019,4,17,4.5242,23.42,67.98,3.82
Delhi,2019,4,18,6.2914,24.64,57.4,2.1
Delhi,2019,4,19,6.8244,26.47,41.33,2.82
Delhi,2019,4,20,6.8086,27.59,37.53,2.6
Delhi,2019,4,21,7.0963,29.92,33.14,3.21
Delhi,2019,4,22,7.1942,31.49,30.88,2.81
Delhi,2019,4,23,7.0913,32.75,31.42,2.89
Delhi,2019,4,24,6.7416,33.42,29.27,1.98
Delhi,2019,4,25,6.2719,34.19,24.03,2.91
Delhi,2019,4,26,6.877,33.65,24.76,4.16
Delhi,2019,4,27,7.3661,34.06,19.99,6.24
Delhi,2019,4,28,7.4227,33.99,17.23,5.77
Delhi,2019,4,29,7.3063,34.29,16.07,3.76
Delhi,2019,4,30,7.2473,34.17,15.18,3.75
Delhi,2019,5,1,7.1347,34.45,14.16,2.5
Delhi,2019,5,2,6.3806,34.25,17.22,3.35
Delhi,2019,5,3,6.5381,33.09,21.77,2.61
Delhi,2019,5,4,7.2718,32,17.48,4.08
Delhi,2019,5,5,7.9493,32.1,14.15,4.72
Delhi,2019,5,6,7.8862,33.04,12.43,4.68
Delhi,2019,5,7,7.0834,34.07,11.85,4.44
Delhi,2019,5,8,7.14,35.14,14.89,4.95
Delhi,2019,5,9,6.9362,35.84,19.03,5.89
Delhi,2019,5,10,7.2154,35.79,20.52,4.93
Delhi,2019,5,11,6.8501,34.99,24.91,3.6
Delhi,2019,5,12,5.7703,34.17,25.47,4.09
Delhi,2019,5,13,5.9758,34.63,22.78,2.19
Delhi,2019,5,14,6.6466,32.9,31.73,3.38
Delhi,2019,5,15,4.9987,34.09,26.85,1.61
Delhi,2019,5,16,5.6316,33.74,29.3,2.71
Delhi,2019,5,17,6.3955,32.41,36.95,3.87
Delhi,2019,5,18,7.0632,29.45,48.9,3.31
Delhi,2019,5,19,7.5341,31.63,34.46,4.37
Delhi,2019,5,20,7.2931,33.54,26.76,3.95
Delhi,2019,5,21,6.5366,34.03,25.5,4.68
Delhi,2019,5,22,5.0724,35.04,24.45,3.29
Delhi,2019,5,23,6.2707,34.97,28.24,2.5
Delhi,2019,5,24,6.257,33.88,35.38,3.51
Delhi,2019,5,25,7.7743,33.24,30.61,5.97
Delhi,2019,5,26,7.8768,33.8,24.94,4.62
Delhi,2019,5,27,7.6817,35.11,19.9,4.92
Delhi,2019,5,28,7.8034,35.58,15.52,4.91
Delhi,2019,5,29,7.9387,37.31,16.29,4.4
Delhi,2019,5,30,7.6176,38.43,13.91,3.77
Delhi,2019,5,31,7.3258,38.75,13.57,3.99
Delhi,2019,6,1,7.2233,39.91,16.3,2.61
Delhi,2019,6,2,7.219,39.71,14.69,2.96
Delhi,2019,6,3,6.8083,38.47,15.99,2.77
Delhi,2019,6,4,6.8153,38,21.46,2.58
Delhi,2019,6,5,6.7327,39.36,17.07,2.14
Delhi,2019,6,6,6.563,38.97,19.26,2.84
Delhi,2019,6,7,7.1239,36.58,20.59,3
Delhi,2019,6,8,7.5206,38.2,14.85,2.58
Delhi,2019,6,9,7.5286,38.91,14.93,4.25
Delhi,2019,6,10,7.1206,39.61,12.97,3.41
Delhi,2019,6,11,6.3156,40.02,14.56,3.53
Delhi,2019,6,12,6.7154,40.26,18,3.55
Delhi,2019,6,13,6.7968,38.1,27.02,2.84
Delhi,2019,6,14,7.5691,38.13,18.63,4.84
Delhi,2019,6,15,6.8273,38.25,23.14,6.52
Delhi,2019,6,16,4.1294,37.03,34.06,6.84
Delhi,2019,6,17,3.0197,35.17,41.94,5.28
Delhi,2019,6,18,5.0458,34.1,45.49,2.92
Delhi,2019,6,19,6.4572,34.08,38.25,2.31
Delhi,2019,6,20,7.1174,34.34,38.35,2.06
Delhi,2019,6,21,5.969,36.39,25.91,2.07
Delhi,2019,6,22,6.858,37.3,24.37,2.26
Delhi,2019,6,23,6.9667,36.64,36.75,3.85
Delhi,2019,6,24,5.274,34.34,52.85,4
Delhi,2019,6,25,5.6026,36.23,44.27,2.01
Delhi,2019,6,26,6.3629,38.05,33.18,3.67
Delhi,2019,6,27,6.2647,37.89,29.21,4.49
Delhi,2019,6,28,6.1176,38.04,32.23,4.37
Delhi,2019,6,29,6.6156,38.83,28.29,4.27
Delhi,2019,6,30,6.1133,39.38,26.85,2.8
Delhi,2019,7,1,6.6281,39.06,26.11,2.13
Delhi,2019,7,2,5.6174,39.01,25.65,2.69
Delhi,2019,7,3,5.9726,37.36,38.51,3.51
Delhi,2019,7,4,3.4128,37.28,37.41,1.97
Delhi,2019,7,5,2.8879,35.48,47.34,1.93
Delhi,2019,7,6,5.521,35.07,50.95,2.77
Delhi,2019,7,7,5.171,34.15,53.41,1.7
Delhi,2019,7,8,5.1902,36.36,47.71,1.97
Delhi,2019,7,9,3.5815,33.61,58.86,3.43
Delhi,2019,7,10,5.0198,34.48,53.56,4.3
Delhi,2019,7,11,4.8074,34.81,50.41,5.39
Delhi,2019,7,12,4.8703,35.32,44.7,5.76
Delhi,2019,7,13,5.3458,35.46,42.1,5.8
Delhi,2019,7,14,5.5327,35.24,42.39,3.54
Delhi,2019,7,15,3.7536,33.1,61.06,2.34
Delhi,2019,7,16,4.1539,31.62,66.18,1.94
Delhi,2019,7,17,4.47,31.13,66.13,1.49
Delhi,2019,7,18,3.1032,30.42,69.9,0.76
Delhi,2019,7,19,6.2261,33.31,56.68,1.18
Delhi,2019,7,20,4.7222,33.41,56.69,1.84
Delhi,2019,7,21,4.8502,32.84,62.51,2.47
Delhi,2019,7,22,5.6057,33.64,60.18,2.02
Delhi,2019,7,23,5.7571,34.03,59.55,1.58
Delhi,2019,7,24,4.9745,34.55,60,3.45
Delhi,2019,7,25,2.2075,29.94,78.5,2.39
Delhi,2019,7,26,2.6726,29.71,76.08,2.01
Delhi,2019,7,27,3.053,28.89,80.19,4.48
Delhi,2019,7,28,4.8216,29.72,77.63,4.97
Delhi,2019,7,29,5.5056,31.02,72.45,4.79
Delhi,2019,7,30,4.6368,31.44,67.72,4.12
Delhi,2019,7,31,4.5646,30.84,68.89,2.43
Delhi,2019,8,1,5.1115,31.25,67.46,3.47
Delhi,2019,8,2,3.4858,29.95,78.99,2.98
Delhi,2019,8,3,3.5374,28.93,83.91,2.95
Delhi,2019,8,4,3.769,29.02,84.78,1.16
Delhi,2019,8,5,4.3032,31.69,72.67,1.41
Delhi,2019,8,6,1.2408,31.45,75.18,1.24
Delhi,2019,8,7,4.0603,29.93,79.99,1.59
Delhi,2019,8,8,6.0029,30.2,77.19,2.41
Delhi,2019,8,9,4.7455,29.8,77.29,6.07
Delhi,2019,8,10,4.5415,28.97,79.33,5.07
Delhi,2019,8,11,5.8642,30.36,75.5,2.34
Delhi,2019,8,12,4.4875,30.65,74.37,1.98
Delhi,2019,8,13,3.5009,31.79,72.15,1.82
Delhi,2019,8,14,5.1958,30.87,76.14,2.07
Delhi,2019,8,15,5.1449,29.31,82.43,4.03
Delhi,2019,8,16,4.2852,28.23,82.44,5.49
Delhi,2019,8,17,2.6755,28.22,86.93,5.32
Delhi,2019,8,18,2.8668,28.3,86.8,2.44
Delhi,2019,8,19,5.495,29.07,79.24,2.67
Delhi,2019,8,20,5.8116,28.76,78.17,3.25
Delhi,2019,8,21,6.0665,29.35,72.03,3.26
Delhi,2019,8,22,4.7434,29.36,69.42,2.32
Delhi,2019,8,23,5.6438,30.45,66.36,1.8
Delhi,2019,8,24,3.1027,31.47,63.56,1.79
Delhi,2019,8,25,3.2347,28.64,81.88,2.09
Delhi,2019,8,26,5.9215,29.58,75.02,2.42
Delhi,2019,8,27,5.8949,30.9,70.27,1.86
Delhi,2019,8,28,6.0936,31.27,70.53,2.65
Delhi,2019,8,29,5.4151,31.23,68.93,2.18
Delhi,2019,8,30,5.7331,30.69,72.79,1.5
Delhi,2019,8,31,5.4305,31.93,67.5,1.11
Delhi,2019,9,1,3.3125,29.96,80.35,2.45
Delhi,2019,9,2,5.3261,30.74,75.19,1.2
Delhi,2019,9,3,4.457,32.24,65.95,1.01
Delhi,2019,9,4,4.0718,30.69,75.42,2.41
Delhi,2019,9,5,4.4045,30.75,72.63,1.99
Delhi,2019,9,6,4.7249,30.97,72.01,1.17
Delhi,2019,9,7,3.7766,29.85,79.41,1.55
Delhi,2019,9,8,5.274,30.02,77.98,1.44
Delhi,2019,9,9,5.502,31.25,67.66,1.45
Delhi,2019,9,10,5.1271,30.75,63.04,2.18
Delhi,2019,9,11,5.3388,31.65,56.41,1.54
Delhi,2019,9,12,4.4227,31.97,56.26,1.81
Delhi,2019,9,13,5.0551,30.92,69.42,3.17
Delhi,2019,9,14,4.0248,30.74,69.45,2.93
Delhi,2019,9,15,3.6307,30.67,68.85,0.86
Delhi,2019,9,16,4.991,30.9,64.08,2.21
Delhi,2019,9,17,4.4539,30.93,62.71,2.04
Delhi,2019,9,18,5.3858,30.89,62.45,2.16
Delhi,2019,9,19,4.2989,28.77,69.72,3.24
Delhi,2019,9,20,4.7004,29.39,67.41,2.44
Delhi,2019,9,21,4.8463,29.76,67.61,1.58
Delhi,2019,9,22,2.7247,28.04,78.53,2.89
Delhi,2019,9,23,4.4532,27.68,71.21,2.25
Delhi,2019,9,24,4.0678,27.79,73.6,2.57
Delhi,2019,9,25,4.241,27.42,77.18,2.87
Delhi,2019,9,26,4.1194,26.89,79.1,3.84
Delhi,2019,9,27,3.623,26.89,79.57,3.81
Delhi,2019,9,28,3.4404,26.62,80.73,4.74
Delhi,2019,9,29,2.9911,26.73,75.99,3.66
Delhi,2019,9,30,3.5009,26.19,77.54,3.18
Delhi,2019,10,1,3.7114,27.15,71.75,1.84
Delhi,2019,10,2,4.8511,27.73,66.8,1.43
Delhi,2019,10,3,5.0525,27.1,66.03,1.87
Delhi,2019,10,4,4.9428,26.16,66.92,2.66
Delhi,2019,10,5,5.3213,25.91,62.72,3.37
Delhi,2019,10,6,5.227,25.77,61.28,2.94
Delhi,2019,10,7,4.2821,26.24,58.36,3.42
Delhi,2019,10,8,5.2685,25.98,53.89,2.75
Delhi,2019,10,9,5.3474,26.33,52.59,1.83
Delhi,2019,10,10,5.1269,26.1,53.16,2.15
Delhi,2019,10,11,4.9776,25.83,52.93,1.9
Delhi,2019,10,12,4.6824,26.02,57.01,2.27
Delhi,2019,10,13,4.5648,26.36,53.58,2.6
Delhi,2019,10,14,4.5715,26.71,53.91,2.31
Delhi,2019,10,15,4.2965,26.41,52.14,2.34
Delhi,2019,10,16,4.2079,26.11,51.65,2.1
Delhi,2019,10,17,4.2533,26.78,52.82,1.55
Delhi,2019,10,18,4.0798,27.14,57.76,2.03
Delhi,2019,10,19,3.5969,26.42,55.11,1.21
Delhi,2019,10,20,4.0673,24.84,47.41,3.09
Delhi,2019,10,21,4.597,23.85,48.9,3.81
Delhi,2019,10,22,4.3366,23.5,45.31,4.02
Delhi,2019,10,23,4.7086,24.15,41.77,2.81
Delhi,2019,10,24,4.362,23.58,48.19,2.46
Delhi,2019,10,25,4.1218,23.43,56.65,2.2
Delhi,2019,10,26,4.0246,23.73,57.77,1.79
Delhi,2019,10,27,3.666,23.99,48.49,2.32
Delhi,2019,10,28,3.0113,24.08,49.86,2.24
Delhi,2019,10,29,2.179,24.24,49.24,1.75
Delhi,2019,10,30,2.4811,25.07,42.23,1.82
Delhi,2019,10,31,3.6355,25.01,40.97,2.22
Delhi,2019,11,1,3.4274,24.36,46.12,2.04
Delhi,2019,11,2,2.7998,24.39,47.88,2.38
Delhi,2019,11,3,1.8091,23.63,52.37,2.99
Delhi,2019,11,4,3.0098,23.43,54.12,3.84
Delhi,2019,11,5,4.0262,22.74,50.83,3.85
Delhi,2019,11,6,3.5926,23.65,43.22,2.04
Delhi,2019,11,7,1.4424,22.39,59.85,2.51
Delhi,2019,11,8,3.4442,23.4,59.19,2.55
Delhi,2019,11,9,3.9118,22.78,49.6,3.56
Delhi,2019,11,10,3.4238,21.62,44.3,3.73
Delhi,2019,11,11,3.216,20.63,41.16,2.94
Delhi,2019,11,12,3.187,20.19,41.5,3.24
Delhi,2019,11,13,2.6162,21.01,43.81,2.36
Delhi,2019,11,14,1.7074,21.87,48.01,1.56
Delhi,2019,11,15,2.8063,20.57,52.96,1.92
Delhi,2019,11,16,3.1822,20.98,55.83,4.35
Delhi,2019,11,17,3.941,21.16,50.4,6.13
Delhi,2019,11,18,3.8765,19.46,52.27,3.85
Delhi,2019,11,19,3.7176,19.71,47.71,2.41
Delhi,2019,11,20,3.7123,20.23,41.92,1.35
Delhi,2019,11,21,2.9566,19.58,45.38,2.07
Delhi,2019,11,22,2.8558,19.96,47.93,2.27
Delhi,2019,11,23,2.4617,20.78,52.55,3.72
Delhi,2019,11,24,2.693,21.44,58.38,3.49
Delhi,2019,11,25,3.049,22.17,50.31,1.83
Delhi,2019,11,26,2.7852,21.61,54.3,2.19
Delhi,2019,11,27,2.4283,20.46,58.52,2.94
Delhi,2019,11,28,1.7966,19.89,79.52,4.45
Delhi,2019,11,29,2.7509,18.32,80.21,2.13
Delhi,2019,11,30,2.8296,16.88,64.27,2.92
Delhi,2019,12,1,2.9016,15.73,52.23,3.14
Delhi,2019,12,2,3.4769,15.02,46.21,3.48
Delhi,2019,12,3,3.8966,15.21,44.3,3.34
Delhi,2019,12,4,3.3168,15.45,38.96,2.37
Delhi,2019,12,5,2.7648,16.07,38.18,1.11
Delhi,2019,12,6,2.6335,16.89,40.5,1.05
Delhi,2019,12,7,2.7178,17.61,45.3,1.33
Delhi,2019,12,8,2.6292,17.15,49.85,1.55
Delhi,2019,12,9,2.4842,15.48,51.06,1.89
Delhi,2019,12,10,2.5133,15.88,44.54,1.96
Delhi,2019,12,11,2.047,16.45,43.17,1.37
Delhi,2019,12,12,1.3092,15.52,62.93,3.29
Delhi,2019,12,13,0.8659,15.18,87.83,3.04
Delhi,2019,12,14,1.9985,13.77,70.02,1.89
Delhi,2019,12,15,2.6009,13.01,58.09,2.76
Delhi,2019,12,16,0.8014,11.31,69.08,3.26
Delhi,2019,12,17,1.038,10.7,68.59,3.3
Delhi,2019,12,18,2.221,10.32,61.57,2.89
Delhi,2019,12,19,1.5792,11.15,53.53,1.89
Delhi,2019,12,20,1.8826,12.84,53.73,2.12
Delhi,2019,12,21,1.8437,14.46,61.31,2.83
Delhi,2019,12,22,2.033,12.17,61.69,3.61
Delhi,2019,12,23,2.069,11.95,52.72,2.82
Delhi,2019,12,24,2.1506,10.65,50.31,2.2
Delhi,2019,12,25,1.8991,9.79,53.33,3.34
Delhi,2019,12,26,2.2025,9.14,52.22,3.77
Delhi,2019,12,27,2.2205,7.52,60.38,2.53
Delhi,2019,12,28,1.6094,7.48,56.31,2.24
Delhi,2019,12,29,1.8977,8.9,49.97,1.63
Delhi,2019,12,30,0.6996,8.55,54.65,2.55
Delhi,2019,12,31,2.057,8.04,56.81,1.74
Delhi,2020,1,1,2.8546,10.65,48.65,2.49
Delhi,2020,1,2,3.0194,12.48,72.65,2.41
Delhi,2020,1,3,3.0859,14.64,74.02,2.01
Delhi,2020,1,4,2.5205,13.88,66.9,2.32
Delhi,2020,1,5,2.9916,12.81,54.56,2.84
Delhi,2020,1,6,1.5031,13.7,55.23,2.48
Delhi,2020,1,7,1.6507,14.59,75.14,2.98
Delhi,2020,1,8,0.6134,13.18,86.74,2.66
Delhi,2020,1,9,2.9129,9.67,67.72,3.98
Delhi,2020,1,10,3.786,8.99,55.02,3.44
Delhi,2020,1,11,3.7214,10.4,43.57,2.51
Delhi,2020,1,12,3.695,13.13,38.27,1.95
Delhi,2020,1,13,2.2711,14.82,57.85,3.5
Delhi,2020,1,14,2.2894,14.25,70.79,2.29
Delhi,2020,1,15,2.5512,13.32,67.25,2.22
Delhi,2020,1,16,1.2043,12.64,81.97,2.84
Delhi,2020,1,17,2.3383,12.85,76.27,2.69
Delhi,2020,1,18,1.6865,12.95,67.51,2.25
Delhi,2020,1,19,3.1397,11.06,66.46,3.22
Delhi,2020,1,20,2.2138,11.01,67.55,2.48
Delhi,2020,1,21,2.4365,13.13,50.6,2.04
Delhi,2020,1,22,2.647,12.91,51.7,3.23
Delhi,2020,1,23,4.1803,11.36,58.68,5.32
Delhi,2020,1,24,4.5626,11.46,48.89,4.73
Delhi,2020,1,25,3.8746,11.77,47.91,2.58
Delhi,2020,1,26,4.032,14.12,54.88,2.79
Delhi,2020,1,27,2.5303,15.98,58.08,2.54
Delhi,2020,1,28,2.387,14.23,74.55,2.86
Delhi,2020,1,29,3.6922,13.94,68.64,2.23
Delhi,2020,1,30,4.3414,12.01,61.52,3.91
Delhi,2020,1,31,4.1878,11.83,57.77,2.92
Delhi,2020,2,1,4.1652,12.39,53.14,2.29
Delhi,2020,2,2,4.1856,11.46,59.41,3.53
Delhi,2020,2,3,4.4395,12.08,55.59,2.46
Delhi,2020,2,4,3.895,12.61,49.46,2.18
Delhi,2020,2,5,3.8258,12.66,51.35,3.36
Delhi,2020,2,6,4.0495,12.14,53.86,2.44
Delhi,2020,2,7,4.0951,12.41,51.66,2.82
Delhi,2020,2,8,4.2907,11.94,56.28,3.35
Delhi,2020,2,9,4.2919,12.83,53.56,2.74
Delhi,2020,2,10,4.2086,13.52,48.55,2.6
Delhi,2020,2,11,4.1566,14.23,48.24,2.28
Delhi,2020,2,12,4.2893,15.65,49.44,3.78
Delhi,2020,2,13,4.7815,18.71,51.77,5.43
Delhi,2020,2,14,5.1288,17.74,47.16,6.13
Delhi,2020,2,15,5.4775,15.62,40.25,4.63
Delhi,2020,2,16,5.3304,16.12,38.31,3.54
Delhi,2020,2,17,5.1674,16.46,35.09,3.7
Delhi,2020,2,18,5.4437,16.31,35.2,3.7
Delhi,2020,2,19,4.1753,18.39,32.59,3.58
Delhi,2020,2,20,4.3613,19.08,41.89,5.64
Delhi,2020,2,21,1.7657,17.18,66.77,4.97
Delhi,2020,2,22,3.4634,17.31,69.15,2.49
Delhi,2020,2,23,3.5414,19.26,58.34,1.58
Delhi,2020,2,24,4.3944,18.91,57.48,3.06
Delhi,2020,2,25,4.439,18.45,54.38,2.84
Delhi,2020,2,26,4.6152,18.91,58.02,2.58
Delhi,2020,2,27,3.9708,18.11,62.36,2.65
Delhi,2020,2,28,3.9799,19.58,61.01,4.33
Delhi,2020,2,29,3.9017,19.94,66.2,3.93
Delhi,2020,3,1,4.9493,20.47,65.14,2.46
Delhi,2020,3,2,4.8799,20.93,53.4,2
Delhi,2020,3,3,4.8048,21,48.75,2.64
Delhi,2020,3,4,4.2782,21.23,52.15,2.55
Delhi,2020,3,5,4.188,20.19,71.64,3.69
Delhi,2020,3,6,3.3353,17.96,81.39,4.62
Delhi,2020,3,7,3.3718,18,66.53,2.16
Delhi,2020,3,8,5.6021,18.14,55.99,2.62
Delhi,2020,3,9,5.9021,17.52,55,4.62
Delhi,2020,3,10,5.1713,18.18,48.01,2.31
Delhi,2020,3,11,4.7047,19.97,63.72,3.54
Delhi,2020,3,12,5.2574,21.01,62.18,3.33
Delhi,2020,3,13,5.6726,20.02,43.93,2.23
Delhi,2020,3,14,3.7512,16.97,59.4,2.54
Delhi,2020,3,15,5.4192,17.73,54.72,1.7
Delhi,2020,3,16,4.7419,19.27,55,2.51
Delhi,2020,3,17,6.1486,20.39,51.54,3.52
Delhi,2020,3,18,5.9179,21.42,50,3.61
Delhi,2020,3,19,6.0355,22.65,53.47,2.63
Delhi,2020,3,20,5.101,23.72,50.62,1.58
Delhi,2020,3,21,5.1722,24.72,44.77,1.37
Delhi,2020,3,22,6.2294,24.18,45.67,2.76
Delhi,2020,3,23,5.7492,23.77,48.31,2.36
Delhi,2020,3,24,4.1554,24.48,48.4,2.25
Delhi,2020,3,25,5.9969,25.36,48.98,3.35
Delhi,2020,3,26,3.6838,24,54.76,3.9
Delhi,2020,3,27,3.2815,22.54,63.23,3.34
Delhi,2020,3,28,6.9158,22.74,55.7,3.58
Delhi,2020,3,29,6.7966,23.1,45.17,4.85
Delhi,2020,3,30,6.9031,22.86,46.48,4.4
Delhi,2020,3,31,5.9753,23.69,47.46,4.02
Delhi,2020,4,1,6.6914,25.71,49.42,2.78
Delhi,2020,4,2,6.7226,24.36,46.16,4.58
Delhi,2020,4,3,7.2497,23.15,40.75,4.52
Delhi,2020,4,4,7.2694,23.96,39.21,4.06
Delhi,2020,4,5,6.6307,25.81,39.12,2.61
Delhi,2020,4,6,7.0678,26.62,34.49,3.82
Delhi,2020,4,7,6.793,26.81,37.94,4.06
Delhi,2020,4,8,6.9754,25.96,40.49,3.88
Delhi,2020,4,9,6.7774,25.51,38.14,3.73
Delhi,2020,4,10,6.8366,27.89,35.3,3.28
Delhi,2020,4,11,6.8945,29.14,35.87,3.01
Delhi,2020,4,12,7.0392,28.96,36.52,4.24
Delhi,2020,4,13,6.7178,30.33,39.78,3.73
Delhi,2020,4,14,5.6674,32.34,36.41,1.48
Delhi,2020,4,15,6.1212,31.98,27.76,2.56
Delhi,2020,4,16,6.4978,30.81,31.38,3.91
Delhi,2020,4,17,6.2155,29.68,30.04,2.37
Delhi,2020,4,18,6.0187,29.8,32.88,3.09
Delhi,2020,4,19,6.6672,28.88,40.73,3.41
Delhi,2020,4,20,3.6631,24.65,48.49,3.62
Delhi,2020,4,21,6.5786,27.72,44.75,2.77
Delhi,2020,4,22,7.237,28.48,35.47,2.73
Delhi,2020,4,23,4.4556,28.45,36.28,3.29
Delhi,2020,4,24,7.2523,30.77,32.51,2.06
Delhi,2020,4,25,5.9035,31.94,29.52,1.45
Delhi,2020,4,26,4.0992,30.15,41.13,3.68
Delhi,2020,4,27,6.9706,28.01,51.82,4.51
Delhi,2020,4,28,6.2832,28.88,48.66,2.22
Delhi,2020,4,29,6.2532,30.99,40.89,1.43
Delhi,2020,4,30,6.4994,31.94,40.54,1.89
Delhi,2020,5,1,6.8923,32.37,39.08,3.01
Delhi,2020,5,2,7.111,32.65,38.61,3.54
Delhi,2020,5,3,4.1297,31.26,43.39,3.81
Delhi,2020,5,4,6.6034,30.68,48.83,2.11
Delhi,2020,5,5,7.0531,31.56,41.75,2.07
Delhi,2020,5,6,5.4365,31.67,35.47,2.3
Delhi,2020,5,7,7.621,30.16,45.41,3.09
Delhi,2020,5,8,7.565,32.75,33.04,2.27
Delhi,2020,5,9,7.2187,33.4,30.61,2.19
Delhi,2020,5,10,3.4289,30.98,44.02,2.97
Delhi,2020,5,11,6.0163,30.14,46.03,2.8
Delhi,2020,5,12,6.4188,31.41,37.9,1.86
Delhi,2020,5,13,3.9077,32.66,34.93,1.97
Delhi,2020,5,14,6.7615,33.67,35.71,1.81
Delhi,2020,5,15,7.0716,33.41,33.82,4.52
Delhi,2020,5,16,7.6356,33.13,28.31,5.39
Delhi,2020,5,17,6.6514,34.34,25.48,3.11
Delhi,2020,5,18,7.3142,34.03,22.57,3.65
Delhi,2020,5,19,7.5792,33.72,17.27,3.77
Delhi,2020,5,20,8.1835,33.12,18.47,4.24
Delhi,2020,5,21,7.9397,34.13,17.42,5.48
Delhi,2020,5,22,7.969,36.52,15.93,2.75
Delhi,2020,5,23,7.0056,38.66,15.66,2.88
Delhi,2020,5,24,7.579,38.32,15.52,4.47
Delhi,2020,5,25,7.9462,37.83,18.47,4.35
Delhi,2020,5,26,7.5576,38.37,15.49,4.81
Delhi,2020,5,27,7.0279,38.92,14.54,2.94
Delhi,2020,5,28,6.2282,36.75,26.53,6.44
Delhi,2020,5,29,5.8711,34.91,32.66,5.82
Delhi,2020,5,30,6.323,31.65,43.82,3.85
Delhi,2020,5,31,5.2262,29.66,55.57,1.81
Delhi,2020,6,1,6.9643,31.02,50.07,2.49
Delhi,2020,6,2,6.7135,31.92,45.23,2.06
Delhi,2020,6,3,6.8263,33.32,40.7,1.88
Delhi,2020,6,4,3.4286,31.8,47.52,3.15
Delhi,2020,6,5,5.9009,31.1,48.71,2.58
Delhi,2020,6,6,6.5506,31.45,46.92,2.31
Delhi,2020,6,7,6.1474,32.46,47.06,2.06
Delhi,2020,6,8,7.1201,33.31,42.82,2.22
Delhi,2020,6,9,7.0373,35.16,38.61,2.44
Delhi,2020,6,10,6.5405,36.36,36.95,2.2
Delhi,2020,6,11,6.5813,36.53,37.36,1.87
Delhi,2020,6,12,6.0494,37.27,35.85,1.81
Delhi,2020,6,13,4.121,36.62,35.26,2.4
Delhi,2020,6,14,5.9148,36.06,37.18,2.08
Delhi,2020,6,15,6.7939,36.41,33.6,1.95
Delhi,2020,6,16,6.7774,36.84,24.35,1.94
Delhi,2020,6,17,7.0289,36.2,28.93,2.58
Delhi,2020,6,18,7.0087,36.92,31.28,3.09
Delhi,2020,6,19,6.1882,37.8,31.93,2.88
Delhi,2020,6,20,4.7575,37.92,34.46,3
Delhi,2020,6,21,6.5707,35.59,42.69,2.26
Delhi,2020,6,22,6.6761,34.3,47.89,2
Delhi,2020,6,23,6.4502,34.31,49.71,4.67
Delhi,2020,6,24,4.1851,33.17,58.96,3.28
Delhi,2020,6,25,5.5042,34.7,54.81,2
Delhi,2020,6,26,5.1089,34.31,54.76,2.66
Delhi,2020,6,27,5.8546,37.26,39.75,4.96
Delhi,2020,6,28,6.3026,37.44,38.99,5.18
Delhi,2020,6,29,5.8298,37.66,36.9,3.91
Delhi,2020,6,30,5.6971,35.02,49.62,3.37
Delhi,2020,7,1,4.9416,36.08,44.8,2.11
Delhi,2020,7,2,5.5313,36.19,45.85,3.05
Delhi,2020,7,3,5.521,36.94,45.15,2.97
Delhi,2020,7,4,5.4691,37.1,44.15,3.66
Delhi,2020,7,5,5.3777,31.4,69.04,2.53
Delhi,2020,7,6,4.9409,33.47,53.64,2.13
Delhi,2020,7,7,4.4508,29.93,69.84,5.84
Delhi,2020,7,8,4.3927,31.14,67.13,3.52
Delhi,2020,7,9,5.9376,33.49,59.02,2.68
Delhi,2020,7,10,5.6885,35.76,48.42,5.21
Delhi,2020,7,11,5.4482,34.82,52.15,3.66
Delhi,2020,7,12,5.4482,33.47,57.19,1.88
Delhi,2020,7,13,6.7884,34,54.58,3.17
Delhi,2020,7,14,6.1937,35.47,45.06,2.14
Delhi,2020,7,15,5.0479,34.56,49.81,3.66
Delhi,2020,7,16,5.0532,33.74,54.73,4.35
Delhi,2020,7,17,4.7172,32.7,64.36,3.52
Delhi,2020,7,18,3.9355,33.22,64.27,1.81
Delhi,2020,7,19,3.8712,32.57,70.35,3.12
Delhi,2020,7,20,4.0524,33.67,61.08,3.6
Delhi,2020,7,21,3.9266,31.48,72.15,2.27
Delhi,2020,7,22,3.3202,28.55,82.11,1.89
Delhi,2020,7,23,6.6022,30.15,69.45,2.67
Delhi,2020,7,24,5.7374,30.61,66.57,3.2
Delhi,2020,7,25,4.8701,30.51,69.98,3.17
Delhi,2020,7,26,6.2767,30.7,70.96,1.87
Delhi,2020,7,27,6.1399,32.87,59.49,2.85
Delhi,2020,7,28,5.9549,33.66,61.7,2.87
Delhi,2020,7,29,4.447,32.25,67.28,3.36
Delhi,2020,7,30,4.0668,29.33,80.17,1.85
Delhi,2020,7,31,4.7023,30.84,74.8,1.93
Delhi,2020,8,1,4.7681,31.59,70.23,2.09
Delhi,2020,8,2,6.3394,31.96,66.49,2.75
Delhi,2020,8,3,5.1252,32.62,68.15,3.29
Delhi,2020,8,4,5.467,32.75,67.88,2.55
Delhi,2020,8,5,3.3394,31.51,70.77,2.77
Delhi,2020,8,6,5.9582,31.28,70.14,6.32
Delhi,2020,8,7,5.1142,31.24,71.99,4.54
Delhi,2020,8,8,6.1644,32.28,68.19,1.23
Delhi,2020,8,9,3.9283,32.29,68.06,1
Delhi,2020,8,10,4.109,30.59,78.02,2.72
Delhi,2020,8,11,3.8371,29.26,85.53,2.77
Delhi,2020,8,12,4.4273,30.92,79.06,2.86
Delhi,2020,8,13,1.2823,29.18,87.46,2.06
Delhi,2020,8,14,3.745,28.63,87.63,2.87
Delhi,2020,8,15,4.8187,29.72,80.26,3.36
Delhi,2020,8,16,4.9394,30.54,78.65,2.64
Delhi,2020,8,17,4.2797,31.06,77.07,2.52
Delhi,2020,8,18,4.3651,30.52,80.73,1.98
Delhi,2020,8,19,0.9038,29.98,84.86,1.57
Delhi,2020,8,20,2.3412,27.99,90.13,2.9
Delhi,2020,8,21,5.7394,28.19,81.39,4.02
Delhi,2020,8,22,5.3621,28.34,81.03,4.25
Delhi,2020,8,23,4.7582,28.36,82.92,4.76
Delhi,2020,8,24,4.8187,28.8,80.1,4.49
Delhi,2020,8,25,4.4242,29.16,79.91,3.5
Delhi,2020,8,26,5.6599,29.85,76.93,2.82
Delhi,2020,8,27,5.0498,29.39,81.61,2.1
Delhi,2020,8,28,3.2227,29.63,79.08,1.53
Delhi,2020,8,29,5.0038,29,80.06,2.38
Delhi,2020,8,30,3.4502,28.07,81.54,7.14
Delhi,2020,8,31,5.1694,28.69,76.99,4.09
Delhi,2020,9,1,5.7466,29.55,75.65,2.27
Delhi,2020,9,2,4.9354,28.85,78.06,1.49
Delhi,2020,9,3,4.8331,29.11,78.3,3.41
Delhi,2020,9,4,4.6656,29.77,76.28,2.51
Delhi,2020,9,5,5.3546,29.96,74.73,1.84
Delhi,2020,9,6,5.4526,29.44,74.8,1.58
Delhi,2020,9,7,4.8019,29.98,72.21,1.7
Delhi,2020,9,8,5.5102,29.8,70.64,2.51
Delhi,2020,9,9,5.7619,30.15,66.45,2.56
Delhi,2020,9,10,5.9808,30.66,65.53,2.96
Delhi,2020,9,11,5.8896,31,62.95,2.35
Delhi,2020,9,12,5.6153,30.31,62.61,2.33
Delhi,2020,9,13,5.0707,30.83,58.41,1.97
Delhi,2020,9,14,4.5012,30.43,55.98,2.14
Delhi,2020,9,15,4.9951,30.64,54.07,2.05
Delhi,2020,9,16,5.3746,31.47,57.27,2.3
Delhi,2020,9,17,5.7883,31.74,57.11,3.7
Delhi,2020,9,18,5.6707,31.88,53.55,3.58
Delhi,2020,9,19,5.2157,31.84,51.78,2.22
Delhi,2020,9,20,5.3467,30.74,55.09,2.85
Delhi,2020,9,21,5.1067,31.06,51.79,2.76
Delhi,2020,9,22,5.2015,31.44,60.02,2.21
Delhi,2020,9,23,4.9039,30.75,64.69,2.54
Delhi,2020,9,24,4.9704,31.27,57.44,2.44
Delhi,2020,9,25,5.6558,30.79,45.9,3.17
Delhi,2020,9,26,4.3471,29.91,46.85,2.4
Delhi,2020,9,27,5.507,29.53,46.65,2.05
Delhi,2020,9,28,5.7046,29.76,43.04,2.76
Delhi,2020,9,29,5.5841,28.48,45.66,3.73
Delhi,2020,9,30,5.7406,28.03,46.09,3.87
Delhi,2020,10,1,5.6813,28.45,41.74,3.47
Delhi,2020,10,2,5.7792,28.83,38.92,2.55
Delhi,2020,10,3,5.6779,28.11,36.83,2.87
Delhi,2020,10,4,5.712,27.33,36.03,2.77
Delhi,2020,10,5,5.8294,27.6,36.51,3.36
Delhi,2020,10,6,5.7533,27.62,34.67,3.22
Delhi,2020,10,7,5.6719,27.71,34.79,2.57
Delhi,2020,10,8,5.4715,27.6,34.8,2.7
Delhi,2020,10,9,5.2452,27.6,36.76,2.08
Delhi,2020,10,10,5.1326,27.68,39.89,2.95
Delhi,2020,10,11,4.9531,27.51,39.49,2.83
Delhi,2020,10,12,4.9282,27.78,36.59,2.02
Delhi,2020,10,13,4.0176,28.36,38.25,1.79
Delhi,2020,10,14,3.955,28.21,41.65,2.03
Delhi,2020,10,15,4.2362,28.03,36.95,2.59
Delhi,2020,10,16,4.4981,26.93,33.16,2.86
Delhi,2020,10,17,4.3646,27,31.91,2.63
Delhi,2020,10,18,4.1983,25.98,31.77,3.7
Delhi,2020,10,19,4.6543,24.85,31.35,3.7
Delhi,2020,10,20,5.1439,24.93,27.29,3.43
Delhi,2020,10,21,4.7282,26.22,23.42,2.38
Delhi,2020,10,22,3.8777,26.75,31.78,1.85
Delhi,2020,10,23,4.3104,25.81,32.75,2.91
Delhi,2020,10,24,4.2794,24.87,27.27,2.84
Delhi,2020,10,25,4.0834,24.74,24.73,2.31
Delhi,2020,10,26,4.0375,24.34,26.47,2.79
Delhi,2020,10,27,3.9293,23.01,30,3.27
Delhi,2020,10,28,3.8753,22.76,24.15,2.04
Delhi,2020,10,29,3.6312,22.45,25.93,2.08
Delhi,2020,10,30,4.074,22.44,28.33,3.17
Delhi,2020,10,31,3.9768,22.07,29.39,4.16
Delhi,2020,11,1,4.1167,21.21,23.45,3.7
Delhi,2020,11,2,4.3226,21,25.39,3.67
Delhi,2020,11,3,4.3699,21.61,23.74,2.63
Delhi,2020,11,4,3.6636,21.75,25.87,2.95
Delhi,2020,11,5,3.2458,21.59,24.58,2.88
Delhi,2020,11,6,3.3305,21.81,24.8,2.91
Delhi,2020,11,7,3.3914,21.54,28.4,2.98
Delhi,2020,11,8,2.7792,21.23,29.6,2.3
Delhi,2020,11,9,3.3701,20.07,33.23,2.56
Delhi,2020,11,10,3.3802,22.31,28.72,1.75
Delhi,2020,11,11,3.528,22.28,32.78,1.91
Delhi,2020,11,12,3.5911,21.43,38.93,1.99
Delhi,2020,11,13,3.5405,21.1,36.59,2.44
Delhi,2020,11,14,2.9861,21.77,31.49,1.76
Delhi,2020,11,15,3.001,22.47,41.19,3.02
Delhi,2020,11,16,2.6801,20.41,65.18,2.71
Delhi,2020,11,17,3.2731,19.19,56.22,3.11
Delhi,2020,11,18,3.3065,18.37,45.1,2.55
Delhi,2020,11,19,2.958,17.67,36.83,2.95
Delhi,2020,11,20,3.5866,17.24,35.19,4.39
Delhi,2020,11,21,4.074,16.38,37.13,5.02
Delhi,2020,11,22,3.7637,16.2,28.39,3.5
Delhi,2020,11,23,3.1632,17.85,22.88,1.88
Delhi,2020,11,24,2.7173,18.08,23.67,1.7
Delhi,2020,11,25,1.8406,18.4,27.09,1.7
Delhi,2020,11,26,2.7862,17.42,50.54,3.75
Delhi,2020,11,27,4.1011,17.63,44.13,4.19
Delhi,2020,11,28,4.0675,16.58,41.63,3.89
Delhi,2020,11,29,3.9538,16.21,34.17,2.85
Delhi,2020,11,30,3.7507,17,33.06,2.69
Delhi,2020,12,1,3.5611,17.02,39.08,2.82
Delhi,2020,12,2,3.654,17.78,43.13,3.79
Delhi,2020,12,3,3.2597,18.09,45.52,2.32
Delhi,2020,12,4,3.421,19.71,34.27,1.57
Delhi,2020,12,5,3.4735,19.62,30.46,2.5
Delhi,2020,12,6,3.4442,19.44,35.32,2.36
Delhi,2020,12,7,2.8176,18.91,38.12,3.59
Delhi,2020,12,8,3.137,19.19,38.14,2.2
Delhi,2020,12,9,3.4512,20.08,37.86,2.75
Delhi,2020,12,10,3.3557,20.18,44.8,2.64
Delhi,2020,12,11,2.0417,20.66,45.22,2.05
Delhi,2020,12,12,1.8698,19.26,59.32,2.37
Delhi,2020,12,13,2.8721,15.34,51.71,4.28
Delhi,2020,12,14,3.241,13.06,46.52,3.56
Delhi,2020,12,15,2.9774,12.32,45.29,3.37
Delhi,2020,12,16,3.1224,12.74,39.86,4.52
Delhi,2020,12,17,3.4994,10.2,36.6,4.51
Delhi,2020,12,18,3.8438,11.3,33.4,4.79
Delhi,2020,12,19,3.8594,12.7,29.62,4.43
Delhi,2020,12,20,3.4942,13.5,28.49,3.98
Delhi,2020,12,21,3.1951,13.65,38.52,3.56
Delhi,2020,12,22,3.2597,15.28,34.77,2.76
Delhi,2020,12,23,3.0391,14.76,36.77,2.89
Delhi,2020,12,24,3.0878,14.06,40.37,3.16
Delhi,2020,12,25,3.318,13.2,40,3.73
Delhi,2020,12,26,3.1327,13.95,38.05,3.35
Delhi,2020,12,27,2.9203,15.72,34.17,2.55
Delhi,2020,12,28,3.4306,11.85,34.04,4.03
Delhi,2020,12,29,3.4973,11.2,40.33,4.21
Delhi,2020,12,30,2.7506,10.19,48.21,3.66
Delhi,2020,12,31,2.4845,10.78,39.56,3.13
Delhi,2021,1,1,1.9769,13.36,31.89,1.53
Delhi,2021,1,2,1.165,13.5,53.98,2.43
Delhi,2021,1,3,0.8064,15.79,87.44,3.94
Delhi,2021,1,4,2.2315,17.43,76.5,2.86
Delhi,2021,1,5,1.7654,17.53,73.36,3.35
Delhi,2021,1,6,1.4309,16.49,74.58,1.45
Delhi,2021,1,7,1.6466,14.49,76.34,2.72
Delhi,2021,1,8,1.3214,15.48,71.88,1.89
Delhi,2021,1,9,1.985,15.88,64.41,2.88
Delhi,2021,1,10,3.083,12.98,58.13,4.16
Delhi,2021,1,11,3.0634,11,53.02,4.38
Delhi,2021,1,12,3.2993,11.24,48.85,4.14
Delhi,2021,1,13,3.0108,10.09,46.81,3.67
Delhi,2021,1,14,2.8171,12.06,39.14,1.75
Delhi,2021,1,15,3.0425,12.65,37.15,1.66
Delhi,2021,1,16,2.5387,10.91,45.45,3.16
Delhi,2021,1,17,1.7292,10.94,48.03,2.58
Delhi,2021,1,18,1.6056,13.73,40.97,2.54
Delhi,2021,1,19,2.6297,14.92,49.95,3.24
Delhi,2021,1,20,3.5383,13.54,50.16,4.94
Delhi,2021,1,21,4.2403,13.09,51.09,4.65
Delhi,2021,1,22,2.6635,13.32,41.61,2.29
Delhi,2021,1,23,3.0374,14.04,40.74,3.34
Delhi,2021,1,24,1.8019,12.08,55.76,3.01
Delhi,2021,1,25,2.2442,10.83,50.87,2.53
Delhi,2021,1,26,3.3574,11.92,49.09,2.91
Delhi,2021,1,27,3.9386,12.1,44.89,3.17
Delhi,2021,1,28,2.9119,11.34,40.75,2.67
Delhi,2021,1,29,3.8618,11.3,41,3.99
Delhi,2021,1,30,4.4131,12.1,40.98,3.98
Delhi,2021,1,31,4.5722,14.11,34.11,2.3
Delhi,2021,2,1,4.4218,15.93,32.33,2.52
Delhi,2021,2,2,4.4345,16.45,34.59,2.06
Delhi,2021,2,3,4.008,16.25,39.76,3.23
Delhi,2021,2,4,2.7024,16.17,55.01,3.48
Delhi,2021,2,5,4.0682,14.6,64.45,2.62
Delhi,2021,2,6,4.801,14.29,50.01,3.66
Delhi,2021,2,7,4.825,14.51,48.46,3.87
Delhi,2021,2,8,4.4818,15.13,47.19,3.17
Delhi,2021,2,9,4.2881,17.63,42.11,2.82
Delhi,2021,2,10,4.6548,19.2,37.49,1.94
Delhi,2021,2,11,4.3855,17.5,42.78,2.44
Delhi,2021,2,12,3.4613,17.82,44.74,2.31
Delhi,2021,2,13,3.2974,18.3,36.03,2.11
Delhi,2021,2,14,4.3094,19.38,32.4,1.85
Delhi,2021,2,15,4.3673,20.37,31.05,1.24
Delhi,2021,2,16,4.3126,19.49,37.21,2.11
Delhi,2021,2,17,4.451,18.61,40.96,2.31
Delhi,2021,2,18,4.4719,19.21,33.83,2.01
Delhi,2021,2,19,4.5314,18.24,37.18,2.76
Delhi,2021,2,20,4.391,17.76,37.4,2.99
Delhi,2021,2,21,4.8665,18.11,37.8,3.51
Delhi,2021,2,22,4.9169,20.06,33.36,3.47
Delhi,2021,2,23,5.2966,21.89,29.39,2.41
Delhi,2021,2,24,5.3294,23.44,26.88,2.25
Delhi,2021,2,25,5.3506,23.01,29.05,3.18
Delhi,2021,2,26,5.5226,24.48,31.53,3.78
Delhi,2021,2,27,5.2366,23.97,36.86,3.43
Delhi,2021,2,28,5.3854,22.85,30.13,3.21
Delhi,2021,3,1,5.7197,21.17,22.95,4.63
Delhi,2021,3,2,6.0156,20.75,23.79,5.23
Delhi,2021,3,3,5.9378,22.65,20.64,3.82
Delhi,2021,3,4,5.886,24.49,19.09,2.28
Delhi,2021,3,5,5.6868,23.61,20.91,4.78
Delhi,2021,3,6,6.0338,24.74,18.83,4.48
Delhi,2021,3,7,5.7029,25.6,18.83,2.69
Delhi,2021,3,8,4.8449,25.16,24.21,3.11
Delhi,2021,3,9,5.1206,26.6,24.96,2.13
Delhi,2021,3,10,5.346,26.22,30.75,2.48
Delhi,2021,3,11,5.5066,26.39,23.64,1.77
Delhi,2021,3,12,2.8644,23.03,42.65,3.58
Delhi,2021,3,13,5.4454,24.08,52.5,2.47
Delhi,2021,3,14,5.9213,25.45,29.45,3.48
Delhi,2021,3,15,5.135,24.98,27.41,3.19
Delhi,2021,3,16,4.812,25.4,28.67,3.87
Delhi,2021,3,17,5.1665,26.69,28.75,3.08
Delhi,2021,3,18,4.6793,27.63,26.82,2.31
Delhi,2021,3,19,4.979,27.88,28.85,3.11
Delhi,2021,3,20,6.145,26.75,25.74,3.86
Delhi,2021,3,21,6.1157,27.72,24.73,2.16
Delhi,2021,3,22,4.705,26.91,25.02,3.29
Delhi,2021,3,23,4.0514,28.01,26.88,2.5
Delhi,2021,3,24,5.7499,26.39,26.77,2.95
Delhi,2021,3,25,5.7482,24.86,27.82,5.18
Delhi,2021,3,26,6.4428,24.78,29.2,3.99
Delhi,2021,3,27,6.3696,27.17,25.45,2.93
Delhi,2021,3,28,6.1502,29.12,21.9,1.95
Delhi,2021,3,29,6.3055,30.32,18.78,3.21
Delhi,2021,3,30,6.2136,30.65,16.8,5.6
Delhi,2021,3,31,7.4297,28.56,11.49,6.69
Delhi,2021,4,1,7.6121,26.44,7.3,6.26
Delhi,2021,4,2,7.447,25.93,9.19,3.75
Delhi,2021,4,3,7.5293,25.93,6.84,3.24
Delhi,2021,4,4,7.2586,27.35,8.62,3.67
Delhi,2021,4,5,5.9791,29.26,12.56,2.47
Delhi,2021,4,6,5.9369,30.92,12.74,2.2
Delhi,2021,4,7,6.0574,29.93,23.43,4.3
Delhi,2021,4,8,6.667,27.87,14.89,3.55
Delhi,2021,4,9,7.3562,27.93,13.37,3.72
Delhi,2021,4,10,7.2326,28.89,14.92,3.57
Delhi,2021,4,11,7.3946,29.72,15.57,3.71
Delhi,2021,4,12,6.7354,31.11,16.37,3.28
Delhi,2021,4,13,7.0222,32.01,18.03,4.07
Delhi,2021,4,14,6.582,32.49,19.51,3.91
Delhi,2021,4,15,6.6194,32.77,17.12,3.06
Delhi,2021,4,16,5.5265,32.81,19.77,2.83
Delhi,2021,4,17,6.6557,29.53,31.78,4.21
Delhi,2021,4,18,7.0901,29.58,27.62,3.2
Delhi,2021,4,19,6.7562,31.24,20.84,3.24
Delhi,2021,4,20,4.2876,28.68,23.21,3.43
Delhi,2021,4,21,6.6989,27.44,32.17,3.47
Delhi,2021,4,22,7.2142,27.33,32.2,1.96
Delhi,2021,4,23,5.9213,29.35,24.16,4.23
Delhi,2021,4,24,7.6195,27.47,28.25,4.75
Delhi,2021,4,25,7.8547,28.9,17.59,4.39
Delhi,2021,4,26,7.931,31.06,13.63,3.57
Delhi,2021,4,27,7.1978,33.37,13.85,3.04
Delhi,2021,4,28,6.7193,33.97,13.15,3.29
Delhi,2021,4,29,6.0715,34.67,17.88,3.06
Delhi,2021,4,30,6.239,34.66,17.1,1.59
Delhi,2021,5,1,6.2621,33.73,19.57,2.12
Delhi,2021,5,2,5.3491,33.6,21.42,2.29
Delhi,2021,5,3,6.2162,33.92,23.81,2.51
Delhi,2021,5,4,6.1922,34.77,20.39,1.51
Delhi,2021,5,5,6.5256,33.54,20.14,2.06
Delhi,2021,5,6,5.2032,33,29.94,2.79
Delhi,2021,5,7,6.4824,31.59,35.56,1.86
Delhi,2021,5,8,6.4572,32.11,29.22,1.89
Delhi,2021,5,9,5.7713,33.1,26.83,2.36
Delhi,2021,5,10,5.2308,34.56,24.96,1.82
Delhi,2021,5,11,6.6554,33.78,25.38,2.76
Delhi,2021,5,12,6.5203,34.07,24.67,2.22
Delhi,2021,5,13,5.6662,30.93,36.53,1.83
Delhi,2021,5,14,6.8278,31.86,32.87,1.52
Delhi,2021,5,15,5.0302,33.51,26.98,1.36
Delhi,2021,5,16,7.2746,34.12,21.22,2.35
Delhi,2021,5,17,3.4001,33.43,22.31,3.72
Delhi,2021,5,18,1.896,30.03,38.56,5.05
Delhi,2021,5,19,1.387,25.52,67.6,5.49
Delhi,2021,5,20,5.1079,24.92,74.53,6.76
Delhi,2021,5,21,4.9999,28.26,57.33,1.79
Delhi,2021,5,22,7.3087,29.68,52.14,2.82
Delhi,2021,5,23,6.3257,28.72,45.34,2.91
Delhi,2021,5,24,7.2336,29.25,38.26,5.6
Delhi,2021,5,25,8.07,31.03,36.13,5.64
Delhi,2021,5,26,7.6666,32.27,34.92,3.64
Delhi,2021,5,27,7.4834,33.18,29.87,2.38
Delhi,2021,5,28,7.5094,31.76,36.89,3.06
Delhi,2021,5,29,7.2614,31.87,52.33,4.93
Delhi,2021,5,30,6.7915,32.06,53.2,3.19
Delhi,2021,5,31,6.5491,34.94,39.83,1.72
Delhi,2021,6,1,5.2406,31.43,45.88,2
Delhi,2021,6,2,6.0497,31.86,40.34,1.56
Delhi,2021,6,3,6.8918,32.34,41.23,1.76
Delhi,2021,6,4,6.1536,33.99,41.36,1.88
Delhi,2021,6,5,6.8707,34.33,42.31,2.29
Delhi,2021,6,6,7.2065,33.74,44.34,2.45
Delhi,2021,6,7,6.8875,34.94,41.06,3.5
Delhi,2021,6,8,6.7313,35.98,37.89,5.6
Delhi,2021,6,9,6.3672,36.69,38.4,4.15
Delhi,2021,6,10,6.0636,33.62,51.79,3.92
Delhi,2021,6,11,6.3506,32.49,56.1,3.1
Delhi,2021,6,12,6.2705,32.62,58.37,3.47
Delhi,2021,6,13,5.6371,31.91,60.6,2.94
Delhi,2021,6,14,6.7447,33.48,43.91,1.78
Delhi,2021,6,15,5.9904,32.99,49.43,2.91
Delhi,2021,6,16,5.2673,31.76,52.88,1.27
Delhi,2021,6,17,5.3074,31.67,56.66,1.58
Delhi,2021,6,18,5.7667,31.22,57.42,2.09
Delhi,2021,6,19,5.2812,29.99,61.65,2.23
Delhi,2021,6,20,4.8766,30.68,62.29,2.06
Delhi,2021,6,21,6.3187,33.08,47.51,2.36
Delhi,2021,6,22,6.5837,33.93,42.91,2.86
Delhi,2021,6,23,6.565,34.29,41.47,1.58
Delhi,2021,6,24,5.561,33.64,45.37,2.26
Delhi,2021,6,25,6.6017,33.49,44.71,2.52
Delhi,2021,6,26,6.151,32.38,43.08,1.78
Delhi,2021,6,27,6.0974,33.59,44.51,2.06
Delhi,2021,6,28,6.3074,34.49,44.13,1.59
Delhi,2021,6,29,7.0927,35.78,34.83,3.68
Delhi,2021,6,30,6.882,36.64,33.63,5.61
Delhi,2021,7,1,6.7162,37.37,35.46,3.63
Delhi,2021,7,2,5.9182,36.9,38.87,2.55
Delhi,2021,7,3,4.9942,34.4,50.2,3.22
Delhi,2021,7,4,6.7229,34.5,43.51,2.04
Delhi,2021,7,5,6.3298,35.16,39.67,2.18
Delhi,2021,7,6,6.739,36.01,40.39,3.42
Delhi,2021,7,7,6.8345,36.92,38.41,3.7
Delhi,2021,7,8,6.4351,37.66,36.94,2.57
Delhi,2021,7,9,5.503,35.05,49.78,2.17
Delhi,2021,7,10,6.3782,34.78,46.81,3.42
Delhi,2021,7,11,5.0854,33.34,56.85,5.06
Delhi,2021,7,12,4.1719,31.78,62.1,5.18
Delhi,2021,7,13,2.55,29.95,72.68,4.03
Delhi,2021,7,14,2.2481,29.65,75.3,3.6
Delhi,2021,7,15,5.6465,32.16,61.98,4.25
Delhi,2021,7,16,6.3115,33.89,55.93,3.04
Delhi,2021,7,17,5.5466,34.26,56.4,2.04
Delhi,2021,7,18,2.9342,31.52,72.71,2.82
Delhi,2021,7,19,0.7673,28.47,90.13,3.57
Delhi,2021,7,20,3.6233,28.28,87.79,1.32
Delhi,2021,7,21,5.0309,28.52,86.74,1.61
Delhi,2021,7,22,4.0392,29.67,81.28,2.54
Delhi,2021,7,23,4.8326,29.43,85.05,2.4
Delhi,2021,7,24,5.3933,30.56,78.82,1.41
Delhi,2021,7,25,6.0559,31.31,77,1.74
Delhi,2021,7,26,2.6599,29.14,82.74,1.63
Delhi,2021,7,27,2.4566,29.39,84.81,2.39
Delhi,2021,7,28,0.9115,28.03,88.46,1.51
Delhi,2021,7,29,3.893,28.19,87.39,1.29
Delhi,2021,7,30,3.3312,28.48,87.25,2.44
Delhi,2021,7,31,5.2006,28.85,84.79,3.27
Delhi,2021,8,1,3.1598,30.24,76.21,0.87
Delhi,2021,8,2,3.6878,29.21,84.09,2.22
Delhi,2021,8,3,4.4926,28.9,84.96,3.45
Delhi,2021,8,4,5.304,28.51,85,3.4
Delhi,2021,8,5,5.1137,28.87,84.04,2.18
Delhi,2021,8,6,4.8182,29.1,76.63,1.2
Delhi,2021,8,7,3.2314,27.05,87.48,1.77
Delhi,2021,8,8,2.6566,29.42,80.03,0.95
Delhi,2021,8,9,3.229,28.86,83.08,1.43
Delhi,2021,8,10,5.9863,29.63,81.29,2.49
Delhi,2021,8,11,6.3874,29,76.98,3.75
Delhi,2021,8,12,6.241,29.01,78.56,2.78
Delhi,2021,8,13,5.664,29.54,79.19,2.82
Delhi,2021,8,14,6.4618,29.78,80.39,3.42
Delhi,2021,8,15,6.4138,29.76,76.03,2.98
Delhi,2021,8,16,6.3168,29.91,73.45,2.15
Delhi,2021,8,17,6.2609,30.26,70.01,2.06
Delhi,2021,8,18,5.8279,29.63,72.37,1.97
Delhi,2021,8,19,4.332,29.68,78.25,2.32
Delhi,2021,8,20,1.8742,26.92,90.53,3.93
Delhi,2021,8,21,3.269,27.49,90.34,3.63
Delhi,2021,8,22,4.1743,28.43,85.24,3.06
Delhi,2021,8,23,4.7789,29.08,82.74,1.29
Delhi,2021,8,24,3.7514,28.67,82.74,1.6
Delhi,2021,8,25,6.139,28.49,80.95,3.6
Delhi,2021,8,26,5.4619,28.58,80.38,3.47
Delhi,2021,8,27,5.8054,29.69,74.34,1.93
Delhi,2021,8,28,4.2689,29.18,78.76,1.45
Delhi,2021,8,29,3.8659,28.81,82.71,1.79
Delhi,2021,8,30,4.6694,27.74,85.41,2.64
Delhi,2021,8,31,1.5434,26.81,87.03,2.82
Delhi,2021,9,1,0.96,26.64,88.3,3.08
Delhi,2021,9,2,4.8943,26.57,89.38,2.4
Delhi,2021,9,3,5.2567,27.1,89.41,2.97
Delhi,2021,9,4,3.859,27.71,87.15,2.17
Delhi,2021,9,5,5.3203,28.59,83.91,1.19
Delhi,2021,9,6,4.9874,28.94,84.59,1.96
Delhi,2021,9,7,3.6209,28.53,87.35,3.35
Delhi,2021,9,8,4.8336,27.75,86.82,4.97
Delhi,2021,9,9,4.0274,27.6,87.05,3.25
Delhi,2021,9,10,4.1023,27.11,88.74,4.05
Delhi,2021,9,11,1.0231,26.53,92.99,4.27
Delhi,2021,9,12,4.7376,26.6,88.72,2.77
Delhi,2021,9,13,2.9952,27.52,82.46,2.37
Delhi,2021,9,14,4.9942,27.67,79.73,2.76
Delhi,2021,9,15,4.951,27.14,83.6,3.37
Delhi,2021,9,16,2.4425,26.47,86.03,3.33
Delhi,2021,9,17,3.2743,25.95,86.37,3.89
Delhi,2021,9,18,4.5883,26.86,87.1,3.66
Delhi,2021,9,19,5.5459,27.72,86.11,2.92
Delhi,2021,9,20,5.3827,28.15,85.83,2.64
Delhi,2021,9,21,4.272,28.05,85.98,2.73
Delhi,2021,9,22,2.9194,26.61,91.73,2.57
Delhi,2021,9,23,4.493,25.67,88.73,2.64
Delhi,2021,9,24,4.0769,26.58,83.82,2.37
Delhi,2021,9,25,4.0886,27.39,84.86,2.06
Delhi,2021,9,26,3.9881,26.99,86.6,2.53
Delhi,2021,9,27,5.0906,27.3,81.98,2.08
Delhi,2021,9,28,5.3971,27.09,84.15,3.29
Delhi,2021,9,29,5.2294,26.67,85.82,3.58
Delhi,2021,9,30,4.8931,27.37,84.59,2.74
Delhi,2021,10,1,4.7726,28.28,81.8,1.52
Delhi,2021,10,2,4.7534,28.53,80,1.58
Delhi,2021,10,3,5.2109,28.18,80.49,2.68
Delhi,2021,10,4,5.4137,28.81,73.35,1.55
Delhi,2021,10,5,5.1113,27.6,79.91,2.23
Delhi,2021,10,6,5.0683,27.07,81.48,1.98
Delhi,2021,10,7,5.1367,25.84,78.61,2.4
Delhi,2021,10,8,5.267,25.93,70.4,2.33
Delhi,2021,10,9,5.4127,25.68,65.04,2.6
Delhi,2021,10,10,5.3088,26.63,61.95,1.87
Delhi,2021,10,11,5.1175,26.62,63.19,1.83
Delhi,2021,10,12,5.2608,25.73,66.23,2.14
Delhi,2021,10,13,5.4874,23.86,67.35,3.67
Delhi,2021,10,14,5.3184,23.17,64.66,3.3
Delhi,2021,10,15,5.1077,25.64,65.03,2.06
Delhi,2021,10,16,4.7621,26.46,60.81,1.94
Delhi,2021,10,17,2.0674,25.63,74.57,2.25
Delhi,2021,10,18,1.1422,22.13,93.11,4.9
Delhi,2021,10,19,4.7378,22.85,83.32,4.58
Delhi,2021,10,20,4.5274,22.35,74.72,3.14
Delhi,2021,10,21,5.2776,21.38,67.54,3.38
Delhi,2021,10,22,5.1672,22.45,69.17,2.83
Delhi,2021,10,23,4.704,22.59,80.1,2.97
Delhi,2021,10,24,3.726,22.61,78.96,2.62
Delhi,2021,10,25,4.2034,21.66,80.04,2.35
Delhi,2021,10,26,4.566,20.37,72.63,2.75
Delhi,2021,10,27,4.5494,19.39,68.46,2.66
Delhi,2021,10,28,4.5324,19.81,69.23,2.15
Delhi,2021,10,29,4.3421,21.45,58.89,1.24
Delhi,2021,10,30,4.3764,19.19,71.35,3.51
Delhi,2021,10,31,4.3843,20.03,64.25,2.69
Delhi,2021,11,1,4.2125,19.49,67.24,2.71
Delhi,2021,11,2,3.8618,18.56,73.43,3.15
Delhi,2021,11,3,3.697,19.36,74.27,2.34
Delhi,2021,11,4,3.3742,19.59,70.07,1.79
Delhi,2021,11,5,2.665,19.76,63.49,1.62
Delhi,2021,11,6,3.1169,18.05,68.92,3.38
Delhi,2021,11,7,3.4226,19.08,68.12,2.78
Delhi,2021,11,8,3.1166,18.69,68.52,2.69
Delhi,2021,11,9,3.606,19.06,66.82,2.73
Delhi,2021,11,10,3.355,19.68,60.41,2.29
Delhi,2021,11,11,3.0948,19.85,55.51,1.62
Delhi,2021,11,12,3.0031,18.92,59.08,1.9
Delhi,2021,11,13,3.4346,17.19,63.55,2.83
Delhi,2021,11,14,3.3175,17.43,56.44,2.11
Delhi,2021,11,15,3.1488,16.82,55.82,2.09
Delhi,2021,11,16,3.5004,15.67,59.55,2.37
Delhi,2021,11,17,3.3905,16.69,54.17,1.44
Delhi,2021,11,18,3.5292,17.34,56.22,1.04
Delhi,2021,11,19,2.9954,17.47,56.13,1.84
Delhi,2021,11,20,2.7278,15.08,74.49,2.53
Delhi,2021,11,21,3.5935,16.12,67.6,3.48
Delhi,2021,11,22,4.1786,15.58,59.92,4.69
Delhi,2021,11,23,4.056,16.14,52.59,2.64
Delhi,2021,11,24,3.9295,16.08,54.77,2.17
Delhi,2021,11,25,3.6658,16.44,61.67,1.63
Delhi,2021,11,26,3.6048,17.1,56.03,1.49
Delhi,2021,11,27,3.2323,15.52,69.96,2.5
Delhi,2021,11,28,3.4046,17.1,66.21,1.69
Delhi,2021,11,29,3.2957,16.42,61.4,2.72
Delhi,2021,11,30,3.431,16.12,60.09,2.95
Delhi,2021,12,1,1.9054,14.81,66.52,1.43
Delhi,2021,12,2,1.3368,14.34,69.75,1.99
Delhi,2021,12,3,2.1581,15.72,59.67,1.63
Delhi,2021,12,4,3.6096,18.05,52.07,1.3
Delhi,2021,12,5,2.4566,17.94,61.05,1.88
Delhi,2021,12,6,2.8567,17.28,71.02,2.78
Delhi,2021,12,7,3.6835,14.76,66.55,3.55
Delhi,2021,12,8,3.7241,14.8,57.26,2.53
Delhi,2021,12,9,3.3754,15.66,52.27,1.13
Delhi,2021,12,10,3.2902,14.46,63.08,2.44
Delhi,2021,12,11,3.4891,14.47,54.96,2.28
Delhi,2021,12,12,3.2885,14.87,52.54,1.48
Delhi,2021,12,13,2.7396,11.77,68.96,2.35
Delhi,2021,12,14,2.4634,13.49,67.35,1.8
Delhi,2021,12,15,2.3827,13.2,63.63,2.68
Delhi,2021,12,16,2.028,12.44,57.88,2.79
Delhi,2021,12,17,3.1658,10.01,57.21,4.62
Delhi,2021,12,18,3.4046,8.6,50.5,4.74
Delhi,2021,12,19,3.8494,8.07,50.02,4.19
Delhi,2021,12,20,3.7243,9.78,44.72,2.89
Delhi,2021,12,21,3.5734,12.48,39.03,1.85
Delhi,2021,12,22,3.4939,13.2,43.99,1.73
Delhi,2021,12,23,2.9119,13.14,50.91,2.33
Delhi,2021,12,24,2.8555,13.41,58.81,2.33
Delhi,2021,12,25,2.8433,14.23,57.25,1.56
Delhi,2021,12,26,1.5132,13.61,65.98,2.3
Delhi,2021,12,27,2.653,14.99,69.4,2.29
Delhi,2021,12,28,1.051,13.85,75.1,1.8
Delhi,2021,12,29,3.089,12.96,68.88,2.86
Delhi,2021,12,30,2.844,10.98,48.55,2.04
Delhi,2021,12,31,3.1142,10.78,52.23,2.69
Delhi,2022,1,1,3.2326,12.15,51.69,1.61
Delhi,2022,1,2,2.9018,12.78,53.86,2.05
Delhi,2022,1,3,3.1644,13.44,50.34,1.74
Delhi,2022,1,4,2.7694,15.64,48.2,1.51
Delhi,2022,1,5,0.774,13.32,68.57,2.95
Delhi,2022,1,6,2.2596,13.44,86.68,4.05
Delhi,2022,1,7,1.5086,14.48,88.36,4.19
Delhi,2022,1,8,0.5033,15.06,91.91,5.31
Delhi,2022,1,9,1.1626,14.3,91.16,1.94
Delhi,2022,1,10,3.0182,11.13,81,2.79
Delhi,2022,1,11,3.2234,10.31,75.84,2.73
Delhi,2022,1,12,2.713,10.62,77.28,2.04
Delhi,2022,1,13,2.1838,11.99,75.83,1.18
Delhi,2022,1,14,1.6262,11.41,78.08,1.52
Delhi,2022,1,15,0.9221,10.56,78.34,2.17
Delhi,2022,1,16,2.3479,11.15,69.72,2.02
Delhi,2022,1,17,2.1478,10.84,70.24,1.39
Delhi,2022,1,18,2.5874,10.33,76.04,2.9
Delhi,2022,1,19,2.3539,10.18,77.95,1.95
Delhi,2022,1,20,1.9894,12.47,78.1,1.32
Delhi,2022,1,21,2.3126,13.34,77.23,1.56
Delhi,2022,1,22,1.0183,10.86,89.11,6.49
Delhi,2022,1,23,1.283,11.55,87.92,2.44
Delhi,2022,1,24,2.0592,10.79,80.61,2.11
Delhi,2022,1,25,1.32,10.33,82.9,2.48
Delhi,2022,1,26,2.7115,9.84,82.38,3
Delhi,2022,1,27,3.9048,10.14,73.47,3.82
Delhi,2022,1,28,4.4304,10.26,63.86,4.14
Delhi,2022,1,29,4.5058,11.43,61.96,3.22
Delhi,2022,1,30,4.4705,12.49,67.69,4.17
Delhi,2022,1,31,3.2573,14.75,60.51,1.75
Delhi,2022,2,1,3.1054,14.24,62.99,2.65
Delhi,2022,2,2,3.6014,13.05,60.32,2.83
Delhi,2022,2,3,1.0606,12.45,72.66,4.58
Delhi,2022,2,4,2.2169,11.25,85.13,3.46
Delhi,2022,2,5,3.761,11.69,71.1,2.2
Delhi,2022,2,6,4.637,13.08,58.74,2
Delhi,2022,2,7,4.2763,14.34,60.52,2.36
Delhi,2022,2,8,3.9694,16.07,66.26,1.73
Delhi,2022,2,9,3.1094,13.75,88.45,2.21
Delhi,2022,2,10,4.5226,12.93,73.3,3.51
Delhi,2022,2,11,4.8226,12.24,63.74,4.4
Delhi,2022,2,12,5.3412,13.35,57.62,3.62
Delhi,2022,2,13,4.8737,15.41,49.79,1.79
Delhi,2022,2,14,5.0477,15.48,54.54,2.01
Delhi,2022,2,15,4.8247,16.2,57.54,2.05
Delhi,2022,2,16,4.9445,16.83,55.11,2.68
Delhi,2022,2,17,5.0587,16.25,55.68,2.75
Delhi,2022,2,18,4.8926,16.78,51.73,2.55
Delhi,2022,2,19,5.0671,16.02,55.98,3.56
Delhi,2022,2,20,5.0028,15.12,55.86,4.54
Delhi,2022,2,21,5.5546,16.25,47.17,2.9
Delhi,2022,2,22,5.207,17.03,52.83,5.75
Delhi,2022,2,23,3.9326,16.42,61.15,3.76
Delhi,2022,2,24,3.8561,17.75,63.03,1.98
Delhi,2022,2,25,4.3805,18.99,55.2,2.53
Delhi,2022,2,26,4.0313,16.99,64.97,5.29
Delhi,2022,2,27,4.9812,17.2,63,3.25
Delhi,2022,2,28,5.6246,16.21,57.24,3.37
Delhi,2022,3,1,5.3774,17.66,47.73,2.36
Delhi,2022,3,2,5.4463,18.97,48.71,2.37
Delhi,2022,3,3,5.089,20.16,48.23,2.03
Delhi,2022,3,4,5.2174,19.12,58.76,3.1
Delhi,2022,3,5,5.8411,18.31,57.04,3.69
Delhi,2022,3,6,4.631,19.58,48.31,2.02
Delhi,2022,3,7,5.0194,20.52,46.45,1.9
Delhi,2022,3,8,5.1715,21.4,46.47,2.94
Delhi,2022,3,9,5.2925,21.67,46.1,3.66
Delhi,2022,3,10,5.382,21.67,47.65,3.87
Delhi,2022,3,11,5.8538,21.74,49.44,3.7
Delhi,2022,3,12,6.197,21.73,45.53,3.42
Delhi,2022,3,13,5.6861,24.66,43,2.97
Delhi,2022,3,14,5.9443,25.7,45.33,2.49
Delhi,2022,3,15,5.7821,26.71,46.54,2.98
Delhi,2022,3,16,6.161,26.2,44.93,4.41
Delhi,2022,3,17,5.7866,26.1,45.29,2.42
Delhi,2022,3,18,5.197,27.38,49.39,2.81
Delhi,2022,3,19,5.6047,28.37,41.2,2.14
Delhi,2022,3,20,6.0674,29.05,36.97,1.77
Delhi,2022,3,21,5.6676,28.07,36.23,2.7
Delhi,2022,3,22,6.1363,26.86,36.66,4.7
Delhi,2022,3,23,5.6606,27.66,31.33,2.55
Delhi,2022,3,24,6.0598,27.53,32.83,2.91
Delhi,2022,3,25,6.3235,26.72,32.66,3.89
Delhi,2022,3,26,6.6854,25.96,30.66,5.01
Delhi,2022,3,27,6.618,27.64,25.49,3.59
Delhi,2022,3,28,6.6528,29.29,21.92,2.09
Delhi,2022,3,29,6.7944,29.52,24.92,2.99
Delhi,2022,3,30,6.6041,30.09,24.41,2.08
Delhi,2022,3,31,6.3778,29.88,27.67,2.73
Delhi,2022,4,1,7.0946,28.84,24.84,3.74
Delhi,2022,4,2,7.1225,29.3,20.27,2.23
Delhi,2022,4,3,7.2667,29.76,18.98,2.92
Delhi,2022,4,4,7.0318,30.02,17.78,3.22
Delhi,2022,4,5,6.9218,29.71,19.83,3.4
Delhi,2022,4,6,6.8136,30.87,18.38,2.92
Delhi,2022,4,7,7.1083,31.83,17.95,2.48
Delhi,2022,4,8,7.2526,32.98,17.08,2.21
Delhi,2022,4,9,6.893,33.91,15.61,2.25
Delhi,2022,4,10,6.8798,32.88,17.08,3.8
Delhi,2022,4,11,7.045,34.06,15.69,2.63
Delhi,2022,4,12,4.656,34.07,14.35,2.19
Delhi,2022,4,13,6.7704,32.56,18.04,2.69
Delhi,2022,4,14,6.4195,32.11,17.32,3.38
Delhi,2022,4,15,6.5683,31.62,18.63,3.48
Delhi,2022,4,16,7.0366,32.28,14.92,2.61
Delhi,2022,4,17,6.9797,32.25,16.6,2.84
Delhi,2022,4,18,6.7757,34,14.1,3.04
Delhi,2022,4,19,6.504,35.23,14.11,3.33
Delhi,2022,4,20,6.793,34.61,17.46,4.73
Delhi,2022,4,21,3.03,30.59,30.48,3.48
Delhi,2022,4,22,6.7034,31.71,27.41,2.32
Delhi,2022,4,23,7.1458,32.36,16.62,3.28
Delhi,2022,4,24,7.2257,32.77,16.62,4.87
Delhi,2022,4,25,6.8503,33.71,15.76,3.68
Delhi,2022,4,26,6.8326,34.82,14.87,3.41
Delhi,2022,4,27,7.4364,34.61,11.9,3.38
Delhi,2022,4,28,7.0296,36.03,10.67,2.62
Delhi,2022,4,29,7.032,36.52,13.12,3.82
Delhi,2022,4,30,7.2146,36.95,10.88,2.67
Delhi,2022,5,1,6.649,35.43,13.41,4.13
Delhi,2022,5,2,6.8018,35.4,19.12,4.24
Delhi,2022,5,3,5.8394,34.72,22.8,2.39
Delhi,2022,5,4,5.5534,35.23,24.61,2.87
Delhi,2022,5,5,6.1687,32.5,34.95,2.37
Delhi,2022,5,6,5.8478,33.93,28.74,2.55
Delhi,2022,5,7,6.8227,34.53,24.03,2.38
Delhi,2022,5,8,6.8777,35.02,20.21,2.15
Delhi,2022,5,9,6.5705,34.58,27.55,3.34
Delhi,2022,5,10,6.1596,35.13,33.02,3.2
Delhi,2022,5,11,6.276,35.96,31.65,2.88
Delhi,2022,5,12,6.5726,37.27,28.59,3.08
Delhi,2022,5,13,7.1798,37.65,19.95,3.3
Delhi,2022,5,14,7.4974,38.23,12.47,3.62
Delhi,2022,5,15,7.5154,37.89,10.53,3.24
Delhi,2022,5,16,5.9083,37.37,13.64,3.41
Delhi,2022,5,17,6.4015,36.15,15.13,2.17
Delhi,2022,5,18,6.3446,36.36,16.75,2.56
Delhi,2022,5,19,6.8129,37.47,16.1,3.16
Delhi,2022,5,20,6.4258,38.75,14.61,3.79
Delhi,2022,5,21,5.8279,35.8,22.12,3.84
Delhi,2022,5,22,6.8244,34.56,21.34,2
Delhi,2022,5,23,4.1623,31.15,39.39,5.19
Delhi,2022,5,24,6.4486,28.68,54.26,3.32
Delhi,2022,5,25,6.4615,30.41,44.22,1.79
Delhi,2022,5,26,6.6252,32.07,39.34,2.2
Delhi,2022,5,27,6.4805,34.04,37.21,2.52
Delhi,2022,5,28,6.163,36.72,33.59,2.75
Delhi,2022,5,29,6.3869,34.64,33.99,2.66
Delhi,2022,5,30,6.2155,33.93,39.21,1.75
Delhi,2022,5,31,6.2059,33.67,30.13,1.99
Delhi,2022,6,1,6.5234,35.96,23.79,3.09
Delhi,2022,6,2,6.6199,36.06,21.66,2.78
Delhi,2022,6,3,7.0853,36.37,19.68,3.08
Delhi,2022,6,4,7.5182,36.8,16.84,1.9
Delhi,2022,6,5,7.4146,37.04,19.28,2.97
Delhi,2022,6,6,7.4762,37.5,15.24,2.42
Delhi,2022,6,7,6.4778,37.79,15.74,3.35
Delhi,2022,6,8,6.7759,37.05,17.91,5.36
Delhi,2022,6,9,6.4858,38.1,18.98,2.98
Delhi,2022,6,10,6.348,37.83,20.43,5.1
Delhi,2022,6,11,6.697,38.18,20.46,5.68
Delhi,2022,6,12,7.0159,38.44,20.51,4.45
Delhi,2022,6,13,5.4746,39.33,20.56,4.63
Delhi,2022,6,14,5.1341,38.16,31.84,6.4
Delhi,2022,6,15,7.1105,38.67,32,4.94
Delhi,2022,6,16,6.7889,37.78,35.62,3.36
Delhi,2022,6,17,5.195,33.64,55.03,2.48
Delhi,2022,6,18,4.9582,31.57,57.97,1.41
Delhi,2022,6,19,3.0293,31.01,58.84,1.88
Delhi,2022,6,20,4.2638,32.74,41.42,1.49
Delhi,2022,6,21,4.9627,32.66,41.32,2.07
Delhi,2022,6,22,6.27,33.75,41.08,2.27
Delhi,2022,6,23,7.0174,33.46,38.36,4.64
Delhi,2022,6,24,7.3793,33.24,31.36,3.86
Delhi,2022,6,25,7.2374,34.68,28.69,1.62
Delhi,2022,6,26,6.5232,35.37,30.69,3.44
Delhi,2022,6,27,5.8908,36.4,42.39,3.22
Delhi,2022,6,28,5.0244,37.84,37.93,2.53
Delhi,2022,6,29,4.8871,38.36,39.37,3.08
Delhi,2022,6,30,1.05,30.97,74.53,3.52
Delhi,2022,7,1,3.4346,30.79,70.42,3.59
Delhi,2022,7,2,5.189,32.3,60.74,2.96
Delhi,2022,7,3,5.3988,33.75,56.24,3.47
Delhi,2022,7,4,5.5538,34.53,54.6,1.76
Delhi,2022,7,5,5.376,33.66,53.58,3.29
Delhi,2022,7,6,5.8531,34.57,49.95,4.53
Delhi,2022,7,7,6.6432,35.2,48.39,4.17
Delhi,2022,7,8,6.798,36.16,45.96,2.42
Delhi,2022,7,9,3.0336,32.89,55.44,3.99
Delhi,2022,7,10,4.4062,32.35,57,2.65
Delhi,2022,7,11,5.9141,34.47,52.85,2.22
Delhi,2022,7,12,3.7778,33.32,59.13,2.35
Delhi,2022,7,13,5.1305,34.47,54.07,2.14
Delhi,2022,7,14,5.8051,34.35,51.59,4.66
Delhi,2022,7,15,6.4927,35,46.73,5.56
Delhi,2022,7,16,3.1966,33.12,56.32,4.31
Delhi,2022,7,17,5.2418,34.61,53.58,3.32
Delhi,2022,7,18,6.4589,35.56,51.19,2.56
Delhi,2022,7,19,5.5956,35.77,51.94,1.8
Delhi,2022,7,20,2.3633,32.27,70.18,1.71
Delhi,2022,7,21,3.5558,29.13,81.61,1.57
Delhi,2022,7,22,4.0678,31.17,68.34,2.32
Delhi,2022,7,23,4.397,30.8,70.18,5.28
Delhi,2022,7,24,5.2877,30.8,67,5.18
Delhi,2022,7,25,5.5483,31.23,63.86,5.18
Delhi,2022,7,26,5.0503,30.62,69.13,4.33
Delhi,2022,7,27,4.5694,30.64,67.08,3.33
Delhi,2022,7,28,4.7916,29.7,77.7,2.15
Delhi,2022,7,29,3.305,29.5,78.73,1.88
Delhi,2022,7,30,3.799,29.62,77.14,2.03
Delhi,2022,7,31,4.4695,30.18,74,2.01
Delhi,2022,8,1,5.0054,29.86,76.28,2.74
Delhi,2022,8,2,6.0022,31.43,69.04,1.89
Delhi,2022,8,3,4.4635,31.91,65.37,1.12
Delhi,2022,8,4,3.5707,30.62,72.74,2.64
Delhi,2022,8,5,3.2042,30.23,73.22,2.76
Delhi,2022,8,6,3.8191,31.27,69.44,1.44
Delhi,2022,8,7,1.5684,28.84,80.31,2.57
Delhi,2022,8,8,5.9688,31.04,70.55,2.34
Delhi,2022,8,9,5.9815,31.63,65.84,2.54
Delhi,2022,8,10,6.3965,32.87,58.98,4.05
Delhi,2022,8,11,2.5157,30.11,67.52,6.07
Delhi,2022,8,12,6.1862,31.38,61.73,5.03
Delhi,2022,8,13,5.22,31.8,62.51,4.21
Delhi,2022,8,14,3.1094,31.25,67.19,2.55
Delhi,2022,8,15,4.5828,29.16,72.1,4.49
Delhi,2022,8,16,3.5376,29.98,67.42,8.4
Delhi,2022,8,17,5.7283,30.54,65.89,5.05
Delhi,2022,8,18,6.0722,31.77,63.11,2.99
Delhi,2022,8,19,5.7686,31.6,64.2,3.7
Delhi,2022,8,20,3.8834,30.25,68.16,1.2
Delhi,2022,8,21,5.1564,31.2,60.06,2.15
Delhi,2022,8,22,4.8974,32.14,61.29,3.53
Delhi,2022,8,23,5.2961,31.06,62.5,7.37
Delhi,2022,8,24,4.1669,30.26,65.17,4.19
Delhi,2022,8,25,5.2058,31.33,60.99,1.79
Delhi,2022,8,26,5.2615,31.39,60.74,3.49
Delhi,2022,8,27,5.7163,31.51,59.53,4.72
Delhi,2022,8,28,5.3561,31.76,56.93,3.51
Delhi,2022,8,29,4.7786,31.79,57.25,1.15
Delhi,2022,8,30,4.7479,31.12,65.19,1.52
Delhi,2022,8,31,5.4403,32.82,57.54,2.68
Delhi,2022,9,1,5.4024,33.06,57.59,2.16
Delhi,2022,9,2,4.5658,32.32,57.34,1.2
Delhi,2022,9,3,6.5309,32.29,54.97,3.67
Delhi,2022,9,4,6.5964,33.12,50.68,3.48
Delhi,2022,9,5,6.2455,32.43,54.32,2.41
Delhi,2022,9,6,5.5385,32.52,51.71,1.98
Delhi,2022,9,7,5.7386,32.84,49.65,2.38
Delhi,2022,9,8,5.4528,32.13,50.67,1.73
Delhi,2022,9,9,5.0174,32.52,52.12,1.41
Delhi,2022,9,10,4.5139,31.58,65.32,2.1
Delhi,2022,9,11,5.478,31.67,63.53,2.11
Delhi,2022,9,12,5.7022,31.25,60.07,3.1
Delhi,2022,9,13,5.34,31.07,60.18,4.72
Delhi,2022,9,14,3.2455,29.87,64.6,5.51
Delhi,2022,9,15,2.6359,27.75,80.04,4.87
Delhi,2022,9,16,2.0407,26.96,82.39,3.39
Delhi,2022,9,17,5.1041,29.02,69.68,2.74
Delhi,2022,9,18,5.359,29.32,65.33,2.43
Delhi,2022,9,19,3.5083,29.2,66.75,2.1
Delhi,2022,9,20,3.8023,29.6,74.24,1.41
Delhi,2022,9,21,2.4118,28.74,78.67,2.16
Delhi,2022,9,22,1.6697,27.68,87.84,3.38
Delhi,2022,9,23,1.6687,26.94,89.98,3.78
Delhi,2022,9,24,1.2178,26.32,90.98,4.14
Delhi,2022,9,25,3.5302,27.25,82.97,2.71
Delhi,2022,9,26,5.0976,26.52,83.96,2.65
Delhi,2022,9,27,5.6582,26.55,80.53,2.56
Delhi,2022,9,28,5.4758,27.18,77.51,1.89
Delhi,2022,9,29,5.491,26.93,78.98,2.07
Delhi,2022,9,30,5.2754,26.49,82,2.24
Delhi,2022,10,1,5.2694,26.85,74.76,2.05
Delhi,2022,10,2,5.4996,26.28,73.05,2.55
Delhi,2022,10,3,5.6266,25.04,75.61,3.84
Delhi,2022,10,4,4.9718,26.22,72.23,2.04
Delhi,2022,10,5,3.9113,27.65,76.26,1.63
Delhi,2022,10,6,3.6454,25.75,86.38,1.98
Delhi,2022,10,7,1.7846,24.71,91.74,2.31
Delhi,2022,10,8,1.1674,24.6,93.26,3.61
Delhi,2022,10,9,1.5662,24.15,94.75,5.76
Delhi,2022,10,10,1.6154,24.5,90.14,3.31
Delhi,2022,10,11,3.5866,24.94,81.36,1.2
Delhi,2022,10,12,4.783,24.09,79.6,1.77
Delhi,2022,10,13,5.215,22.83,80.26,2.64
Delhi,2022,10,14,5.0825,22.22,78.83,2.85
Delhi,2022,10,15,5.0282,23.33,71.25,1.77
Delhi,2022,10,16,4.8324,24.21,63.27,1.03
Delhi,2022,10,17,4.9567,23.28,66.79,1.6
Delhi,2022,10,18,4.9531,23.44,60.22,1.51
Delhi,2022,10,19,5.0868,22.77,68.26,1.87
Delhi,2022,10,20,4.9142,22.7,71.88,1.81
Delhi,2022,10,21,4.9282,23.26,64.43,2.25
Delhi,2022,10,22,4.6459,22.24,65.23,2.12
Delhi,2022,10,23,4.5475,21.91,61.67,1.39
Delhi,2022,10,24,4.8202,21.03,68.06,2.68
Delhi,2022,10,25,4.89,20.74,66.29,3.15
Delhi,2022,10,26,4.7227,22.09,60.89,1.84
Delhi,2022,10,27,4.5278,22.4,62.56,1.65
Delhi,2022,10,28,4.2216,21.98,66.16,1.71
Delhi,2022,10,29,3.7044,22.41,60.24,1.46
Delhi,2022,10,30,3.937,21.59,56.42,1.4
Delhi,2022,10,31,4.0068,21.64,61.93,1.46
Delhi,2022,11,1,3.9084,21.38,71.77,1.91
Delhi,2022,11,2,4.0596,21.47,77.83,2.24
Delhi,2022,11,3,3.5784,21.2,74.07,2.94
Delhi,2022,11,4,3.45,21.73,76.75,2.07
Delhi,2022,11,5,3.551,20.5,88.03,3.07
Delhi,2022,11,6,3.7046,21.3,86.38,2.24
Delhi,2022,11,7,3.972,22.41,84.69,1.58
Delhi,2022,11,8,2.7938,20.92,83.85,2.14
Delhi,2022,11,9,3.2892,21.43,76.08,1.46
Delhi,2022,11,10,3.1066,21.16,72.78,1.83
Delhi,2022,11,11,3.6089,18.5,73.22,3.76
Delhi,2022,11,12,4.2079,17.99,67.72,4.04
Delhi,2022,11,13,3.8724,18.45,64.46,2.96
Delhi,2022,11,14,3.7409,19.06,66.62,2.22
Delhi,2022,11,15,3.4651,19.16,73.5,2.64
Delhi,2022,11,16,3.558,18,72.76,3.56
Delhi,2022,11,17,3.9122,16.44,69.83,3.93
Delhi,2022,11,18,4.0618,16.49,63.39,2.7
Delhi,2022,11,19,3.7649,16.82,60.4,1.68
Delhi,2022,11,20,3.6108,16.15,66.17,2.91
Delhi,2022,11,21,3.973,16.4,68.49,3.57
Delhi,2022,11,22,4.1928,15.99,60.63,3.35
Delhi,2022,11,23,4.1784,15.54,58.18,3.8
Delhi,2022,11,24,4.1378,16.42,52.61,2.92
Delhi,2022,11,25,4.0162,17.31,52.16,2.14
Delhi,2022,11,26,3.875,15.76,60.37,3.65
Delhi,2022,11,27,3.816,16.13,56.38,2.48
Delhi,2022,11,28,3.6264,17.05,49.98,1.81
Delhi,2022,11,29,3.2854,17.26,49.01,1.32
Delhi,2022,11,30,3.0358,16.42,63.59,2.32
Delhi,2022,12,1,3.4118,16.42,59.76,2.49
Delhi,2022,12,2,3.3514,17.49,53.26,1.33
Delhi,2022,12,3,3.151,17.39,54.64,0.91
Delhi,2022,12,4,2.8594,16.67,59.55,1.95
Delhi,2022,12,5,3.4601,15.57,55.02,2.41
Delhi,2022,12,6,3.6446,14,59.95,3.97
Delhi,2022,12,7,3.8261,13.56,58.49,4.36
Delhi,2022,12,8,3.6698,14.21,58.2,3.25
Delhi,2022,12,9,3.6014,16.09,56.67,2.66
Delhi,2022,12,10,3.497,16.56,65.35,2.89
Delhi,2022,12,11,3.7414,16.66,62.05,3.45
Delhi,2022,12,12,3.959,16.45,57.36,4
Delhi,2022,12,13,4.0212,16.07,54.98,4.85
Delhi,2022,12,14,4.0841,14.37,56.61,4.75
Delhi,2022,12,15,4.0778,13.24,52.39,3.66
Delhi,2022,12,16,3.9305,14.14,50,2.87
Delhi,2022,12,17,3.7474,14.69,46.65,2.55
Delhi,2022,12,18,3.2477,14.48,50.25,2.3
Delhi,2022,12,19,2.8166,14.11,53.82,2.26
Delhi,2022,12,20,2.9945,13.47,55.09,2.81
Delhi,2022,12,21,3.1363,13.39,56.14,2.51
Delhi,2022,12,22,2.9234,12.6,56.6,3.04
Delhi,2022,12,23,2.8178,13.02,55.67,2.55
Delhi,2022,12,24,3.025,11.84,57.56,3.88
Delhi,2022,12,25,3.0077,10.11,59.78,3.5
Delhi,2022,12,26,1.739,11.23,59.02,3
Delhi,2022,12,27,2.9873,11.67,52.94,4.44
Delhi,2022,12,28,3.8155,12.54,48.07,5.17
Delhi,2022,12,29,3.2162,14.02,53.38,2.43
Delhi,2022,12,30,2.3112,14.9,58.05,2.25
Delhi,2022,12,31,3.0643,12.67,68.97,4.06
Delhi,2023,1,1,3.0706,12.9,49.9,1.7
Delhi,2023,1,2,1.849,12.26,51.83,1.67
Delhi,2023,1,3,1.9087,9.98,54.61,2.95
Delhi,2023,1,4,1.931,8.57,58.24,2.65
Delhi,2023,1,5,1.7275,8.75,59.63,2.5
Delhi,2023,1,6,2.359,8.74,54.41,2.4
Delhi,2023,1,7,2.928,9.69,48.08,3.25
Delhi,2023,1,8,2.6076,12.35,44.61,3.12
Delhi,2023,1,9,2.2094,13.14,47.41,2.57
Delhi,2023,1,10,2.4528,12.82,53.16,3.23
Delhi,2023,1,11,2.5339,13.51,64.57,2.62
Delhi,2023,1,12,3.1118,13.82,73.58,3.02
Delhi,2023,1,13,2.1934,16.43,73.27,2.64
Delhi,2023,1,14,2.8246,12.35,56.25,3.75
Delhi,2023,1,15,4.3116,7.77,39.37,3.75
Delhi,2023,1,16,4.1911,8.92,42.56,3.42
Delhi,2023,1,17,4.129,8.98,42.16,3.63
Delhi,2023,1,18,4.0874,9.25,37.57,2.66
Delhi,2023,1,19,3.5753,11.7,44.03,1.69
Delhi,2023,1,20,3.1001,13.01,55.44,2.12
Delhi,2023,1,21,3.1925,14.18,59.32,1.5
Delhi,2023,1,22,2.802,15.17,52.26,1.79
Delhi,2023,1,23,2.9232,16.07,52.71,2.2
Delhi,2023,1,24,1.5062,15.89,80.09,3.74
Delhi,2023,1,25,1.087,16.17,80.75,2.17
Delhi,2023,1,26,1.7513,14.78,61.48,3.53
Delhi,2023,1,27,4.1558,11.84,49.23,3.89
Delhi,2023,1,28,4.614,13.1,40.56,3.19
Delhi,2023,1,29,0.948,14.95,45.38,2.94
Delhi,2023,1,30,1.9882,13.12,71.39,2.73
Delhi,2023,1,31,3.5784,14.2,75.93,4.3
Delhi,2023,2,1,4.8019,13.03,60.64,4.57
Delhi,2023,2,2,4.8605,14.1,51.38,4.46
Delhi,2023,2,3,4.6536,15.01,49.12,3.77
Delhi,2023,2,4,4.6913,16.33,47.67,4.33
Delhi,2023,2,5,4.759,17.03,54.52,3.6
Delhi,2023,2,6,4.663,18.89,43.21,2.41
Delhi,2023,2,7,4.589,17.33,48.27,4.11
Delhi,2023,2,8,4.8955,15.54,41.86,3.86
Delhi,2023,2,9,4.7935,17.4,37.91,3.01
Delhi,2023,2,10,4.7196,18.28,48.72,2.95
Delhi,2023,2,11,4.4126,18.34,48.9,3.28
Delhi,2023,2,12,5.2339,15.02,35.73,4.66
Delhi,2023,2,13,5.436,14.46,30.08,6.62
Delhi,2023,2,14,4.957,16.48,31.98,4.58
Delhi,2023,2,15,5.1334,18.5,39.76,4.54
Delhi,2023,2,16,4.7059,19.38,45.6,1.93
Delhi,2023,2,17,4.175,21.16,44.72,1.64
Delhi,2023,2,18,4.8288,21.1,40.2,2.11
Delhi,2023,2,19,4.6927,22.42,30.93,1.33
Delhi,2023,2,20,4.8874,22.51,35.46,2.44
Delhi,2023,2,21,5.233,20.51,38.61,2.65
Delhi,2023,2,22,4.1969,20.45,39.34,3.17
Delhi,2023,2,23,5.4458,19.66,34.42,4.07
Delhi,2023,2,24,4.8199,19.93,34.05,3.31
Delhi,2023,2,25,5.3117,21.51,35.53,2.35
Delhi,2023,2,26,5.219,23.46,31.11,1.55
Delhi,2023,2,27,5.1809,23.2,36.6,2.19
Delhi,2023,2,28,4.885,22.43,39.87,2.22
Delhi,2023,3,1,4.0937,22.61,39.55,2.27
Delhi,2023,3,2,5.3117,23.1,41.26,3.16
Delhi,2023,3,3,5.4098,23.72,43.25,3.95
Delhi,2023,3,4,3.4694,22.69,41.03,3.6
Delhi,2023,3,5,5.5831,22.69,40.7,3.63
Delhi,2023,3,6,5.8531,22.67,37.77,3.63
Delhi,2023,3,7,5.5368,23.2,33.66,2.41
Delhi,2023,3,8,5.165,24.22,32.63,1.38
Delhi,2023,3,9,4.6795,23.56,41.47,1.08
Delhi,2023,3,10,5.4799,23.32,38.86,2.36
Delhi,2023,3,11,5.7888,24.21,30.56,1.91
Delhi,2023,3,12,5.8301,25.53,31.8,1.65
Delhi,2023,3,13,4.9498,24.72,36.35,1.94
Delhi,2023,3,14,5.7737,25.13,37.5,2.76
Delhi,2023,3,15,5.3234,26.49,31.49,1.35
Delhi,2023,3,16,3.9216,25.37,35.87,3.68
Delhi,2023,3,17,3.4195,24.25,46.96,2.97
Delhi,2023,3,18,2.7504,21.62,61.9,2.19
Delhi,2023,3,19,4.4347,23.36,53.65,1.78
Delhi,2023,3,20,2.8474,20.68,68.31,1.52
Delhi,2023,3,21,3.917,20.28,72.56,1.94
Delhi,2023,3,22,5.063,21.96,55.12,2.24
Delhi,2023,3,23,5.9832,23.38,48.37,3.04
Delhi,2023,3,24,3.3989,24.32,52.51,2.73
Delhi,2023,3,25,5.7487,23.57,57.77,2.62
Delhi,2023,3,26,6.0355,24.1,46.74,3.63
Delhi,2023,3,27,6.4301,22.77,43.64,3.87
Delhi,2023,3,28,6.5054,23.61,40.02,3.49
Delhi,2023,3,29,5.1557,26.11,36.38,1.64
Delhi,2023,3,30,5.1943,25.95,46.76,2.37
Delhi,2023,3,31,4.7059,21.15,76.48,1.82
Delhi,2023,4,1,6.1466,22.84,61.31,2.25
Delhi,2023,4,2,5.6446,24.2,51.41,2.79
Delhi,2023,4,3,6.3432,26.08,47.68,1.96
Delhi,2023,4,4,6.3442,24.87,50.88,3.36
Delhi,2023,4,5,6.6713,24.94,42.52,3.6
Delhi,2023,4,6,6.888,25.28,34.95,4.51
Delhi,2023,4,7,6.6271,25.12,32.25,4.73
Delhi,2023,4,8,7.2014,24.95,28.27,3.68
Delhi,2023,4,9,7.2125,26.06,28.85,3.13
Delhi,2023,4,10,6.8448,26.28,29.81,3.61
Delhi,2023,4,11,7.1503,27.73,31.24,4.25
Delhi,2023,4,12,6.493,29.67,33.94,4.3
Delhi,2023,4,13,7.0416,29.32,32.07,3.67
Delhi,2023,4,14,6.6024,30.25,28.77,2.72
Delhi,2023,4,15,7.086,31.56,25.2,2.06
Delhi,2023,4,16,6.6302,32.03,28.85,2.47
Delhi,2023,4,17,7.3202,32.95,25.81,2.48
Delhi,2023,4,18,7.0051,32.3,30.89,3.12
Delhi,2023,4,19,6.3691,30.95,37.44,3.09
Delhi,2023,4,20,6.2126,30.07,41.33,2.84
Delhi,2023,4,21,6.2249,28.83,38.65,2.23
Delhi,2023,4,22,7.1837,28.12,32.02,2.72
Delhi,2023,4,23,4.7148,25.39,35.22,3.97
Delhi,2023,4,24,5.7444,26.77,37.8,2.85
Delhi,2023,4,25,6.6463,27.75,32.79,2.25
Delhi,2023,4,26,5.7785,29.53,31.43,1.26
Delhi,2023,4,27,5.569,28.14,35.13,3.51
Delhi,2023,4,28,3.6036,28.32,38.21,1.99
Delhi,2023,4,29,3.7274,27.53,43.24,3.11
Delhi,2023,4,30,3.427,25.92,57.83,1.67
Delhi,2023,5,1,2.1509,22.81,74.94,4.21
Delhi,2023,5,2,3.8986,23.67,72.98,3.01
Delhi,2023,5,3,4.0584,25.5,61.79,1.85
Delhi,2023,5,4,6.7666,27.78,50.06,1.13
Delhi,2023,5,5,6.3809,27.85,42.94,2.42
Delhi,2023,5,6,5.9287,29.67,40.17,3.73
Delhi,2023,5,7,6.6036,31.39,34.03,2.41
Delhi,2023,5,8,7.0946,31.34,28.25,2.53
Delhi,2023,5,9,7.8314,28.92,26.05,4.32
Delhi,2023,5,10,7.9879,28.78,25.28,4.29
Delhi,2023,5,11,7.7698,30.73,22.89,2.11
Delhi,2023,5,12,7.6248,31,22.11,2.25
Delhi,2023,5,13,7.2559,33,23.93,2.04
Delhi,2023,5,14,6.5911,34.06,23.48,2.58
Delhi,2023,5,15,7.2432,33.55,26.34,4.08
Delhi,2023,5,16,5.7773,33.41,27.27,5.07
Delhi,2023,5,17,5.9479,34.15,30.84,3.73
Delhi,2023,5,18,6.9478,31.87,40.45,4.61
Delhi,2023,5,19,7.7438,31.81,33.65,5.43
Delhi,2023,5,20,7.7467,32.92,28.84,4.32
Delhi,2023,5,21,7.4148,35.13,23.75,2.45
Delhi,2023,5,22,7.2893,35.86,26.36,5.68
Delhi,2023,5,23,6.8477,36.99,27.02,4.71
Delhi,2023,5,24,4.3452,34.53,35.4,2.55
Delhi,2023,5,25,6.6742,32.83,40.34,2.3
Delhi,2023,5,26,6.4414,29.28,56.46,2.77
Delhi,2023,5,27,5.4828,30.39,49.56,2.96
Delhi,2023,5,28,5.8339,29.96,46.21,2.27
Delhi,2023,5,29,4.8854,30.75,47.53,2.36
Delhi,2023,5,30,6.4526,30.95,46.19,2.71
Delhi,2023,5,31,6.3583,28.78,52.24,3.82
Delhi,2023,6,1,5.6066,29.85,45.75,3.42
Delhi,2023,6,2,7.2914,30.62,43.61,4.06
Delhi,2023,6,3,7.439,31.11,38.11,3.96
Delhi,2023,6,4,4.4054,28.31,44.91,2.46
Delhi,2023,6,5,6.8832,32.41,38.38,3.54
Delhi,2023,6,6,6.8004,33.34,35.91,2.64
Delhi,2023,6,7,7.1326,33.67,33.3,3.09
Delhi,2023,6,8,7.0534,34.33,33.32,4.42
Delhi,2023,6,9,7.3123,35.76,32.22,4.03
Delhi,2023,6,10,7.0382,36.9,34.46,4.15
Delhi,2023,6,11,7.1081,36.48,35.48,4.96
Delhi,2023,6,12,6.9454,36.84,34.05,5.21
Delhi,2023,6,13,7.5607,38.15,32.25,6.76
Delhi,2023,6,14,7.5067,37.41,32.56,7.55
Delhi,2023,6,15,6.5059,35.85,37.49,6.55
Delhi,2023,6,16,5.7166,35.69,40.38,3.73
Delhi,2023,6,17,5.7811,35.92,38.57,3.23
Delhi,2023,6,18,5.952,34.84,43.29,2.7
Delhi,2023,6,19,3.2506,34.09,49,4.55
Delhi,2023,6,20,6.2974,33.85,53.21,3.14
Delhi,2023,6,21,5.2639,33.7,52.31,2.01
Delhi,2023,6,22,5.2829,34.97,53.23,2.15
Delhi,2023,6,23,4.5178,35.7,51.88,2.03
Delhi,2023,6,24,3.378,33.25,61.75,2.78
Delhi,2023,6,25,1.2562,30.18,75.39,1.9
Delhi,2023,6,26,3.6425,31.51,64.3,2.49
Delhi,2023,6,27,4.9092,31.99,58.87,2.36
Delhi,2023,6,28,4.9634,32.08,62.15,3.27
Delhi,2023,6,29,4.4066,31.34,65.67,3.69
Delhi,2023,6,30,4.7052,30.53,71.64,3
Delhi,2023,7,1,5.1842,30.63,67.02,2.71
Delhi,2023,7,2,5.4358,32.32,60.67,2.58
Delhi,2023,7,3,6.0828,33.95,51.79,2.29
Delhi,2023,7,4,4.3003,34.74,52.13,2.37
Delhi,2023,7,5,4.771,32.83,61.69,3.08
Delhi,2023,7,6,3.3293,29.63,77.8,3.26
Delhi,2023,7,7,4.3198,30.36,74.44,2.9
Delhi,2023,7,8,2.233,29.26,83.53,4
Delhi,2023,7,9,2.73,29.71,83.7,3.48
Delhi,2023,7,10,3.5786,30.42,80,2.51
Delhi,2023,7,11,3.7027,30.64,77.05,1.38
Delhi,2023,7,12,4.1808,30.4,79.2,1.39
Delhi,2023,7,13,4.571,29.91,79.74,2.62
Delhi,2023,7,14,3.8376,29.44,81.43,1.03
Delhi,2023,7,15,3.3977,29.23,81.91,1.9
Delhi,2023,7,16,5.0786,30.7,73.97,0.93
Delhi,2023,7,17,4.0428,31.66,72.45,1.18
Delhi,2023,7,18,2.79,29.79,83.76,2.94
Delhi,2023,7,19,5.7002,29.57,80.5,3.23
Delhi,2023,7,20,6.6058,31.64,74.25,1.9
Delhi,2023,7,21,4.4527,31.28,77.04,2.34
Delhi,2023,7,22,5.1252,30.22,79.53,4.36
Delhi,2023,7,23,5.9998,30.04,79.24,3.97
Delhi,2023,7,24,6.2683,30.43,76.87,3.43
Delhi,2023,7,25,4.8979,30.3,81.69,2.04
Delhi,2023,7,26,2.1156,30.28,79.43,1.66
Delhi,2023,7,27,5.1775,29.08,86.57,1.43
Delhi,2023,7,28,3.9295,28.54,84.17,1.29
Delhi,2023,7,29,4.1098,29.03,85.31,1.33
Delhi,2023,7,30,5.6434,29.48,85.38,1.76
Delhi,2023,7,31,5.4631,30.09,80.36,2.53
Delhi,2023,8,1,6.4584,30.44,79.04,3.19
Delhi,2023,8,2,4.7489,30.3,81.74,2.62
Delhi,2023,8,3,4.9675,30.04,82.98,2.18
Delhi,2023,8,4,2.85,29.47,86.9,1.85
Delhi,2023,8,5,3.7608,29.14,87.47,3.04
Delhi,2023,8,6,5.627,29.54,82.55,3.97
Delhi,2023,8,7,4.7496,29.09,83.21,4.87
Delhi,2023,8,8,4.596,29.18,83.34,4.78
Delhi,2023,8,9,4.5809,29.4,82.24,3.66
Delhi,2023,8,10,4.6927,29.41,80.94,2.74
Delhi,2023,8,11,5.5046,29.61,79.76,2.54
Delhi,2023,8,12,6.2587,29.26,77.8,3.92
Delhi,2023,8,13,4.5031,29.14,79.32,3.99
Delhi,2023,8,14,4.2653,27.32,84.72,2.93
Delhi,2023,8,15,4.4794,29,79.44,1.18
Delhi,2023,8,16,5.4125,29.69,78.71,2.73
Delhi,2023,8,17,5.9333,30.09,78.77,3.37
Delhi,2023,8,18,5.863,30.16,79.09,2.47
Delhi,2023,8,19,3.7582,29.79,83.55,2.19
Delhi,2023,8,20,6.085,30.75,76.48,2.22
Delhi,2023,8,21,5.6045,30.84,74.77,1.5
Delhi,2023,8,22,2.9712,29.98,83.99,2.21
Delhi,2023,8,23,0.7843,28.24,88.99,3.34
Delhi,2023,8,24,4.1777,28.21,82.74,3.21
Delhi,2023,8,25,5.4744,28.5,79.39,3.67
Delhi,2023,8,26,5.7442,28.9,76.79,3.76
Delhi,2023,8,27,5.8356,28.74,75.44,3.89
Delhi,2023,8,28,5.5814,29.43,75.67,3.17
Delhi,2023,8,29,6.0814,29.29,75.3,2.89
Delhi,2023,8,30,6.0269,29.1,76.36,2.72
Delhi,2023,8,31,6.0252,29.34,74.95,2.17
Delhi,2023,9,1,6.1046,29.48,70.49,2.92
Delhi,2023,9,2,6.5234,28.86,69.4,3.45
Delhi,2023,9,3,6.6182,28.73,67.26,2.84
Delhi,2023,9,4,6.4594,29.01,68.92,3.11
Delhi,2023,9,5,6.1351,29.8,73.61,2.18
Delhi,2023,9,6,4.2245,30.11,69.81,2.22
Delhi,2023,9,7,5.6858,30.38,66.06,2.14
Delhi,2023,9,8,5.1353,29.12,72.01,2.33
Delhi,2023,9,9,3.1711,27.89,83.45,3.65
Delhi,2023,9,10,2.639,27.04,90.71,3.68
Delhi,2023,9,11,4.3082,27.48,85.42,2.96
Delhi,2023,9,12,4.7938,28.31,82.44,2.09
Delhi,2023,9,13,4.8866,29.06,82.63,1.35
Delhi,2023,9,14,5.111,29.45,83.88,1.99
Delhi,2023,9,15,3.8407,28.93,84.72,2.45
Delhi,2023,9,16,2.9573,26.82,87.34,4.65
Delhi,2023,9,17,4.0807,26.98,89.83,4.75
Delhi,2023,9,18,5.4024,27.24,84.07,5.2
Delhi,2023,9,19,5.725,28.35,81.18,2.84
Delhi,2023,9,20,5.429,29.3,77.3,1.38
Delhi,2023,9,21,4.7767,29.58,76.85,1.41
Delhi,2023,9,22,5.0549,29.17,78.5,1.73
Delhi,2023,9,23,3.8275,28.81,80.88,1.81
Delhi,2023,9,24,4.1249,28.26,79.68,1.59
Delhi,2023,9,25,5.3609,28.61,74.11,1.37
Delhi,2023,9,26,5.3134,27.77,73.99,1.91
Delhi,2023,9,27,5.6443,26.75,73.12,2.55
Delhi,2023,9,28,5.7991,25.73,73.62,2.48
Delhi,2023,9,29,5.7343,25.83,63.19,1.84
Delhi,2023,9,30,5.6186,26.26,61.83,2.83
Delhi,2023,10,1,5.3038,25.55,62.69,3.13
Delhi,2023,10,2,5.6604,25.44,58.1,3.52
Delhi,2023,10,3,5.7799,24.21,54.42,3.5
Delhi,2023,10,4,5.6294,24.48,59.09,3.25
Delhi,2023,10,5,5.6566,25.43,62.27,2.63
Delhi,2023,10,6,5.7629,25.17,59.55,2.88
Delhi,2023,10,7,5.5255,26.32,59.96,2.24
Delhi,2023,10,8,5.4271,27.71,58.28,2.24
Delhi,2023,10,9,5.2634,28.38,61.7,2.28
Delhi,2023,10,10,5.2466,27.98,62.97,1.68
Delhi,2023,10,11,5.443,25.97,57.89,3.14
Delhi,2023,10,12,5.3894,25.37,54.62,2.33
Delhi,2023,10,13,5.141,26.34,50.78,2.16
Delhi,2023,10,14,4.9361,27.22,49.83,1.99
Delhi,2023,10,15,4.4597,26.61,54.6,1.59
Delhi,2023,10,16,3.3792,23.96,69.61,3.32
Delhi,2023,10,17,2.7847,23.67,62.92,2.87
Delhi,2023,10,18,4.7347,22.55,62.52,3.3
Delhi,2023,10,19,5.0645,22.6,59.88,3.1
Delhi,2023,10,20,4.823,22.74,59.19,2.49
Delhi,2023,10,21,4.6135,22.61,54.65,2.33
Delhi,2023,10,22,4.3512,23.49,49.86,2.01
Delhi,2023,10,23,4.3966,23.12,58.36,2.57
Delhi,2023,10,24,4.403,23.67,57.87,2.52
Delhi,2023,10,25,4.3603,23.59,56.08,2.93
Delhi,2023,10,26,4.5991,23.14,56.8,2.79
Delhi,2023,10,27,4.6858,23.26,46.05,2.44
Delhi,2023,10,28,3.9223,24.05,46.53,1.86
Delhi,2023,10,29,4.2878,24.41,46.55,1.95
Delhi,2023,10,30,4.1561,24.15,51.63,2.18
Delhi,2023,10,31,3.6442,24.23,52.61,1.9
Delhi,2023,11,1,3.8654,25.21,45.91,1.48
Delhi,2023,11,2,3.5741,23.52,48.95,1.99
Delhi,2023,11,3,3.0338,23.21,52.72,1.95
Delhi,2023,11,4,2.928,23.43,54.4,2.35
Delhi,2023,11,5,2.455,22.91,44.19,1.41
Delhi,2023,11,6,3.1147,22.99,40.14,1.62
Delhi,2023,11,7,3.3228,22.76,40.98,1.67
Delhi,2023,11,8,3.277,22.62,54.16,2.1
Delhi,2023,11,9,2.893,23.5,53.03,2.22
Delhi,2023,11,10,1.7489,21.76,60.4,2.16
Delhi,2023,11,11,3.545,19.86,62.83,3.21
Delhi,2023,11,12,3.9943,19.69,62.63,3.15
Delhi,2023,11,13,3.3962,19.56,55.34,2.29
Delhi,2023,11,14,2.3395,19.23,49.58,2.38
Delhi,2023,11,15,2.701,18.79,56.24,2.48
Delhi,2023,11,16,2.5246,20.29,54.99,1.83
Delhi,2023,11,17,2.7547,20.89,54.19,1.94
Delhi,2023,11,18,2.963,20.1,50.87,1.94
Delhi,2023,11,19,2.9527,19.81,47.51,1.53
Delhi,2023,11,20,2.8186,19.73,51.79,2.33
Delhi,2023,11,21,2.8802,18.79,58.46,3.62
Delhi,2023,11,22,3.1171,17.72,57.83,3.25
Delhi,2023,11,23,3.4181,19.14,45.43,1.22
Delhi,2023,11,24,3.0636,18.96,45.35,1.27
Delhi,2023,11,25,2.5428,19.05,46.12,1.63
Delhi,2023,11,26,2.4629,18.74,49.09,1.82
Delhi,2023,11,27,1.3937,17.36,53.86,2.76
Delhi,2023,11,28,1.3522,18.6,54.48,1.75
Delhi,2023,11,29,2.3726,18.52,58.2,1.7
Delhi,2023,11,30,2.237,19.59,62.39,1.77
Delhi,2023,12,1,2.5951,20.56,62.8,1.32
Delhi,2023,12,2,2.8579,18.99,63.91,1.98
Delhi,2023,12,3,2.7934,18.8,59.65,2.02
Delhi,2023,12,4,2.4785,19.11,62.34,1.67
Delhi,2023,12,5,3.4346,18.09,58.35,2.83
Delhi,2023,12,6,3.4651,18.16,52.21,2.09
Delhi,2023,12,7,3.0362,18.32,50.68,2.29
Delhi,2023,12,8,3.1351,17.01,51.16,3.06
Delhi,2023,12,9,3.4639,16.11,46.4,3.51
Delhi,2023,12,10,3.6518,15.25,45.78,3.97
Delhi,2023,12,11,3.4882,15.48,40.43,1.68
Delhi,2023,12,12,3.1442,15.92,41.94,1.39
Delhi,2023,12,13,3.3746,15.54,41.68,2.22
Delhi,2023,12,14,3.0679,14.26,48.47,3.56
Delhi,2023,12,15,3.4104,16.05,44.56,1.76
Delhi,2023,12,16,3.4637,15.46,45.53,1.91
Delhi,2023,12,17,3.2364,14.65,49.26,2.65
Delhi,2023,12,18,3.5424,13.86,54.58,4.34
Delhi,2023,12,19,3.9072,13.17,47.23,4.17
Delhi,2023,12,20,3.1034,12.97,44.1,3.02
Delhi,2023,12,21,3.401,13.14,43.66,3.23
Delhi,2023,12,22,3.1469,14.89,41.04,1.65
Delhi,2023,12,23,2.6981,16.27,43.96,2.25
Delhi,2023,12,24,2.5402,16.72,51.16,1.59
Delhi,2023,12,25,2.8267,15.17,54.15,3.03
Delhi,2023,12,26,2.6172,15.28,55.02,2.65
Delhi,2023,12,27,2.0484,15.23,55.52,1.72
Delhi,2023,12,28,1.9092,14.45,58.29,1.46
Delhi,2023,12,29,0.9823,15.35,51.45,1.35
Delhi,2023,12,30,1.4146,14.8,51.85,1.64
Delhi,2023,12,31,0.6799,13.8,49.72,1.25
Delhi,2024,1,1,2.0052,12.19,59.47,2.34
Delhi,2024,1,2,2.4362,12.34,56.57,2.25
Delhi,2024,1,3,1.1086,13.09,45.68,1.79
Delhi,2024,1,4,0.5794,11.26,60.43,1.87
Delhi,2024,1,5,0.6936,11.51,68.29,1.57
Delhi,2024,1,6,1.3721,11.67,69.21,1.32
Delhi,2024,1,7,1.8859,11.21,72.18,1.6
Delhi,2024,1,8,1.4551,13.99,57.67,1.44
Delhi,2024,1,9,0.9569,13.13,58.17,1.8
Delhi,2024,1,10,2.8865,11.66,55.33,3.84
Delhi,2024,1,11,3.247,10.61,53.14,3.3
Delhi,2024,1,12,3.2042,11.2,47.98,3.25
Delhi,2024,1,13,2.4214,12.81,42.54,2.48
Delhi,2024,1,14,2.5723,11.84,43.3,2.94
Delhi,2024,1,15,3.2585,11.46,45.32,2.42
Delhi,2024,1,16,1.686,12.15,43.45,2.16
Delhi,2024,1,17,2.7955,12,42.26,2.21
Delhi,2024,1,18,2.0148,12.41,45.61,1.38
Delhi,2024,1,19,1.1033,12.52,49.3,1.61
Delhi,2024,1,20,2.226,12.29,49.95,1.34
Delhi,2024,1,21,2.4955,11.12,53.01,3.67
Delhi,2024,1,22,2.6933,11.83,38.7,1.64
Delhi,2024,1,23,2.2296,13.07,39.27,2.15
Delhi,2024,1,24,2.394,12.49,45.28,2.06
Delhi,2024,1,25,2.3774,12.77,45.75,1.6
Delhi,2024,1,26,2.7799,14.99,38.05,1.13
Delhi,2024,1,27,4.045,14.78,38.48,4
Delhi,2024,1,28,1.8422,14.25,44.64,2.38
Delhi,2024,1,29,3.0454,15.37,44.84,2
Delhi,2024,1,30,1.9082,16.16,42.92,1.46
Delhi,2024,1,31,1.6234,16.08,50.07,1.86
Delhi,2024,2,1,2.2442,14.26,73.16,4.13
Delhi,2024,2,2,3.5004,13.83,57.25,3.34
Delhi,2024,2,3,3.1481,15.72,39.92,3.22
Delhi,2024,2,4,1.7863,15.03,83.36,1.98
Delhi,2024,2,5,3.0072,15.45,66.77,2.73
Delhi,2024,2,6,4.5958,12.68,41.28,4.07
Delhi,2024,2,7,4.0034,12.76,41.85,4.47
Delhi,2024,2,8,4.7719,12.51,42.24,5.72
Delhi,2024,2,9,5.1379,14.35,35.15,2.63
Delhi,2024,2,10,4.7323,15.69,33.51,1.34
Delhi,2024,2,11,4.3337,15.07,42.52,2.18
Delhi,2024,2,12,3.0341,16.91,40.35,1.33
Delhi,2024,2,13,2.8493,17.65,34.89,1.3
Delhi,2024,2,14,3.937,16.78,41.28,2.36
Delhi,2024,2,15,4.4138,16.76,45.43,2.65
Delhi,2024,2,16,4.7198,16.74,37.97,2.61
Delhi,2024,2,17,5.0522,17.34,33.27,3.17
Delhi,2024,2,18,4.3495,19.55,30.47,2.52
Delhi,2024,2,19,3.9574,19.88,37.77,4.8
Delhi,2024,2,20,3.829,20.6,55.19,2.08
Delhi,2024,2,21,4.3915,17.72,35.78,3.11
Delhi,2024,2,22,5.0422,17.08,35.52,3
Delhi,2024,2,23,5.5123,15.79,38.54,3.43
Delhi,2024,2,24,4.6171,17.01,33.89,2.48
Delhi,2024,2,25,4.4786,17.31,31.93,2.62
Delhi,2024,2,26,3.4879,18.28,33.2,3.27
Delhi,2024,2,27,4.1297,17.51,50,3.66
Delhi,2024,2,28,5.5913,18.15,46.72,4.12
Delhi,2024,2,29,5.8231,18.77,37.17,3.57
Delhi,2024,3,1,4.3296,22.17,36.53,2.39
Delhi,2024,3,2,3.8201,20.11,60.49,5.09
Delhi,2024,3,3,3.5143,18.56,69.75,2.46
Delhi,2024,3,4,5.9338,15.19,37.01,3.28
Delhi,2024,3,5,5.693,14.65,31.26,3.95
Delhi,2024,3,6,5.0203,15.48,33.17,3.57
Delhi,2024,3,7,5.7667,17.8,36.77,3.39
Delhi,2024,3,8,5.6414,18.99,37.41,3.65
Delhi,2024,3,9,6.1224,18.67,37.46,4.03
Delhi,2024,3,10,5.1715,19.97,35.94,2.71
Delhi,2024,3,11,5.831,22.55,31.04,1.97
Delhi,2024,3,12,5.6611,23.13,34.67,2.88
Delhi,2024,3,13,5.4324,23.08,34.57,3.28
Delhi,2024,3,14,5.7254,22.51,35.78,3.04
Delhi,2024,3,15,6.3852,21.98,34.23,4.25
Delhi,2024,3,16,5.9074,20.45,28.67,2.68
Delhi,2024,3,17,5.5286,21.4,26.27,2.71
Delhi,2024,3,18,6.4675,22.64,28.43,3.16
Delhi,2024,3,19,6.1963,23.29,28.31,3.01
Delhi,2024,3,20,6.2544,25.53,22.49,1.75
Delhi,2024,3,21,5.7792,21.9,28.5,3.12
Delhi,2024,3,22,6.0862,24.74,29.4,2.84
Delhi,2024,3,23,6.3859,26.75,26.44,4.66
Delhi,2024,3,24,3.4606,24.62,27.57,3.1
Delhi,2024,3,25,6.594,25.92,27.19,4.31
Delhi,2024,3,26,5.328,27.34,27.25,3.4
Delhi,2024,3,27,5.0323,30.05,25.42,2.94
Delhi,2024,3,28,5.4643,30.98,30.71,2.86
Delhi,2024,3,29,5.4079,31.17,32.97,1.93
Delhi,2024,3,30,6.0658,29.96,28.77,3.6
Delhi,2024,3,31,6.528,28.6,23.42,3.57
Delhi,2024,4,1,5.7662,26.08,29.61,5.19
Delhi,2024,4,2,6.6074,26.81,19.34,4.39
Delhi,2024,4,3,5.6837,29.08,21.1,1.64
Delhi,2024,4,4,6.1046,29.96,18.97,2.71
Delhi,2024,4,5,5.0957,28.79,21.31,4.02
Delhi,2024,4,6,6.5352,27.68,19.14,3.77
Delhi,2024,4,7,7.3529,27.9,15.37,3.79
Delhi,2024,4,8,7.0344,29.41,15.81,3.24
Delhi,2024,4,9,5.9117,29.36,14.78,3.01
Delhi,2024,4,10,6.4531,30.48,15.94,2.3
Delhi,2024,4,11,5.7334,31.24,26.16,1.52
Delhi,2024,4,12,5.9354,32.24,22.34,1.96
Delhi,2024,4,13,4.529,31.84,25.95,3.04
Delhi,2024,4,14,3.522,30.38,32.53,2.29
Delhi,2024,4,15,4.2823,29.51,38.01,2.53
Delhi,2024,4,16,6.6828,30.15,34.11,4.97
Delhi,2024,4,17,7.109,29.82,23.79,6.28
Delhi,2024,4,18,6.9857,31.08,23.83,4.52
Delhi,2024,4,19,6.498,32.13,25.42,4.04
Delhi,2024,4,20,6.7788,30.83,22.4,3.99
Delhi,2024,4,21,6.1682,31.4,26.13,4.17
Delhi,2024,4,22,6.7226,31.99,24.93,3.98
Delhi,2024,4,23,6.4805,32.37,17.73,2.52
Delhi,2024,4,24,7.2646,31.17,21.97,3.65
Delhi,2024,4,25,7.3289,32.36,19.62,4.47
Delhi,2024,4,26,6.6386,33.79,19.33,2.77
Delhi,2024,4,27,6.5921,33.55,20.07,4.06
Delhi,2024,4,28,6.3343,32.18,23.06,3.05
Delhi,2024,4,29,6.8345,33.26,22.98,4.26
Delhi,2024,4,30,7.5737,30.33,21.9,4.39
Delhi,2024,5,1,7.1071,27.77,19.07,5.51
Delhi,2024,5,2,7.6896,28.64,18.53,4.2
Delhi,2024,5,3,6.917,31.32,15.05,4.72
Delhi,2024,5,4,6.5542,33.94,15.78,3.3
Delhi,2024,5,5,7.3289,34.47,20.69,3.89
Delhi,2024,5,6,7.0985,34.93,20.65,3.79
Delhi,2024,5,7,6.5952,35.9,19.19,2.13
Delhi,2024,5,8,6.6655,35.02,19.31,3.29
Delhi,2024,5,9,6.8952,33.19,28.64,3.54
Delhi,2024,5,10,6.4706,34.37,27.33,3.05
Delhi,2024,5,11,6.587,34.35,29.22,2.7
Delhi,2024,5,12,6.2839,34.88,24.38,2.61
Delhi,2024,5,13,5.9258,34.96,20.55,2.68
Delhi,2024,5,14,7.0334,34.47,15.96,3.63
Delhi,2024,5,15,7.2552,35.3,11.8,2.83
Delhi,2024,5,16,7.0865,36.64,12.45,2.36
Delhi,2024,5,17,6.7514,38.49,14.11,2.77
Delhi,2024,5,18,6.9924,38.45,15.12,3.69
Delhi,2024,5,19,6.9463,38.84,17.41,4.19
Delhi,2024,5,20,6.8537,39.07,16.48,4.33
Delhi,2024,5,21,7.0322,37.88,14.96,2.65
Delhi,2024,5,22,6.7625,37.36,18.14,3.29
Delhi,2024,5,23,6.7082,36.76,29.06,4.82
Delhi,2024,5,24,6.6965,36.74,30.24,3.39
Delhi,2024,5,25,6.6859,38.26,23.1,3.5
Delhi,2024,5,26,7.5468,39.23,16.72,3.81
Delhi,2024,5,27,7.368,39.37,15.79,3.18
Delhi,2024,5,28,7.8518,40.32,9.69,2.73
Delhi,2024,5,29,7.1544,39.82,11.16,3.31
Delhi,2024,5,30,7.4938,39.49,13.15,4.59
Delhi,2024,5,31,7.3327,39.45,9.84,3.66
Delhi,2024,6,1,5.5327,38.63,15.77,3.74
Delhi,2024,6,2,6.9821,38.73,21.53,3
Delhi,2024,6,3,6.8935,39.2,18.55,4.28
Delhi,2024,6,4,6.0439,39.51,18.85,3.31
Delhi,2024,6,5,6.4454,38.81,21.15,4.3
Delhi,2024,6,6,6.9122,37.27,22.79,3.24
Delhi,2024,6,7,6.6312,37.43,26.29,4.54
Delhi,2024,6,8,6.3782,37.64,24.29,5.2
Delhi,2024,6,9,7.3402,37.28,21.07,4.85
Delhi,2024,6,10,6.7651,37.63,17.96,4.5
Delhi,2024,6,11,6.3982,38.21,16.09,3.77
Delhi,2024,6,12,7.247,39.09,14.95,3.74
Delhi,2024,6,13,6.8484,39.48,19.67,5.8
Delhi,2024,6,14,6.606,39.82,22.72,7.48
Delhi,2024,6,15,7.4501,40.23,20.93,6.55
Delhi,2024,6,16,7.32,40.28,21.8,6.47
Delhi,2024,6,17,6.7913,41.15,23.82,6.19
Delhi,2024,6,18,6.8626,41.23,24.27,6.66
Delhi,2024,6,19,6.5772,40.97,24.55,6.09
Delhi,2024,6,20,6.0775,38.99,27.03,2.96
Delhi,2024,6,21,5.0102,36.94,31.13,2.88
Delhi,2024,6,22,4.9565,37.05,29.25,1.98
Delhi,2024,6,23,5.118,38.13,31.69,2.59
Delhi,2024,6,24,4.446,35.09,47.12,2.92
Delhi,2024,6,25,5.1979,36.02,47.46,1.67
Delhi,2024,6,26,4.1546,36.06,45.85,2.99
Delhi,2024,6,27,3.9914,32.06,69.38,2.98
Delhi,2024,6,28,3.1092,31.85,67.8,3.48
Delhi,2024,6,29,3.3689,32.83,63.35,4.19
Delhi,2024,6,30,4.5914,33.33,63.7,3.24
Delhi,2024,7,1,4.1453,33.18,63.93,3.36
Delhi,2024,7,2,2.7682,33.78,66.18,2.94
Delhi,2024,7,3,2.0294,30.67,78.16,2.13
Delhi,2024,7,4,2.7986,28.55,85.11,3.71
Delhi,2024,7,5,3.619,31.32,73.22,3.25
Delhi,2024,7,6,3.3754,29.85,79.03,3.06
Delhi,2024,7,7,4.2502,30.08,76.58,1.75
Delhi,2024,7,8,3.6223,30.69,75.18,2.88
Delhi,2024,7,9,3.8213,30.22,75.75,2.54
Delhi,2024,7,10,3.4006,32.47,67.97,2.32
Delhi,2024,7,11,5.365,33.28,69.07,2.77
Delhi,2024,7,12,3.677,33.58,66,3.16
Delhi,2024,7,13,5.0957,31.54,68.35,1.78
Delhi,2024,7,14,6.151,32.44,62.33,2.13
Delhi,2024,7,15,4.4182,32.3,66.1,3.26
Delhi,2024,7,16,5.7718,32.53,68.17,4.07
Delhi,2024,7,17,5.6038,32.47,67.72,3.23
Delhi,2024,7,18,3.9266,32.3,70.47,2.39
Delhi,2024,7,19,3.5263,31.87,70.77,3.05
Delhi,2024,7,20,5.9998,32.13,68.07,2.44
Delhi,2024,7,21,5.0054,33.17,64.19,3.63
Delhi,2024,7,22,3.5302,32.43,68.85,3.82
Delhi,2024,7,23,4.5866,32.15,72.55,3.46
Delhi,2024,7,24,3.9125,29.89,83.12,4
Delhi,2024,7,25,4.6171,31.07,76.87,3.28
Delhi,2024,7,26,3.318,31.09,76.35,2.1
Delhi,2024,7,27,5.1545,30.71,81.12,2.73
Delhi,2024,7,28,6.0888,31.95,72.77,3.06
Delhi,2024,7,29,5.8927,31.85,72.43,3.59
Delhi,2024,7,30,6.1906,32.47,71.56,2.91
Delhi,2024,7,31,4.0613,31.78,78.87,2.98
Delhi,2024,8,1,4.5722,28.8,89.15,3.62
Delhi,2024,8,2,4.0054,29.08,84.65,3.11
Delhi,2024,8,3,5.0522,29.1,82.36,4.23
Delhi,2024,8,4,5.263,29.18,80.32,4.8
Delhi,2024,8,5,4.5869,29.17,82.51,6.22
Delhi,2024,8,6,4.9586,28.67,83.27,4.65
Delhi,2024,8,7,2.6407,27.1,89.45,4.55
Delhi,2024,8,8,4.2331,28.22,88.12,3.8
Delhi,2024,8,9,4.5859,28.26,91.23,1.67
Delhi,2024,8,10,3.8791,28.99,86.05,1.95
Delhi,2024,8,11,3.2141,28.22,87.73,2.57
Delhi,2024,8,12,3.8534,28.35,86.09,2.36
Delhi,2024,8,13,4.6968,28.34,89.16,2.77
Delhi,2024,8,14,4.5058,28.44,90.84,2.15
Delhi,2024,8,15,4.4165,28.95,87.24,2.37
Delhi,2024,8,16,4.848,28.83,86.75,3.75
Delhi,2024,8,17,5.1482,29.18,86.82,1.54
Delhi,2024,8,18,4.416,29.51,84.28,2.36
Delhi,2024,8,19,4.1119,29.09,84.54,2.28
Delhi,2024,8,20,3.9494,28.75,84.75,2.33
Delhi,2024,8,21,5.3148,29.34,82.12,2.15
Delhi,2024,8,22,5.3978,29.87,81.01,1.93
Delhi,2024,8,23,3.0641,28.56,83.46,1.1
Delhi,2024,8,24,4.775,29.31,81.68,1.55
Delhi,2024,8,25,5.2565,28.75,84.05,4.23
Delhi,2024,8,26,4.6332,28.34,84.37,4.55
Delhi,2024,8,27,4.8938,28.21,84.66,4.83
Delhi,2024,8,28,4.5396,28.07,86.49,3
Delhi,2024,8,29,3.6274,27.75,85.08,3.1
Delhi,2024,8,30,5.9062,28.75,77.73,1.12
Delhi,2024,8,31,5.849,29.17,77.81,2.66
Delhi,2024,9,1,5.5102,29.91,76.99,2.02
Delhi,2024,9,2,4.4071,27.22,88.06,3.05
Delhi,2024,9,3,4.9798,29.25,79.5,2.3
Delhi,2024,9,4,2.7811,28.4,83.96,1.5
Delhi,2024,9,5,4.8204,28.44,81.96,1.4
Delhi,2024,9,6,3.5388,27.31,88.27,2.76
Delhi,2024,9,7,4.0334,28.01,84.63,1.63
Delhi,2024,9,8,2.0954,28.99,81.18,1.09
Delhi,2024,9,9,4.6397,28.69,82.94,1.18
Delhi,2024,9,10,4.4892,30,76.36,1.31
Delhi,2024,9,11,3.1966,28.44,85.21,1.9
Delhi,2024,9,12,1.8802,27.35,90.04,4.95
Delhi,2024,9,13,1.7683,27.54,87.18,4.31
Delhi,2024,9,14,3.5424,27.08,85.49,3.92
Delhi,2024,9,15,4.4321,26.87,84.11,3.1
Delhi,2024,9,16,5.2207,26.51,81.5,3.06
Delhi,2024,9,17,4.5737,27.04,80.19,1.72
Delhi,2024,9,18,1.5871,26.05,88.8,2.69
Delhi,2024,9,19,3.5921,27.14,86.45,3.27
Delhi,2024,9,20,5.4283,27.8,83.68,1.46
Delhi,2024,9,21,5.4576,28.37,82.88,1.57
Delhi,2024,9,22,5.3738,29.22,81.54,1.65
Delhi,2024,9,23,5.4022,29.32,82.91,1.74
Delhi,2024,9,24,4.981,30.37,75.8,0.73
Delhi,2024,9,25,3.8654,28.54,86.49,2.79
Delhi,2024,9,26,4.4165,27.38,88.79,2.83
Delhi,2024,9,27,4.4179,26.73,87.68,4.17
Delhi,2024,9,28,4.0512,26.14,90.19,3.35
Delhi,2024,9,29,4.0015,28.16,81.01,1.49
Delhi,2024,9,30,4.7453,27.27,80.79,2.68
Delhi,2024,10,1,5.1468,27.23,77.42,2.93
Delhi,2024,10,2,5.64,27.21,74.81,3.06
Delhi,2024,10,3,5.8001,26.92,69.29,2.62
Delhi,2024,10,4,5.6942,26.56,74.69,2.27
Delhi,2024,10,5,5.4314,27.28,78.14,2.5
Delhi,2024,10,6,5.2092,26.54,73.77,2.25
Delhi,2024,10,7,5.2404,26.26,71.46,1.81
Delhi,2024,10,8,5.0172,26.64,65.25,1.35
Delhi,2024,10,9,4.9322,26.25,64.92,1.76
Delhi,2024,10,10,5.172,25.34,69.56,2.98
Delhi,2024,10,11,5.3902,24.17,64.88,2.75
Delhi,2024,10,12,5.1607,24.43,59.33,2.38
Delhi,2024,10,13,4.6046,24.45,60.75,1.82
Delhi,2024,10,14,4.6848,25.38,66.48,2.31
Delhi,2024,10,15,4.9889,24.78,56.2,2.1
Delhi,2024,10,16,4.3752,24.55,58.63,2.28
Delhi,2024,10,17,4.6193,24.79,64.25,2.33
Delhi,2024,10,18,4.9606,25.25,62.99,1.88
Delhi,2024,10,19,4.9543,25.18,67.11,2.08
Delhi,2024,10,20,4.5816,25.16,66.14,1.52
Delhi,2024,10,21,4.2096,24.92,72.21,1.59
Delhi,2024,10,22,4.0846,24.93,74.97,1.65
Delhi,2024,10,23,3.9871,24.6,66.57,2.49
Delhi,2024,10,24,4.476,24.33,66.73,3.02
Delhi,2024,10,25,4.595,24.85,63.01,2.84
Delhi,2024,10,26,4.7285,24.5,61.69,2.73
Delhi,2024,10,27,4.7846,24.14,69.85,2.14
Delhi,2024,10,28,4.5379,24.25,79.63,2.72
Delhi,2024,10,29,4.4899,25.41,74.41,2.24
Delhi,2024,10,30,4.5672,26.67,65.07,1.93
Delhi,2024,10,31,4.5072,25.63,58.6,2.87
Delhi,2024,11,1,4.3332,24.15,49.4,3.07
Delhi,2024,11,2,4.0375,23.87,52.38,2.09
Delhi,2024,11,3,3.8587,23.81,57.63,1.47
Delhi,2024,11,4,3.4493,22.93,64.86,1.72
Delhi,2024,11,5,3.3622,22.69,69.13,2.16
Delhi,2024,11,6,3.1752,22.81,68.3,1.9
Delhi,2024,11,7,2.9434,22.78,71.49,2.08
Delhi,2024,11,8,3.0682,23.16,73.68,2.16
Delhi,2024,11,9,3.3658,23.17,75.92,2.85
Delhi,2024,11,10,3.0595,23.65,66.71,2.05
Delhi,2024,11,11,3.0391,23.76,64.43,1.71
Delhi,2024,11,12,3.5602,23.21,60.45,2.44
Delhi,2024,11,13,2.4797,22.04,53.42,1.95
Delhi,2024,11,14,3.061,22.31,48.97,1.49
Delhi,2024,11,15,3.4565,22.05,50.03,2.36
Delhi,2024,11,16,3.1747,21.45,51.4,2.45
Delhi,2024,11,17,3.0682,21.13,53.46,2.27
Delhi,2024,11,18,2.2733,19.08,52.76,2.29
Delhi,2024,11,19,2.6321,18.59,48.16,2.7
Delhi,2024,11,20,3.1397,18.65,44.78,2.15
Delhi,2024,11,21,3.3406,18.98,41.55,1.89
Delhi,2024,11,22,2.9786,18.87,41.14,1.96
Delhi,2024,11,23,2.911,18.68,48.05,2.2
Delhi,2024,11,24,3.5671,19.16,50.04,3.14
Delhi,2024,11,25,3.1238,17.93,52.52,3.35
Delhi,2024,11,26,3.4862,17.53,48.36,3.06
Delhi,2024,11,27,3.4126,17.98,48.55,2.51
Delhi,2024,11,28,3.4874,18.53,44.89,1.63
Delhi,2024,11,29,3.3734,18.3,44.33,1.71
Delhi,2024,11,30,3.3274,17.7,47.81,2.45
Delhi,2024,12,1,3.474,17.19,48.45,2.27
Delhi,2024,12,2,3.6542,19.09,47.4,1.92
Delhi,2024,12,3,3.6629,19.33,51.27,2.3
Delhi,2024,12,4,3.8798,18.25,52.08,4.23
Delhi,2024,12,5,4.073,16.13,46.62,3.77
Delhi,2024,12,6,3.8549,16.31,46.85,3.33
Delhi,2024,12,7,3.8304,16.12,37.67,1.79
Delhi,2024,12,8,3.0907,14.81,45.52,3.3
Delhi,2024,12,9,3.317,13.93,60.69,2.42
Delhi,2024,12,10,3.5837,12.7,48.65,4.05
Delhi,2024,12,11,3.8904,12.36,33.17,3.38
Delhi,2024,12,12,3.7884,11.45,35.65,3.62
Delhi,2024,12,13,3.7879,12.23,38.43,5.26
Delhi,2024,12,14,3.997,11.82,36.87,4.11
Delhi,2024,12,15,3.7145,12.42,35.5,2.17
Delhi,2024,12,16,3.4157,13.8,33.94,2.02
Delhi,2024,12,17,3.2525,15.19,31.46,1.21
Delhi,2024,12,18,2.855,13.99,35.23,1.74
Delhi,2024,12,19,2.8308,13.91,42.94,1.76
Delhi,2024,12,20,2.7506,14.24,48.53,1.98
Delhi,2024,12,21,2.8488,14.06,52.19,2.63
Delhi,2024,12,22,2.7989,15.63,47.83,1.69
Delhi,2024,12,23,1.2804,13.26,57.92,2.41
Delhi,2024,12,24,1.3817,15.63,63.86,1.86
Delhi,2024,12,25,1.967,15.14,66.08,2.26
Delhi,2024,12,26,2.3045,16.27,52.7,1.55
Delhi,2024,12,27,0.383,17.27,64.59,3.1
Delhi,2024,12,28,0.4714,15.2,87.76,2.61
Delhi,2024,12,29,1.8948,14.42,72.73,3.86
Delhi,2024,12,30,1.4419,12.35,55.76,3.76
Delhi,2024,12,31,1.7251,11.62,49.13,2.33
Delhi,2025,1,1,2.1576,12.22,45.72,3.66
Delhi,2025,1,2,2.3964,13.24,47.31,3.77
Delhi,2025,1,3,2.3753,14.55,51.3,2.65
Delhi,2025,1,4,2.1782,15.22,51.49,2.24
Delhi,2025,1,5,2.5596,14.42,56.55,2.83
Delhi,2025,1,6,1.9538,14.03,61.57,2.11
Delhi,2025,1,7,1.3056,12.53,58.99,4.2
Delhi,2025,1,8,3.7836,11.72,41.82,4.13
Delhi,2025,1,9,3.4121,13.72,34.59,1.74
Delhi,2025,1,10,2.3134,13.74,32.88,1.24
Delhi,2025,1,11,1.9841,12.18,49.01,2.72
Delhi,2025,1,12,1.4659,12.42,74.62,2.34
Delhi,2025,1,13,2.8987,13.3,69.46,3.62
Delhi,2025,1,14,3.245,13.24,48.98,2.48
Delhi,2025,1,15,1.1215,13.74,46.41,2.17
Delhi,2025,1,16,2.2543,13.22,78.08,1.52
Delhi,2025,1,17,2.9698,12.46,65.43,3.31
Delhi,2025,1,18,2.9484,13.15,44.93,2.13
Delhi,2025,1,19,3.2758,16.1,46.35,2.42
Delhi,2025,1,20,3.4944,15.84,46.96,3.97
Delhi,2025,1,21,3.8606,15.73,45.82,3.86
Delhi,2025,1,22,3.4882,16.37,50.48,2.4
Delhi,2025,1,23,3.2873,16.68,46.63,3.13
Delhi,2025,1,24,4.4983,14.34,44.5,4.3
Delhi,2025,1,25,4.1167,13.83,35.54,4.35
Delhi,2025,1,26,4.7412,13.03,32.29,3.39
Delhi,2025,1,27,4.5833,12.61,33.66,3.66
Delhi,2025,1,28,4.6606,14.52,30.52,2.62
Delhi,2025,1,29,4.3404,15.14,34.13,2.88
Delhi,2025,1,30,4.231,15.7,38.91,2.56
Delhi,2025,1,31,4.1251,16.72,41.71,2.15
Delhi,2025,2,1,3.751,17.76,39.68,2.17
Delhi,2025,2,2,3.462,16.86,48.01,2.89
Delhi,2025,2,3,4.0433,17.31,42.49,2.76
Delhi,2025,2,4,2.1864,18.36,44.6,2.19
Delhi,2025,2,5,4.6699,15.06,44.38,4.1
Delhi,2025,2,6,4.7016,14.44,35.93,4.72
Delhi,2025,2,7,4.8588,14.4,37.24,4.92
Delhi,2025,2,8,4.8266,15.54,33.55,3.92
Delhi,2025,2,9,4.8242,17.53,30.48,2.49
Delhi,2025,2,10,4.362,19.01,30.7,2.34
Delhi,2025,2,11,4.7755,19.49,33.14,2.41
Delhi,2025,2,12,4.9956,18.17,38.97,4.4
Delhi,2025,2,13,5.2306,16.98,30.39,5.55
Delhi,2025,2,14,5.1828,17.23,30.19,4.86
Delhi,2025,2,15,4.2893,18.74,34.76,3
Delhi,2025,2,16,4.6613,18.73,42.91,2.23
Delhi,2025,2,17,4.4544,20.86,35.99,1.95
Delhi,2025,2,18,4.279,20.42,36.46,2.75
Delhi,2025,2,19,4.2907,20.55,34.88,2.18
Delhi,2025,2,20,4.2468,20.54,52.68,3.91
Delhi,2025,2,21,4.6442,19.68,51.58,2.64
Delhi,2025,2,22,4.8792,17.79,48.25,3.88
Delhi,2025,2,23,5.4403,18.57,44.16,2.76
Delhi,2025,2,24,5.4103,19,42.58,2.76
Delhi,2025,2,25,4.8866,20.52,40.05,2.1
Delhi,2025,2,26,4.7659,21.59,37.94,1.46
Delhi,2025,2,27,2.0894,20.7,52.51,2.6
Delhi,2025,2,28,2.7492,19.3,68.65,3.83
Delhi,2025,3,1,4.1359,20.62,63.49,3.34
Delhi,2025,3,2,5.5037,20.6,45.89,3.75
Delhi,2025,3,3,5.5656,20.77,33.78,2.3
Delhi,2025,3,4,5.718,20.32,39.08,4.66
Delhi,2025,3,5,5.8517,17.4,29.95,7.11
Delhi,2025,3,6,6.2342,18.08,27.46,4.89
Delhi,2025,3,7,6.0809,19.71,29.36,3.2
Delhi,2025,3,8,6.2942,21.37,30.1,3.34
Delhi,2025,3,9,6.1054,23.17,28.32,2.58
Delhi,2025,3,10,5.4828,23.86,28.97,3.26
Delhi,2025,3,11,4.8535,24.95,31.41,2.39
Delhi,2025,3,12,5.4698,25.54,37.05,3.45
Delhi,2025,3,13,4.703,27.48,38,1.92
Delhi,2025,3,14,5.5416,27.97,35.16,1.9
Delhi,2025,3,15,5.0194,26.17,34.74,3.17
Delhi,2025,3,16,5.9033,24.39,36.11,3.56
Delhi,2025,3,17,6.0818,23.08,37.59,3.25
Delhi,2025,3,18,6.3149,23.01,32.91,3.18
Delhi,2025,3,19,6.5566,24.59,26.63,3.08
Delhi,2025,3,20,6.1361,25.13,25.87,3.04
Delhi,2025,3,21,6.2909,24.86,26.81,4.07
Delhi,2025,3,22,5.849,24.69,22.56,2.87
Delhi,2025,3,23,6.629,25.11,20.84,1.91
Delhi,2025,3,24,6.7697,26.4,17.23,2.29
Delhi,2025,3,25,6.6463,27.38,19.38,2.6
Delhi,2025,3,26,6.4591,30.47,19.44,1.53
Delhi,2025,3,27,5.7739,29.66,19.25,3.16
Delhi,2025,3,28,7.1167,26.13,11.72,5
Delhi,2025,3,29,6.0725,22.34,10.3,4.79
Delhi,2025,3,30,7.1299,24.53,11.33,4.4
Delhi,2025,3,31,7.2797,25.55,12.65,3.78
Delhi,2025,4,1,7.1366,25.98,16.39,3.59
Delhi,2025,4,2,7.0493,28.07,13.08,2.13
Delhi,2025,4,3,6.5074,29.69,11.41,1.34
Delhi,2025,4,4,6.6233,29.37,14.3,2.72
Delhi,2025,4,5,7.1412,28.32,19.24,3.48
Delhi,2025,4,6,6.9564,30.31,16.07,2.81
Delhi,2025,4,7,6.8064,31.6,16.86,2.94
Delhi,2025,4,8,6.5986,31.5,16.94,4.13
Delhi,2025,4,9,6.4061,32.23,22.7,2.92
Delhi,2025,4,10,5.4391,32.64,26.03,2.18
Delhi,2025,4,11,5.916,31.09,33.81,4.77
Delhi,2025,4,12,6.5362,29.21,37.59,2.49
Delhi,2025,4,13,6.5724,30.67,28.17,2.04
Delhi,2025,4,14,6.9113,30.47,25.88,3.17
Delhi,2025,4,15,6.493,30.98,29.1,3.33
Delhi,2025,4,16,6.1606,32.04,27.42,3.09
Delhi,2025,4,17,6.4706,33.11,25.1,2.98
Delhi,2025,4,18,6.5846,33.37,25.63,3.23
Delhi,2025,4,19,6.3482,33.11,29.96,6.23
Delhi,2025,4,20,6.3302,33.06,27.35,4.44
Delhi,2025,4,21,6.4654,33.41,15.3,2.79
Delhi,2025,4,22,7.6039,31.49,8.6,3.62
Delhi,2025,4,23,7.5432,31.97,11.75,3.86
Delhi,2025,4,24,7.7299,33.22,6.93,2.26
Delhi,2025,4,25,7.3795,33.22,8.1,2.76
Delhi,2025,4,26,6.0634,34.22,9.49,2.34
Delhi,2025,4,27,6.4603,33.14,12.17,2.11
Delhi,2025,4,28,6.4666,32.68,15.72,4.17
Delhi,2025,4,29,6.6672,30.9,23.65,4.43
Delhi,2025,4,30,6.461,31.55,30.42,4.44
Delhi,2025,5,1,6.0518,31.98,33.83,4.89
Delhi,2025,5,2,3.497,28.81,51.26,3.29
Delhi,2025,5,3,5.4058,28.57,52.19,2.91
Delhi,2025,5,4,5.1146,29.66,47.06,4.92
Delhi,2025,5,5,4.2862,29.2,51.07,3.68
Delhi,2025,5,6,6.2789,29.33,41.23,3.27
Delhi,2025,5,7,5.1161,31.04,42.05,3.17
Delhi,2025,5,8,5.5639,31.12,43.49,3.43
Delhi,2025,5,9,5.8716,31.33,42.01,2.57
Delhi,2025,5,10,4.5307,32.01,44.7,2.11
Delhi,2025,5,11,6.564,33.3,41.14,1.82
Delhi,2025,5,12,6.9718,34,32.25,2.86
Delhi,2025,5,13,6.2762,34.08,37.81,4.19
Delhi,2025,5,14,7.1234,33.9,37.71,2.56
Delhi,2025,5,15,7.074,35.04,27.46,2.49
Delhi,2025,5,16,7.0078,36.41,25.4,3.55
Delhi,2025,5,17,6.3053,35.78,26.85,3.8
Delhi,2025,5,18,7.2053,35.87,27.74,3.26
Delhi,2025,5,19,6.5158,35.48,23.43,3.22
Delhi,2025,5,20,6.7649,36.28,25.06,3.46
Delhi,2025,5,21,6.9365,36.9,24.03,4
Delhi,2025,5,22,6.7874,31.36,44.63,4.44
Delhi,2025,5,23,6.8388,32.68,38.75,4.24
Delhi,2025,5,24,6.2489,33.54,37.73,5.15
Delhi,2025,5,25,4.0022,30.6,54.34,3.5
Delhi,2025,5,26,5.603,31.97,48.46,3.23
Delhi,2025,5,27,6.6132,32.94,41.29,2.26
Delhi,2025,5,28,5.9364,33.92,45.99,2.22
Delhi,2025,5,29,4.6176,34.71,42.33,1.95
Delhi,2025,5,30,3.9259,34.38,42.26,1.48
Delhi,2025,5,31,5.85,34.29,33.24,2.05
Delhi,2025,6,1,4.932,32.98,40.29,4.74
Delhi,2025,6,2,6.162,31.39,46.42,1.86
Delhi,2025,6,3,4.2955,30.76,39.17,1.73
Delhi,2025,6,4,5.268,30.8,39.34,1.97
Delhi,2025,6,5,6.9379,32.28,38.34,1.44
Delhi,2025,6,6,6.7406,33.28,34.1,1.81
Delhi,2025,6,7,6.6864,34.66,31.95,2.06
Delhi,2025,6,8,6.4327,36.93,29.6,2.57
Delhi,2025,6,9,7.0109,37.85,24.42,2.58
Delhi,2025,6,10,7.2144,37.75,21.43,3.34
Delhi,2025,6,11,6.9569,37.93,22.58,2.41
Delhi,2025,6,12,6.0113,37.77,27.84,2.69
Delhi,2025,6,13,5.3856,37.99,33,3.57
Delhi,2025,6,14,6.018,36.81,34.83,2.38
Delhi,2025,6,15,4.6694,35.63,38.54,3.59
Delhi,2025,6,16,3.7464,33.25,53.61,3.45
Delhi,2025,6,17,3.7961,32.52,58.95,2.69
Delhi,2025,6,18,4.5528,29.89,74.29,2.5
Delhi,2025,6,19,5.5586,32.24,60.04,3.76
Delhi,2025,6,20,3.5496,33.21,58.38,3.65
Delhi,2025,6,21,5.4694,34.39,51.18,3.35
Delhi,2025,6,22,3.8122,34.88,49.49,1.82
Delhi,2025,6,23,4.873,34.15,53.1,2.74
Delhi,2025,6,24,3.6631,34.02,51.05,2
Delhi,2025,6,25,2.6086,34.03,51.69,4.18
Delhi,2025,6,26,5.9496,34.08,53.01,4.88
Delhi,2025,6,27,6.7207,34.7,49.95,4.41
Delhi,2025,6,28,4.0819,33.5,54.03,3.17
Delhi,2025,6,29,2.3417,32.06,64.5,2.59
Delhi,2025,6,30,1.9836,27.98,87.23,3.32
Delhi,2025,7,1,4.205,30.61,65.92,2.98
Delhi,2025,7,2,6.0535,31.8,64.87,3.26
Delhi,2025,7,3,5.6854,32.16,64.38,3.83
Delhi,2025,7,4,5.184,31.73,68.34,2.97
Delhi,2025,7,5,4.6118,32.46,64.19,2.43
Delhi,2025,7,6,3.3667,31.16,70.86,2.41
Delhi,2025,7,7,3.8988,32.05,67.35,1.73
Delhi,2025,7,8,5.4583,31.84,69.82,1.97
Delhi,2025,7,9,4.5062,30.84,71.74,2.47
Delhi,2025,7,10,3.102,28.07,84.64,3.23
Delhi,2025,7,11,4.5235,30.23,71.62,1.69
Delhi,2025,7,12,4.9747,31.18,68.06,1.96
Delhi,2025,7,13,4.9423,29.16,76.68,2.32
Delhi,2025,7,14,4.4746,28.8,81.26,5.55
Delhi,2025,7,15,4.9757,29,81.5,7.27
Delhi,2025,7,16,5.0138,28.18,78.12,4.17
Delhi,2025,7,17,4.3865,28.82,78.18,3.35
Delhi,2025,7,18,4.5,28.83,76.98,6.47
Delhi,2025,7,19,6,29.38,76.54,5.43
Delhi,2025,7,20,5.7254,31.04,70.69,3.36
Delhi,2025,7,21,2.8409,30.02,72.1,2.59
Delhi,2025,7,22,3.8326,29.39,79.71,1.96
Delhi,2025,7,23,2.0186,29.87,82.6,2.37
Delhi,2025,7,24,5.8296,31.09,74.16,2.58
Delhi,2025,7,25,5.9798,31.91,71.93,2.28
Delhi,2025,7,26,5.8668,32.27,69.54,1.59
Delhi,2025,7,27,5.1494,31.35,69.97,3.07
Delhi,2025,7,28,4.3445,29.46,77.1,1.28
Delhi,2025,7,29,2.2692,28.56,85.44,1.9
Delhi,2025,7,30,3.4735,29.34,84.33,3.39
Delhi,2025,7,31,2.4106,29.14,85.09,2.28
Delhi,2025,8,1,3.7394,29.74,81.49,1.67
Delhi,2025,8,2,4.7086,29.59,81.07,2.9
Delhi,2025,8,3,4.3567,29.19,82.74,3.07
Delhi,2025,8,4,2.5202,29.26,83.93,3.76
Delhi,2025,8,5,2.4782,28.34,88.16,3.33
Delhi,2025,8,6,5.023,28.43,82.44,2.29
Delhi,2025,8,7,6.4154,29.14,78.66,3.27
Delhi,2025,8,8,5.245,29.74,77.12,2.93
Delhi,2025,8,9,1.1544,28.42,83.7,1.96
Delhi,2025,8,10,4.2838,29.06,81.88,1.79
Delhi,2025,8,11,3.7248,29.49,82.53,2.55
Delhi,2025,8,12,4.133,29.18,83.34,2.55
Delhi,2025,8,13,4.5948,29.01,83.08,2.36
Delhi,2025,8,14,1.8487,27.34,89.8,2.62
Delhi,2025,8,15,3.0154,27.92,83.6,1.43
Delhi,2025,8,16,4.2655,28.38,83.95,2.23
Delhi,2025,8,17,3.9698,29.06,84.89,2.39
Delhi,2025,8,18,5.1017,28.01,90.4,3.18
Delhi,2025,8,19,5.2262,28.77,83.85,2.67
Delhi,2025,8,20,6.0924,28.55,84.55,3.66
Delhi,2025,8,21,5.3758,28.94,84.6,3.07
Delhi,2025,8,22,4.3255,29.52,81.54,1.48
Delhi,2025,8,23,4.4542,28.47,86.76,2.06
Delhi,2025,8,24,4.8046,28.29,86.64,3.36
Delhi,2025,8,25,2.3993,27.19,92.24,4.41
Delhi,2025,8,26,3.6698,27.86,87.58,3.99
Delhi,2025,8,27,3.811,28.73,85.08,2.02
Delhi,2025,8,28,4.2526,28.75,84.1,2.23
Delhi,2025,8,29,2.237,27.16,90.71,3.6
Delhi,2025,8,30,4.7849,27.84,89.03,3.21
Delhi,2025,8,31,1.8288,27.23,92.43,3
Delhi,2025,9,1,2.2627,26.64,91.2,4.08
Delhi,2025,9,2,2.1708,26.68,90.94,4.99
Delhi,2025,9,3,2.7994,26.81,90.66,2.85
Delhi,2025,9,4,5.0734,27.73,85.18,1.98
Delhi,2025,9,5,4.117,26.75,89.64,4.71
Delhi,2025,9,6,4.703,27.6,88.02,3.78
Delhi,2025,9,7,4.1364,27.51,88.05,3.07
Delhi,2025,9,8,5.3208,27.41,85.93,2.18
Delhi,2025,9,9,5.755,27.96,84.64,2.86
Delhi,2025,9,10,5.7182,27.33,85.49,4.49
Delhi,2025,9,11,5.7259,26.78,83.76,3.94
Delhi,2025,9,12,5.5075,27.69,81.75,2.77
Delhi,2025,9,13,5.1242,28.34,76.07,1.57
Delhi,2025,9,14,4.2576,28.41,78.05,2.2
Delhi,2025,9,15,5.7142,28.05,82.12,2.88
Delhi,2025,9,16,5.375,28.57,77.49,1.56
Delhi,2025,9,17,4.0572,28.53,80.07,1.71
Delhi,2025,9,18,4.4364,28,83.26,1.45
Delhi,2025,9,19,4.5382,28.25,81.67,2.23
Delhi,2025,9,20,5.46,27.57,79.8,2.94
Delhi,2025,9,21,5.9556,26.7,79.21,3.13
Delhi,2025,9,22,5.9621,25.97,77.63,3.14
Delhi,2025,9,23,5.9544,25.83,76.49,3.34
Delhi,2025,9,24,5.9767,26.04,73.43,3.3
Delhi,2025,9,25,5.8654,26.02,74.8,3.01
Delhi,2025,9,26,5.8898,26.34,77.33,3.16
Delhi,2025,9,27,5.2793,28.45,79.25,1.43
Delhi,2025,9,28,5.405,28.25,82.42,3.11
Delhi,2025,9,29,5.0753,27.92,82.78,2.44
Delhi,2025,9,30,1.5161,26.35,88.32,1.96
Delhi,2025,10,1,4.7321,26.77,79.51,1.22
Delhi,2025,10,2,4.1844,26.28,81.31,2.05
Delhi,2025,10,3,4.7743,26.46,83,1.8
Delhi,2025,10,4,5.0086,26.97,76.61,2.31
Delhi,2025,10,5,5.2073,26.79,67.73,1.94
Delhi,2025,10,6,1.7909,24.99,81.68,1.96
Delhi,2025,10,7,4.0385,23.76,87.72,3.03
Delhi,2025,10,8,3.5071,22.14,81.68,2.2
Delhi,2025,10,9,4.8065,21.88,78.45,2.78
Delhi,2025,10,10,5.215,22.21,67.44,1.83
Delhi,2025,10,11,4.969,22.94,61.73,1.39
Delhi,2025,10,12,5.1494,23.53,69.84,2.07
Delhi,2025,10,13,5.0998,23.99,56.77,1.25
Delhi,2025,10,14,5.1065,23.6,55.44,1.4
Delhi,2025,10,15,4.8977,23.55,55.3,1.37
Delhi,2025,10,16,4.9711,23.23,55.43,1.68
Delhi,2025,10,17,4.8492,23.72,62.22,1.28
Delhi,2025,10,18,4.5578,23.69,66.53,1.57
Delhi,2025,10,19,4.271,23.81,65.52,1.84
Delhi,2025,10,20,3.875,24.01,65.73,2
Delhi,2025,10,21,3.5482,24.04,72.68,1.58
Delhi,2025,10,22,3.8513,24.85,66.67,1.52
Delhi,2025,10,23,4.2266,24.09,55.94,1.8
Delhi,2025,10,24,4.3126,23.5,53.52,1.56
Delhi,2025,10,25,4.134,22.83,52.32,1.51
Delhi,2025,10,26,4.0265,23.09,49,1.37
Delhi,2025,10,27,1.9534,22.51,58.09,1.61
Delhi,2025,10,28,2.0203,20.95,75.55,1.7
Delhi,2025,10,29,3.4169,22.92,70.8,1.24
Delhi,2025,10,30,1.7167,23.02,78.93,1.43
Delhi,2025,10,31,3.2402,23.62,76.05,2.53
Delhi,2025,11,1,3.4433,23.21,64.18,2.51
Delhi,2025,11,2,3.5261,21.88,60.14,3.23
Delhi,2025,11,3,4.1266,21.41,53.53,3.19
Delhi,2025,11,4,3.6751,20.47,56.64,1.84
Delhi,2025,11,5,4.1554,21.47,53.4,2.25
Delhi,2025,11,6,4.4486,18.53,59.42,3.74
Delhi,2025,11,7,4.4354,17.23,52.47,3.6
Delhi,2025,11,8,4.163,16.34,50.6,3.01
Delhi,2025,11,9,3.8239,16.75,52.45,3.05
Delhi,2025,11,10,3.6763,18.08,47.78,2.17
Delhi,2025,11,11,3.5866,17.64,47.28,2.78
Delhi,2025,11,12,3.6557,16.97,53.47,3.52
Delhi,2025,11,13,3.5378,16.77,51.62,2.76
Delhi,2025,11,14,3.5479,16.94,48.65,2.52
Delhi,2025,11,15,3.51,17.13,46.68,2.71
Delhi,2025,11,16,3.9324,16.31,47.41,3.14
Delhi,2025,11,17,3.7102,16.85,45.66,2.42
Delhi,2025,11,18,3.4922,17.94,44.29,2.04
Delhi,2025,11,19,3.3286,18.32,50.34,1.72
Delhi,2025,11,20,3.1992,17.37,64.17,2.41
Delhi,2025,11,21,2.928,17.59,63.95,2.27
Delhi,2025,11,22,3.335,18.52,55.67,1.82
Delhi,2025,11,23,3.5362,18.51,46.61,1.32
Delhi,2025,11,24,3.2885,17.42,46.77,1.73
Delhi,2025,11,25,3.45,15.89,48.08,2.4
Delhi,2025,11,26,3.559,16.42,44.76,1.49
Delhi,2025,11,27,3.3324,17.79,38.62,0.79
Delhi,2025,11,28,3.0086,17.18,53.02,2.38
Delhi,2025,11,29,3.3062,16.68,54.48,3.53
Delhi,2025,11,30,3.0307,14.69,44.21,3.79
Delhi,2025,12,1,3.3936,15.52,41.43,2.13
Delhi,2025,12,2,2.9489,16.46,51.65,1.98
Delhi,2025,12,3,3.6742,14.32,47.51,3.13
Delhi,2025,12,4,3.5803,13.37,49.44,3.33
Delhi,2025,12,5,3.5249,13.62,45.56,2.42
Delhi,2025,12,6,3.6211,14.33,51.46,4
Delhi,2025,12,7,3.6307,14.68,44.86,3.6
Delhi,2025,12,8,3.7517,16.27,46.28,4.16
Delhi,2025,12,9,3.9281,14.67,47.23,4.44
Delhi,2025,12,10,3.8071,14.82,45.33,3.17
Delhi,2025,12,11,3.696,15.94,41.44,2.62
Delhi,2025,12,12,3.3228,16.11,43.09,2.09
Delhi,2025,12,13,2.6616,16.52,51.18,1.49
Delhi,2025,12,14,2.4518,17.01,50.34,1.39
Delhi,2025,12,15,2.7156,16.32,50.13,2.53
Delhi,2025,12,16,3.6221,14.36,53.83,3.87
Delhi,2025,12,17,3.3535,14.9,52.28,3.14
Delhi,2025,12,18,2.1554,14.97,64.01,2.12
Delhi,2025,12,19,2.5032,15.45,59.12,2.53
Delhi,2025,12,20,1.667,14.61,47.18,1.74
Delhi,2025,12,21,1.8982,13.95,55.99,2.01
Delhi,2025,12,22,2.0573,15.97,59.08,1.16
Delhi,2025,12,23,3.2671,16.15,60.92,3.55
Delhi,2025,12,24,3.833,13.76,57.15,4.01
Delhi,2025,12,25,3.5335,14.21,48.2,1.95
Delhi,2025,12,26,2.8954,14.57,46.98,1.52
Delhi,2025,12,27,2.3846,13.95,47.65,1.81
Delhi,2025,12,28,2.0813,13.37,47.97,2.04
Delhi,2025,12,29,1.4858,14.25,45.59,2.17
Delhi,2025,12,30,2.4972,14.64,40.85,2.19
Delhi,2025,12,31,1.5086,13.62,51.12,2.5
