City,YEAR,MO,DY,ALLSKY_SFC_SW_DWN,T2M,RH2M,WS10M
Hyderabad,2018,1,1,5.136,21.5,52.57,1.91
Hyderabad,2018,1,2,4.4431,19.99,56.52,2.17
Hyderabad,2018,1,3,4.307,19.99,53.93,2.11
Hyderabad,2018,1,4,4.5307,19.38,46.52,2.64
Hyderabad,2018,1,5,4.7618,19.87,43.59,1.96
Hyderabad,2018,1,6,4.7558,19.67,44.25,1.89
Hyderabad,2018,1,7,4.4544,19.9,45.26,1.8
Hyderabad,2018,1,8,4.5252,19.02,51.92,2.85
Hyderabad,2018,1,9,4.8281,18.88,51.37,2.76
Hyderabad,2018,1,10,5.0395,20.79,47.46,2.2
Hyderabad,2018,1,11,4.9392,22.1,42.53,2.07
Hyderabad,2018,1,12,4.9258,22.66,35.42,2.52
Hyderabad,2018,1,13,5.0834,23.73,34.49,2.57
Hyderabad,2018,1,14,4.6649,22.97,42.05,2.67
Hyderabad,2018,1,15,4.1124,23.44,46.47,2.45
Hyderabad,2018,1,16,5.0758,22.95,40.49,2.97
Hyderabad,2018,1,17,5.1187,22.43,34.4,2.56
Hyderabad,2018,1,18,5.341,22.02,33.36,2.88
Hyderabad,2018,1,19,5.5666,21.41,27.61,2.82
Hyderabad,2018,1,20,5.509,21.09,26.66,2.46
Hyderabad,2018,1,21,5.251,21.8,27.82,2.25
Hyderabad,2018,1,22,5.2145,20.79,44.02,2.51
Hyderabad,2018,1,23,4.8751,21.63,52.72,2.55
Hyderabad,2018,1,24,4.5406,21.98,37.94,3.02
Hyderabad,2018,1,25,5.0429,21.18,28.13,2.84
Hyderabad,2018,1,26,5.4778,20.92,15.62,2.53
Hyderabad,2018,1,27,5.1782,21.81,16.37,1.57
Hyderabad,2018,1,28,4.9663,21.42,23.21,2.5
Hyderabad,2018,1,29,5.4547,21.78,28.56,2.85
Hyderabad,2018,1,30,5.7583,21.54,22.46,3.46
Hyderabad,2018,1,31,6.1135,22.47,18.55,3.22
Hyderabad,2018,2,1,6.0857,23.5,15.75,2.8
Hyderabad,2018,2,2,6.066,24.09,16,1.7
Hyderabad,2018,2,3,6.1013,22.88,26.9,2.62
Hyderabad,2018,2,4,6.0554,22.57,41.12,3.09
Hyderabad,2018,2,5,5.6537,22.62,40.67,3.44
Hyderabad,2018,2,6,5.4931,23.83,36.51,2.53
Hyderabad,2018,2,7,3.1397,23.5,33.71,1.99
Hyderabad,2018,2,8,5.9537,25.93,25.91,1.16
Hyderabad,2018,2,9,4.6973,25.86,29.29,2.17
Hyderabad,2018,2,10,2.8735,25.09,37.02,1.77
Hyderabad,2018,2,11,4.585,24.72,54.47,4.86
Hyderabad,2018,2,12,4.9193,25.2,56.98,4.18
Hyderabad,2018,2,13,4.6634,24.34,54.98,3.59
Hyderabad,2018,2,14,5.6438,23.84,55.37,3.21
Hyderabad,2018,2,15,5.5471,23.92,45.5,3.17
Hyderabad,2018,2,16,5.909,23.48,28.28,3.56
Hyderabad,2018,2,17,6.6226,24.07,22.51,3.67
Hyderabad,2018,2,18,6.4027,24.59,25.89,2.3
Hyderabad,2018,2,19,5.9582,25,39.42,2.39
Hyderabad,2018,2,20,5.5529,25.68,46.17,2.64
Hyderabad,2018,2,21,5.4564,25.94,40.58,2.65
Hyderabad,2018,2,22,5.6038,25.97,37.35,2.62
Hyderabad,2018,2,23,6.0804,25.69,39.1,2.89
Hyderabad,2018,2,24,6.5018,25.11,40.27,3.56
Hyderabad,2018,2,25,6.5957,25.24,32.7,3.02
Hyderabad,2018,2,26,6.4222,26.73,22.7,2.55
Hyderabad,2018,2,27,6.0835,27.58,25.46,3.18
Hyderabad,2018,2,28,6.6209,27.4,20.85,2.86
Hyderabad,2018,3,1,6.5669,27.54,18.16,2.25
Hyderabad,2018,3,2,6.4954,28.28,19.5,1.93
Hyderabad,2018,3,3,6.1668,28.17,21.21,2.07
Hyderabad,2018,3,4,6.2155,28.42,20.48,2.7
Hyderabad,2018,3,5,6.3737,27.73,25.81,3.73
Hyderabad,2018,3,6,6.2856,27.87,24.4,3.11
Hyderabad,2018,3,7,6.1027,27.82,29.07,3.23
Hyderabad,2018,3,8,5.9566,27.56,26.06,3.63
Hyderabad,2018,3,9,6.0931,27.85,30.41,3.02
Hyderabad,2018,3,10,5.5709,28.29,34.81,2.21
Hyderabad,2018,3,11,5.575,28.48,35.02,3.15
Hyderabad,2018,3,12,5.3582,28.5,35.68,3.06
Hyderabad,2018,3,13,6.5969,28.51,33.42,3.35
Hyderabad,2018,3,14,6.3605,29.44,27.18,3.26
Hyderabad,2018,3,15,3.6811,29.79,31.91,2.55
Hyderabad,2018,3,16,3.1613,27.7,37.21,3.83
Hyderabad,2018,3,17,5.4883,27.14,46.02,2.1
Hyderabad,2018,3,18,6.3058,28.52,41.85,2.69
Hyderabad,2018,3,19,5.8284,28.33,37.42,2.36
Hyderabad,2018,3,20,6.0252,29.58,32.5,2.04
Hyderabad,2018,3,21,6.0096,30.65,30.61,2.85
Hyderabad,2018,3,22,6.7022,30.88,24.45,2.97
Hyderabad,2018,3,23,7.1909,30.27,18.98,2.8
Hyderabad,2018,3,24,6.8496,29.84,17.92,2.84
Hyderabad,2018,3,25,6.2506,29.98,26.63,2.57
Hyderabad,2018,3,26,6.5405,30.05,29.21,2.46
Hyderabad,2018,3,27,6.8486,30.75,27.05,2.05
Hyderabad,2018,3,28,6.7903,32.23,21.44,2.11
Hyderabad,2018,3,29,6.5623,31.22,22.3,2.2
Hyderabad,2018,3,30,6.0962,31.67,23.78,2.5
Hyderabad,2018,3,31,5.5939,31.48,44.51,3.81
Hyderabad,2018,4,1,5.6002,31.33,45.74,3.1
Hyderabad,2018,4,2,6.301,29.75,49.81,2.8
Hyderabad,2018,4,3,6.2374,28.56,54.59,2.45
Hyderabad,2018,4,4,6.078,30.32,43.17,2.91
Hyderabad,2018,4,5,5.376,30.21,46.57,2.78
Hyderabad,2018,4,6,4.8535,29.73,48.33,1.84
Hyderabad,2018,4,7,5.0266,29.24,52.05,2.42
Hyderabad,2018,4,8,5.2884,27.07,62.35,2.36
Hyderabad,2018,4,9,6.5016,27.83,54.62,2.82
Hyderabad,2018,4,10,6.9775,28.23,54.86,3.2
Hyderabad,2018,4,11,6.7414,28.71,52.34,2.41
Hyderabad,2018,4,12,6.7291,29.79,46.34,2.04
Hyderabad,2018,4,13,7.2276,30.53,41.25,3.23
Hyderabad,2018,4,14,6.5359,30.97,43.42,2.59
Hyderabad,2018,4,15,4.7762,30.49,47.14,3.08
Hyderabad,2018,4,16,7.0543,32.08,38.75,2.22
Hyderabad,2018,4,17,7.067,33.45,35.89,2.61
Hyderabad,2018,4,18,6.9874,34.43,32.3,2.38
Hyderabad,2018,4,19,6.9811,34.46,25.73,3.12
Hyderabad,2018,4,20,7.1873,34.36,22.69,3.22
Hyderabad,2018,4,21,7.4914,33.14,33.41,2.59
Hyderabad,2018,4,22,6.5945,33.42,39.24,2.04
Hyderabad,2018,4,23,6.6718,33.82,34.78,2.07
Hyderabad,2018,4,24,7.1489,33.76,25.67,2.7
Hyderabad,2018,4,25,6.9086,32.7,36.83,2.79
Hyderabad,2018,4,26,6.2314,33.06,37.07,3.93
Hyderabad,2018,4,27,7.0274,33.77,30.12,4.25
Hyderabad,2018,4,28,7.3673,32.85,38.38,4.11
Hyderabad,2018,4,29,6.8928,34.62,28.02,3.12
Hyderabad,2018,4,30,7.3778,35.24,24.75,3.28
Hyderabad,2018,5,1,6.7848,34.91,28.78,3.36
Hyderabad,2018,5,2,6.8386,33.73,44.6,3.99
Hyderabad,2018,5,3,4.542,31.48,52.26,4.04
Hyderabad,2018,5,4,6.5594,29.55,60.89,2.79
Hyderabad,2018,5,5,6.78,31.11,53.05,3.46
Hyderabad,2018,5,6,6.0691,32.66,44.04,3.41
Hyderabad,2018,5,7,6.8278,32.99,39.94,2.98
Hyderabad,2018,5,8,6.427,33.51,41.82,3.01
Hyderabad,2018,5,9,5.3594,33.42,41.27,3.58
Hyderabad,2018,5,10,6.1649,32.69,44.76,3.84
Hyderabad,2018,5,11,6.7848,33.21,40.34,3.21
Hyderabad,2018,5,12,6.287,34.3,34.95,2.86
Hyderabad,2018,5,13,5.4955,33.61,36.49,2.9
Hyderabad,2018,5,14,5.7173,33.07,38.07,3.82
Hyderabad,2018,5,15,6.9878,32.8,39.3,3.02
Hyderabad,2018,5,16,6.4222,33.47,33.09,3.53
Hyderabad,2018,5,17,6.0178,33.65,36.15,3.5
Hyderabad,2018,5,18,6.5093,33.13,39.3,3.18
Hyderabad,2018,5,19,6.9043,34.71,33.74,4.66
Hyderabad,2018,5,20,6.9552,34.31,33.99,4.37
Hyderabad,2018,5,21,6.294,32.53,38.82,4.31
Hyderabad,2018,5,22,6.1747,31.04,51.15,3.19
Hyderabad,2018,5,23,5.0621,32.73,43.62,3.03
Hyderabad,2018,5,24,5.6926,31.99,45.78,4.34
Hyderabad,2018,5,25,6.4097,33.89,37.3,4.56
Hyderabad,2018,5,26,6.762,33.43,42.41,4.4
Hyderabad,2018,5,27,6.3139,32.5,47.04,2.67
Hyderabad,2018,5,28,6.9166,33.22,42.95,3.87
Hyderabad,2018,5,29,6.6372,34.22,43.3,3.85
Hyderabad,2018,5,30,6.0924,34.41,40.84,3.72
Hyderabad,2018,5,31,5.6767,31.15,52.4,3.96
Hyderabad,2018,6,1,5.6482,30.8,58.36,1.97
Hyderabad,2018,6,2,2.6626,28.3,64.79,2.67
Hyderabad,2018,6,3,5.9633,31.34,52.14,2.91
Hyderabad,2018,6,4,6.5645,32.41,47.53,3.83
Hyderabad,2018,6,5,5.8478,30.67,52.54,3.59
Hyderabad,2018,6,6,5.6918,28.94,64.9,3.62
Hyderabad,2018,6,7,4.1131,27.43,76.49,4.11
Hyderabad,2018,6,8,4.23,27.42,74.35,3.65
Hyderabad,2018,6,9,4.2962,27.44,71.32,5.92
Hyderabad,2018,6,10,4.6922,27.95,66.92,7.56
Hyderabad,2018,6,11,3.3667,27.33,73.52,7.73
Hyderabad,2018,6,12,4.759,28.28,68.97,6.98
Hyderabad,2018,6,13,6.607,29.51,60.74,7.23
Hyderabad,2018,6,14,5.6153,30.34,54.32,6.67
Hyderabad,2018,6,15,6.5878,30.12,53.68,6.18
Hyderabad,2018,6,16,6.7418,30.08,49.83,6.67
Hyderabad,2018,6,17,6.4349,29.4,53.18,6.46
Hyderabad,2018,6,18,5.9347,28.95,57.25,6.9
Hyderabad,2018,6,19,7.0766,28.75,59.61,6.39
Hyderabad,2018,6,20,7.2655,28.8,60.96,3.67
Hyderabad,2018,6,21,6.6713,29.36,61.23,2.71
Hyderabad,2018,6,22,3.9816,27.81,73.72,2.23
Hyderabad,2018,6,23,3.985,26.74,78.6,2.66
Hyderabad,2018,6,24,5.6909,27.19,68.82,4.59
Hyderabad,2018,6,25,5.6611,27.5,63.19,7.08
Hyderabad,2018,6,26,5.1336,27.73,64.31,7.18
Hyderabad,2018,6,27,4.7945,26.73,71.67,6.64
Hyderabad,2018,6,28,3.6456,26.51,71.43,5.77
Hyderabad,2018,6,29,5.2164,27.48,64.14,4.52
Hyderabad,2018,6,30,6.5806,26.87,63.59,3.24
Hyderabad,2018,7,1,5.0681,28.01,58.51,4.06
Hyderabad,2018,7,2,6.0869,28.48,57.65,4.39
Hyderabad,2018,7,3,4.6702,26.44,65.23,6.92
Hyderabad,2018,7,4,5.2438,27.83,62.53,7.14
Hyderabad,2018,7,5,5.0921,27.34,68.47,6.97
Hyderabad,2018,7,6,3.4241,26.28,72.05,6.64
Hyderabad,2018,7,7,1.9351,24.94,73.26,7.09
Hyderabad,2018,7,8,1.9726,25,77.08,8.43
Hyderabad,2018,7,9,3.281,25.38,78.27,6.77
Hyderabad,2018,7,10,4.0171,26.78,71.98,7.23
Hyderabad,2018,7,11,2.8464,27.03,72.12,6.49
Hyderabad,2018,7,12,2.6114,25.24,77.79,8.31
Hyderabad,2018,7,13,3.7553,25.54,79.22,7.09
Hyderabad,2018,7,14,2.8682,25.73,76.91,6.24
Hyderabad,2018,7,15,3.3706,25.79,78.53,7.47
Hyderabad,2018,7,16,2.5457,25.41,81.28,7.66
Hyderabad,2018,7,17,4.7935,26.86,72.74,8.2
Hyderabad,2018,7,18,4.9687,27.04,71.85,7.07
Hyderabad,2018,7,19,5.2222,26.3,74.01,6.85
Hyderabad,2018,7,20,3.6571,25.38,79.57,7.09
Hyderabad,2018,7,21,4.1494,25.59,76.97,6.64
Hyderabad,2018,7,22,4.0711,26.21,72.84,6.98
Hyderabad,2018,7,23,5.0892,26.95,68.11,6.52
Hyderabad,2018,7,24,4.9838,27.41,67.67,6.73
Hyderabad,2018,7,25,5.0969,27.4,68.16,6.39
Hyderabad,2018,7,26,4.2168,26.54,70.95,6.38
Hyderabad,2018,7,27,4.6889,27.17,68.32,6.15
Hyderabad,2018,7,28,4.2106,27.56,65.78,5.82
Hyderabad,2018,7,29,4.8758,27.98,64.89,5.58
Hyderabad,2018,7,30,5.3642,28.14,62.69,5.65
Hyderabad,2018,7,31,5.1898,27.77,63.73,6.01
Hyderabad,2018,8,1,4.4587,27.45,66.85,6.24
Hyderabad,2018,8,2,4.7398,27.48,68.52,6.1
Hyderabad,2018,8,3,5.2183,27.28,66.78,5.96
Hyderabad,2018,8,4,4.776,27.17,67.76,6.06
Hyderabad,2018,8,5,4.8182,27.16,66.49,6.51
Hyderabad,2018,8,6,4.2965,26.78,66.99,7
Hyderabad,2018,8,7,3.1531,26.41,68.97,6.81
Hyderabad,2018,8,8,3.36,25.78,71.94,6.78
Hyderabad,2018,8,9,4.4364,26.95,73.23,5.15
Hyderabad,2018,8,10,4.5826,26.97,71.26,6.41
Hyderabad,2018,8,11,1.3344,25.56,79.64,7.48
Hyderabad,2018,8,12,3.1306,24.5,82.14,7.61
Hyderabad,2018,8,13,3.875,24.92,78.21,7.79
Hyderabad,2018,8,14,3.4886,25.22,79.6,5.54
Hyderabad,2018,8,15,2.105,24.94,81.97,6.22
Hyderabad,2018,8,16,2.1127,24.45,85.85,8.51
Hyderabad,2018,8,17,3.8645,25.69,75.71,7.98
Hyderabad,2018,8,18,4.4717,25.47,76.88,6.94
Hyderabad,2018,8,19,2.4012,25.39,80.36,7.03
Hyderabad,2018,8,20,1.6625,23.88,86.15,8.07
Hyderabad,2018,8,21,4.236,25.22,79.37,7.38
Hyderabad,2018,8,22,4.685,25.9,77.23,6.28
Hyderabad,2018,8,23,4.8346,26.18,77.2,6.2
Hyderabad,2018,8,24,5.383,25.53,78.44,5.57
Hyderabad,2018,8,25,5.3074,25.35,77.98,5.87
Hyderabad,2018,8,26,3.8669,25.03,79.14,5.71
Hyderabad,2018,8,27,3.7164,24.24,83.48,5.34
Hyderabad,2018,8,28,5.2843,25.1,79.81,4.85
Hyderabad,2018,8,29,5.8615,25.84,76.43,3.99
Hyderabad,2018,8,30,6.1162,25.84,73.63,4.47
Hyderabad,2018,8,31,4.6474,25.94,73.61,4.33
Hyderabad,2018,9,1,5.6342,25.28,77.73,4.1
Hyderabad,2018,9,2,5.225,25.52,76.98,4.59
Hyderabad,2018,9,3,5.0626,25.86,74.85,4.48
Hyderabad,2018,9,4,6.1277,25.87,72.3,4.83
Hyderabad,2018,9,5,4.889,25.5,72.72,5.15
Hyderabad,2018,9,6,4.5924,24.93,74.56,4.83
Hyderabad,2018,9,7,5.3184,25.56,70.3,4.95
Hyderabad,2018,9,8,6.0646,26.18,66.87,3.85
Hyderabad,2018,9,9,5.6268,26.26,67.44,1.84
Hyderabad,2018,9,10,5.3717,26.6,70.56,1.62
Hyderabad,2018,9,11,5.6441,26.66,76,1.7
Hyderabad,2018,9,12,4.5305,26.82,73.55,1.32
Hyderabad,2018,9,13,5.6664,27.27,67.79,1.72
Hyderabad,2018,9,14,5.569,27.15,68.8,1.41
Hyderabad,2018,9,15,5.4336,27.37,66.22,2.26
Hyderabad,2018,9,16,5.5937,26.36,71.56,3.05
Hyderabad,2018,9,17,3.5628,24.65,83.88,2.11
Hyderabad,2018,9,18,4.6639,24.78,82.27,3.54
Hyderabad,2018,9,19,3.6655,25.08,81.79,3.43
Hyderabad,2018,9,20,4.0394,24.86,81.97,3.65
Hyderabad,2018,9,21,1.3306,23.12,85.03,6.58
Hyderabad,2018,9,22,4.9601,24.76,77.27,3.96
Hyderabad,2018,9,23,5.6114,25.33,76.41,2.39
Hyderabad,2018,9,24,5.1754,25.37,80.68,1.82
Hyderabad,2018,9,25,5.2414,26.27,77.04,2.04
Hyderabad,2018,9,26,4.2432,25.82,78.69,1.8
Hyderabad,2018,9,27,5.5243,25.62,78.35,1.79
Hyderabad,2018,9,28,4.3714,25.63,79.8,2.16
Hyderabad,2018,9,29,4.7762,25.98,78.68,2.63
Hyderabad,2018,9,30,5.3599,26.42,75.12,2.63
Hyderabad,2018,10,1,4.9301,25.99,75.74,2.61
Hyderabad,2018,10,2,5.7526,26.82,74.03,2.01
Hyderabad,2018,10,3,5.8219,26.87,73.94,2.03
Hyderabad,2018,10,4,5.8445,26.38,74.73,2.72
Hyderabad,2018,10,5,6.3362,25.72,70.17,3.16
Hyderabad,2018,10,6,5.9904,25.91,63.86,2.82
Hyderabad,2018,10,7,5.5798,26.1,67.87,2.97
Hyderabad,2018,10,8,6.1452,25.85,63.5,3.14
Hyderabad,2018,10,9,5.7422,25.4,62.65,3.86
Hyderabad,2018,10,10,4.8602,25.43,55.83,4.89
Hyderabad,2018,10,11,4.9658,25.44,55.99,5.64
Hyderabad,2018,10,12,5.741,26.15,64.13,4.21
Hyderabad,2018,10,13,5.5704,26.77,65.86,2.62
Hyderabad,2018,10,14,5.1178,26.57,65.05,2.63
Hyderabad,2018,10,15,3.9293,26.22,60.05,2.62
Hyderabad,2018,10,16,4.1971,25.26,70.18,1.9
Hyderabad,2018,10,17,3.6206,24.6,77.77,1.69
Hyderabad,2018,10,18,4.5379,24.74,71.01,2
Hyderabad,2018,10,19,5.9088,24.86,67.5,2.54
Hyderabad,2018,10,20,5.8313,25.52,58.04,2.57
Hyderabad,2018,10,21,5.4612,25.97,60.12,2.2
Hyderabad,2018,10,22,5.4624,26.71,54.6,1.91
Hyderabad,2018,10,23,5.0122,26.65,59.73,2.17
Hyderabad,2018,10,24,2.927,26.47,57.78,2.38
Hyderabad,2018,10,25,5.2022,24.92,55.19,3.08
Hyderabad,2018,10,26,5.9614,23.86,51.21,3.69
Hyderabad,2018,10,27,6.0298,24.44,49.69,3.09
Hyderabad,2018,10,28,5.7749,23.6,53.02,4.11
Hyderabad,2018,10,29,5.795,22.82,53.54,4.5
Hyderabad,2018,10,30,5.899,22.94,59.94,3.38
Hyderabad,2018,10,31,5.9069,23.74,62.81,2.9
Hyderabad,2018,11,1,4.8504,24.85,73.86,3.37
Hyderabad,2018,11,2,3.4183,25.54,71.78,3.4
Hyderabad,2018,11,3,4.4568,26.07,68.72,3.26
Hyderabad,2018,11,4,5.1586,26,68.44,3.05
Hyderabad,2018,11,5,4.9536,25.94,64.64,2.58
Hyderabad,2018,11,6,4.7114,26.09,63.65,2.73
Hyderabad,2018,11,7,4.8986,26.41,60.01,2.22
Hyderabad,2018,11,8,4.8468,25.9,59.28,2.56
Hyderabad,2018,11,9,5.1041,25.02,56.65,2.34
Hyderabad,2018,11,10,5.3549,24.66,45.33,2.44
Hyderabad,2018,11,11,5.5894,23.07,43.57,3.13
Hyderabad,2018,11,12,5.4319,22.3,45.52,3.4
Hyderabad,2018,11,13,5.5015,22.63,43.95,3.3
Hyderabad,2018,11,14,5.4806,22.85,45.09,2.95
Hyderabad,2018,11,15,5.6851,23.39,42.39,3.53
Hyderabad,2018,11,16,5.2848,25.1,54.32,3.06
Hyderabad,2018,11,17,4.2979,26.24,69.41,2.61
Hyderabad,2018,11,18,4.0457,26.72,64.59,2.8
Hyderabad,2018,11,19,4.5461,26.4,63.02,3.18
Hyderabad,2018,11,20,3.9605,25.55,61.09,3
Hyderabad,2018,11,21,5.0534,25.13,56.08,3.24
Hyderabad,2018,11,22,4.8259,24.89,58.39,3.08
Hyderabad,2018,11,23,4.0399,24.18,55.5,2.63
Hyderabad,2018,11,24,4.8595,23.92,41.4,2.81
Hyderabad,2018,11,25,5.227,22.91,39.93,2.98
Hyderabad,2018,11,26,5.2517,22.44,35.97,2.82
Hyderabad,2018,11,27,5.2793,22.07,41.39,2.7
Hyderabad,2018,11,28,5.0647,22.02,52.86,2.63
Hyderabad,2018,11,29,4.9159,22.64,57.05,2.29
Hyderabad,2018,11,30,4.7527,22.87,43.45,2.57
Hyderabad,2018,12,1,4.578,22.63,47.63,2.61
Hyderabad,2018,12,2,4.2185,22.97,59.31,2.41
Hyderabad,2018,12,3,4.0654,22.79,64.31,2.85
Hyderabad,2018,12,4,3.4154,24.17,55.77,2.2
Hyderabad,2018,12,5,2.8627,24.27,65.81,1.65
Hyderabad,2018,12,6,2.9426,24.99,64.41,1.79
Hyderabad,2018,12,7,3.1805,25.42,63.06,2.37
Hyderabad,2018,12,8,3.0821,25.39,62.68,2.63
Hyderabad,2018,12,9,3.0749,25.28,59.48,2.78
Hyderabad,2018,12,10,2.8339,25.82,57.62,3.37
Hyderabad,2018,12,11,3.0538,25,56.93,2.17
Hyderabad,2018,12,12,3.3367,24.98,52.87,2.25
Hyderabad,2018,12,13,2.5913,23.25,68.3,2.3
Hyderabad,2018,12,14,1.9068,20.81,78.15,3.01
Hyderabad,2018,12,15,4.3423,21.27,58.17,4.11
Hyderabad,2018,12,16,3.8662,18.34,63.92,4.7
Hyderabad,2018,12,17,2.2138,17.62,81.11,5.94
Hyderabad,2018,12,18,1.8221,18.39,73.31,5.06
Hyderabad,2018,12,19,3.6492,18.83,70.53,3.31
Hyderabad,2018,12,20,3.4061,20.01,64.55,2.1
Hyderabad,2018,12,21,4.7827,20.57,58.08,2.29
Hyderabad,2018,12,22,4.6946,20.36,52.47,2.34
Hyderabad,2018,12,23,4.1021,20.72,53.46,2.1
Hyderabad,2018,12,24,4.4263,20.77,43.74,2.58
Hyderabad,2018,12,25,4.7506,21.9,41.13,2.38
Hyderabad,2018,12,26,3.7709,23.32,48.9,1.99
Hyderabad,2018,12,27,4.3027,21.96,37,3.81
Hyderabad,2018,12,28,5.148,17.63,28.08,3.84
Hyderabad,2018,12,29,5.0966,17.23,32.72,3.4
Hyderabad,2018,12,30,5.1559,17.05,35.89,2.93
Hyderabad,2018,12,31,5.3686,17.66,26.55,3.02
Hyderabad,2019,1,1,5.4518,19.05,24.4,3.02
Hyderabad,2019,1,2,5.3398,20.76,27.93,2.32
Hyderabad,2019,1,3,4.9553,20.46,37.4,2.74
Hyderabad,2019,1,4,4.9826,20.11,35.13,3.02
Hyderabad,2019,1,5,4.8048,20.53,57.59,2.94
Hyderabad,2019,1,6,4.1794,20.54,60.69,3.27
Hyderabad,2019,1,7,4.38,21.26,54.18,2.47
Hyderabad,2019,1,8,4.6867,19.87,32.39,3.41
Hyderabad,2019,1,9,5.287,19.97,20.72,3.14
Hyderabad,2019,1,10,5.0801,19.99,27.5,2.57
Hyderabad,2019,1,11,4.4633,21.03,59.24,2.8
Hyderabad,2019,1,12,4.1923,21.89,60.8,3.34
Hyderabad,2019,1,13,4.4597,22.03,58.36,3.38
Hyderabad,2019,1,14,4.5626,21.85,54.21,2.94
Hyderabad,2019,1,15,4.3202,21.19,45.43,3.22
Hyderabad,2019,1,16,4.8706,20.91,33.34,2.84
Hyderabad,2019,1,17,5.2594,21.75,31.82,2.38
Hyderabad,2019,1,18,4.9594,21.92,42.36,2.4
Hyderabad,2019,1,19,5.1434,21.32,34.48,2.59
Hyderabad,2019,1,20,5.5224,22.23,37.79,2.47
Hyderabad,2019,1,21,5.4014,22.13,47.4,3.28
Hyderabad,2019,1,22,4.9776,22.08,52.86,4.23
Hyderabad,2019,1,23,4.7071,22.76,56.94,3.02
Hyderabad,2019,1,24,4.14,24.33,57.21,3.6
Hyderabad,2019,1,25,4.0894,24.23,60.56,4.61
Hyderabad,2019,1,26,2.4305,23.58,70.02,3.59
Hyderabad,2019,1,27,0.989,21.41,75.62,3.38
Hyderabad,2019,1,28,2.4293,18.93,75.88,3.74
Hyderabad,2019,1,29,5.6261,16.94,40.47,4.02
Hyderabad,2019,1,30,6.055,16.96,36.31,3.05
Hyderabad,2019,1,31,5.0302,18.76,59.67,3.04
Hyderabad,2019,2,1,5.106,20.88,67.36,3.06
Hyderabad,2019,2,2,5.3059,21.35,62.89,2.97
Hyderabad,2019,2,3,5.4818,21.29,58.85,2.97
Hyderabad,2019,2,4,5.4084,21.9,62.55,3.01
Hyderabad,2019,2,5,5.5529,22.72,58.43,2.14
Hyderabad,2019,2,6,5.358,23.44,47.87,2.09
Hyderabad,2019,2,7,5.189,24.02,57.6,4.22
Hyderabad,2019,2,8,4.405,24.27,63.28,2.21
Hyderabad,2019,2,9,5.3561,22.74,41.24,3.45
Hyderabad,2019,2,10,5.9287,21.29,25.53,2.57
Hyderabad,2019,2,11,4.4386,22.38,48.96,3.16
Hyderabad,2019,2,12,5.1725,24.2,58.63,3.27
Hyderabad,2019,2,13,5.9556,23.94,54.03,3.13
Hyderabad,2019,2,14,6.0216,24.49,48.11,2.99
Hyderabad,2019,2,15,5.8274,25.94,51.01,3.26
Hyderabad,2019,2,16,5.6741,26.38,48.1,2.39
Hyderabad,2019,2,17,5.4806,25.81,51.04,3.08
Hyderabad,2019,2,18,5.7718,24.86,32.21,2.55
Hyderabad,2019,2,19,5.6354,26.54,35.59,3.04
Hyderabad,2019,2,20,5.8817,26.79,55.25,4.06
Hyderabad,2019,2,21,6.1025,26.95,48.07,2.83
Hyderabad,2019,2,22,5.9467,28.49,34.58,2.58
Hyderabad,2019,2,23,6.0134,28.85,30.31,1.95
Hyderabad,2019,2,24,6.3017,28.42,25,3.41
Hyderabad,2019,2,25,5.9378,27.81,29.74,3.08
Hyderabad,2019,2,26,6.1918,27.3,30.76,1.89
Hyderabad,2019,2,27,5.2536,27.35,50.63,1.88
Hyderabad,2019,2,28,6.2702,26.38,40.37,2.66
Hyderabad,2019,3,1,5.5286,26.69,35.35,2.62
Hyderabad,2019,3,2,5.2342,27.85,55.59,4.78
Hyderabad,2019,3,3,5.7163,28.75,51.64,3.29
Hyderabad,2019,3,4,6.3238,29.39,40.61,3.76
Hyderabad,2019,3,5,6.5054,28.3,26.52,3.99
Hyderabad,2019,3,6,6.8753,27.35,19.1,3.85
Hyderabad,2019,3,7,6.6298,26.7,21.6,2.78
Hyderabad,2019,3,8,6.0734,27.2,27.04,2.48
Hyderabad,2019,3,9,5.7876,28.27,37.55,2.17
Hyderabad,2019,3,10,6.2974,28.95,40.66,1.88
Hyderabad,2019,3,11,6.1006,30.18,43.35,3.91
Hyderabad,2019,3,12,5.7756,30.51,35.9,3.34
Hyderabad,2019,3,13,6.4742,29.87,32.36,4.35
Hyderabad,2019,3,14,6.377,29.6,24.52,3.33
Hyderabad,2019,3,15,6.7356,29.6,26.44,3.66
Hyderabad,2019,3,16,6.6744,29.22,30.38,4.72
Hyderabad,2019,3,17,6.6857,29.01,37.52,5.09
Hyderabad,2019,3,18,6.9324,28.59,32.07,4.15
Hyderabad,2019,3,19,6.7234,29.04,44.54,3.47
Hyderabad,2019,3,20,5.6448,29.83,47.17,5.06
Hyderabad,2019,3,21,6.3053,29.76,44.35,4.97
Hyderabad,2019,3,22,6.391,29.83,39.22,2.68
Hyderabad,2019,3,23,6.2508,31.45,38.47,2.48
Hyderabad,2019,3,24,6.4716,32,31.3,2.61
Hyderabad,2019,3,25,6.4116,31.37,31.59,2.87
Hyderabad,2019,3,26,6.2369,31.46,35.18,2.72
Hyderabad,2019,3,27,6.499,32.24,33.02,2.08
Hyderabad,2019,3,28,6.7414,31.87,29.45,2.38
Hyderabad,2019,3,29,7.0704,31.61,20.68,2.8
Hyderabad,2019,3,30,6.7853,31.81,27.91,2.73
Hyderabad,2019,3,31,6.5424,33.19,28.62,3
Hyderabad,2019,4,1,6.4685,33.78,22.19,2.24
Hyderabad,2019,4,2,6.9178,32.68,25.93,3.29
Hyderabad,2019,4,3,6.1246,31.4,41.68,4.53
Hyderabad,2019,4,4,6.2698,31.07,37.16,3.64
Hyderabad,2019,4,5,5.8944,32.19,38.38,2.6
Hyderabad,2019,4,6,5.9998,32.77,34.05,2.53
Hyderabad,2019,4,7,6.66,32.16,32.23,2.81
Hyderabad,2019,4,8,6.5683,32.17,35.96,3.21
Hyderabad,2019,4,9,6.1855,32.56,38.86,2.97
Hyderabad,2019,4,10,6.396,33.01,35.67,2.59
Hyderabad,2019,4,11,6.9955,33.1,31.39,2.78
Hyderabad,2019,4,12,6.7754,33.15,33.16,2.94
Hyderabad,2019,4,13,6.5695,31.71,37.43,3.46
Hyderabad,2019,4,14,7.0613,32.01,33.58,3.4
Hyderabad,2019,4,15,7.0121,32.73,26.3,3.3
Hyderabad,2019,4,16,7.4734,32,24.87,3.91
Hyderabad,2019,4,17,6.4457,31.5,35.81,3.06
Hyderabad,2019,4,18,6.738,32.49,39.88,3.39
Hyderabad,2019,4,19,6.4807,30.28,56.19,3.3
Hyderabad,2019,4,20,6.2851,31.06,51.2,4.88
Hyderabad,2019,4,21,6.372,31.93,41.07,3.54
Hyderabad,2019,4,22,6.6902,31.42,43.22,4.22
Hyderabad,2019,4,23,7.1232,31.62,38.49,3.36
Hyderabad,2019,4,24,7.5278,32.03,36.76,3.88
Hyderabad,2019,4,25,6.9566,33.14,30.16,3.75
Hyderabad,2019,4,26,7.098,34.28,28.85,3.99
Hyderabad,2019,4,27,6.4145,34.43,32.09,3.5
Hyderabad,2019,4,28,5.6868,34.48,32.24,3.54
Hyderabad,2019,4,29,6.5693,34.27,32.61,4.14
Hyderabad,2019,4,30,5.8745,34.38,34.49,2.64
Hyderabad,2019,5,1,6.4402,34.24,32.08,3.59
Hyderabad,2019,5,2,6.0626,34.72,25.63,4.57
Hyderabad,2019,5,3,7.2358,33.18,22.25,4.59
Hyderabad,2019,5,4,7.6202,33.49,19.35,5.36
Hyderabad,2019,5,5,7.1443,33.97,17.44,4.79
Hyderabad,2019,5,6,6.9199,34.61,17.56,3.04
Hyderabad,2019,5,7,6.6662,34.98,21.47,1.95
Hyderabad,2019,5,8,6.6749,34.96,19.81,3.58
Hyderabad,2019,5,9,7.4774,34.82,19.1,4.5
Hyderabad,2019,5,10,7.2473,35.19,22.44,3.04
Hyderabad,2019,5,11,6.1159,33.45,45.26,2.34
Hyderabad,2019,5,12,5.4838,32.21,39.73,2.58
Hyderabad,2019,5,13,6.4075,33.98,37.31,2.35
Hyderabad,2019,5,14,6.1843,34.25,37.09,3.2
Hyderabad,2019,5,15,6.2654,33.95,40.65,2.66
Hyderabad,2019,5,16,6.929,34.64,35.22,3.45
Hyderabad,2019,5,17,6.6571,34.91,31.09,2.26
Hyderabad,2019,5,18,7.2725,35.28,27.98,2.31
Hyderabad,2019,5,19,7.0925,35.81,24.35,1.91
Hyderabad,2019,5,20,6.2515,35.15,31.97,2.88
Hyderabad,2019,5,21,6.0173,35.18,34.49,3.74
Hyderabad,2019,5,22,6.4838,33.7,43.52,2.99
Hyderabad,2019,5,23,6.0091,34.14,42.97,3.35
Hyderabad,2019,5,24,6.9283,34.83,40.2,2.74
Hyderabad,2019,5,25,7.4143,35.37,32.63,4.49
Hyderabad,2019,5,26,7.1854,36.21,32.49,2.95
Hyderabad,2019,5,27,7.2086,37.2,28.79,2.92
Hyderabad,2019,5,28,7.247,37.04,29.1,2.74
Hyderabad,2019,5,29,7.019,36.11,36.18,3.67
Hyderabad,2019,5,30,5.8846,34.54,42.85,4.33
Hyderabad,2019,5,31,6.2455,34.33,44.81,4.64
Hyderabad,2019,6,1,3.5962,34.11,41.51,3.02
Hyderabad,2019,6,2,6.0062,34.19,37.74,3.09
Hyderabad,2019,6,3,5.9441,34.29,44.33,3.54
Hyderabad,2019,6,4,6.6492,33.02,49.43,2.67
Hyderabad,2019,6,5,6.3221,34.29,42.05,2.98
Hyderabad,2019,6,6,5.6474,32.4,46.27,5
Hyderabad,2019,6,7,5.8018,32.11,46.2,3.32
Hyderabad,2019,6,8,3.449,28.97,61.54,2.77
Hyderabad,2019,6,9,6.3389,32.3,52.47,3.61
Hyderabad,2019,6,10,6.4853,31.6,51.94,3.8
Hyderabad,2019,6,11,7.3296,32.55,47.02,5.51
Hyderabad,2019,6,12,7.2372,31.77,49.66,6.89
Hyderabad,2019,6,13,6.0007,29.72,55.22,6.35
Hyderabad,2019,6,14,7.0783,31.72,41.89,6.75
Hyderabad,2019,6,15,7.4242,31.63,39.66,6.39
Hyderabad,2019,6,16,7.0073,32.42,42.22,6.59
Hyderabad,2019,6,17,5.3501,29.79,51.3,5.01
Hyderabad,2019,6,18,6.6804,33.09,38.95,5.41
Hyderabad,2019,6,19,7.3663,34.13,38.98,6.15
Hyderabad,2019,6,20,5.9935,31.11,55.87,4.8
Hyderabad,2019,6,21,4.992,27.39,72.27,2.31
Hyderabad,2019,6,22,3.24,26.82,77.24,4.36
Hyderabad,2019,6,23,4.1134,27.82,67.52,2.9
Hyderabad,2019,6,24,5.2008,28.88,67.21,3.38
Hyderabad,2019,6,25,5.3482,28.47,73.47,3.1
Hyderabad,2019,6,26,5.8418,28.23,69.7,4.23
Hyderabad,2019,6,27,6.7469,29.01,65.18,5.14
Hyderabad,2019,6,28,4.8504,28.33,66.2,6.78
Hyderabad,2019,6,29,4.2766,26.95,68.14,8.2
Hyderabad,2019,6,30,3.1224,26,70.17,7.7
Hyderabad,2019,7,1,2.7264,26.93,66.52,6.64
Hyderabad,2019,7,2,3.3132,26.7,67.38,7.84
Hyderabad,2019,7,3,3.9946,27.27,62.87,8.27
Hyderabad,2019,7,4,4.9229,28.9,58.19,7.9
Hyderabad,2019,7,5,3.474,27.71,65.11,7.94
Hyderabad,2019,7,6,3.431,28.91,63.31,8.96
Hyderabad,2019,7,7,4.6332,27.86,65.55,8.41
Hyderabad,2019,7,8,5.0496,28.32,67.84,7.26
Hyderabad,2019,7,9,4.7078,28.22,67.16,6.68
Hyderabad,2019,7,10,5.5414,28.07,65.6,7.61
Hyderabad,2019,7,11,5.1554,27.38,68.81,6.69
Hyderabad,2019,7,12,5.2699,27.74,67.15,4.93
Hyderabad,2019,7,13,5.8162,27.62,68.64,5.07
Hyderabad,2019,7,14,5.6858,27.47,70.7,4.75
Hyderabad,2019,7,15,5.3326,27.76,66.68,4.78
Hyderabad,2019,7,16,5.9234,27.63,65.88,4.78
Hyderabad,2019,7,17,6.2537,27.6,68.16,4.76
Hyderabad,2019,7,18,5.8603,28.37,68.03,3.6
Hyderabad,2019,7,19,4.5062,27.12,73.45,2.08
Hyderabad,2019,7,20,4.1047,27.8,72.19,2.79
Hyderabad,2019,7,21,5.1295,28.19,71.11,4.2
Hyderabad,2019,7,22,6.0862,27.68,72.87,4.67
Hyderabad,2019,7,23,5.5106,27.48,73.01,4.11
Hyderabad,2019,7,24,5.8013,28.12,68.64,4.47
Hyderabad,2019,7,25,4.5965,27.03,75.2,5.91
Hyderabad,2019,7,26,2.4293,25.41,80.28,6.7
Hyderabad,2019,7,27,2.7204,25.72,75.62,8.49
Hyderabad,2019,7,28,2.1019,25.14,81.58,7.36
Hyderabad,2019,7,29,1.8715,24.76,81.85,6.91
Hyderabad,2019,7,30,3.5299,25.21,78.44,7.93
Hyderabad,2019,7,31,4.9102,27.01,71.7,6.75
Hyderabad,2019,8,1,3.7951,26.46,75.58,7.01
Hyderabad,2019,8,2,1.1498,24.97,82.07,8.09
Hyderabad,2019,8,3,2.6285,24.49,84.6,8.73
Hyderabad,2019,8,4,3.6802,24.68,78.76,10.57
Hyderabad,2019,8,5,4.32,25.17,83.89,8.04
Hyderabad,2019,8,6,3.4918,25.06,84.29,9.88
Hyderabad,2019,8,7,2.4432,24.54,83.34,9.24
Hyderabad,2019,8,8,3.6091,25.37,81.66,8.7
Hyderabad,2019,8,9,3.7625,26.71,76.99,7.6
Hyderabad,2019,8,10,4.7832,26.93,75.48,6.04
Hyderabad,2019,8,11,5.8121,26.64,75.87,5.42
Hyderabad,2019,8,12,4.7525,25.76,80.61,5.34
Hyderabad,2019,8,13,3.8472,25.72,81.1,4.91
Hyderabad,2019,8,14,4.6723,25.85,81.49,3.69
Hyderabad,2019,8,15,5.4737,26.14,78.67,3.66
Hyderabad,2019,8,16,6.0161,26.96,75.95,4.11
Hyderabad,2019,8,17,5.6294,25.71,81.57,3.47
Hyderabad,2019,8,18,2.6153,24.77,87.52,3.3
Hyderabad,2019,8,19,4.9454,26.63,79.88,2.31
Hyderabad,2019,8,20,4.4064,26.02,83.84,4.22
Hyderabad,2019,8,21,4.3128,25.3,86.05,3.46
Hyderabad,2019,8,22,5.2248,25.57,82.46,4.23
Hyderabad,2019,8,23,4.0452,25.07,83.61,4.72
Hyderabad,2019,8,24,5.8862,25.95,77.69,4.8
Hyderabad,2019,8,25,5.7158,26.4,75.13,5.16
Hyderabad,2019,8,26,5.6503,26.19,72.06,5.6
Hyderabad,2019,8,27,6.8772,26.31,70.21,5.44
Hyderabad,2019,8,28,6.4044,27.11,69.97,4.23
Hyderabad,2019,8,29,5.9642,26.96,76.01,3.75
Hyderabad,2019,8,30,4.607,26.49,80.23,4.15
Hyderabad,2019,8,31,4.0793,24.67,90.15,4.31
Hyderabad,2019,9,1,3.595,24.92,85.07,5.24
Hyderabad,2019,9,2,3.769,24.56,83.64,5.55
Hyderabad,2019,9,3,3.4867,24.12,88.25,6.05
Hyderabad,2019,9,4,3.5662,24.63,83.13,6.45
Hyderabad,2019,9,5,4.7561,25.49,83.99,6.52
Hyderabad,2019,9,6,3.3982,24.69,86.67,6.73
Hyderabad,2019,9,7,3.5885,25.16,83.56,7.05
Hyderabad,2019,9,8,4.2499,25.99,79.69,6.55
Hyderabad,2019,9,9,4.1074,26.39,78.15,6.35
Hyderabad,2019,9,10,4.967,26.75,78.28,5.39
Hyderabad,2019,9,11,4.763,26.65,76.08,5
Hyderabad,2019,9,12,2.987,25.41,81.01,5.2
Hyderabad,2019,9,13,4.7585,25.88,78.49,4.59
Hyderabad,2019,9,14,4.9536,26.32,79.51,3.72
Hyderabad,2019,9,15,4.9056,25.88,79.6,4.21
Hyderabad,2019,9,16,4.2408,25.85,82,3.48
Hyderabad,2019,9,17,4.5569,26.72,82.1,2.3
Hyderabad,2019,9,18,4.1388,26.26,82.68,2.04
Hyderabad,2019,9,19,4.2682,25.48,84.49,1.86
Hyderabad,2019,9,20,4.307,25.58,84.21,2.04
Hyderabad,2019,9,21,5.5104,25.88,84.3,1.45
Hyderabad,2019,9,22,4.9879,26.06,83.77,2.06
Hyderabad,2019,9,23,4.9248,26.3,84.04,2.07
Hyderabad,2019,9,24,4.1345,25.8,88.45,1.84
Hyderabad,2019,9,25,4.2108,24.8,90.45,5.2
Hyderabad,2019,9,26,3.9924,24.67,87.75,4.75
Hyderabad,2019,9,27,4.7854,24.91,86.5,2.96
Hyderabad,2019,9,28,4.29,24.69,87.91,2.93
Hyderabad,2019,9,29,4.5547,24.74,86.45,2.82
Hyderabad,2019,9,30,4.115,25.24,82.07,2.63
Hyderabad,2019,10,1,5.3417,25.36,82.18,2.38
Hyderabad,2019,10,2,5.1869,25.29,84.42,2.27
Hyderabad,2019,10,3,4.7734,25.22,81.39,1.06
Hyderabad,2019,10,4,4.8821,24.73,85.13,1.45
Hyderabad,2019,10,5,4.7899,24.56,85.39,1.81
Hyderabad,2019,10,6,3.3631,24.96,82.42,1.19
Hyderabad,2019,10,7,5.1658,24.93,84,1.62
Hyderabad,2019,10,8,4.2727,24.39,87.83,2.54
Hyderabad,2019,10,9,4.1762,24.42,88.36,1.6
Hyderabad,2019,10,10,4.0356,24.26,90.93,1.46
Hyderabad,2019,10,11,4.2158,23.76,93.08,2.03
Hyderabad,2019,10,12,4.8384,24.41,89.24,2
Hyderabad,2019,10,13,4.3435,24.79,86.38,1.91
Hyderabad,2019,10,14,4.5206,24.59,88.96,2.99
Hyderabad,2019,10,15,4.6915,23.47,87.62,2.44
Hyderabad,2019,10,16,3.3542,23.98,87.74,2.1
Hyderabad,2019,10,17,4.3258,23.46,89.09,2.88
Hyderabad,2019,10,18,4.4726,23.45,90.6,3.3
Hyderabad,2019,10,19,4.1616,23.67,88.43,2.94
Hyderabad,2019,10,20,3.7918,23.17,90.35,2.66
Hyderabad,2019,10,21,3.8491,23.39,89.09,3.24
Hyderabad,2019,10,22,4.1477,23.78,86.02,2.46
Hyderabad,2019,10,23,4.163,23.7,87.67,2.78
Hyderabad,2019,10,24,3.3288,24.01,87.12,1.97
Hyderabad,2019,10,25,4.3483,23.58,85.65,2.32
Hyderabad,2019,10,26,4.783,23.85,87.08,3.05
Hyderabad,2019,10,27,5.023,24.03,86.97,2.72
Hyderabad,2019,10,28,5.0179,24.13,88.8,2.82
Hyderabad,2019,10,29,4.139,23.81,88.75,2.84
Hyderabad,2019,10,30,3.9497,23.46,88.27,2.75
Hyderabad,2019,10,31,3.606,23.22,86.73,2.57
Hyderabad,2019,11,1,4.7726,23.96,85,2.46
Hyderabad,2019,11,2,4.8226,23.96,85.79,2.12
Hyderabad,2019,11,3,4.855,24.03,85.26,2.11
Hyderabad,2019,11,4,5.4005,23.67,81.03,2.34
Hyderabad,2019,11,5,4.9044,23.45,79.88,2.58
Hyderabad,2019,11,6,4.5144,24.01,79.34,1.69
Hyderabad,2019,11,7,4.6992,23.45,84.96,1.7
Hyderabad,2019,11,8,4.1527,23.49,81.52,2.44
Hyderabad,2019,11,9,4.709,22.57,78.08,3.33
Hyderabad,2019,11,10,5.3474,21.79,79.52,3.08
Hyderabad,2019,11,11,5.0971,22.47,83.52,3.21
Hyderabad,2019,11,12,5.0062,21.85,80.56,2.88
Hyderabad,2019,11,13,5.0138,20.93,78.97,2.82
Hyderabad,2019,11,14,4.0958,21.36,84.17,2.62
Hyderabad,2019,11,15,3.541,22.13,81.92,2.7
Hyderabad,2019,11,16,5.075,22.74,82.04,2.41
Hyderabad,2019,11,17,5.1,21.66,80.92,3.15
Hyderabad,2019,11,18,5.01,20.88,79.82,3.29
Hyderabad,2019,11,19,4.4254,21.12,80.71,2.5
Hyderabad,2019,11,20,4.1299,21.18,81.77,2.49
Hyderabad,2019,11,21,4.0488,21.28,82.53,2.81
Hyderabad,2019,11,22,4.7395,20.71,80.69,2.37
Hyderabad,2019,11,23,5.0971,20.11,78.98,2.67
Hyderabad,2019,11,24,4.8197,20.31,80.54,2.45
Hyderabad,2019,11,25,4.866,20.49,81.01,3.16
Hyderabad,2019,11,26,4.7602,20.68,80.67,3.37
Hyderabad,2019,11,27,4.8722,20.8,79.15,3.04
Hyderabad,2019,11,28,4.7371,21.23,80.03,3
Hyderabad,2019,11,29,4.6231,21.23,80.34,2.55
Hyderabad,2019,11,30,4.3159,22.12,78.78,2.6
Hyderabad,2019,12,1,3.2851,22.15,83.44,2.93
Hyderabad,2019,12,2,1.8638,22.35,85.6,2.94
Hyderabad,2019,12,3,2.7098,22.49,82.6,3.33
Hyderabad,2019,12,4,3.9175,21.61,79.94,3.44
Hyderabad,2019,12,5,3.9518,20.56,79.77,2.79
Hyderabad,2019,12,6,3.816,19.3,78.93,2.61
Hyderabad,2019,12,7,4.4318,19.62,76.05,2.47
Hyderabad,2019,12,8,3.6571,20.63,79.17,2.8
Hyderabad,2019,12,9,4.0258,20.94,78.43,2.45
Hyderabad,2019,12,10,4.4436,20.77,78.42,2.41
Hyderabad,2019,12,11,4.488,21.04,76.64,2.43
Hyderabad,2019,12,12,4.7501,21.06,77.14,3.39
Hyderabad,2019,12,13,4.4549,21.82,77.12,3.44
Hyderabad,2019,12,14,4.4666,22.66,78.42,3.31
Hyderabad,2019,12,15,4.4746,22.26,76.38,3.36
Hyderabad,2019,12,16,4.4909,21.78,76.68,2.89
Hyderabad,2019,12,17,4.4314,21.14,77.02,3.07
Hyderabad,2019,12,18,4.0044,20.76,77.07,2.6
Hyderabad,2019,12,19,4.0951,20.48,74.81,2.64
Hyderabad,2019,12,20,4.1266,20.34,69.16,2.65
Hyderabad,2019,12,21,3.9605,20.46,71.09,2.71
Hyderabad,2019,12,22,3.7421,20.89,76.87,3.01
Hyderabad,2019,12,23,3.7006,20.54,73.38,3.17
Hyderabad,2019,12,24,4.2538,20.83,72.49,3.31
Hyderabad,2019,12,25,4.1988,21.42,72.77,3.21
Hyderabad,2019,12,26,3.2794,22.2,74.76,2.16
Hyderabad,2019,12,27,2.965,21.52,75.83,2.81
Hyderabad,2019,12,28,3.5993,18.76,62.78,3.51
Hyderabad,2019,12,29,4.1582,18.47,59.39,2.45
Hyderabad,2019,12,30,3.6163,19.62,72.68,2.97
Hyderabad,2019,12,31,2.567,20.84,77.05,4.9
Hyderabad,2020,1,1,3.6199,21.74,76.54,4.73
Hyderabad,2020,1,2,3.1978,22.47,80.43,4.09
Hyderabad,2020,1,3,3.0269,22.84,80.3,2.82
Hyderabad,2020,1,4,3.1584,21.81,75.49,2.24
Hyderabad,2020,1,5,4.3918,19.77,72.43,4.15
Hyderabad,2020,1,6,3.8186,20.28,73.8,3.4
Hyderabad,2020,1,7,3.1176,22.03,76.72,3.15
Hyderabad,2020,1,8,3.6264,22.74,75.76,3.94
Hyderabad,2020,1,9,3.0792,22.5,75.36,3.44
Hyderabad,2020,1,10,3.8429,20.23,70.81,3.91
Hyderabad,2020,1,11,4.4743,19.28,65.09,3.13
Hyderabad,2020,1,12,5.3311,18.64,55.18,2.91
Hyderabad,2020,1,13,5.269,20.11,46.28,1.99
Hyderabad,2020,1,14,4.7069,20.53,60.67,2.88
Hyderabad,2020,1,15,4.9128,20.73,67.47,4.17
Hyderabad,2020,1,16,5.1391,20.96,67.56,4.05
Hyderabad,2020,1,17,4.3745,21.58,67.23,3.38
Hyderabad,2020,1,18,4.1923,22.72,72.51,3.44
Hyderabad,2020,1,19,4.2384,22.88,70.28,2.53
Hyderabad,2020,1,20,4.0505,22.31,66.51,2.23
Hyderabad,2020,1,21,5.0086,22.22,66.23,3.5
Hyderabad,2020,1,22,5.166,22.2,65.88,3.83
Hyderabad,2020,1,23,5.1108,22.06,64.18,3.02
Hyderabad,2020,1,24,5.1394,21.76,60.63,3.17
Hyderabad,2020,1,25,5.0762,22.2,55.03,2.9
Hyderabad,2020,1,26,5.1322,23.58,49,2.46
Hyderabad,2020,1,27,5.3527,23.03,46.6,2.9
Hyderabad,2020,1,28,4.5996,24.53,58.2,3.89
Hyderabad,2020,1,29,4.1998,25.23,54.49,2.74
Hyderabad,2020,1,30,4.6382,22.92,55.47,3.38
Hyderabad,2020,1,31,4.5343,22.83,48.79,2.85
Hyderabad,2020,2,1,4.2082,24.59,61.4,3.75
Hyderabad,2020,2,2,3.4018,24.25,64.01,3.34
Hyderabad,2020,2,3,4.4294,24.4,63.62,3.61
Hyderabad,2020,2,4,5.4211,24.33,60.2,3.95
Hyderabad,2020,2,5,5.0578,24.89,56.77,2.7
Hyderabad,2020,2,6,5.027,24.92,54.76,3.05
Hyderabad,2020,2,7,4.5718,25.81,53.91,3.7
Hyderabad,2020,2,8,3.1819,23.87,67.18,4.23
Hyderabad,2020,2,9,2.5954,21.16,72.03,4.38
Hyderabad,2020,2,10,3.821,22.6,70.15,4.11
Hyderabad,2020,2,11,3.9703,23.24,67.4,4.22
Hyderabad,2020,2,12,3.7142,23.34,63.07,3.02
Hyderabad,2020,2,13,6.1476,22.6,41.81,3.65
Hyderabad,2020,2,14,6.3523,23.31,32.45,3.2
Hyderabad,2020,2,15,6.1572,24.84,30.19,2.37
Hyderabad,2020,2,16,6.1253,24.11,35.11,3.15
Hyderabad,2020,2,17,6.1642,24.15,32,3.29
Hyderabad,2020,2,18,6.4704,23.37,25.43,3.84
Hyderabad,2020,2,19,6.1961,23.92,33.77,3.01
Hyderabad,2020,2,20,5.8634,24.68,57.47,4.24
Hyderabad,2020,2,21,6.1382,23.87,51.78,4.25
Hyderabad,2020,2,22,6.2534,24.37,51.74,3.86
Hyderabad,2020,2,23,6.2743,24.65,52.06,3.79
Hyderabad,2020,2,24,6.1044,26.43,49.06,3.15
Hyderabad,2020,2,25,4.9889,25.86,48.24,3.48
Hyderabad,2020,2,26,5.8723,24.29,30.97,3.83
Hyderabad,2020,2,27,6.5928,24.07,28.3,3.46
Hyderabad,2020,2,28,5.9182,24.9,46.09,3.26
Hyderabad,2020,2,29,5.8003,25.98,54.49,2.96
Hyderabad,2020,3,1,5.981,26.74,52.48,3.01
Hyderabad,2020,3,2,5.4845,27.26,44.95,1.99
Hyderabad,2020,3,3,5.2735,27.8,42.34,2.95
Hyderabad,2020,3,4,5.7576,27.99,34.47,2.12
Hyderabad,2020,3,5,5.6021,27.32,47.62,2.63
Hyderabad,2020,3,6,5.0299,26.85,54.74,4.8
Hyderabad,2020,3,7,4.7695,27.05,57.54,3.07
Hyderabad,2020,3,8,4.5118,27.41,52.07,2.31
Hyderabad,2020,3,9,4.2641,27.28,54.72,2.49
Hyderabad,2020,3,10,6.113,28.47,48.42,3.76
Hyderabad,2020,3,11,4.6529,28.43,50.08,3.76
Hyderabad,2020,3,12,4.525,27.97,49.43,3.73
Hyderabad,2020,3,13,6.2054,28.38,47.98,4.99
Hyderabad,2020,3,14,4.9459,28.64,44.36,2.78
Hyderabad,2020,3,15,6.5604,28.16,48.77,3.65
Hyderabad,2020,3,16,6.7294,28.13,47.8,2.83
Hyderabad,2020,3,17,6.8076,28.73,44.15,3.62
Hyderabad,2020,3,18,6.7531,29.73,35.86,1.97
Hyderabad,2020,3,19,5.5073,28.32,44.03,2.61
Hyderabad,2020,3,20,6.0163,28.6,47.16,2.67
Hyderabad,2020,3,21,6.5868,28.2,39.82,3.26
Hyderabad,2020,3,22,6.6785,27.71,31.9,2.11
Hyderabad,2020,3,23,6.2306,28.65,38.63,2.62
Hyderabad,2020,3,24,6.5666,29.41,44.06,3.37
Hyderabad,2020,3,25,6.474,29.58,41.97,3.54
Hyderabad,2020,3,26,6.786,29.43,42.13,3.04
Hyderabad,2020,3,27,7.0277,30.01,35.74,3.34
Hyderabad,2020,3,28,6.6638,30.51,32.69,2.47
Hyderabad,2020,3,29,6.3425,31.15,34.76,1.67
Hyderabad,2020,3,30,6.4145,30.91,36.64,2.7
Hyderabad,2020,3,31,6.1289,31.54,33.89,1.61
Hyderabad,2020,4,1,4.9106,31.95,31.32,2.29
Hyderabad,2020,4,2,5.2913,32.47,29.79,2.35
Hyderabad,2020,4,3,4.6586,31.72,36.5,3.46
Hyderabad,2020,4,4,3.0665,29.12,42.23,1.93
Hyderabad,2020,4,5,6.1836,31.1,34.65,3.62
Hyderabad,2020,4,6,5.0522,31.34,42.15,2.37
Hyderabad,2020,4,7,5.7934,31.9,39.14,2.58
Hyderabad,2020,4,8,6.5873,32.34,34.36,2.91
Hyderabad,2020,4,9,6.3869,30.81,42.28,3.24
Hyderabad,2020,4,10,6.8477,30.12,44.14,2.97
Hyderabad,2020,4,11,7.2384,30.63,38.58,2.95
Hyderabad,2020,4,12,6.8215,31.7,33.31,2.81
Hyderabad,2020,4,13,6.0334,32.07,32.41,3.2
Hyderabad,2020,4,14,6.6226,32.04,28.71,3.74
Hyderabad,2020,4,15,6.3828,31.57,30.19,3.22
Hyderabad,2020,4,16,6.7121,32.18,28.53,3.41
Hyderabad,2020,4,17,6.3914,32.41,34.02,3.43
Hyderabad,2020,4,18,6.221,32.7,37.07,3.8
Hyderabad,2020,4,19,5.9914,32.2,37.94,3.34
Hyderabad,2020,4,20,5.6263,32.62,37.03,3.37
Hyderabad,2020,4,21,6.744,32.59,34.35,3.41
Hyderabad,2020,4,22,6.9274,32.93,35.75,4.48
Hyderabad,2020,4,23,6.9775,33.55,41.24,3.96
Hyderabad,2020,4,24,6.361,33.64,42.65,4.6
Hyderabad,2020,4,25,6.7819,33.98,39.51,3.62
Hyderabad,2020,4,26,6.5558,32.39,50.3,4.6
Hyderabad,2020,4,27,6.8474,31.02,55.19,4.86
Hyderabad,2020,4,28,6.5628,30.05,54.12,4.11
Hyderabad,2020,4,29,7.014,30.93,47.78,3.07
Hyderabad,2020,4,30,6.2045,32.38,39.26,2.78
Hyderabad,2020,5,1,5.8034,32.99,40.39,2.62
Hyderabad,2020,5,2,6.1843,31.73,47.3,2.61
Hyderabad,2020,5,3,7.1861,32.77,39.84,2.99
Hyderabad,2020,5,4,6.7114,33.87,38.86,2.49
Hyderabad,2020,5,5,6.9401,34.33,35.77,3.43
Hyderabad,2020,5,6,6.2278,33.89,39.63,3.58
Hyderabad,2020,5,7,5.285,32.61,45.49,3.99
Hyderabad,2020,5,8,5.689,32.04,46.92,3
Hyderabad,2020,5,9,6.3799,33.41,41.13,3
Hyderabad,2020,5,10,4.3855,32.87,39.68,3.08
Hyderabad,2020,5,11,6.7589,32.81,37.24,3.16
Hyderabad,2020,5,12,6.5218,32.45,42.94,3.62
Hyderabad,2020,5,13,6.81,31.96,46.62,3.34
Hyderabad,2020,5,14,6.9986,32.93,40.43,3.74
Hyderabad,2020,5,15,6.5638,33.44,38.22,2.98
Hyderabad,2020,5,16,5.4931,33.24,43.75,2.42
Hyderabad,2020,5,17,5.305,32.2,52.34,2.64
Hyderabad,2020,5,18,5.995,32.86,42.75,3.08
Hyderabad,2020,5,19,5.1766,33.33,34.35,4.91
Hyderabad,2020,5,20,6.805,33.75,28.32,3.74
Hyderabad,2020,5,21,7.6675,33.04,17.84,5.2
Hyderabad,2020,5,22,7.7112,33.98,18.43,3.64
Hyderabad,2020,5,23,7.6274,34.75,24.63,2.94
Hyderabad,2020,5,24,6.7982,34.19,39.13,2.73
Hyderabad,2020,5,25,6.3358,34.8,38.02,3.59
Hyderabad,2020,5,26,6.5712,35.17,40.91,3.37
Hyderabad,2020,5,27,7.1741,35.93,34.75,3.51
Hyderabad,2020,5,28,7.7076,37.04,26.36,4
Hyderabad,2020,5,29,7.0997,36.36,30.29,4.38
Hyderabad,2020,5,30,6.133,33.47,39.98,4.03
Hyderabad,2020,5,31,3.8455,31.61,51.06,3.03
Hyderabad,2020,6,1,5.6314,28.46,70.01,1.64
Hyderabad,2020,6,2,6.2062,26.02,75.77,2.76
Hyderabad,2020,6,3,5.6119,27.05,75.31,4.09
Hyderabad,2020,6,4,5.7355,28.92,63.84,6.5
Hyderabad,2020,6,5,6.7193,29.92,57.46,4.76
Hyderabad,2020,6,6,6.9053,30.06,51,6.04
Hyderabad,2020,6,7,6.5393,30.14,53.75,5.39
Hyderabad,2020,6,8,6.2218,30.42,50.88,5.35
Hyderabad,2020,6,9,6.7622,30.18,50.68,4.58
Hyderabad,2020,6,10,4.8166,28.15,72.59,4.33
Hyderabad,2020,6,11,2.5298,25.58,82.61,6.29
Hyderabad,2020,6,12,3.271,24.48,80.39,5.05
Hyderabad,2020,6,13,5.2226,27.37,71.55,6.03
Hyderabad,2020,6,14,5.3172,27.88,69.76,4.58
Hyderabad,2020,6,15,5.0414,28.11,70.47,5.89
Hyderabad,2020,6,16,4.1846,27.6,75.42,5.26
Hyderabad,2020,6,17,4.0416,26.76,78.38,6.17
Hyderabad,2020,6,18,4.5094,27.35,72.86,6.37
Hyderabad,2020,6,19,5.0153,27.5,73.26,6.07
Hyderabad,2020,6,20,4.9858,26.86,74.46,6.2
Hyderabad,2020,6,21,4.2703,26.55,75.31,6.03
Hyderabad,2020,6,22,4.4232,27.53,70.05,5.79
Hyderabad,2020,6,23,6.1416,27.3,71.25,4.17
Hyderabad,2020,6,24,6.7656,28.71,65.54,2.66
Hyderabad,2020,6,25,6.7586,28.87,64.04,3.28
Hyderabad,2020,6,26,5.6974,28.65,67.8,3.02
Hyderabad,2020,6,27,5.693,27.87,75.38,2.47
Hyderabad,2020,6,28,5.087,26.99,82.55,2.09
Hyderabad,2020,6,29,4.8396,26.16,84.38,2.19
Hyderabad,2020,6,30,5.0976,26.86,80.84,1.55
Hyderabad,2020,7,1,5.863,27.24,76.6,4.12
Hyderabad,2020,7,2,5.6563,25.56,81.86,6.14
Hyderabad,2020,7,3,4.9658,25.88,81.11,6.41
Hyderabad,2020,7,4,4.0063,24.29,84.91,5.79
Hyderabad,2020,7,5,3.2945,25.59,80,7.06
Hyderabad,2020,7,6,3.1001,25.51,80.82,5.28
Hyderabad,2020,7,7,5.3933,26.14,78.17,5.42
Hyderabad,2020,7,8,5.4259,27.11,75.73,4.18
Hyderabad,2020,7,9,4.6819,25.75,78.63,4.16
Hyderabad,2020,7,10,3.3055,25.35,83.47,4.76
Hyderabad,2020,7,11,5.2822,26.28,79.78,4.15
Hyderabad,2020,7,12,5.0606,26.18,78.87,4.39
Hyderabad,2020,7,13,4.3325,24.92,87.2,3.71
Hyderabad,2020,7,14,3.5959,24.85,87.13,2.26
Hyderabad,2020,7,15,2.5039,24.88,88.33,4.84
Hyderabad,2020,7,16,4.3301,25.1,82.96,7.23
Hyderabad,2020,7,17,5.3527,25.68,79.13,4.78
Hyderabad,2020,7,18,6.2496,26.3,80.84,3.09
Hyderabad,2020,7,19,4.8019,26.16,85.07,2.9
Hyderabad,2020,7,20,5.087,26.22,83.06,3.62
Hyderabad,2020,7,21,6.4788,26.07,84.41,2.37
Hyderabad,2020,7,22,4.879,26.05,85.43,3.04
Hyderabad,2020,7,23,1.6255,24.75,88.12,2.26
Hyderabad,2020,7,24,4.4705,24.42,89.86,2.87
Hyderabad,2020,7,25,4.3272,24.78,85.85,2.77
Hyderabad,2020,7,26,6.8158,25.62,79.99,3.31
Hyderabad,2020,7,27,6.7435,26.07,81.76,3.93
Hyderabad,2020,7,28,5.0062,25.73,87.42,2.57
Hyderabad,2020,7,29,5.2274,26.07,84.93,2.25
Hyderabad,2020,7,30,6.0696,26.8,81.06,2.23
Hyderabad,2020,7,31,5.7526,26.39,85.36,2.86
Hyderabad,2020,8,1,4.8206,25.96,86.1,2.87
Hyderabad,2020,8,2,5.8457,25.97,86.15,4.27
Hyderabad,2020,8,3,4.6896,24.93,88.64,5.47
Hyderabad,2020,8,4,4.297,24.97,86.51,7.6
Hyderabad,2020,8,5,3.8342,25.04,88.27,6
Hyderabad,2020,8,6,5.4175,26.41,82.3,5.84
Hyderabad,2020,8,7,4.8286,26.03,84.99,5.03
Hyderabad,2020,8,8,4.861,25.81,84.65,4.98
Hyderabad,2020,8,9,3.0367,25.33,86.07,5.56
Hyderabad,2020,8,10,1.8398,25.29,84.75,5.28
Hyderabad,2020,8,11,4.8451,25.43,85.34,5.55
Hyderabad,2020,8,12,3.313,24.54,88.65,6.31
Hyderabad,2020,8,13,1.4335,24.57,88.66,7
Hyderabad,2020,8,14,1.8298,24.32,87.73,7.55
Hyderabad,2020,8,15,1.6284,23.92,91.99,6.76
Hyderabad,2020,8,16,1.5367,24.17,89.18,6.34
Hyderabad,2020,8,17,2.9693,24.73,85.76,6.39
Hyderabad,2020,8,18,4.7652,25.28,86.92,5.42
Hyderabad,2020,8,19,1.9949,25.06,88.98,4.52
Hyderabad,2020,8,20,1.8233,24.74,90.22,6.49
Hyderabad,2020,8,21,3.9166,25.04,87.83,6.58
Hyderabad,2020,8,22,5.2483,25.21,87.39,5.16
Hyderabad,2020,8,23,5.2678,25.79,85.44,3.8
Hyderabad,2020,8,24,5.965,25.71,85.91,4.08
Hyderabad,2020,8,25,5.7629,25.71,85.53,3.32
Hyderabad,2020,8,26,4.5444,24.92,89.34,2.99
Hyderabad,2020,8,27,2.5932,24.23,90.86,3.25
Hyderabad,2020,8,28,5.0537,24.9,86.84,3.34
Hyderabad,2020,8,29,5.9011,25.75,85.18,3.97
Hyderabad,2020,8,30,6.2316,25.47,85.73,3.71
Hyderabad,2020,8,31,6.5503,25.46,84.37,3.02
Hyderabad,2020,9,1,5.7967,25.45,89.69,3.35
Hyderabad,2020,9,2,4.5516,24.44,90.96,2.74
Hyderabad,2020,9,3,5.9964,24.38,88.68,1.79
Hyderabad,2020,9,4,6.0962,25.29,88.03,2.76
Hyderabad,2020,9,5,5.8102,25.94,84.5,2.09
Hyderabad,2020,9,6,5.9018,25.82,83.88,2.21
Hyderabad,2020,9,7,5.5063,26.35,80.4,1.87
Hyderabad,2020,9,8,6.0862,26.13,82.93,1.42
Hyderabad,2020,9,9,5.495,25.86,85.19,1.76
Hyderabad,2020,9,10,4.8898,25.88,82.84,1.24
Hyderabad,2020,9,11,3.5592,25.8,84.5,1.95
Hyderabad,2020,9,12,4.8761,24.61,88.85,2.76
Hyderabad,2020,9,13,2.9429,24.52,91.54,3.33
Hyderabad,2020,9,14,2.5567,24.99,90.18,3.51
Hyderabad,2020,9,15,3.8789,25.3,91.64,2.91
Hyderabad,2020,9,16,4.6325,25.79,88.03,2.26
Hyderabad,2020,9,17,3.9804,25.6,90.02,1.69
Hyderabad,2020,9,18,4.3807,26.13,86.8,1.28
Hyderabad,2020,9,19,2.7235,25.54,90.06,2.1
Hyderabad,2020,9,20,4.3651,24.69,92.97,3.52
Hyderabad,2020,9,21,4.3277,24.41,90.89,5.3
Hyderabad,2020,9,22,4.1616,23.97,91.53,5.59
Hyderabad,2020,9,23,3.4589,24.5,86.41,5.67
Hyderabad,2020,9,24,4.4251,24.71,88.75,4.47
Hyderabad,2020,9,25,3.1822,25.08,90.78,3.24
Hyderabad,2020,9,26,1.5451,24.36,93.6,4.27
Hyderabad,2020,9,27,4.4722,23.32,85.93,3.81
Hyderabad,2020,9,28,4.9644,24.39,87.33,3.04
Hyderabad,2020,9,29,4.5,24.26,91.29,3.23
Hyderabad,2020,9,30,4.1998,24.01,91.15,3.16
Hyderabad,2020,10,1,4.8739,24.16,87.8,4.15
Hyderabad,2020,10,2,6.0298,24.23,88.61,3.95
Hyderabad,2020,10,3,5.483,24.85,87.26,3.58
Hyderabad,2020,10,4,5.1125,24.01,86.85,4.24
Hyderabad,2020,10,5,5.4434,24.35,88.16,4.28
Hyderabad,2020,10,6,5.2925,23.78,82.12,3.97
Hyderabad,2020,10,7,2.1096,22.05,84.17,3.98
Hyderabad,2020,10,8,4.3409,23.76,86.45,2.4
Hyderabad,2020,10,9,4.7515,25.12,87.47,1.97
Hyderabad,2020,10,10,4.013,25.25,87.23,1.25
Hyderabad,2020,10,11,2.3294,24.21,92.84,2.55
Hyderabad,2020,10,12,3.3338,24.05,90.53,2.04
Hyderabad,2020,10,13,1.1467,24.03,92.66,5.84
Hyderabad,2020,10,14,2.2483,24.75,92.86,4.31
Hyderabad,2020,10,15,3.8006,24.82,90.92,3.09
Hyderabad,2020,10,16,4.7261,25.13,86.06,2.13
Hyderabad,2020,10,17,5.0813,25.31,86.23,1.33
Hyderabad,2020,10,18,5.3566,25.18,88.22,2.56
Hyderabad,2020,10,19,4.6284,24.61,90.58,2.55
Hyderabad,2020,10,20,3.5695,24.53,91.32,1.97
Hyderabad,2020,10,21,3.7034,24.67,89.51,2.04
Hyderabad,2020,10,22,5.1209,24.28,86.04,2.78
Hyderabad,2020,10,23,5.1648,24.62,82.76,2.09
Hyderabad,2020,10,24,5.4125,24.84,78.95,1.79
Hyderabad,2020,10,25,5.1338,24.17,83.28,2.27
Hyderabad,2020,10,26,5.1384,22.47,84.34,2.87
Hyderabad,2020,10,27,5.3635,22,83.57,3.12
Hyderabad,2020,10,28,5.4576,21.99,81.08,2.71
Hyderabad,2020,10,29,5.0467,22.08,81.98,2.64
Hyderabad,2020,10,30,4.6661,22.36,83.92,2.98
Hyderabad,2020,10,31,5.3568,21.7,83.34,3.08
Hyderabad,2020,11,1,5.4204,21.02,82.45,3.18
Hyderabad,2020,11,2,5.4648,22.49,86.95,3.34
Hyderabad,2020,11,3,4.9579,22.41,86.91,3.73
Hyderabad,2020,11,4,5.1859,20.04,76.81,3.79
Hyderabad,2020,11,5,5.1504,19.66,70.55,3.24
Hyderabad,2020,11,6,3.9742,20.67,82.8,3.07
Hyderabad,2020,11,7,4.4933,22.53,88.92,3.19
Hyderabad,2020,11,8,5.0784,20.86,81.79,3.05
Hyderabad,2020,11,9,5.3743,18.11,79.21,3.25
Hyderabad,2020,11,10,5.5762,17.75,81.19,3.31
Hyderabad,2020,11,11,5.7725,19.99,85.99,3.64
Hyderabad,2020,11,12,3.1198,22.43,91.5,3.63
Hyderabad,2020,11,13,3.5136,22.93,87.57,3.13
Hyderabad,2020,11,14,5.7086,21.99,85.19,2.36
Hyderabad,2020,11,15,5.2618,22.12,87.14,3.23
Hyderabad,2020,11,16,4.8396,22.52,87.15,3.6
Hyderabad,2020,11,17,5.4269,21.98,86.55,3.21
Hyderabad,2020,11,18,4.6049,21.73,88.88,2.84
Hyderabad,2020,11,19,5.0042,22.46,87.47,2.75
Hyderabad,2020,11,20,5.2961,23.28,85.02,2.23
Hyderabad,2020,11,21,4.7419,23.24,86.04,1.99
Hyderabad,2020,11,22,4.3805,21.83,85.09,3.5
Hyderabad,2020,11,23,4.3949,20.08,81.4,3.03
Hyderabad,2020,11,24,4.3786,19.55,79.27,2.84
Hyderabad,2020,11,25,4.645,20.05,83.14,3.75
Hyderabad,2020,11,26,2.3222,19.5,92.69,4.48
Hyderabad,2020,11,27,1.6822,19.7,90.39,5.86
Hyderabad,2020,11,28,2.623,21.1,89.58,4.67
Hyderabad,2020,11,29,3.1421,22.03,87.15,3.18
Hyderabad,2020,11,30,4.2804,21.51,84.29,2
Hyderabad,2020,12,1,5.1641,20.99,82.88,1.99
Hyderabad,2020,12,2,5.0158,20.48,81.67,2.24
Hyderabad,2020,12,3,4.4666,19.91,81.26,2.46
Hyderabad,2020,12,4,4.595,20.33,82.8,2.33
Hyderabad,2020,12,5,4.8893,20.05,81.39,2.7
Hyderabad,2020,12,6,5.1845,19.27,74.47,2.74
Hyderabad,2020,12,7,5.1955,19.43,73.81,2.84
Hyderabad,2020,12,8,5.3026,19.63,76.83,2.38
Hyderabad,2020,12,9,5.2478,20.05,75.35,1.72
Hyderabad,2020,12,10,4.9987,19.63,78.08,2.06
Hyderabad,2020,12,11,4.8391,19.04,80.44,2.52
Hyderabad,2020,12,12,4.615,19.15,83.56,2.7
Hyderabad,2020,12,13,4.3166,19.59,83.11,2.36
Hyderabad,2020,12,14,4.3982,19.87,83.02,2.61
Hyderabad,2020,12,15,4.6817,19.76,84.22,3.05
Hyderabad,2020,12,16,4.224,20.25,85.66,2.75
Hyderabad,2020,12,17,4.4959,20.61,83.01,2.08
Hyderabad,2020,12,18,3.9742,19.47,81.84,2.79
Hyderabad,2020,12,19,4.5115,18.04,78.81,3.07
Hyderabad,2020,12,20,5.1886,16.95,72.48,3
Hyderabad,2020,12,21,5.4144,16.21,61.43,2.33
Hyderabad,2020,12,22,5.3472,16.81,64.48,1.85
Hyderabad,2020,12,23,5.1355,16.76,79.48,2.32
Hyderabad,2020,12,24,4.7866,16.96,80.77,2.54
Hyderabad,2020,12,25,4.5494,18.14,79.93,2.48
Hyderabad,2020,12,26,4.5799,18.42,79.78,2.07
Hyderabad,2020,12,27,4.8247,18.57,72.49,1.53
Hyderabad,2020,12,28,4.3253,18.18,80.22,2.38
Hyderabad,2020,12,29,4.315,18.7,78.48,2.3
Hyderabad,2020,12,30,4.2518,18.58,82.33,2.72
Hyderabad,2020,12,31,3.8124,19.22,84.83,2.68
Hyderabad,2021,1,1,3.9331,19.23,86.43,2.87
Hyderabad,2021,1,2,4.2252,18.29,87.87,2.83
Hyderabad,2021,1,3,4.1683,17.98,83.71,2.96
Hyderabad,2021,1,4,4.6901,18.42,82.88,3.19
Hyderabad,2021,1,5,4.9272,20.39,85.31,2.91
Hyderabad,2021,1,6,2.1137,21.86,87.96,2.73
Hyderabad,2021,1,7,2.881,22.06,86.52,2.79
Hyderabad,2021,1,8,4.26,21.7,80.89,3.48
Hyderabad,2021,1,9,5.2243,20.58,77.24,3.56
Hyderabad,2021,1,10,4.9234,21.03,73.59,2.58
Hyderabad,2021,1,11,4.307,21.86,70.32,2.32
Hyderabad,2021,1,12,4.1546,22.73,74.11,2.28
Hyderabad,2021,1,13,4.3181,21.9,76.56,2.32
Hyderabad,2021,1,14,4.7914,21.37,72.56,2.29
Hyderabad,2021,1,15,4.7225,21,76,2.21
Hyderabad,2021,1,16,4.4465,21.2,77.04,2.43
Hyderabad,2021,1,17,4.9963,21.28,73.32,2.52
Hyderabad,2021,1,18,4.5674,20.9,80.98,2.75
Hyderabad,2021,1,19,4.7395,21.59,77.71,2.36
Hyderabad,2021,1,20,4.7467,21.97,70.6,1.95
Hyderabad,2021,1,21,4.5506,22.24,66.83,1.97
Hyderabad,2021,1,22,4.2242,21.66,68.54,2.39
Hyderabad,2021,1,23,4.6037,21.3,64.7,1.98
Hyderabad,2021,1,24,4.8494,21.98,69.78,2.25
Hyderabad,2021,1,25,5.0311,22.02,68.92,2.1
Hyderabad,2021,1,26,4.8948,22.18,67.85,2.34
Hyderabad,2021,1,27,4.1885,21.93,70.07,2.74
Hyderabad,2021,1,28,4.3447,21.93,73.48,3.34
Hyderabad,2021,1,29,4.0574,22.67,73.4,2.8
Hyderabad,2021,1,30,4.2302,22.48,71.91,1.94
Hyderabad,2021,1,31,3.8813,21.34,61,2.5
Hyderabad,2021,2,1,4.0044,20.2,65.22,2.6
Hyderabad,2021,2,2,5.8339,19.71,45.16,2.54
Hyderabad,2021,2,3,5.8342,20.85,52.69,2.09
Hyderabad,2021,2,4,5.8157,20.51,58.63,2.78
Hyderabad,2021,2,5,5.6767,20.76,61.55,2.5
Hyderabad,2021,2,6,5.706,20.97,58.19,2.44
Hyderabad,2021,2,7,5.5193,19.82,49.88,3.94
Hyderabad,2021,2,8,6.0367,19.72,47.68,3.26
Hyderabad,2021,2,9,5.8848,21.66,46.2,1.79
Hyderabad,2021,2,10,6.0324,21.65,50.47,1.98
Hyderabad,2021,2,11,6.0062,21.42,58.63,2.95
Hyderabad,2021,2,12,5.519,21.86,62.35,2.92
Hyderabad,2021,2,13,5.6143,21.84,60.95,3.19
Hyderabad,2021,2,14,5.6669,22.11,57.45,2.97
Hyderabad,2021,2,15,5.6861,22.8,53.93,2.58
Hyderabad,2021,2,16,5.5442,23.2,50.74,3.38
Hyderabad,2021,2,17,5.4569,22.93,54.74,3.97
Hyderabad,2021,2,18,4.6433,22.45,65.61,3.6
Hyderabad,2021,2,19,3.799,21.81,69.61,2.67
Hyderabad,2021,2,20,4.9627,21.95,63.58,3.72
Hyderabad,2021,2,21,5.0482,22.32,67.98,3.32
Hyderabad,2021,2,22,5.5423,23.67,62.84,1.83
Hyderabad,2021,2,23,6.2186,24.47,45.37,2.61
Hyderabad,2021,2,24,6.305,24.73,36.64,2.41
Hyderabad,2021,2,25,6.367,25.89,34.31,1.78
Hyderabad,2021,2,26,6.1687,26.72,30.95,1.62
Hyderabad,2021,2,27,6.2146,26.46,34.82,2.16
Hyderabad,2021,2,28,6.3907,26.66,31,1.84
Hyderabad,2021,3,1,5.4134,27.1,33.2,2.42
Hyderabad,2021,3,2,6.283,26.59,35.96,3.23
Hyderabad,2021,3,3,6.7654,25.82,28.39,3.51
Hyderabad,2021,3,4,6.7303,25.5,29.38,2.87
Hyderabad,2021,3,5,6.7193,25.61,36.01,2.73
Hyderabad,2021,3,6,6.6893,26.44,29.78,2.38
Hyderabad,2021,3,7,6.5323,26.56,32.64,3.15
Hyderabad,2021,3,8,6.4985,26.65,35.07,3.76
Hyderabad,2021,3,9,6.4428,26.56,44.27,3.66
Hyderabad,2021,3,10,6.5527,27.11,38.74,3.53
Hyderabad,2021,3,11,6.7584,26.66,35.43,4.06
Hyderabad,2021,3,12,6.6955,26.3,32.55,3.99
Hyderabad,2021,3,13,6.6394,26.15,31.89,3.21
Hyderabad,2021,3,14,6.66,26.73,30.17,3.23
Hyderabad,2021,3,15,6.4474,27.43,32.99,2.91
Hyderabad,2021,3,16,5.8622,28.01,34.9,2.73
Hyderabad,2021,3,17,5.591,28.8,34.15,2.66
Hyderabad,2021,3,18,5.4456,29.01,37.62,3.21
Hyderabad,2021,3,19,5.5783,27.76,36.91,2.26
Hyderabad,2021,3,20,5.3503,28.65,35.97,2.57
Hyderabad,2021,3,21,6.0638,29.05,32.58,2.59
Hyderabad,2021,3,22,4.9512,29.59,32.38,3.31
Hyderabad,2021,3,23,6.1138,29.49,34.75,3.24
Hyderabad,2021,3,24,6.1541,29.7,30.79,2.59
Hyderabad,2021,3,25,5.4041,30.07,26.59,3.34
Hyderabad,2021,3,26,5.9921,29.88,24.91,3.27
Hyderabad,2021,3,27,6.1075,30.31,24.33,2.31
Hyderabad,2021,3,28,6.7032,30.66,22.48,1.96
Hyderabad,2021,3,29,6.6466,30.37,27.59,2.59
Hyderabad,2021,3,30,6.671,31,22.4,3.16
Hyderabad,2021,3,31,7.3776,30.98,13.75,4.59
Hyderabad,2021,4,1,7.2067,31.29,18.24,3.9
Hyderabad,2021,4,2,7.2223,31.38,17.14,3.53
Hyderabad,2021,4,3,6.8758,31.92,15.31,1.64
Hyderabad,2021,4,4,6.6118,31.1,26.84,2.41
Hyderabad,2021,4,5,6.0902,30.57,26.82,3.34
Hyderabad,2021,4,6,6.3245,30.81,42.01,3.66
Hyderabad,2021,4,7,6.1793,31.35,33.15,3.25
Hyderabad,2021,4,8,4.9418,32.14,28.92,2.6
Hyderabad,2021,4,9,5.6506,31.11,33.9,2.29
Hyderabad,2021,4,10,6.2839,30.09,42.51,3.8
Hyderabad,2021,4,11,6.637,30.44,40.95,3.44
Hyderabad,2021,4,12,4.5158,30.74,40.08,2.59
Hyderabad,2021,4,13,5.9342,30.51,45.2,2.55
Hyderabad,2021,4,14,5.4857,28.88,53.71,2.1
Hyderabad,2021,4,15,6.5986,29.65,48.18,1.84
Hyderabad,2021,4,16,6.9852,30.32,43.38,3.41
Hyderabad,2021,4,17,6.888,30.99,39.42,3.23
Hyderabad,2021,4,18,5.8879,32.02,38.17,2.57
Hyderabad,2021,4,19,5.9045,32.75,36.86,2.8
Hyderabad,2021,4,20,6.0442,32.94,38.24,4.78
Hyderabad,2021,4,21,5.6974,32.32,39.44,3.95
Hyderabad,2021,4,22,5.9035,31.43,43.56,2.5
Hyderabad,2021,4,23,5.9952,29.33,53.74,2.26
Hyderabad,2021,4,24,6.3391,30.63,42.92,2.66
Hyderabad,2021,4,25,6.301,31.37,41.47,2.87
Hyderabad,2021,4,26,6.1987,31.34,41.03,2.3
Hyderabad,2021,4,27,6,32.68,35.64,2.22
Hyderabad,2021,4,28,5.671,32.52,37.96,1.95
Hyderabad,2021,4,29,6.0773,33.45,31.99,2.28
Hyderabad,2021,4,30,6.3706,33.29,32.99,3.4
Hyderabad,2021,5,1,5.9448,32.04,40.19,3.75
Hyderabad,2021,5,2,6.6482,31.78,42.03,2.61
Hyderabad,2021,5,3,5.7734,31.63,40.08,1.98
Hyderabad,2021,5,4,5.85,31.4,41.31,2.61
Hyderabad,2021,5,5,6.1817,31.87,42.64,2.83
Hyderabad,2021,5,6,6.3816,32.15,43.69,4.56
Hyderabad,2021,5,7,6.6612,32.45,41.59,4.26
Hyderabad,2021,5,8,6.7214,32.02,44.77,3.64
Hyderabad,2021,5,9,7.1184,32.89,40.17,3.25
Hyderabad,2021,5,10,5.5097,32.87,44.17,2.88
Hyderabad,2021,5,11,5.6136,33,46.8,2.54
Hyderabad,2021,5,12,6.9934,33.52,44.56,2.86
Hyderabad,2021,5,13,5.9916,32.04,46.28,4.24
Hyderabad,2021,5,14,4.9867,32.34,47.03,3.2
Hyderabad,2021,5,15,6.1018,29.63,62.84,7.74
Hyderabad,2021,5,16,4.7609,28.1,70.35,6.9
Hyderabad,2021,5,17,6.6643,28.57,66.8,5.33
Hyderabad,2021,5,18,6.1771,29.48,62.85,4.61
Hyderabad,2021,5,19,6.649,29.72,60.97,4.34
Hyderabad,2021,5,20,5.6599,28.66,65.62,3.83
Hyderabad,2021,5,21,5.7912,30.19,57.1,3
Hyderabad,2021,5,22,6.0446,30.55,54.26,3.27
Hyderabad,2021,5,23,6.3814,32.13,45.03,3.63
Hyderabad,2021,5,24,4.9123,32.29,40.33,4.45
Hyderabad,2021,5,25,6.0818,33.26,29.61,5.83
Hyderabad,2021,5,26,6.4258,34.16,33.48,7.1
Hyderabad,2021,5,27,6.432,34.29,33.71,6.85
Hyderabad,2021,5,28,5.495,32.79,43.76,5.98
Hyderabad,2021,5,29,5.9446,32.22,48.82,4.85
Hyderabad,2021,5,30,6.5071,32.8,46.46,3.29
Hyderabad,2021,5,31,6.1858,32.06,50,3.47
Hyderabad,2021,6,1,6.2736,30.77,60.7,2.16
Hyderabad,2021,6,2,5.5075,28.06,75.52,3.25
Hyderabad,2021,6,3,3.4109,26.67,79.22,2.28
Hyderabad,2021,6,4,4.7206,27.19,73.69,2.18
Hyderabad,2021,6,5,6.7018,27.81,69.73,3.31
Hyderabad,2021,6,6,6.1934,28.58,65.44,3.52
Hyderabad,2021,6,7,6.4073,29.24,63.75,3.82
Hyderabad,2021,6,8,7.0138,28.8,66.44,4.47
Hyderabad,2021,6,9,3.0185,27.56,72.85,5.68
Hyderabad,2021,6,10,4.9562,26.29,77.51,7.34
Hyderabad,2021,6,11,3.841,27.03,65.73,7.35
Hyderabad,2021,6,12,4.8854,27.61,69.2,5.36
Hyderabad,2021,6,13,4.7808,26.27,82.5,6.22
Hyderabad,2021,6,14,4.8638,25.28,79.89,6.24
Hyderabad,2021,6,15,5.3316,27.39,67.9,7.13
Hyderabad,2021,6,16,4.9668,26.09,72.1,6.86
Hyderabad,2021,6,17,5.2104,26.19,73.07,7.51
Hyderabad,2021,6,18,4.0651,27.3,70.49,7.57
Hyderabad,2021,6,19,4.3121,27.37,69.29,7.18
Hyderabad,2021,6,20,6.5647,27.51,66.82,6.61
Hyderabad,2021,6,21,6.3559,27.74,66.17,5.28
Hyderabad,2021,6,22,5.4542,27.15,68.93,4.49
Hyderabad,2021,6,23,3.7529,26.54,69.73,5.17
Hyderabad,2021,6,24,3.6218,27.01,66.75,5.73
Hyderabad,2021,6,25,5.1871,27.34,64.12,6.5
Hyderabad,2021,6,26,5.1386,25.91,76.85,5.26
Hyderabad,2021,6,27,2.3734,25.98,80.74,3.51
Hyderabad,2021,6,28,4.3457,26.76,81.14,1.45
Hyderabad,2021,6,29,5.9398,27.57,74.06,2.15
Hyderabad,2021,6,30,5.9167,28.22,74.4,3.84
Hyderabad,2021,7,1,3.5381,26.18,83.26,3.45
Hyderabad,2021,7,2,3.1262,25.8,78.61,4.53
Hyderabad,2021,7,3,5.9494,26.63,75.62,3.97
Hyderabad,2021,7,4,6.0943,27.08,76.58,3.86
Hyderabad,2021,7,5,4.8665,27.54,75.7,2.06
Hyderabad,2021,7,6,5.7302,27.38,76.26,2.11
Hyderabad,2021,7,7,5.6395,27.64,77.52,2.45
Hyderabad,2021,7,8,3.0869,25.44,87.49,2.07
Hyderabad,2021,7,9,4.8125,26.48,79.79,2.04
Hyderabad,2021,7,10,3.8189,25.5,83.13,3.11
Hyderabad,2021,7,11,1.3267,25.28,86.04,3.09
Hyderabad,2021,7,12,3.7212,25.63,84.83,3.09
Hyderabad,2021,7,13,3.485,25.12,87,5.05
Hyderabad,2021,7,14,3.1812,24.53,86.83,6.38
Hyderabad,2021,7,15,3.9574,26.08,83.37,4.48
Hyderabad,2021,7,16,4.5773,26.58,82.91,1.77
Hyderabad,2021,7,17,5.8032,26.73,84.21,2.58
Hyderabad,2021,7,18,4.5094,26.55,86.91,1.54
Hyderabad,2021,7,19,4.8655,26.04,83.68,5.62
Hyderabad,2021,7,20,4.3356,24.88,84.54,7.62
Hyderabad,2021,7,21,1.7522,24.12,86.23,9.45
Hyderabad,2021,7,22,1.2336,24.23,90.31,9.12
Hyderabad,2021,7,23,3.2546,24.71,85.93,6.81
Hyderabad,2021,7,24,5.2224,26.07,79.51,6.23
Hyderabad,2021,7,25,5.3506,26.42,81.61,6.05
Hyderabad,2021,7,26,5.6201,26.37,81.53,6.8
Hyderabad,2021,7,27,6.0389,25.47,82.27,6.45
Hyderabad,2021,7,28,5.7732,25.63,79.8,6.84
Hyderabad,2021,7,29,3.757,25.08,81.04,7.65
Hyderabad,2021,7,30,4.4357,24.28,85.88,6.44
Hyderabad,2021,7,31,4.1206,24.54,83.84,6.61
Hyderabad,2021,8,1,4.4086,25.62,79.77,6.86
Hyderabad,2021,8,2,5.1986,25.76,79.22,6.6
Hyderabad,2021,8,3,4.8972,25.7,80.52,5.75
Hyderabad,2021,8,4,4.949,26.2,80.37,5.87
Hyderabad,2021,8,5,4.6586,25.07,84.94,5.63
Hyderabad,2021,8,6,4.7741,26.33,79.87,5.6
Hyderabad,2021,8,7,6.3233,26.37,81.11,3.96
Hyderabad,2021,8,8,5.3594,26.02,83.91,2.51
Hyderabad,2021,8,9,5.0669,26.2,84.61,2.38
Hyderabad,2021,8,10,4.8091,26.01,86.35,3.11
Hyderabad,2021,8,11,5.611,26,85.53,3.09
Hyderabad,2021,8,12,5.5406,25.34,87.68,2.8
Hyderabad,2021,8,13,4.4083,24.61,87.62,3.46
Hyderabad,2021,8,14,5.106,25.27,84.82,3.66
Hyderabad,2021,8,15,5.0129,24.89,85.46,4.01
Hyderabad,2021,8,16,2.6414,24.16,89.11,4.27
Hyderabad,2021,8,17,1.9421,24.39,87.26,4.76
Hyderabad,2021,8,18,3.089,25.05,83.54,4.54
Hyderabad,2021,8,19,3.6156,24.5,87.56,5.43
Hyderabad,2021,8,20,3.1776,24.7,86.34,3.06
Hyderabad,2021,8,21,3.7596,24.36,85.62,3.06
Hyderabad,2021,8,22,6.1378,25.01,83.24,2.74
Hyderabad,2021,8,23,5.9479,25.85,81.56,1.51
Hyderabad,2021,8,24,5.9513,27,79.09,1.51
Hyderabad,2021,8,25,5.3501,26.23,86.73,1.96
Hyderabad,2021,8,26,4.231,24.93,89.25,3.23
Hyderabad,2021,8,27,3.2227,25.41,84.79,1.5
Hyderabad,2021,8,28,3.2093,25.42,83.46,1.97
Hyderabad,2021,8,29,4.1438,25.51,86.88,2.01
Hyderabad,2021,8,30,1.717,24.01,89,5.42
Hyderabad,2021,8,31,2.7624,23.59,88.86,4.59
Hyderabad,2021,9,1,4.5818,24.64,86.37,2.56
Hyderabad,2021,9,2,4.8331,25.92,82.47,1.57
Hyderabad,2021,9,3,3.4099,25.03,89.12,2.53
Hyderabad,2021,9,4,4.8353,24.79,89.74,3.3
Hyderabad,2021,9,5,3.8616,24.37,91.63,3.79
Hyderabad,2021,9,6,1.53,23.69,94.17,3.78
Hyderabad,2021,9,7,2.4835,24.34,89.35,5.4
Hyderabad,2021,9,8,4.4623,24.87,86.6,5.92
Hyderabad,2021,9,9,5.2853,25.3,84.99,5.77
Hyderabad,2021,9,10,5.2474,25.66,85.13,5.04
Hyderabad,2021,9,11,4.818,25.69,85.9,5.05
Hyderabad,2021,9,12,4.6385,25.24,87.45,5.26
Hyderabad,2021,9,13,4.3291,24.88,90.84,5.1
Hyderabad,2021,9,14,4.4352,25.5,85.99,5.68
Hyderabad,2021,9,15,5.7197,25.37,85.03,4.63
Hyderabad,2021,9,16,5.7593,25.52,83.28,4.24
Hyderabad,2021,9,17,5.9587,25.42,83.54,3.64
Hyderabad,2021,9,18,4.5043,25.34,82.68,2.35
Hyderabad,2021,9,19,5.0143,25.55,81.46,1.68
Hyderabad,2021,9,20,4.657,25.71,86.76,1.7
Hyderabad,2021,9,21,4.375,24.92,90.27,2.9
Hyderabad,2021,9,22,3.1937,24.71,89.41,3.47
Hyderabad,2021,9,23,3.7946,24.3,92.55,3.04
Hyderabad,2021,9,24,4.8185,25.06,87.32,2.34
Hyderabad,2021,9,25,4.7688,25.08,87.39,2.63
Hyderabad,2021,9,26,3.6276,24.9,89.96,3.67
Hyderabad,2021,9,27,1.3927,24.21,91.99,4.75
Hyderabad,2021,9,28,3.6744,24.1,86.43,6
Hyderabad,2021,9,29,4.5912,23.97,78.82,2.88
Hyderabad,2021,9,30,5.3566,25.61,83.75,1.62
Hyderabad,2021,10,1,5.6179,25.52,87.29,2.24
Hyderabad,2021,10,2,5.4012,25.15,87.01,2.17
Hyderabad,2021,10,3,5.5229,25.6,85.16,1.79
Hyderabad,2021,10,4,5.0386,25.73,85.93,1.91
Hyderabad,2021,10,5,4.6044,25.46,89.91,2.18
Hyderabad,2021,10,6,5.7958,24.68,90.53,2.91
Hyderabad,2021,10,7,5.4569,25.26,89.52,2.31
Hyderabad,2021,10,8,5.203,26.07,84.94,1.02
Hyderabad,2021,10,9,4.6898,25.81,87.43,1.73
Hyderabad,2021,10,10,5.1734,24.39,90.47,2.39
Hyderabad,2021,10,11,5.9112,23.95,82.96,2.59
Hyderabad,2021,10,12,5.334,24.11,82.45,2.55
Hyderabad,2021,10,13,4.793,24.22,84.5,2.71
Hyderabad,2021,10,14,5.3266,24.39,83.24,3
Hyderabad,2021,10,15,4.9879,24.5,86.37,3
Hyderabad,2021,10,16,2.5622,25,88.67,1.55
Hyderabad,2021,10,17,3.5719,24.77,89.53,2.6
Hyderabad,2021,10,18,5.4137,25.27,86.95,3.76
Hyderabad,2021,10,19,4.9106,24.43,81.56,3.19
Hyderabad,2021,10,20,5.4185,23.23,77.81,2.64
Hyderabad,2021,10,21,5.8858,22.86,81.72,2.74
Hyderabad,2021,10,22,5.9477,21.89,76.33,2.69
Hyderabad,2021,10,23,5.8471,22.66,73.15,2.02
Hyderabad,2021,10,24,4.8026,22.96,76.02,1.82
Hyderabad,2021,10,25,5.3237,21.97,81.13,2.53
Hyderabad,2021,10,26,5.4538,21.56,85.99,3.2
Hyderabad,2021,10,27,5.5531,20.93,82.14,3.57
Hyderabad,2021,10,28,4.799,22.27,86.39,4.21
Hyderabad,2021,10,29,4.3063,22.93,89.95,4.1
Hyderabad,2021,10,30,4.1177,23.33,89.44,3.56
Hyderabad,2021,10,31,5.0412,22.41,85.6,3.46
Hyderabad,2021,11,1,3.5359,21.04,87.71,2.35
Hyderabad,2021,11,2,3.6504,22.9,90.4,2.41
Hyderabad,2021,11,3,3.5959,22.93,88.93,2.56
Hyderabad,2021,11,4,3.7997,23.16,90.06,2.56
Hyderabad,2021,11,5,3.9682,23.29,87.7,2.65
Hyderabad,2021,11,6,4.843,22.72,87.18,2.51
Hyderabad,2021,11,7,4.8634,21.33,84.5,2.94
Hyderabad,2021,11,8,5.3851,20.08,82.01,2.99
Hyderabad,2021,11,9,4.0788,19.41,79.94,3.36
Hyderabad,2021,11,10,4.5194,19.16,79.1,3.31
Hyderabad,2021,11,11,3.2818,19.75,83.94,3.99
Hyderabad,2021,11,12,2.7348,21.96,91.22,3.83
Hyderabad,2021,11,13,3.2551,23.67,90.79,2.81
Hyderabad,2021,11,14,3.4567,24.01,90.31,2.68
Hyderabad,2021,11,15,3.4874,24.48,89.2,2.89
Hyderabad,2021,11,16,3.3509,24.44,88.99,3.43
Hyderabad,2021,11,17,2.8392,23.96,88.39,3.54
Hyderabad,2021,11,18,2.6638,23.52,91.11,2.3
Hyderabad,2021,11,19,3.0029,23.12,91.8,4.01
Hyderabad,2021,11,20,2.695,24.21,89.37,4.02
Hyderabad,2021,11,21,2.5714,24.24,89.48,3.89
Hyderabad,2021,11,22,4.5427,24.62,85.88,1.81
Hyderabad,2021,11,23,4.2322,24.68,86.05,1.81
Hyderabad,2021,11,24,4.1666,23.88,88.75,2.9
Hyderabad,2021,11,25,4.6538,22.75,84,2.32
Hyderabad,2021,11,26,4.6826,21.14,80.11,2.59
Hyderabad,2021,11,27,3.9914,19.79,81.23,2.8
Hyderabad,2021,11,28,4.1455,19.7,83.81,2.82
Hyderabad,2021,11,29,2.4149,21.06,86.91,2.83
Hyderabad,2021,11,30,3.864,20.8,79.29,2.37
Hyderabad,2021,12,1,4.6716,20.77,80.71,2.23
Hyderabad,2021,12,2,3.9746,20.75,84.74,2.04
Hyderabad,2021,12,3,3.4582,20.45,83.18,2.03
Hyderabad,2021,12,4,4.7947,21,79.54,2.76
Hyderabad,2021,12,5,5.0777,21.6,79.47,2.62
Hyderabad,2021,12,6,5.0628,21.08,77.4,2.55
Hyderabad,2021,12,7,4.2907,20.37,76.66,2.97
Hyderabad,2021,12,8,3.8976,20.78,87.42,2.68
Hyderabad,2021,12,9,3.6593,21.53,87.5,2.49
Hyderabad,2021,12,10,2.881,21.76,88.05,2.51
Hyderabad,2021,12,11,4.093,21.66,86.36,2.18
Hyderabad,2021,12,12,3.966,21.35,85.81,2.35
Hyderabad,2021,12,13,3.4831,21.07,86.38,1.94
Hyderabad,2021,12,14,3.0593,20.4,89.36,2.12
Hyderabad,2021,12,15,3.5126,20.21,85.45,1.98
Hyderabad,2021,12,16,4.5482,18.99,77.17,2.09
Hyderabad,2021,12,17,4.8744,18.89,72.13,1.8
Hyderabad,2021,12,18,4.8571,17.76,69.2,2.71
Hyderabad,2021,12,19,4.2974,17.02,75.96,2.84
Hyderabad,2021,12,20,4.6891,15.9,65.42,2.92
Hyderabad,2021,12,21,5.1456,16.46,50.91,2.31
Hyderabad,2021,12,22,5.2243,18.3,47.37,1.75
Hyderabad,2021,12,23,4.9056,18.83,55.79,1.96
Hyderabad,2021,12,24,4.5103,19.16,65.43,2.28
Hyderabad,2021,12,25,4.254,20.19,75.07,2.44
Hyderabad,2021,12,26,3.786,20.61,78.38,1.85
Hyderabad,2021,12,27,3.0953,20.66,81.98,2.76
Hyderabad,2021,12,28,3.8141,20.61,81.36,3.21
Hyderabad,2021,12,29,3.8443,20.68,78.1,3.29
Hyderabad,2021,12,30,4.0054,20.13,80.31,3.5
Hyderabad,2021,12,31,4.1945,20.41,79.83,2.75
Hyderabad,2022,1,1,3.8839,20.18,80.05,2.23
Hyderabad,2022,1,2,4.0747,20.38,79.59,2.19
Hyderabad,2022,1,3,4.6819,19.34,68.96,2.07
Hyderabad,2022,1,4,4.9514,18.86,70.35,2.39
Hyderabad,2022,1,5,4.4784,19.32,76.61,2.71
Hyderabad,2022,1,6,4.6673,19.6,76,3.38
Hyderabad,2022,1,7,4.5317,20.42,75.65,3.95
Hyderabad,2022,1,8,3.5554,21.12,78.29,3.72
Hyderabad,2022,1,9,3.7704,22.06,77.68,3.27
Hyderabad,2022,1,10,3.2112,21.95,80.96,3.26
Hyderabad,2022,1,11,3.2131,22.45,79.49,3.12
Hyderabad,2022,1,12,3.1073,21.99,82.08,2.96
Hyderabad,2022,1,13,3.1608,20.74,85.1,2.73
Hyderabad,2022,1,14,4.1702,22.05,76.89,2.8
Hyderabad,2022,1,15,3.8554,20.92,81.82,2.49
Hyderabad,2022,1,16,2.3825,20.39,79.84,2.94
Hyderabad,2022,1,17,3.7166,20.18,79.53,2.36
Hyderabad,2022,1,18,4.9627,19.71,70.6,2.33
Hyderabad,2022,1,19,5.0686,19.47,66.3,2.45
Hyderabad,2022,1,20,5.2488,20.49,60.19,1.68
Hyderabad,2022,1,21,5.3556,20.83,61.73,3.2
Hyderabad,2022,1,22,5.2814,22.61,56.35,2.08
Hyderabad,2022,1,23,5.1223,21.09,65.39,3.39
Hyderabad,2022,1,24,5.0388,19.53,61.43,2.77
Hyderabad,2022,1,25,4.6214,18.25,62.13,2.26
Hyderabad,2022,1,26,4.7328,18.29,61.46,2.56
Hyderabad,2022,1,27,5.064,17.71,55.82,3.68
Hyderabad,2022,1,28,5.8942,16.52,47.91,3.62
Hyderabad,2022,1,29,5.9942,16.83,47.93,2.97
Hyderabad,2022,1,30,5.8776,19.65,40.89,2.13
Hyderabad,2022,1,31,5.8452,21.03,39.97,1.64
Hyderabad,2022,2,1,5.4221,21.17,47.46,1.91
Hyderabad,2022,2,2,5.357,22,50.91,1.72
Hyderabad,2022,2,3,5.0899,22.14,65.9,3.86
Hyderabad,2022,2,4,5.8541,20.2,51.14,3.42
Hyderabad,2022,2,5,5.9842,19.61,43.82,2.31
Hyderabad,2022,2,6,5.922,19.75,46.11,2.77
Hyderabad,2022,2,7,5.6338,21.9,66.3,2.28
Hyderabad,2022,2,8,4.7906,22.67,65.02,2.55
Hyderabad,2022,2,9,4.307,22.88,71.32,4.3
Hyderabad,2022,2,10,4.3615,22.81,67.81,2.27
Hyderabad,2022,2,11,4.783,21.87,61.34,3.61
Hyderabad,2022,2,12,6.0362,20.4,44.55,3.14
Hyderabad,2022,2,13,6.1927,20.26,41.83,2.71
Hyderabad,2022,2,14,5.5634,21.75,63.86,2.95
Hyderabad,2022,2,15,4.903,22.86,63.97,3.1
Hyderabad,2022,2,16,4.0949,23.2,64.47,2.38
Hyderabad,2022,2,17,4.302,23.7,61.5,2.78
Hyderabad,2022,2,18,4.9709,23.47,62.26,3.13
Hyderabad,2022,2,19,5.567,23.89,59.2,2.76
Hyderabad,2022,2,20,5.561,25.62,50.59,3.51
Hyderabad,2022,2,21,6.0566,24.33,40.5,2.69
Hyderabad,2022,2,22,6.2362,23.85,33.95,2.78
Hyderabad,2022,2,23,6.0902,24,61.35,3.72
Hyderabad,2022,2,24,6.2441,24.49,58.28,3.73
Hyderabad,2022,2,25,6.2448,24.45,51.78,3.37
Hyderabad,2022,2,26,6.5131,23.46,54.62,4.5
Hyderabad,2022,2,27,6.7706,23.52,52.83,3.92
Hyderabad,2022,2,28,6.8338,23.6,46.28,3.51
Hyderabad,2022,3,1,6.5078,24.52,39.2,3.3
Hyderabad,2022,3,2,6.7056,24.68,40.63,3.22
Hyderabad,2022,3,3,6.3799,25.2,44.26,3.31
Hyderabad,2022,3,4,6.3002,25.54,49.06,3.34
Hyderabad,2022,3,5,6.1951,25.79,43.34,3.02
Hyderabad,2022,3,6,5.8543,26.8,42.29,2.88
Hyderabad,2022,3,7,6.2923,26.73,40.45,3.2
Hyderabad,2022,3,8,6.0101,27.25,39.87,2.34
Hyderabad,2022,3,9,6.239,27.18,30.09,2.79
Hyderabad,2022,3,10,5.4108,27.61,32.01,2.68
Hyderabad,2022,3,11,5.0986,28.59,34.46,2.07
Hyderabad,2022,3,12,5.1264,27.13,35.63,2.76
Hyderabad,2022,3,13,6.1874,28.22,33.55,2.87
Hyderabad,2022,3,14,7.0973,28.15,24.04,3.19
Hyderabad,2022,3,15,6.8719,28.87,17.67,3.49
Hyderabad,2022,3,16,6.9886,30.87,18.58,2.63
Hyderabad,2022,3,17,7.0478,31.06,18.54,2.88
Hyderabad,2022,3,18,6.6557,30.33,28.23,2.58
Hyderabad,2022,3,19,5.6923,29.79,40.26,3.2
Hyderabad,2022,3,20,5.2826,30.52,37.41,3.02
Hyderabad,2022,3,21,5.4763,31.06,29.37,2.98
Hyderabad,2022,3,22,5.1365,30.58,30,2.8
Hyderabad,2022,3,23,5.7768,31.66,25.76,2.41
Hyderabad,2022,3,24,5.568,31.64,37.99,2.89
Hyderabad,2022,3,25,5.4461,31.6,39.4,3.05
Hyderabad,2022,3,26,5.5409,32.64,35.16,2.1
Hyderabad,2022,3,27,5.459,32.44,33.18,2.53
Hyderabad,2022,3,28,6.1526,32.18,33.83,2.18
Hyderabad,2022,3,29,6.5815,32.1,31.24,2.31
Hyderabad,2022,3,30,7.002,31.99,27.11,1.85
Hyderabad,2022,3,31,6.8592,32.08,34.95,2.23
Hyderabad,2022,4,1,6.7109,32.18,41.68,3.13
Hyderabad,2022,4,2,6.133,31.9,43.31,3.33
Hyderabad,2022,4,3,6.0048,32.04,34.84,2.87
Hyderabad,2022,4,4,5.9731,32.41,34.27,3.57
Hyderabad,2022,4,5,6.1486,31.94,35.59,3.32
Hyderabad,2022,4,6,6.3394,32.64,30.03,3.46
Hyderabad,2022,4,7,6.3319,32.24,32.64,3.66
Hyderabad,2022,4,8,6.3528,31.56,37.26,4.32
Hyderabad,2022,4,9,5.5529,31.85,40.36,3.66
Hyderabad,2022,4,10,6.4898,32.1,36.73,3.37
Hyderabad,2022,4,11,5.7526,32.17,34.79,3.38
Hyderabad,2022,4,12,6.3002,33.04,33.38,3.5
Hyderabad,2022,4,13,5.8714,32.67,33.75,4.04
Hyderabad,2022,4,14,6.294,32.57,37.33,3.55
Hyderabad,2022,4,15,4.589,32.78,39.73,2.1
Hyderabad,2022,4,16,5.3597,30.57,41.79,1.27
Hyderabad,2022,4,17,5.8416,32.41,38.45,2.93
Hyderabad,2022,4,18,6.3823,33.06,33.38,2.77
Hyderabad,2022,4,19,6.4526,34.21,29.83,2.9
Hyderabad,2022,4,20,6.7262,34.86,28.46,2.87
Hyderabad,2022,4,21,5.771,33.78,35.4,4.47
Hyderabad,2022,4,22,4.908,31.45,43.72,2.63
Hyderabad,2022,4,23,6.1807,29.75,44.11,2.1
Hyderabad,2022,4,24,6.3658,32.54,36.39,2.6
Hyderabad,2022,4,25,6.4459,34.17,31.44,1.95
Hyderabad,2022,4,26,5.7986,34.1,31.37,2.49
Hyderabad,2022,4,27,6.2078,34.49,30.26,2.88
Hyderabad,2022,4,28,5.9474,34.62,30.97,2.58
Hyderabad,2022,4,29,6.8806,35.24,27.88,2.91
Hyderabad,2022,4,30,6.6545,35.38,25.65,2.52
Hyderabad,2022,5,1,7.091,35.13,25.28,2.44
Hyderabad,2022,5,2,6.5878,34.61,30.73,3.7
Hyderabad,2022,5,3,6.6715,33.66,43.93,3.64
Hyderabad,2022,5,4,5.1194,29.33,67.09,2.37
Hyderabad,2022,5,5,5.897,30.98,55.03,2.68
Hyderabad,2022,5,6,6.7968,32.11,47.89,3.33
Hyderabad,2022,5,7,6.8395,32.89,44.61,3.53
Hyderabad,2022,5,8,5.5934,33.45,38.79,2.71
Hyderabad,2022,5,9,6.1481,32.68,39.22,3.13
Hyderabad,2022,5,10,5.3321,32.82,38.27,5.18
Hyderabad,2022,5,11,2.376,28.96,61.21,4.71
Hyderabad,2022,5,12,4.8091,29.56,62.56,3.51
Hyderabad,2022,5,13,6.6866,31.28,57.09,3.63
Hyderabad,2022,5,14,6.9022,33.13,48.64,4.27
Hyderabad,2022,5,15,6.5448,31.97,53.53,3.79
Hyderabad,2022,5,16,6.4198,29.57,67.16,3.42
Hyderabad,2022,5,17,5.1739,28.83,69.73,2.61
Hyderabad,2022,5,18,4.9046,30.68,53.58,3.34
Hyderabad,2022,5,19,5.1456,28.49,70.85,3.44
Hyderabad,2022,5,20,5.2747,30.22,60.78,2.04
Hyderabad,2022,5,21,4.6514,31.46,46,5.73
Hyderabad,2022,5,22,7.3438,31.48,44.55,8.34
Hyderabad,2022,5,23,7.483,32.03,42.97,7.28
Hyderabad,2022,5,24,7.0766,33.47,41.34,5.88
Hyderabad,2022,5,25,6.1562,33.52,37.68,4.81
Hyderabad,2022,5,26,5.9311,34.1,36.79,4.05
Hyderabad,2022,5,27,6.6266,32.39,42.53,5.55
Hyderabad,2022,5,28,7.3723,33.25,34.28,6.11
Hyderabad,2022,5,29,7.1693,33.94,35.3,5.37
Hyderabad,2022,5,30,6.6643,33.96,36.41,4.67
Hyderabad,2022,5,31,5.8692,33.64,40.64,5.33
Hyderabad,2022,6,1,6.2218,32.07,45.32,5.92
Hyderabad,2022,6,2,6.6046,33.47,39.59,5.99
Hyderabad,2022,6,3,5.7434,34.46,34.69,5.87
Hyderabad,2022,6,4,6.0154,32.66,37.78,5.7
Hyderabad,2022,6,5,6.2102,31.88,46.82,4.36
Hyderabad,2022,6,6,4.5643,30.11,56.15,5.41
Hyderabad,2022,6,7,6.7178,32.43,44.38,5.62
Hyderabad,2022,6,8,4.3176,32.12,43.67,6.52
Hyderabad,2022,6,9,5.9016,30.42,54.01,6.63
Hyderabad,2022,6,10,6.391,30.03,54.97,3.49
Hyderabad,2022,6,11,6.3526,29.93,57.14,4.28
Hyderabad,2022,6,12,6.4668,29.02,62.12,3.02
Hyderabad,2022,6,13,6.4358,28.63,63.67,3.88
Hyderabad,2022,6,14,6.0497,28.56,67.66,2.2
Hyderabad,2022,6,15,5.1574,27.12,75.49,3.49
Hyderabad,2022,6,16,4.615,28.25,68.09,2.65
Hyderabad,2022,6,17,5.4946,28.22,70.08,2.14
Hyderabad,2022,6,18,5.2762,28.26,67.67,3.63
Hyderabad,2022,6,19,3.9338,28.4,68.69,3.11
Hyderabad,2022,6,20,5.5697,26.84,76.31,4.08
Hyderabad,2022,6,21,5.6573,25.82,79.87,4.35
Hyderabad,2022,6,22,4.5912,26.95,74.15,5.08
Hyderabad,2022,6,23,6.1834,27.15,72.77,3.37
Hyderabad,2022,6,24,4.5533,26.78,74.36,2.95
Hyderabad,2022,6,25,4.7501,26.85,73.54,4.04
Hyderabad,2022,6,26,4.0618,26.28,76.98,4.22
Hyderabad,2022,6,27,3.8712,26.62,72.41,5.63
Hyderabad,2022,6,28,4.0805,27.15,71.95,5.54
Hyderabad,2022,6,29,5.568,27.51,70.52,4.42
Hyderabad,2022,6,30,4.8185,27.81,70.32,4.26
Hyderabad,2022,7,1,5.6683,28.56,64.58,4.54
Hyderabad,2022,7,2,4.5653,27.56,73.46,4.92
Hyderabad,2022,7,3,4.7162,26.22,80.98,4.68
Hyderabad,2022,7,4,4.1988,26.23,76.12,5.71
Hyderabad,2022,7,5,4.9162,26.6,77.96,5.21
Hyderabad,2022,7,6,3.5021,25.6,82.09,5.33
Hyderabad,2022,7,7,4.0882,25.55,82.06,5.92
Hyderabad,2022,7,8,1.7362,24.68,88.43,6.61
Hyderabad,2022,7,9,1.1383,24.43,89.84,6.84
Hyderabad,2022,7,10,1.3178,24.74,85.09,9.24
Hyderabad,2022,7,11,2.3875,24.35,85.3,9.52
Hyderabad,2022,7,12,1.2902,23.72,86.11,10.92
Hyderabad,2022,7,13,1.067,23.2,87.51,13.38
Hyderabad,2022,7,14,3.0252,23.62,84.54,11.34
Hyderabad,2022,7,15,4.8343,25.32,79.21,8.86
Hyderabad,2022,7,16,5.723,25.01,84.57,5.61
Hyderabad,2022,7,17,2.8788,25.04,87.18,6.25
Hyderabad,2022,7,18,4.237,25.23,83.44,6.01
Hyderabad,2022,7,19,5.8051,26.05,81.43,4.88
Hyderabad,2022,7,20,6.695,26.52,80.76,4.85
Hyderabad,2022,7,21,4.9471,25.31,84.75,4.88
Hyderabad,2022,7,22,2.2834,23.85,91.13,4.95
Hyderabad,2022,7,23,3.2676,24.14,88.59,4.97
Hyderabad,2022,7,24,4.0966,25.15,84.35,4.81
Hyderabad,2022,7,25,5.2572,25.04,83.29,3.41
Hyderabad,2022,7,26,2.6021,24.02,89.52,3.09
Hyderabad,2022,7,27,5.1382,25.43,85.06,2.1
Hyderabad,2022,7,28,5.6362,26.06,84.58,2.06
Hyderabad,2022,7,29,5.3609,26.65,82.03,1.56
Hyderabad,2022,7,30,6.5206,26.45,84.42,1.26
Hyderabad,2022,7,31,5.7386,26.48,83.34,1.11
Hyderabad,2022,8,1,4.1126,26.04,86.7,1.51
Hyderabad,2022,8,2,3.7474,25.43,90.34,3.25
Hyderabad,2022,8,3,5.2054,25.99,85.52,2.29
Hyderabad,2022,8,4,4.1851,26.51,83.8,1.55
Hyderabad,2022,8,5,4.0116,25.89,84.78,3.38
Hyderabad,2022,8,6,4.5014,25.19,86.21,3.79
Hyderabad,2022,8,7,3.1627,24.44,88.46,5.7
Hyderabad,2022,8,8,2.2351,24.32,85.43,8.58
Hyderabad,2022,8,9,3.1346,24.12,86.66,9.25
Hyderabad,2022,8,10,4.2106,24.5,82.42,8.83
Hyderabad,2022,8,11,4.4789,24.99,83.65,6.44
Hyderabad,2022,8,12,4.7861,25.48,82.27,6.32
Hyderabad,2022,8,13,4.1971,25.17,83.5,6.28
Hyderabad,2022,8,14,1.7424,24.03,87.63,6.63
Hyderabad,2022,8,15,2.172,24.62,84.97,6.43
Hyderabad,2022,8,16,5.971,25.32,83.22,4.61
Hyderabad,2022,8,17,6.4157,25.98,81.47,4.01
Hyderabad,2022,8,18,5.8548,25.08,86.11,3.6
Hyderabad,2022,8,19,4.8336,25.01,87.54,4.97
Hyderabad,2022,8,20,4.8626,25.65,84.97,5.63
Hyderabad,2022,8,21,5.4338,25.64,83.13,5.96
Hyderabad,2022,8,22,4.7467,25.93,82.43,5.54
Hyderabad,2022,8,23,5.4358,26.06,81.83,3.71
Hyderabad,2022,8,24,5.713,25.67,83.27,3.03
Hyderabad,2022,8,25,5.4583,25.27,84.64,2.8
Hyderabad,2022,8,26,5.4463,25.94,81.65,2.15
Hyderabad,2022,8,27,4.8509,25.06,86.95,2.8
Hyderabad,2022,8,28,5.3779,24.07,88.41,2.82
Hyderabad,2022,8,29,3.7526,25.46,83.59,1.96
Hyderabad,2022,8,30,5.3455,24.75,89.19,2.17
Hyderabad,2022,8,31,6.2563,25.14,87.5,2.34
Hyderabad,2022,9,1,5.6911,25.27,86.73,2.4
Hyderabad,2022,9,2,5.725,25.07,87.3,2.48
Hyderabad,2022,9,3,6.3314,26.24,83.9,1.31
Hyderabad,2022,9,4,4.0464,25.66,86.67,2.12
Hyderabad,2022,9,5,5.3448,25.76,80.86,2.13
Hyderabad,2022,9,6,5.0426,26.15,81.99,1.52
Hyderabad,2022,9,7,4.9562,25.43,87.6,1.14
Hyderabad,2022,9,8,4.205,25.53,86.92,1.33
Hyderabad,2022,9,9,3.0562,25.67,87.97,1.95
Hyderabad,2022,9,10,2.1336,25.02,92.05,3.71
Hyderabad,2022,9,11,1.447,24.34,91.05,5.04
Hyderabad,2022,9,12,3.5402,24.92,87.08,6.31
Hyderabad,2022,9,13,3.6463,25.04,85.48,5.68
Hyderabad,2022,9,14,3.8474,25.35,84.19,4.69
Hyderabad,2022,9,15,4.3301,24.78,86.9,4.87
Hyderabad,2022,9,16,4.523,25.4,84.98,5.77
Hyderabad,2022,9,17,4.9267,25.52,84.44,4.16
Hyderabad,2022,9,18,5.8075,25.16,83.51,4.55
Hyderabad,2022,9,19,4.3615,23.88,88.74,3.83
Hyderabad,2022,9,20,2.6875,24.11,86.06,4.87
Hyderabad,2022,9,21,4.259,24.12,86.9,4.32
Hyderabad,2022,9,22,2.6897,24.22,87.32,4.17
Hyderabad,2022,9,23,5.5159,23.79,82.56,3.73
Hyderabad,2022,9,24,5.7862,24.39,81.71,3.5
Hyderabad,2022,9,25,5.6964,24.95,81.38,2.15
Hyderabad,2022,9,26,4.8893,25.28,83.31,1.49
Hyderabad,2022,9,27,4.4362,25.27,87.13,2.37
Hyderabad,2022,9,28,4.4873,25,88.47,2.41
Hyderabad,2022,9,29,3.3269,24.55,88.54,2.1
Hyderabad,2022,9,30,4.056,24.02,89.79,3.58
Hyderabad,2022,10,1,4.9601,24.72,86.22,3.65
Hyderabad,2022,10,2,5.8663,24.93,85.34,4.93
Hyderabad,2022,10,3,5.4996,24.96,85.24,5.01
Hyderabad,2022,10,4,3.7078,24.34,88.84,3.87
Hyderabad,2022,10,5,3.8698,24.26,92.29,2.49
Hyderabad,2022,10,6,3.0101,24.06,91.1,3.72
Hyderabad,2022,10,7,3.4594,24.18,91.06,4.83
Hyderabad,2022,10,8,5.0952,24.66,88.05,1.96
Hyderabad,2022,10,9,4.655,24.57,87.6,2.46
Hyderabad,2022,10,10,3.7169,24.42,91.91,3.8
Hyderabad,2022,10,11,4.7734,24.69,89.22,3.97
Hyderabad,2022,10,12,4.6289,24.62,87.82,2.27
Hyderabad,2022,10,13,4.5742,24.5,87.91,1.92
Hyderabad,2022,10,14,3.9223,24.15,90.81,2.32
Hyderabad,2022,10,15,2.6604,23.48,93.9,3.3
Hyderabad,2022,10,16,4.0877,24.68,89.57,3.64
Hyderabad,2022,10,17,5.6916,24.66,88.33,2.6
Hyderabad,2022,10,18,5.1024,24.93,85.17,1.51
Hyderabad,2022,10,19,4.8787,24.78,85.36,1.44
Hyderabad,2022,10,20,4.7129,24.11,86.51,2.78
Hyderabad,2022,10,21,4.0421,23.43,86.21,2.61
Hyderabad,2022,10,22,6.0538,20.6,79.2,3.56
Hyderabad,2022,10,23,6.1318,19.72,81.39,4.07
Hyderabad,2022,10,24,5.9153,19.87,80.03,3.83
Hyderabad,2022,10,25,6.0545,20.32,74.84,2.79
Hyderabad,2022,10,26,6.0264,20.56,71.57,2.31
Hyderabad,2022,10,27,5.815,21,73.21,2.12
Hyderabad,2022,10,28,5.9246,20.51,77.39,2.8
Hyderabad,2022,10,29,6.0221,19.37,75.67,3.32
Hyderabad,2022,10,30,5.9446,18.86,78.53,3.41
Hyderabad,2022,10,31,5.7374,19.24,78.51,3.05
Hyderabad,2022,11,1,2.5999,20.86,82.13,2.34
Hyderabad,2022,11,2,3.0948,21.96,87.92,3.01
Hyderabad,2022,11,3,4.8888,22.63,85.34,2.57
Hyderabad,2022,11,4,4.4599,22.6,85.2,2.29
Hyderabad,2022,11,5,5.0671,22.57,83.95,2.21
Hyderabad,2022,11,6,5.5862,21.76,75.82,2.11
Hyderabad,2022,11,7,5.443,21.88,75.21,1.84
Hyderabad,2022,11,8,5.3947,21.75,76.82,1.8
Hyderabad,2022,11,9,5.2306,20.5,77.7,2.28
Hyderabad,2022,11,10,5.0981,20.05,79.68,3.04
Hyderabad,2022,11,11,5.0491,19.57,80.86,3.75
Hyderabad,2022,11,12,4.7268,19.87,80.13,3.47
Hyderabad,2022,11,13,5.0827,20.49,81.07,3.3
Hyderabad,2022,11,14,5.0604,20.96,82.55,2.22
Hyderabad,2022,11,15,5.3638,20,77.83,2.14
Hyderabad,2022,11,16,5.4574,19.15,71.09,2.14
Hyderabad,2022,11,17,5.4166,18.32,72.74,3.14
Hyderabad,2022,11,18,4.7822,18.04,76.72,3.13
Hyderabad,2022,11,19,4.6349,17.98,77.25,3.07
Hyderabad,2022,11,20,4.9627,18.04,76.31,3
Hyderabad,2022,11,21,4.1729,20.1,78.53,3.08
Hyderabad,2022,11,22,4.2396,22.09,85.24,2.75
Hyderabad,2022,11,23,3.0499,22.7,85.57,2.45
Hyderabad,2022,11,24,3.1534,23.15,85.64,1.7
Hyderabad,2022,11,25,4.4686,22.29,83.73,2.51
Hyderabad,2022,11,26,4.7138,20.78,76.37,2.33
Hyderabad,2022,11,27,5.0443,20.32,69.55,1.84
Hyderabad,2022,11,28,5.1127,20.63,67.42,1.63
Hyderabad,2022,11,29,4.9776,19.81,63.16,2.02
Hyderabad,2022,11,30,4.8079,19.7,66.45,1.75
Hyderabad,2022,12,1,4.3363,21.43,72.29,1.61
Hyderabad,2022,12,2,3.6197,22.49,82.02,1.73
Hyderabad,2022,12,3,3.5273,22.75,84.5,2.21
Hyderabad,2022,12,4,3.822,22.55,80.41,1.96
Hyderabad,2022,12,5,4.1746,21.18,71.41,2.23
Hyderabad,2022,12,6,4.7866,20.11,71.1,2.59
Hyderabad,2022,12,7,3.8618,19.32,75.71,3.54
Hyderabad,2022,12,8,4.6159,18.83,66.8,3.94
Hyderabad,2022,12,9,3.8386,17.87,71.04,3.86
Hyderabad,2022,12,10,2.7139,20.11,81.44,3.96
Hyderabad,2022,12,11,1.7249,22.29,86.61,4.49
Hyderabad,2022,12,12,2.8327,22.81,84.63,3.67
Hyderabad,2022,12,13,3.415,23.02,85.07,3.15
Hyderabad,2022,12,14,4.6622,23.84,80.24,2.22
Hyderabad,2022,12,15,4.267,24.02,75.6,1.75
Hyderabad,2022,12,16,4.1818,23.88,72.83,1.74
Hyderabad,2022,12,17,3.9514,23.6,73.19,2.01
Hyderabad,2022,12,18,5.1182,21.81,73.05,2.67
Hyderabad,2022,12,19,4.9524,20.61,64.62,1.93
Hyderabad,2022,12,20,4.9363,21.41,60.04,1.86
Hyderabad,2022,12,21,4.865,21.45,62.57,1.9
Hyderabad,2022,12,22,4.8396,21.42,66.23,2.24
Hyderabad,2022,12,23,5.1226,21.12,67.38,2.36
Hyderabad,2022,12,24,4.9956,20.12,65.79,3.14
Hyderabad,2022,12,25,5.1679,21.36,73.18,3.13
Hyderabad,2022,12,26,3.1834,23.22,79.59,3.12
Hyderabad,2022,12,27,4.3834,23.9,76.74,2.52
Hyderabad,2022,12,28,4.4532,24.29,71.71,1.89
Hyderabad,2022,12,29,4.368,23.06,65.19,2.05
Hyderabad,2022,12,30,4.2778,23.11,62.25,1.42
Hyderabad,2022,12,31,4.1962,23.17,60.72,1.56
Hyderabad,2023,1,1,3.8635,22.65,69.13,1.5
Hyderabad,2023,1,2,3.8614,22.19,74.37,2.16
Hyderabad,2023,1,3,3.8964,21.85,74.11,2.46
Hyderabad,2023,1,4,4.1453,21.77,75.43,3.42
Hyderabad,2023,1,5,3.3816,22.06,76.2,3.27
Hyderabad,2023,1,6,2.0796,21.02,77.99,2.5
Hyderabad,2023,1,7,4.6181,20.23,60.78,3.52
Hyderabad,2023,1,8,5.5361,18.05,38.76,3.27
Hyderabad,2023,1,9,5.4046,18.42,41.49,2.56
Hyderabad,2023,1,10,5.4202,20.77,39.19,1.99
Hyderabad,2023,1,11,5.1986,21.52,38.06,1.59
Hyderabad,2023,1,12,4.7606,21.45,47.08,2.15
Hyderabad,2023,1,13,4.7146,21.32,60.28,2.05
Hyderabad,2023,1,14,4.9042,21.41,64.03,2.17
Hyderabad,2023,1,15,4.8482,21.4,59.43,2.52
Hyderabad,2023,1,16,5.0244,21.48,58.69,2.63
Hyderabad,2023,1,17,5.0736,21.49,60.78,3.15
Hyderabad,2023,1,18,5.099,21.26,62.5,2.67
Hyderabad,2023,1,19,4.9394,21.25,64.09,2.99
Hyderabad,2023,1,20,4.7906,21.37,67,3.16
Hyderabad,2023,1,21,4.8893,21.72,66.22,2.69
Hyderabad,2023,1,22,4.8845,21.62,64.52,3.08
Hyderabad,2023,1,23,5.0719,22.34,68.67,3.78
Hyderabad,2023,1,24,5.341,22.28,63.47,4.4
Hyderabad,2023,1,25,5.281,21.67,61.86,4.46
Hyderabad,2023,1,26,5.4828,21.19,59.26,3.48
Hyderabad,2023,1,27,5.5558,21.87,59.94,3.09
Hyderabad,2023,1,28,5.4166,23.12,48.69,2.07
Hyderabad,2023,1,29,4.9946,22.35,61.73,4.21
Hyderabad,2023,1,30,4.2886,23.03,64.08,3.51
Hyderabad,2023,1,31,4.4911,23.22,61.65,2.83
Hyderabad,2023,2,1,4.4462,22.7,50.67,4.04
Hyderabad,2023,2,2,5.6184,21.88,44.89,3.86
Hyderabad,2023,2,3,5.91,21.75,35.76,2.9
Hyderabad,2023,2,4,5.9935,23.04,32.91,2.49
Hyderabad,2023,2,5,5.9429,23.07,31.56,2.21
Hyderabad,2023,2,6,5.5402,24,40.93,2.12
Hyderabad,2023,2,7,4.5876,24.87,53.09,2.29
Hyderabad,2023,2,8,5.3563,25.14,47.3,2.65
Hyderabad,2023,2,9,6.1126,24.33,27.55,2.89
Hyderabad,2023,2,10,6.3233,25.14,24.4,2.62
Hyderabad,2023,2,11,6.3538,26.04,22.7,2.46
Hyderabad,2023,2,12,6.3662,25.89,20.9,3.23
Hyderabad,2023,2,13,6.6432,23.67,21.74,4.48
Hyderabad,2023,2,14,6.7188,23.24,17.25,3.93
Hyderabad,2023,2,15,6.649,23.99,17.88,3.74
Hyderabad,2023,2,16,6.6624,25.06,19.99,3.77
Hyderabad,2023,2,17,6.4584,25.11,21.93,3.26
Hyderabad,2023,2,18,6.0802,25.67,30.43,2.26
Hyderabad,2023,2,19,5.7902,25.29,49.39,2.78
Hyderabad,2023,2,20,6.0528,26.65,32.67,2.12
Hyderabad,2023,2,21,6.5066,27.38,22.02,2.19
Hyderabad,2023,2,22,6.3554,26.77,28.38,2.6
Hyderabad,2023,2,23,6.2935,26.51,32.77,2.45
Hyderabad,2023,2,24,6.4838,26.62,30.35,2.9
Hyderabad,2023,2,25,6.6274,26.54,20.71,2.8
Hyderabad,2023,2,26,6.5381,26.41,30.54,2.91
Hyderabad,2023,2,27,6.313,25.76,37.79,3.41
Hyderabad,2023,2,28,5.9806,25.92,35.92,3.6
Hyderabad,2023,3,1,5.5934,25.8,36.77,3.46
Hyderabad,2023,3,2,5.6443,26.15,35.41,2.76
Hyderabad,2023,3,3,5.5865,27.63,28.06,2.73
Hyderabad,2023,3,4,5.7972,26.94,32.39,3.15
Hyderabad,2023,3,5,6.0787,27.06,30.17,2.52
Hyderabad,2023,3,6,5.7168,27.47,28.79,2.53
Hyderabad,2023,3,7,5.5327,26.74,27.97,2.56
Hyderabad,2023,3,8,5.9621,26.84,26.29,2.97
Hyderabad,2023,3,9,5.9275,25.79,41.54,2.96
Hyderabad,2023,3,10,5.7857,27.49,33.99,2.69
Hyderabad,2023,3,11,5.7218,26.93,44.17,3.63
Hyderabad,2023,3,12,6.0758,26.86,40.41,3.23
Hyderabad,2023,3,13,5.5819,27.1,30.55,2.72
Hyderabad,2023,3,14,5.4756,28.41,24.27,2.39
Hyderabad,2023,3,15,4.848,27.48,37.48,3.26
Hyderabad,2023,3,16,2.8423,26.93,48.74,2.8
Hyderabad,2023,3,17,4.5077,24.11,70.55,3.54
Hyderabad,2023,3,18,4.5833,24.5,74.01,2.87
Hyderabad,2023,3,19,5.8894,24.86,72.94,1.75
Hyderabad,2023,3,20,6.498,25.39,61.24,2.2
Hyderabad,2023,3,21,6.7349,25.83,48.91,2.28
Hyderabad,2023,3,22,6.4224,27.01,53.84,2
Hyderabad,2023,3,23,6.341,28.18,47.74,1.95
Hyderabad,2023,3,24,5.9726,28.01,58.27,2.31
Hyderabad,2023,3,25,5.2078,28.29,58.68,3.1
Hyderabad,2023,3,26,5.7509,29.06,54.67,2.02
Hyderabad,2023,3,27,6.4898,29.36,48.54,2.66
Hyderabad,2023,3,28,6.377,29.6,50.35,2.01
Hyderabad,2023,3,29,6.467,29.79,50.7,3.38
Hyderabad,2023,3,30,7.0862,30.16,44.37,3.04
Hyderabad,2023,3,31,6.2297,29.44,43.53,3.32
Hyderabad,2023,4,1,6.7694,29.62,40.81,1.99
Hyderabad,2023,4,2,6.7272,29.1,46.96,2.08
Hyderabad,2023,4,3,5.9614,29.92,52.04,3.26
Hyderabad,2023,4,4,6.4766,31.16,44.62,2.91
Hyderabad,2023,4,5,6.349,31.41,42.41,2.19
Hyderabad,2023,4,6,5.3458,30.5,50.03,2.63
Hyderabad,2023,4,7,5.1449,29.46,50.98,2.63
Hyderabad,2023,4,8,6.871,29.97,45,2.86
Hyderabad,2023,4,9,7.283,29.57,39.3,2.88
Hyderabad,2023,4,10,7.2986,29.87,33.42,2.47
Hyderabad,2023,4,11,7.0466,30.95,32.05,3.06
Hyderabad,2023,4,12,6.2064,32.25,27.76,2.8
Hyderabad,2023,4,13,5.2805,32.74,30.8,2
Hyderabad,2023,4,14,4.6541,31.29,43.58,2.21
Hyderabad,2023,4,15,5.6746,30.66,39.41,3.36
Hyderabad,2023,4,16,6.2606,32.11,31.62,2.67
Hyderabad,2023,4,17,5.7204,31.97,31.93,1.71
Hyderabad,2023,4,18,6.2594,32.27,28.98,3.04
Hyderabad,2023,4,19,6.2933,33.14,23.85,2.93
Hyderabad,2023,4,20,6.2441,32.79,23.88,2.16
Hyderabad,2023,4,21,6.4846,31.91,31.23,2.66
Hyderabad,2023,4,22,6.1738,32.36,37.82,2.62
Hyderabad,2023,4,23,6.5009,31.86,36.89,3.2
Hyderabad,2023,4,24,6.2873,30.05,55.02,5.31
Hyderabad,2023,4,25,6.6869,29.62,56.2,5.02
Hyderabad,2023,4,26,6.7759,27.86,56.57,2.66
Hyderabad,2023,4,27,6.4421,28.19,58.49,3.28
Hyderabad,2023,4,28,5.5334,28.21,63.5,2.04
Hyderabad,2023,4,29,5.947,28.41,60.7,1.88
Hyderabad,2023,4,30,5.3695,26.98,69.11,3.4
Hyderabad,2023,5,1,5.1103,26.08,78.2,3.23
Hyderabad,2023,5,2,5.2606,26.02,73.96,4.27
Hyderabad,2023,5,3,5.071,27.1,67.06,2.3
Hyderabad,2023,5,4,6.1236,27.83,67.9,2.99
Hyderabad,2023,5,5,5.0412,27.99,66.64,1.9
Hyderabad,2023,5,6,5.8752,29.02,62.25,2.17
Hyderabad,2023,5,7,6.0588,29.89,60.87,1.76
Hyderabad,2023,5,8,6.3331,30.39,60.32,2.02
Hyderabad,2023,5,9,6.2378,30.79,59.07,2.57
Hyderabad,2023,5,10,5.9707,31.78,53.44,2.98
Hyderabad,2023,5,11,5.9086,31.69,49.44,2.84
Hyderabad,2023,5,12,6.6641,31.8,35.15,2.83
Hyderabad,2023,5,13,6.8602,32.2,32.94,3.56
Hyderabad,2023,5,14,7.6236,31.93,36.04,5.86
Hyderabad,2023,5,15,7.5182,31.73,41.09,6.13
Hyderabad,2023,5,16,7.6975,31.5,41.14,5.22
Hyderabad,2023,5,17,7.6488,31.9,36.59,3.67
Hyderabad,2023,5,18,6.919,33.44,36.27,1.85
Hyderabad,2023,5,19,6.6698,33.07,43.71,2.49
Hyderabad,2023,5,20,6.5573,32.35,48.15,2.84
Hyderabad,2023,5,21,6.475,32.75,48.86,3.06
Hyderabad,2023,5,22,6.2311,31.18,55.2,1.83
Hyderabad,2023,5,23,6.4488,31.96,50.76,2.49
Hyderabad,2023,5,24,6.4963,32.33,46.1,3.31
Hyderabad,2023,5,25,5.6318,32.25,45.07,4.44
Hyderabad,2023,5,26,7.2278,32.24,42.32,4.93
Hyderabad,2023,5,27,6.6802,32.42,39.41,3.78
Hyderabad,2023,5,28,6.6936,33.15,38.75,4.22
Hyderabad,2023,5,29,6.2126,32.79,45.59,2.28
Hyderabad,2023,5,30,4.8103,30.99,54.15,2.29
Hyderabad,2023,5,31,6.3703,31.96,48.75,2.85
Hyderabad,2023,6,1,6.6797,33.29,41.64,2.89
Hyderabad,2023,6,2,7.5636,33.89,33.42,4.4
Hyderabad,2023,6,3,7.015,34.54,32.23,3.86
Hyderabad,2023,6,4,4.8187,33.27,40,4.65
Hyderabad,2023,6,5,6.8909,32.4,41.63,4.75
Hyderabad,2023,6,6,6.7478,33.3,37.57,4.43
Hyderabad,2023,6,7,6.1526,34.62,34.68,4.57
Hyderabad,2023,6,8,6.6955,34.62,36.88,5.74
Hyderabad,2023,6,9,6.7634,34.6,36.67,6.11
Hyderabad,2023,6,10,6.671,32.43,45.91,7.95
Hyderabad,2023,6,11,6.2059,32.9,42.4,6.05
Hyderabad,2023,6,12,7.4614,33.89,38.84,5.86
Hyderabad,2023,6,13,7.5816,34.03,38.66,6.24
Hyderabad,2023,6,14,7.4863,33.5,40.24,6.55
Hyderabad,2023,6,15,7.5432,33.64,37.1,6.15
Hyderabad,2023,6,16,7.5118,34.73,34.92,6.14
Hyderabad,2023,6,17,6.9168,33.69,41.67,6.03
Hyderabad,2023,6,18,6.8251,31.71,44.29,3.99
Hyderabad,2023,6,19,5.7391,32.26,42.19,3.41
Hyderabad,2023,6,20,5.9681,33.05,39.25,3.65
Hyderabad,2023,6,21,5.6237,28.99,62.81,3.98
Hyderabad,2023,6,22,4.0378,26,79.25,5.01
Hyderabad,2023,6,23,3.3233,27.27,71.58,3.72
Hyderabad,2023,6,24,3.3197,26.37,78.73,4.26
Hyderabad,2023,6,25,4.5458,26.8,69.3,6.12
Hyderabad,2023,6,26,3.8486,26.78,67.56,7.65
Hyderabad,2023,6,27,4.3296,26.86,63.04,7.5
Hyderabad,2023,6,28,5.075,27.22,62.84,6.14
Hyderabad,2023,6,29,5.2603,28.57,59.61,6.51
Hyderabad,2023,6,30,6.4236,28.35,57.96,6.86
Hyderabad,2023,7,1,6.5381,29.23,56.82,6.62
Hyderabad,2023,7,2,5.9126,28.6,65.06,5.39
Hyderabad,2023,7,3,6.0084,27.71,71.93,5.02
Hyderabad,2023,7,4,5.5754,26.65,81.36,3.84
Hyderabad,2023,7,5,4.4398,26.98,75.6,5.18
Hyderabad,2023,7,6,4.1016,27.22,68.94,7.42
Hyderabad,2023,7,7,4.8686,27.13,65.52,7.82
Hyderabad,2023,7,8,4.7081,27.53,67.99,6.16
Hyderabad,2023,7,9,5.3251,27.73,68.94,4.75
Hyderabad,2023,7,10,5.9386,28.49,66.91,4.91
Hyderabad,2023,7,11,2.6378,26.59,72.95,5.04
Hyderabad,2023,7,12,3.6408,25.44,74.78,5.7
Hyderabad,2023,7,13,5.19,26.36,73.52,4.41
Hyderabad,2023,7,14,5.7722,27.9,68.9,4.13
Hyderabad,2023,7,15,3.9838,27.76,70.98,5.37
Hyderabad,2023,7,16,3.6576,26.18,75.25,6.31
Hyderabad,2023,7,17,3.1771,26.04,73.71,7.41
Hyderabad,2023,7,18,1.715,24.69,85.06,9.19
Hyderabad,2023,7,19,1.128,24.7,86.71,9.37
Hyderabad,2023,7,20,1.2658,23.57,87.87,9.83
Hyderabad,2023,7,21,2.2483,24.65,82,9.7
Hyderabad,2023,7,22,3.33,25.47,80.7,8.05
Hyderabad,2023,7,23,3.3271,26.13,80.48,6.53
Hyderabad,2023,7,24,3.6026,25.83,83.82,6.97
Hyderabad,2023,7,25,1.8574,25.02,87.13,7.9
Hyderabad,2023,7,26,1.3447,24.7,90,7.79
Hyderabad,2023,7,27,1.5019,24.65,89.86,10.53
Hyderabad,2023,7,28,3.2947,24.94,85.65,9.1
Hyderabad,2023,7,29,4.2626,26.03,82.34,6.93
Hyderabad,2023,7,30,4.5509,25.28,85.9,6.39
Hyderabad,2023,7,31,4.703,25.36,88.1,5.96
Hyderabad,2023,8,1,4.4004,25.65,85.1,6.97
Hyderabad,2023,8,2,3.5203,25.67,83,7.3
Hyderabad,2023,8,3,3.0197,25.89,80.92,7.1
Hyderabad,2023,8,4,5.3398,26.2,80.54,5.9
Hyderabad,2023,8,5,5.8699,25.9,81.53,5.64
Hyderabad,2023,8,6,5.4394,26.07,80.7,5.6
Hyderabad,2023,8,7,4.7093,25.78,81.03,5.63
Hyderabad,2023,8,8,4.3927,25.99,79.49,5.28
Hyderabad,2023,8,9,4.7854,25.85,80.97,4.35
Hyderabad,2023,8,10,5.4948,26.18,79.27,3.36
Hyderabad,2023,8,11,5.7401,26.13,80.56,2.86
Hyderabad,2023,8,12,3.9734,25.39,83.54,3.1
Hyderabad,2023,8,13,5.4396,25.58,81.67,3.58
Hyderabad,2023,8,14,4.7206,25.04,83.13,3
Hyderabad,2023,8,15,5.2493,25.64,81.71,3.52
Hyderabad,2023,8,16,4.7878,25,79.9,3.99
Hyderabad,2023,8,17,4.4208,24.57,86.74,4.08
Hyderabad,2023,8,18,2.6369,24.34,86.39,5.57
Hyderabad,2023,8,19,1.6068,24.02,86.4,5.96
Hyderabad,2023,8,20,4.4479,25.38,82.79,4.05
Hyderabad,2023,8,21,5.5222,26.27,76.09,3.37
Hyderabad,2023,8,22,4.6272,26.43,78.43,2.42
Hyderabad,2023,8,23,5.5022,25.53,82.06,3.35
Hyderabad,2023,8,24,5.1631,26,78.89,3.69
Hyderabad,2023,8,25,5.3311,26.26,78.79,3.93
Hyderabad,2023,8,26,5.4228,25.76,82.94,4.22
Hyderabad,2023,8,27,6.1766,26.5,80.43,4.39
Hyderabad,2023,8,28,5.4648,26.07,80.87,4.56
Hyderabad,2023,8,29,5.0587,25.76,80.4,3.41
Hyderabad,2023,8,30,6.174,25.84,78.82,3.29
Hyderabad,2023,8,31,5.7871,25.74,80.55,3.24
Hyderabad,2023,9,1,4.9954,26.6,80.78,2.25
Hyderabad,2023,9,2,4.2322,26.22,82.77,0.89
Hyderabad,2023,9,3,2.3554,25.76,87.02,2.46
Hyderabad,2023,9,4,1.3176,25.01,91.56,3.79
Hyderabad,2023,9,5,1.5439,24.76,91.19,5.23
Hyderabad,2023,9,6,2.7432,24.3,91.03,4.99
Hyderabad,2023,9,7,3.4886,24.16,83.3,6.82
Hyderabad,2023,9,8,3.2966,24.42,84.67,6.54
Hyderabad,2023,9,9,3.2256,25.59,87.15,5.13
Hyderabad,2023,9,10,2.688,25.64,87.72,4.83
Hyderabad,2023,9,11,4.9358,25.74,84.69,4.58
Hyderabad,2023,9,12,4.0505,25.38,86.87,3.92
Hyderabad,2023,9,13,5.0446,24.57,85.8,3.84
Hyderabad,2023,9,14,3.7054,24.6,86.54,4.35
Hyderabad,2023,9,15,5.0153,25,83.51,4.21
Hyderabad,2023,9,16,5.3957,25.39,82.23,4.5
Hyderabad,2023,9,17,6.073,25.82,81.33,3.71
Hyderabad,2023,9,18,6.0715,26.17,80.2,3.73
Hyderabad,2023,9,19,5.8826,26.01,81.62,3.84
Hyderabad,2023,9,20,5.4497,25.24,87.95,3.55
Hyderabad,2023,9,21,3.0914,25.08,90.25,2.48
Hyderabad,2023,9,22,2.8229,25.02,86.32,3.09
Hyderabad,2023,9,23,4.4098,25.74,83.38,2.34
Hyderabad,2023,9,24,3.8604,25.4,88.52,2.02
Hyderabad,2023,9,25,3.931,25.12,89.73,3.06
Hyderabad,2023,9,26,3.6794,25.38,87.4,1.77
Hyderabad,2023,9,27,4.8593,25.89,85.3,1.1
Hyderabad,2023,9,28,4.8022,25.92,85.83,1.62
Hyderabad,2023,9,29,4.2744,25.76,84.64,1.51
Hyderabad,2023,9,30,4.9651,25.27,86.48,2.85
Hyderabad,2023,10,1,4.7628,25.79,83.49,2.76
Hyderabad,2023,10,2,3.6583,25.42,86.46,3.29
Hyderabad,2023,10,3,5.1026,25.3,82.25,4.71
Hyderabad,2023,10,4,5.8728,25.13,79.8,3.5
Hyderabad,2023,10,5,6.3324,23.94,76.69,3.46
Hyderabad,2023,10,6,6.4423,23.9,79.15,3.65
Hyderabad,2023,10,7,6.2035,24.47,80.43,3.24
Hyderabad,2023,10,8,6.0754,24.83,78.55,2.52
Hyderabad,2023,10,9,5.8606,25.26,77.05,2.16
Hyderabad,2023,10,10,5.6306,25.38,78.96,2.42
Hyderabad,2023,10,11,5.7242,24.53,79.51,3.05
Hyderabad,2023,10,12,5.9705,24.5,77.02,2.42
Hyderabad,2023,10,13,5.639,24.55,75.23,2.23
Hyderabad,2023,10,14,5.563,24.76,74.99,1.97
Hyderabad,2023,10,15,5.1881,24.6,74.86,1.95
Hyderabad,2023,10,16,4.9546,24.42,76.7,2.03
Hyderabad,2023,10,17,5.4874,24.24,79.38,2.14
Hyderabad,2023,10,18,5.7362,23.75,73.65,2.4
Hyderabad,2023,10,19,5.5282,24.21,77.45,2.42
Hyderabad,2023,10,20,5.2658,24.04,80.14,2.7
Hyderabad,2023,10,21,5.399,23.43,81.24,2.88
Hyderabad,2023,10,22,5.934,22.01,76.64,3.82
Hyderabad,2023,10,23,5.8572,21.58,73.99,3.64
Hyderabad,2023,10,24,6.1466,21.24,74.49,3.41
Hyderabad,2023,10,25,6.0972,20.77,70.2,3.5
Hyderabad,2023,10,26,5.9971,20.61,68.56,3.56
Hyderabad,2023,10,27,6.0403,20.42,65.37,3.17
Hyderabad,2023,10,28,5.2394,21.17,67.25,2.71
Hyderabad,2023,10,29,4.1962,22.42,68.49,2.27
Hyderabad,2023,10,30,4.0433,22.69,76.22,2.15
Hyderabad,2023,10,31,4.1155,22.34,77.9,2.22
Hyderabad,2023,11,1,3.833,22.75,74.88,2.25
Hyderabad,2023,11,2,3.7594,23.97,74.11,1.91
Hyderabad,2023,11,3,3.6202,24.74,78.22,1.86
Hyderabad,2023,11,4,3.8556,24.47,78.71,2.75
Hyderabad,2023,11,5,3.8102,23.47,79.93,2.15
Hyderabad,2023,11,6,3.1625,24.16,81.04,3.02
Hyderabad,2023,11,7,2.9741,24,84.29,2.71
Hyderabad,2023,11,8,3.2297,24.41,82.5,2.31
Hyderabad,2023,11,9,3.8981,23.69,83.91,2.07
Hyderabad,2023,11,10,5.0446,23.87,76.16,2.43
Hyderabad,2023,11,11,5.0494,22.88,67.56,2.22
Hyderabad,2023,11,12,4.9675,22.68,65.04,2.94
Hyderabad,2023,11,13,4.5245,22.81,71.42,2.54
Hyderabad,2023,11,14,3.6734,22.84,71.22,2.59
Hyderabad,2023,11,15,4.4426,21.95,68.67,2.77
Hyderabad,2023,11,16,4.8077,21.43,68.65,3.48
Hyderabad,2023,11,17,5.137,22.15,71.06,3.1
Hyderabad,2023,11,18,4.9798,23.11,67.08,2.51
Hyderabad,2023,11,19,4.5629,23.21,71.31,2.77
Hyderabad,2023,11,20,4.1654,22.95,71.88,2.87
Hyderabad,2023,11,21,3.7442,23.61,75.17,2.7
Hyderabad,2023,11,22,4.0999,24.17,78.01,2.33
Hyderabad,2023,11,23,2.1343,23.87,82.73,2.88
Hyderabad,2023,11,24,1.9438,23.78,80.85,3.26
Hyderabad,2023,11,25,3.7006,23.79,76.84,3.01
Hyderabad,2023,11,26,2.9484,23.82,76.16,2.8
Hyderabad,2023,11,27,3.161,23.93,74.28,3.83
Hyderabad,2023,11,28,4.2012,24.14,74.11,3.78
Hyderabad,2023,11,29,4.65,23.7,73.11,4.1
Hyderabad,2023,11,30,4.1335,23.66,69.89,3.73
Hyderabad,2023,12,1,4.8934,23.35,70.51,3.3
Hyderabad,2023,12,2,4.879,23.04,62.9,3.54
Hyderabad,2023,12,3,4.205,23.92,73.65,4.41
Hyderabad,2023,12,4,1.9243,23.12,74.13,4.88
Hyderabad,2023,12,5,1.9723,20.53,88.9,7.9
Hyderabad,2023,12,6,2.281,21.68,82.75,5.26
Hyderabad,2023,12,7,2.1125,22.54,70.36,3.38
Hyderabad,2023,12,8,4.5466,21.94,74.12,2.49
Hyderabad,2023,12,9,5.0822,21.16,67.92,3.04
Hyderabad,2023,12,10,5.1427,20.23,65.89,2.99
Hyderabad,2023,12,11,5.0112,20.23,64.94,2.27
Hyderabad,2023,12,12,5.003,20.25,69.53,2.3
Hyderabad,2023,12,13,4.3553,20.22,71.23,2.65
Hyderabad,2023,12,14,4.717,19.8,71.04,2.65
Hyderabad,2023,12,15,4.644,19.61,70.59,2.45
Hyderabad,2023,12,16,2.9628,20.25,70.33,2.27
Hyderabad,2023,12,17,3.667,20.26,60.85,2.86
Hyderabad,2023,12,18,3.595,19.68,60.15,3.24
Hyderabad,2023,12,19,3.5611,18.67,58.27,3.74
Hyderabad,2023,12,20,4.4662,18.02,56.58,3.02
Hyderabad,2023,12,21,4.9313,18.36,49.18,2.74
Hyderabad,2023,12,22,4.9313,19.65,53.73,2.33
Hyderabad,2023,12,23,4.0606,19.72,70.58,2.75
Hyderabad,2023,12,24,4.1618,19.98,70.87,2.4
Hyderabad,2023,12,25,4.3985,20.56,61.83,1.71
Hyderabad,2023,12,26,4.4477,21.16,66.33,2.11
Hyderabad,2023,12,27,4.4155,20.7,72.28,2.45
Hyderabad,2023,12,28,4.4213,20.42,70.47,2.65
Hyderabad,2023,12,29,4.2276,20.42,73.48,2.94
Hyderabad,2023,12,30,4.3447,20.83,70.57,2.29
Hyderabad,2023,12,31,4.381,20.66,69.04,2.54
Hyderabad,2024,1,1,4.135,20.76,73.7,2.74
Hyderabad,2024,1,2,4.0961,20.86,71.95,2.94
Hyderabad,2024,1,3,4.1326,21.04,73.01,3.44
Hyderabad,2024,1,4,4.092,21.58,70.15,3.65
Hyderabad,2024,1,5,4.1962,20.98,67.38,3.89
Hyderabad,2024,1,6,4.6466,20.81,66.03,3.57
Hyderabad,2024,1,7,4.327,21.07,66.54,3.59
Hyderabad,2024,1,8,4.6013,21.27,60.04,3.72
Hyderabad,2024,1,9,3.0706,22.06,61.73,3.56
Hyderabad,2024,1,10,2.6962,22.39,61.5,2.5
Hyderabad,2024,1,11,4.433,23.53,49.36,2.11
Hyderabad,2024,1,12,4.5173,23.27,56.3,2.17
Hyderabad,2024,1,13,4.0598,23.34,58.76,2.28
Hyderabad,2024,1,14,4.7114,23.25,51.76,2.26
Hyderabad,2024,1,15,4.2449,23.34,53.3,1.54
Hyderabad,2024,1,16,4.2941,23.17,66.7,2.88
Hyderabad,2024,1,17,4.1741,23.38,64.13,3.83
Hyderabad,2024,1,18,4.1434,23.25,62.22,3
Hyderabad,2024,1,19,4.4122,23.68,57.96,2.98
Hyderabad,2024,1,20,4.4522,23.68,61.46,3.62
Hyderabad,2024,1,21,4.2778,24.39,61.52,2.69
Hyderabad,2024,1,22,4.5019,25,59.56,2.53
Hyderabad,2024,1,23,4.5775,24.61,64.1,4.31
Hyderabad,2024,1,24,3.9458,24.61,62.71,2.63
Hyderabad,2024,1,25,4.1472,22.39,52.5,2.96
Hyderabad,2024,1,26,4.1866,22.19,49.62,2.46
Hyderabad,2024,1,27,4.0968,22.22,40.39,2.83
Hyderabad,2024,1,28,5.2234,21.64,40.91,2.86
Hyderabad,2024,1,29,4.3226,22.91,57.59,2.85
Hyderabad,2024,1,30,4.8674,22.82,51.72,2.65
Hyderabad,2024,1,31,5.0676,23.17,51.89,2.93
Hyderabad,2024,2,1,5.1634,24.36,56.43,3.61
Hyderabad,2024,2,2,4.6346,24.93,47.55,1.45
Hyderabad,2024,2,3,4.5696,24.97,48.72,2.61
Hyderabad,2024,2,4,5.345,24.74,42.35,2.77
Hyderabad,2024,2,5,5.1211,25.58,54.22,2.56
Hyderabad,2024,2,6,5.201,26.54,50.84,2.14
Hyderabad,2024,2,7,5.0378,27.73,42.93,1.61
Hyderabad,2024,2,8,5.0098,26.41,36.66,3.19
Hyderabad,2024,2,9,5.3981,25.29,37.39,2.99
Hyderabad,2024,2,10,4.8074,26.04,57.36,4.45
Hyderabad,2024,2,11,5.0237,26.17,57.25,5.21
Hyderabad,2024,2,12,5.6323,25.31,52.92,4.92
Hyderabad,2024,2,13,5.8068,24.82,48.77,4.78
Hyderabad,2024,2,14,5.4446,25.64,48.2,4.35
Hyderabad,2024,2,15,5.7761,25.38,42.97,3.72
Hyderabad,2024,2,16,6.4498,24.74,35.44,3.57
Hyderabad,2024,2,17,6.461,24.82,34.61,2.62
Hyderabad,2024,2,18,6.3346,25.16,32.8,3.04
Hyderabad,2024,2,19,6.0074,25.88,43.67,3.46
Hyderabad,2024,2,20,5.7324,27.01,41.62,2.29
Hyderabad,2024,2,21,5.814,27.65,32.59,2.2
Hyderabad,2024,2,22,6.2018,27.42,28.08,2.27
Hyderabad,2024,2,23,6.0828,26.04,40.76,2.28
Hyderabad,2024,2,24,4.4621,27.45,52.31,3.2
Hyderabad,2024,2,25,4.6078,27.22,59.11,4.17
Hyderabad,2024,2,26,5.3664,26.8,54.99,5.23
Hyderabad,2024,2,27,6.4315,26.24,48.4,3.6
Hyderabad,2024,2,28,6.299,26.92,47.65,3.25
Hyderabad,2024,2,29,5.725,27.48,43.42,2.92
Hyderabad,2024,3,1,6.055,28.36,40.27,3.02
Hyderabad,2024,3,2,6.1258,28.93,40.03,3.73
Hyderabad,2024,3,3,5.9546,28.74,40.04,3.31
Hyderabad,2024,3,4,5.5282,29.15,36.87,2.6
Hyderabad,2024,3,5,6.2261,29.78,33.05,2.13
Hyderabad,2024,3,6,5.8685,30.22,33.98,2.75
Hyderabad,2024,3,7,5.969,30.39,29.76,3.02
Hyderabad,2024,3,8,6.0689,29.66,27.61,1.86
Hyderabad,2024,3,9,5.6498,28.88,29.37,2.09
Hyderabad,2024,3,10,5.7754,28.96,46.13,3.92
Hyderabad,2024,3,11,5.2682,29.12,45.44,2.95
Hyderabad,2024,3,12,5.5162,30.92,40.29,2.12
Hyderabad,2024,3,13,4.777,31.75,31.91,3.02
Hyderabad,2024,3,14,5.4439,30.83,33.05,1.85
Hyderabad,2024,3,15,4.7582,30.41,39.4,3.27
Hyderabad,2024,3,16,5.087,29.85,45.11,4.27
Hyderabad,2024,3,17,4.7741,29.14,50.77,4.48
Hyderabad,2024,3,18,5.0669,29.31,44.39,2.76
Hyderabad,2024,3,19,4.2223,28.68,41.37,3.02
Hyderabad,2024,3,20,5.6758,28.33,44.24,2.74
Hyderabad,2024,3,21,6.9468,27.89,47.18,3.41
Hyderabad,2024,3,22,6.8441,28.99,44.25,2.45
Hyderabad,2024,3,23,6.3722,30.5,38.47,2.71
Hyderabad,2024,3,24,6.0518,30.44,38.34,3.5
Hyderabad,2024,3,25,4.8619,31.01,36.57,3.16
Hyderabad,2024,3,26,6.463,31.28,35.44,3.75
Hyderabad,2024,3,27,6.522,31,32.74,3.6
Hyderabad,2024,3,28,6.6818,31.47,31.39,3.5
Hyderabad,2024,3,29,6.2174,32.67,32,3.8
Hyderabad,2024,3,30,6.4459,32.53,32.45,3.77
Hyderabad,2024,3,31,6.6084,31.9,29.44,3.48
Hyderabad,2024,4,1,6.5282,32.76,29.65,2.59
Hyderabad,2024,4,2,6.2076,33.4,26.68,3.07
Hyderabad,2024,4,3,5.2519,32.87,30.85,2.74
Hyderabad,2024,4,4,6.2772,33.65,32.23,2.91
Hyderabad,2024,4,5,6.4385,34.56,25.02,2.34
Hyderabad,2024,4,6,5.9582,34.81,25.14,2.45
Hyderabad,2024,4,7,5.7677,34.56,27.68,3.54
Hyderabad,2024,4,8,6.0713,32.27,37,5.68
Hyderabad,2024,4,9,6.2335,30.41,49.96,5.28
Hyderabad,2024,4,10,6.474,31.2,40.99,4.77
Hyderabad,2024,4,11,5.7528,31.27,38.7,4.28
Hyderabad,2024,4,12,5.4247,30.73,44.32,3.92
Hyderabad,2024,4,13,3.8522,31.25,40.59,3.31
Hyderabad,2024,4,14,6.5117,31.93,37.66,3.59
Hyderabad,2024,4,15,6.8066,32.82,33.26,3.06
Hyderabad,2024,4,16,6.8402,34.03,29.97,2.45
Hyderabad,2024,4,17,5.3081,35.07,27.49,2.16
Hyderabad,2024,4,18,5.79,35.57,28.64,2.8
Hyderabad,2024,4,19,4.9435,34.95,31.52,1.44
Hyderabad,2024,4,20,3.1982,33.06,39.34,2.21
Hyderabad,2024,4,21,5.4238,34.17,37.15,2.31
Hyderabad,2024,4,22,6.3598,34.59,30.12,2.43
Hyderabad,2024,4,23,7.151,33.6,29.78,3.69
Hyderabad,2024,4,24,7.1009,33.17,29.23,2.46
Hyderabad,2024,4,25,7.1988,33.92,27.93,3.62
Hyderabad,2024,4,26,7.1594,34.66,28.04,3.86
Hyderabad,2024,4,27,6.6605,34.61,31.39,3.43
Hyderabad,2024,4,28,6.3962,35.5,26.89,3.38
Hyderabad,2024,4,29,6.6401,35.12,30.14,3.41
Hyderabad,2024,4,30,6.8954,36.15,24.62,2.2
Hyderabad,2024,5,1,6.9562,36.11,21.49,3.65
Hyderabad,2024,5,2,7.4609,35.17,16.83,3.53
Hyderabad,2024,5,3,7.6728,34.59,15.14,3.07
Hyderabad,2024,5,4,6.9581,34.61,35.74,2.49
Hyderabad,2024,5,5,6.6511,35.49,33.07,2.36
Hyderabad,2024,5,6,6.858,35.62,39.6,2.88
Hyderabad,2024,5,7,6.0221,34.28,43.58,5.2
Hyderabad,2024,5,8,6.9206,29.6,58.5,3.62
Hyderabad,2024,5,9,5.7869,30.78,55.28,3.48
Hyderabad,2024,5,10,5.7422,30.69,57.62,2.88
Hyderabad,2024,5,11,6.8731,31.18,56.39,3.74
Hyderabad,2024,5,12,6.1596,30.28,60.84,3.1
Hyderabad,2024,5,13,5.9539,29.82,60.08,2.78
Hyderabad,2024,5,14,6.5338,30.04,59.96,2.7
Hyderabad,2024,5,15,5.5169,29.99,60.29,2.79
Hyderabad,2024,5,16,4.5521,27.74,75.88,3.51
Hyderabad,2024,5,17,4.9303,27.63,72.06,2.99
Hyderabad,2024,5,18,4.6498,28.66,67.67,2.86
Hyderabad,2024,5,19,4.9668,28.98,68.46,3.16
Hyderabad,2024,5,20,6.0672,30.27,63.76,2.9
Hyderabad,2024,5,21,6.8465,31.44,59.35,3.84
Hyderabad,2024,5,22,6.9874,31.68,58.42,3.44
Hyderabad,2024,5,23,6.1013,31.37,60.22,3.11
Hyderabad,2024,5,24,6.2482,32.29,54.05,2.24
Hyderabad,2024,5,25,5.3208,32.04,53.56,4.53
Hyderabad,2024,5,26,5.4444,33.72,46.78,5.48
Hyderabad,2024,5,27,5.1826,34.13,43.28,6.74
Hyderabad,2024,5,28,6.5542,31.94,45.38,6.42
Hyderabad,2024,5,29,7.1203,33.33,44.42,4.61
Hyderabad,2024,5,30,6.9754,34.37,43.3,4.06
Hyderabad,2024,5,31,6.9667,34.6,40.8,3.94
Hyderabad,2024,6,1,5.3753,32.9,46.8,3.15
Hyderabad,2024,6,2,5.424,31.47,57.61,4.32
Hyderabad,2024,6,3,3.4529,28.59,68.08,2.94
Hyderabad,2024,6,4,5.029,30.37,61.72,2.63
Hyderabad,2024,6,5,5.5966,29.46,67.71,2.96
Hyderabad,2024,6,6,5.4806,28.89,69.67,2.15
Hyderabad,2024,6,7,4.89,28.5,71.31,2.46
Hyderabad,2024,6,8,4.8514,27.87,71.54,3.09
Hyderabad,2024,6,9,4.4455,27.25,73.37,2.69
Hyderabad,2024,6,10,4.565,27.99,73.85,2.44
Hyderabad,2024,6,11,4.4527,29.04,68.97,4.55
Hyderabad,2024,6,12,5.2538,27.71,72.85,5.09
Hyderabad,2024,6,13,5.6047,27.48,73.2,5.81
Hyderabad,2024,6,14,5.1886,27.97,69.48,5.48
Hyderabad,2024,6,15,6.2119,27.39,68.08,6.19
Hyderabad,2024,6,16,6.1824,28.29,71.96,3.95
Hyderabad,2024,6,17,5.3719,28.29,72.02,2.87
Hyderabad,2024,6,18,6.0574,28.13,71.79,4.61
Hyderabad,2024,6,19,5.1355,25.83,77.79,5.71
Hyderabad,2024,6,20,6.0631,28.39,65.85,5.85
Hyderabad,2024,6,21,4.3819,28.17,67.98,5.42
Hyderabad,2024,6,22,4.6642,27.1,75.06,4.7
Hyderabad,2024,6,23,4.2859,27.53,73.26,2.64
Hyderabad,2024,6,24,5.7485,29.01,68.08,3.91
Hyderabad,2024,6,25,5.3018,28.48,68.78,4.86
Hyderabad,2024,6,26,5.981,25.99,73.92,6.91
Hyderabad,2024,6,27,3.8933,25.39,71.54,8.11
Hyderabad,2024,6,28,4.2655,26.66,68.49,7.81
Hyderabad,2024,6,29,3.895,27.22,71.77,5.66
Hyderabad,2024,6,30,3.3365,27.82,71.65,5.78
Hyderabad,2024,7,1,3.5326,27.5,71.5,7.48
Hyderabad,2024,7,2,5.142,27.77,66.71,8.14
Hyderabad,2024,7,3,5.0623,27.74,72.9,5.81
Hyderabad,2024,7,4,5.2781,27.67,71.88,5.75
Hyderabad,2024,7,5,5.1487,26.41,75.51,6
Hyderabad,2024,7,6,4.1376,25.95,78.57,6
Hyderabad,2024,7,7,5.1672,25.98,78.1,5.58
Hyderabad,2024,7,8,3.6002,25.64,82.87,4.52
Hyderabad,2024,7,9,3.4574,26.06,77.6,3.75
Hyderabad,2024,7,10,5.5286,26.59,74.19,4.27
Hyderabad,2024,7,11,5.9513,28.11,66.58,5.45
Hyderabad,2024,7,12,4.752,26.12,75.11,6.82
Hyderabad,2024,7,13,3.9576,25.82,78.49,7.13
Hyderabad,2024,7,14,2.8238,25.76,81.83,7.3
Hyderabad,2024,7,15,2.513,25.5,84.97,4.99
Hyderabad,2024,7,16,3.9478,26.53,74.91,5.73
Hyderabad,2024,7,17,4.0176,26.11,75.05,6.65
Hyderabad,2024,7,18,3.1858,25.38,83.38,7.26
Hyderabad,2024,7,19,3.3458,24.99,82.69,9.95
Hyderabad,2024,7,20,1.3577,24.27,88.11,9.79
Hyderabad,2024,7,21,1.1261,26.12,81.03,9.15
Hyderabad,2024,7,22,3.6982,25.71,81.07,8.74
Hyderabad,2024,7,23,2.7271,25.33,81.7,8.47
Hyderabad,2024,7,24,1.8833,25.54,82.03,7.77
Hyderabad,2024,7,25,1.6193,25.35,83.21,8
Hyderabad,2024,7,26,4.0896,25.08,80.76,8.15
Hyderabad,2024,7,27,2.581,25.35,82.37,9.3
Hyderabad,2024,7,28,4.0658,25.59,79.63,7.62
Hyderabad,2024,7,29,4.0632,26.82,78.68,5.76
Hyderabad,2024,7,30,4.9464,27.18,77.54,5
Hyderabad,2024,7,31,5.3705,26.94,80.37,5.2
Hyderabad,2024,8,1,3.5986,26.29,83.06,6.27
Hyderabad,2024,8,2,3.7721,25.52,83.88,6.8
Hyderabad,2024,8,3,4.3174,26.45,78.52,6.8
Hyderabad,2024,8,4,4.3142,25.81,80.65,5.75
Hyderabad,2024,8,5,5.387,26.33,79.47,4.9
Hyderabad,2024,8,6,2.7139,25.25,86.38,4.39
Hyderabad,2024,8,7,2.0688,24.89,86.99,4.56
Hyderabad,2024,8,8,3.0821,26.03,80.57,4.61
Hyderabad,2024,8,9,5.2862,26.35,80.11,3.58
Hyderabad,2024,8,10,5.8819,26.73,79.41,3.35
Hyderabad,2024,8,11,5.3429,26.84,81.22,3.05
Hyderabad,2024,8,12,5.2322,26.9,81.44,2.82
Hyderabad,2024,8,13,5.1516,27.22,81.15,1.12
Hyderabad,2024,8,14,4.4918,27.22,82.15,1.36
Hyderabad,2024,8,15,5.149,26.44,87.89,2.03
Hyderabad,2024,8,16,4.7333,26.72,85.05,2.11
Hyderabad,2024,8,17,5.3026,26.32,86.83,2.04
Hyderabad,2024,8,18,5.1314,26.03,87.72,2
Hyderabad,2024,8,19,3.6434,26.54,83.03,1.84
Hyderabad,2024,8,20,4.6126,26.35,84.25,1.66
Hyderabad,2024,8,21,5.6789,26.77,83.67,3.46
Hyderabad,2024,8,22,4.9781,26.27,85.82,2.61
Hyderabad,2024,8,23,4.595,25.24,85.71,4.83
Hyderabad,2024,8,24,3.079,25.42,87.42,6.28
Hyderabad,2024,8,25,4.1554,25.74,82.72,6.39
Hyderabad,2024,8,26,5.3832,25.72,80.45,6.34
Hyderabad,2024,8,27,4.7261,25.87,82.12,5.05
Hyderabad,2024,8,28,4.703,25.61,82.6,4.66
Hyderabad,2024,8,29,5.3059,25.47,83.66,4.02
Hyderabad,2024,8,30,3.6173,24.69,88.69,5.15
Hyderabad,2024,8,31,1.0073,24.56,91.11,6.81
Hyderabad,2024,9,1,0.7058,25.04,92.95,5.34
Hyderabad,2024,9,2,1.4681,24.65,86.89,6.52
Hyderabad,2024,9,3,3.0554,23.98,85.22,6.45
Hyderabad,2024,9,4,2.7775,25.1,89.57,4.81
Hyderabad,2024,9,5,4.8636,25.64,87.16,5.36
Hyderabad,2024,9,6,4.8871,25.83,86.79,5.01
Hyderabad,2024,9,7,4.1825,24.75,90.48,5.11
Hyderabad,2024,9,8,2.6986,24.28,90.99,5.5
Hyderabad,2024,9,9,1.944,24.03,90.09,5.78
Hyderabad,2024,9,10,4.441,25.19,85.59,6.02
Hyderabad,2024,9,11,5.369,25.38,82.8,5.33
Hyderabad,2024,9,12,4.9435,25.17,82.54,4.77
Hyderabad,2024,9,13,5.9904,24.78,82.17,4.85
Hyderabad,2024,9,14,6.1202,24.78,83.44,4.73
Hyderabad,2024,9,15,6.0778,24.6,82,5.21
Hyderabad,2024,9,16,4.2475,24.23,83.77,5.34
Hyderabad,2024,9,17,5.7538,24.7,83.12,4.9
Hyderabad,2024,9,18,6.4606,24.59,80.16,3.56
Hyderabad,2024,9,19,5.951,25.07,78.75,2.46
Hyderabad,2024,9,20,4.5986,25.39,82.27,2.68
Hyderabad,2024,9,21,3.6302,24.98,90.27,3.33
Hyderabad,2024,9,22,5.1749,25.53,86.21,3.08
Hyderabad,2024,9,23,4.799,25.32,89.9,2.38
Hyderabad,2024,9,24,4.1311,25.94,88.79,2.3
Hyderabad,2024,9,25,3.6072,25.79,88.36,2.23
Hyderabad,2024,9,26,3.5962,24.87,87.75,4.56
Hyderabad,2024,9,27,5.149,24.6,87.96,4.54
Hyderabad,2024,9,28,5.6678,25.64,82.95,2.95
Hyderabad,2024,9,29,5.4209,25.8,82.72,1.7
Hyderabad,2024,9,30,5.0767,26.18,84.5,1.68
Hyderabad,2024,10,1,5.7125,26.74,81.76,1.25
Hyderabad,2024,10,2,5.4926,26.65,85.29,2.24
Hyderabad,2024,10,3,4.6658,25.95,86.69,3.48
Hyderabad,2024,10,4,5.0376,26.04,85.4,2.89
Hyderabad,2024,10,5,3.8602,26.21,82.93,1.87
Hyderabad,2024,10,6,4.5247,25.25,86.87,2.46
Hyderabad,2024,10,7,4.7107,24.69,86.19,2.03
Hyderabad,2024,10,8,5.6398,24.89,85.67,2.13
Hyderabad,2024,10,9,5.4334,25.08,88,3.29
Hyderabad,2024,10,10,4.6812,24.82,89.11,3.51
Hyderabad,2024,10,11,3.9578,24.98,89.3,3.61
Hyderabad,2024,10,12,4.7714,25.02,89.4,2.98
Hyderabad,2024,10,13,5.5898,25.23,87.39,2.73
Hyderabad,2024,10,14,4.463,24.61,88.63,2.28
Hyderabad,2024,10,15,4.2314,24.71,87.51,2.47
Hyderabad,2024,10,16,4.2871,25.06,86.55,2.57
Hyderabad,2024,10,17,4.284,25.26,89.85,3.59
Hyderabad,2024,10,18,4.7074,25.26,90.39,3.56
Hyderabad,2024,10,19,5.243,24.78,91.01,2.3
Hyderabad,2024,10,20,4.477,24.56,88.55,2.34
Hyderabad,2024,10,21,5.1744,24.64,87.06,2.28
Hyderabad,2024,10,22,4.2384,24.79,87.38,1.75
Hyderabad,2024,10,23,5.0861,23.84,85.06,3.13
Hyderabad,2024,10,24,4.7263,23.12,84.01,3.59
Hyderabad,2024,10,25,5.0407,23.27,81.78,4.23
Hyderabad,2024,10,26,5.5123,23.8,83.64,4.7
Hyderabad,2024,10,27,5.6834,23,81.6,2.83
Hyderabad,2024,10,28,4.8701,24.22,76.62,1.35
Hyderabad,2024,10,29,4.8775,25.4,74.37,0.88
Hyderabad,2024,10,30,3.3967,24.19,90.26,2.15
Hyderabad,2024,10,31,3.8086,24.37,87.8,2.49
Hyderabad,2024,11,1,3.5059,23.92,86.59,2.03
Hyderabad,2024,11,2,4.2002,23.62,87.15,2.62
Hyderabad,2024,11,3,4.4662,22.64,84.94,2.94
Hyderabad,2024,11,4,4.7506,22.62,82.32,2.34
Hyderabad,2024,11,5,5.2421,21.93,73.7,2.53
Hyderabad,2024,11,6,5.3306,22.12,77.8,2.64
Hyderabad,2024,11,7,5.2265,21.63,78.89,2.33
Hyderabad,2024,11,8,5.0854,22.44,77.01,1.87
Hyderabad,2024,11,9,4.7443,22.56,79.31,2.23
Hyderabad,2024,11,10,5.2183,21.93,82.08,2.96
Hyderabad,2024,11,11,4.8696,20.89,80.32,3.38
Hyderabad,2024,11,12,4.9632,21.68,83.17,3.87
Hyderabad,2024,11,13,4.2254,22.75,86.34,3.7
Hyderabad,2024,11,14,3.565,23.18,85.37,3.15
Hyderabad,2024,11,15,4.6193,23.11,83.35,2.42
Hyderabad,2024,11,16,5.028,21.42,77.3,3.21
Hyderabad,2024,11,17,4.9831,19.58,74.86,3.41
Hyderabad,2024,11,18,4.931,19,75.57,2.83
Hyderabad,2024,11,19,4.9726,19.11,75.46,2.32
Hyderabad,2024,11,20,4.9766,18.89,79.04,2.39
Hyderabad,2024,11,21,4.8283,19.25,75.24,2.21
Hyderabad,2024,11,22,4.5024,19.2,77.35,2.15
Hyderabad,2024,11,23,4.1902,19.66,75.28,1.57
Hyderabad,2024,11,24,4.212,19.16,76.46,2.29
Hyderabad,2024,11,25,4.452,19.11,78.84,3.06
Hyderabad,2024,11,26,4.6565,19.38,77.64,2.9
Hyderabad,2024,11,27,4.2576,18.96,73.25,3.46
Hyderabad,2024,11,28,4.7765,18.37,71.04,4.23
Hyderabad,2024,11,29,4.458,20.8,77.49,4.49
Hyderabad,2024,11,30,3.1366,22.52,84.62,4.93
Hyderabad,2024,12,1,2.6916,23.01,86.69,3.76
Hyderabad,2024,12,2,2.7914,23.37,87.35,4.3
Hyderabad,2024,12,3,2.2433,23.99,84.88,3.76
Hyderabad,2024,12,4,3.0425,24.41,84.75,3.05
Hyderabad,2024,12,5,3.4378,24.65,84.23,2.05
Hyderabad,2024,12,6,3.355,23.79,86.59,2
Hyderabad,2024,12,7,2.8034,24.29,81.07,1.57
Hyderabad,2024,12,8,2.8303,23.74,84.62,2.08
Hyderabad,2024,12,9,2.7526,23.57,85.48,1.65
Hyderabad,2024,12,10,4.1647,21.51,64.62,3.68
Hyderabad,2024,12,11,4.7244,19.47,65.57,3.3
Hyderabad,2024,12,12,4.7393,20.27,63.29,1.85
Hyderabad,2024,12,13,4.1671,19.98,60.99,3.1
Hyderabad,2024,12,14,4.4448,18.97,64.73,3.44
Hyderabad,2024,12,15,4.7952,17.37,59.46,3.23
Hyderabad,2024,12,16,5.0066,17.31,54.74,2.82
Hyderabad,2024,12,17,4.9289,19.35,51.2,2.33
Hyderabad,2024,12,18,4.8317,20.29,55.86,3.2
Hyderabad,2024,12,19,4.1683,20.84,75.36,3.05
Hyderabad,2024,12,20,3.047,23.37,81.62,2.84
Hyderabad,2024,12,21,3.5474,23.03,70.89,3.1
Hyderabad,2024,12,22,4.1381,21.29,69.21,3.11
Hyderabad,2024,12,23,4.5026,20.78,63.29,2.44
Hyderabad,2024,12,24,3.2635,20.94,74.17,3.29
Hyderabad,2024,12,25,2.257,20.93,84.16,4.25
Hyderabad,2024,12,26,1.9414,22.18,81.72,4.05
Hyderabad,2024,12,27,3.1003,22.69,75.91,4.58
Hyderabad,2024,12,28,4.6502,22.19,75.97,3.3
Hyderabad,2024,12,29,5.0131,22.42,71.01,2.78
Hyderabad,2024,12,30,4.7302,22.04,62.7,2.56
Hyderabad,2024,12,31,4.2101,21.66,68.1,2.31
Hyderabad,2025,1,1,4.1518,20.4,65.44,3.18
Hyderabad,2025,1,2,4.9908,19.12,50.34,3.91
Hyderabad,2025,1,3,5.1223,18.88,50.64,3.18
Hyderabad,2025,1,4,5.0806,19.4,50.32,3.02
Hyderabad,2025,1,5,4.716,20.1,65.42,2.27
Hyderabad,2025,1,6,4.6202,20.19,67.99,2.69
Hyderabad,2025,1,7,4.6704,20.29,62.79,2.76
Hyderabad,2025,1,8,5.1494,18.56,52.94,3.3
Hyderabad,2025,1,9,5.0278,18.39,57.63,3
Hyderabad,2025,1,10,4.6901,19.49,72.2,3.6
Hyderabad,2025,1,11,4.2014,20.37,69.87,3.74
Hyderabad,2025,1,12,3.9662,21.23,67.45,3.44
Hyderabad,2025,1,13,4.2725,21.51,68.78,2.54
Hyderabad,2025,1,14,4.2883,21.33,67.93,2.67
Hyderabad,2025,1,15,3.5904,21.34,73.41,3.05
Hyderabad,2025,1,16,3.3679,21.03,71.21,2.84
Hyderabad,2025,1,17,4.3867,20.69,62.44,2.93
Hyderabad,2025,1,18,4.6505,20.25,61.65,2.89
Hyderabad,2025,1,19,5.1403,20.78,50.14,2.81
Hyderabad,2025,1,20,5.4756,20.32,44.24,3.1
Hyderabad,2025,1,21,5.6434,21.4,39.94,2.85
Hyderabad,2025,1,22,5.525,22.2,50.8,2.77
Hyderabad,2025,1,23,5.3911,22.11,64,3.42
Hyderabad,2025,1,24,5.4034,22.31,64.7,3.13
Hyderabad,2025,1,25,5.4912,22.68,54.93,2.59
Hyderabad,2025,1,26,5.4305,23.54,45.31,2.61
Hyderabad,2025,1,27,5.3998,23.39,44.12,2.1
Hyderabad,2025,1,28,5.2654,23.15,51.81,2.59
Hyderabad,2025,1,29,4.8934,22.81,61.83,3.21
Hyderabad,2025,1,30,5.1103,23,60.39,2.8
Hyderabad,2025,1,31,5.323,24,46.06,2.62
Hyderabad,2025,2,1,5.544,24.02,47.53,2.89
Hyderabad,2025,2,2,5.6849,24.14,48.24,3.18
Hyderabad,2025,2,3,5.9537,24.83,45.59,2.95
Hyderabad,2025,2,4,5.6515,25.81,38.94,2.41
Hyderabad,2025,2,5,5.4682,25.77,40.73,2.55
Hyderabad,2025,2,6,5.1862,25.37,45.62,2.77
Hyderabad,2025,2,7,4.8833,24.98,41.75,3.68
Hyderabad,2025,2,8,4.9531,24.9,36.86,3.46
Hyderabad,2025,2,9,5.4934,25.03,38.68,3.19
Hyderabad,2025,2,10,5.3004,25.01,49.92,2.55
Hyderabad,2025,2,11,5.0369,25.47,45.14,2.37
Hyderabad,2025,2,12,5.1324,26.75,35.89,2.15
Hyderabad,2025,2,13,5.9333,25.88,25.59,3.06
Hyderabad,2025,2,14,6.3358,24.15,22.06,3.85
Hyderabad,2025,2,15,6.4805,24.85,20.55,3.78
Hyderabad,2025,2,16,6.3977,25.37,25.48,2.48
Hyderabad,2025,2,17,6.0898,25.99,37.09,2.54
Hyderabad,2025,2,18,6.0118,26.97,37.56,2.33
Hyderabad,2025,2,19,5.838,27.22,38.75,2.26
Hyderabad,2025,2,20,5.2145,27.04,44.27,1.93
Hyderabad,2025,2,21,5.5735,27.17,43.68,1.77
Hyderabad,2025,2,22,5.9568,27.29,30.64,2.47
Hyderabad,2025,2,23,6.2431,25.95,25.61,3.91
Hyderabad,2025,2,24,6.565,25.19,27.34,3.37
Hyderabad,2025,2,25,6.1186,25.3,46.89,3.07
Hyderabad,2025,2,26,5.8234,25.91,39.07,3.18
Hyderabad,2025,2,27,6.1147,25.91,43.94,3.08
Hyderabad,2025,2,28,6.0626,26.25,47.99,3.23
Hyderabad,2025,3,1,6.1788,26.95,43.36,3.05
Hyderabad,2025,3,2,6.1975,28.17,35.62,2.69
Hyderabad,2025,3,3,6.1387,28.97,28.97,3.08
Hyderabad,2025,3,4,5.713,29.57,22.18,3.29
Hyderabad,2025,3,5,6.8126,27.28,18.4,4.91
Hyderabad,2025,3,6,7.4146,24.73,8.07,4.8
Hyderabad,2025,3,7,7.2058,25.32,10.92,3.65
Hyderabad,2025,3,8,6.9182,27.74,11.92,2.6
Hyderabad,2025,3,9,6.4061,26.96,38.42,3.69
Hyderabad,2025,3,10,6.1675,26.9,49.06,3.97
Hyderabad,2025,3,11,6.3878,27.16,42.94,3.16
Hyderabad,2025,3,12,6.6144,28.8,33.81,2.54
Hyderabad,2025,3,13,6.0991,30.2,30.4,2.17
Hyderabad,2025,3,14,6.1877,30.55,27.89,2.31
Hyderabad,2025,3,15,6.4622,30.54,32.57,3.55
Hyderabad,2025,3,16,6.8011,30.42,30.21,4.34
Hyderabad,2025,3,17,6.7274,30.58,23.71,3.3
Hyderabad,2025,3,18,6.7212,30.76,31.15,3.48
Hyderabad,2025,3,19,7.0027,29.77,38.82,4.88
Hyderabad,2025,3,20,7.1318,28.69,47.63,4.73
Hyderabad,2025,3,21,6.3703,28.89,51.73,2.64
Hyderabad,2025,3,22,5.8454,27.96,60.64,3.4
Hyderabad,2025,3,23,5.6546,28.04,60.61,2.7
Hyderabad,2025,3,24,6.3228,28.62,53.17,2.53
Hyderabad,2025,3,25,6.5539,28.91,41.97,2.24
Hyderabad,2025,3,26,6.5426,29.36,33.1,2.42
Hyderabad,2025,3,27,6.1843,30.26,29.43,2.74
Hyderabad,2025,3,28,5.9369,31.05,24.25,2.26
Hyderabad,2025,3,29,5.3498,31.52,23.6,2.4
Hyderabad,2025,3,30,5.3647,31.42,27.53,2.95
Hyderabad,2025,3,31,5.4247,30.7,32.42,3.48
Hyderabad,2025,4,1,6.1848,29.17,46.82,4.33
Hyderabad,2025,4,2,6.3264,28.22,45.57,3.5
Hyderabad,2025,4,3,4.1683,28.66,54.61,2.49
Hyderabad,2025,4,4,6.5374,28.5,58.09,1.97
Hyderabad,2025,4,5,6.5208,30.07,48.32,2.25
Hyderabad,2025,4,6,6.5515,30.6,41.27,2.63
Hyderabad,2025,4,7,6.7692,30.66,39.78,3.06
Hyderabad,2025,4,8,6.9228,30.49,44.54,4.07
Hyderabad,2025,4,9,6.9442,30.31,46.43,3.52
Hyderabad,2025,4,10,5.9638,30.72,42.64,3.22
Hyderabad,2025,4,11,6.7939,31.05,32.38,3.61
Hyderabad,2025,4,12,6.798,31.52,26.68,4.28
Hyderabad,2025,4,13,6.7649,31.98,26.72,2.09
Hyderabad,2025,4,14,6.5971,31.74,34.59,2.46
Hyderabad,2025,4,15,6.3058,32.09,35.58,3.18
Hyderabad,2025,4,16,6.4034,31,48.07,4.36
Hyderabad,2025,4,17,6.3247,31.82,47.18,3.57
Hyderabad,2025,4,18,5.5603,31.15,53.67,2.97
Hyderabad,2025,4,19,5.567,30.83,57.11,2.84
Hyderabad,2025,4,20,6.1034,32.04,48.9,2.68
Hyderabad,2025,4,21,5.8231,32.26,47.73,3.09
Hyderabad,2025,4,22,6.0655,33.17,40.69,2.81
Hyderabad,2025,4,23,6.4951,33.49,35.7,2.95
Hyderabad,2025,4,24,6.3214,33.72,28.85,3.44
Hyderabad,2025,4,25,6.689,33.89,37.16,3.24
Hyderabad,2025,4,26,5.8274,34.18,33.86,2.68
Hyderabad,2025,4,27,4.6997,32.04,39.65,3.75
Hyderabad,2025,4,28,7.0075,32.3,39.26,3.05
Hyderabad,2025,4,29,6.3634,33.07,38.06,3.21
Hyderabad,2025,4,30,6.8206,33.94,34.33,3.68
Hyderabad,2025,5,1,6.7795,33.11,41.32,4.01
Hyderabad,2025,5,2,6.4884,33.17,42.54,3.79
Hyderabad,2025,5,3,6.5172,33.76,37.41,3.67
Hyderabad,2025,5,4,6.2676,33.69,33.05,3.37
Hyderabad,2025,5,5,7.1717,32.81,39.36,3.11
Hyderabad,2025,5,6,6.9038,31.41,44.5,2.78
Hyderabad,2025,5,7,6.8981,31.3,37.47,2.5
Hyderabad,2025,5,8,5.5978,31.17,41.28,2.46
Hyderabad,2025,5,9,6.7615,31.55,45.61,2.49
Hyderabad,2025,5,10,6.1598,32.03,44.69,2.16
Hyderabad,2025,5,11,6.2215,33.85,37.07,2.03
Hyderabad,2025,5,12,6.1622,34.44,31.48,2.17
Hyderabad,2025,5,13,5.6182,34.67,32.06,1.5
Hyderabad,2025,5,14,5.7941,33.54,41.61,2.3
Hyderabad,2025,5,15,5.1754,30.69,58.82,2.07
Hyderabad,2025,5,16,5.1386,30.68,60.36,1.51
Hyderabad,2025,5,17,5.2982,31.38,53.93,2.85
Hyderabad,2025,5,18,5.3047,29.09,64.11,2.64
Hyderabad,2025,5,19,5.3222,29.2,61.74,3.36
Hyderabad,2025,5,20,5.5634,29.14,67.13,3.32
Hyderabad,2025,5,21,2.9635,27.91,76.9,3.22
Hyderabad,2025,5,22,5.0215,26.8,78.48,1.42
Hyderabad,2025,5,23,5.6501,28.16,73.21,4.53
Hyderabad,2025,5,24,4.5331,27.74,73.98,5.12
Hyderabad,2025,5,25,4.8394,27.83,72.88,4.89
Hyderabad,2025,5,26,3.2592,27.25,74.53,3.02
Hyderabad,2025,5,27,4.8079,26.71,80.44,3.62
Hyderabad,2025,5,28,3.329,26.21,84.22,5.1
Hyderabad,2025,5,29,3.1234,26.74,80.67,5.19
Hyderabad,2025,5,30,5.1053,27.44,76.59,4.82
Hyderabad,2025,5,31,6.4082,28.58,65.23,7.21
Hyderabad,2025,6,1,6.8573,28.88,61.05,6.82
Hyderabad,2025,6,2,5.6381,28.57,64.03,6.36
Hyderabad,2025,6,3,5.7014,28.56,64.08,5.71
Hyderabad,2025,6,4,6.8446,29.08,58.9,5.39
Hyderabad,2025,6,5,5.6513,29.24,60.4,2.83
Hyderabad,2025,6,6,6.451,30.77,55.29,1.36
Hyderabad,2025,6,7,5.9045,30.68,57.22,2.84
Hyderabad,2025,6,8,5.7137,29.92,60.54,5.22
Hyderabad,2025,6,9,2.753,29.61,63.15,6.34
Hyderabad,2025,6,10,2.7725,29.74,64.62,6.51
Hyderabad,2025,6,11,4.0939,27.37,75.77,4.45
Hyderabad,2025,6,12,4.1621,26.52,82.8,2.8
Hyderabad,2025,6,13,4.4033,28.07,72.93,3.34
Hyderabad,2025,6,14,4.6562,28.31,72.69,2.82
Hyderabad,2025,6,15,3.6566,27.62,73.09,4.66
Hyderabad,2025,6,16,4.1962,26.37,74.8,6.73
Hyderabad,2025,6,17,5.5843,27.86,68.05,6.75
Hyderabad,2025,6,18,5.5118,28.98,62.94,7.72
Hyderabad,2025,6,19,4.4299,28.6,64.57,8.44
Hyderabad,2025,6,20,5.4283,28.4,65.89,7.34
Hyderabad,2025,6,21,6.3,28.8,65.13,7.29
Hyderabad,2025,6,22,5.628,28,65.37,7.16
Hyderabad,2025,6,23,3.5899,27.66,65.7,8.35
Hyderabad,2025,6,24,3.0734,26.99,70.88,8.29
Hyderabad,2025,6,25,4.2,25.9,78.15,7
Hyderabad,2025,6,26,4.0282,25.83,78.03,6.27
Hyderabad,2025,6,27,5.473,27.32,70.17,6.44
Hyderabad,2025,6,28,5.3534,28.1,65.65,6.95
Hyderabad,2025,6,29,4.5874,26.19,75.07,6.95
Hyderabad,2025,6,30,3.2606,25.3,79.09,7.5
Hyderabad,2025,7,1,2.7377,25.21,79.92,8.07
Hyderabad,2025,7,2,1.9265,25.73,78.44,7.34
Hyderabad,2025,7,3,4.1273,26.06,76.17,6.79
Hyderabad,2025,7,4,4.3855,26.55,74.3,7.49
Hyderabad,2025,7,5,4.8406,26.73,73,8.35
Hyderabad,2025,7,6,4.6322,26.82,72.21,8.22
Hyderabad,2025,7,7,3.4697,26.16,73.67,8.46
Hyderabad,2025,7,8,4.1191,26.45,72.16,7.91
Hyderabad,2025,7,9,4.6063,26.98,71.06,6.59
Hyderabad,2025,7,10,5.0201,27.16,70.57,5.1
Hyderabad,2025,7,11,5.0417,27.39,70.87,4.38
Hyderabad,2025,7,12,5.3856,28.12,67.29,5.39
Hyderabad,2025,7,13,5.5262,27.71,67.78,5.77
Hyderabad,2025,7,14,5.7869,28.55,64.59,5.87
Hyderabad,2025,7,15,4.9135,27.96,68.2,5.49
Hyderabad,2025,7,16,5.1372,27.99,70.06,4.8
Hyderabad,2025,7,17,4.5982,28.03,73.39,1.09
Hyderabad,2025,7,18,4.3759,26.55,83.05,1.02
Hyderabad,2025,7,19,4.5746,26.26,81.25,3.18
Hyderabad,2025,7,20,4.7918,26.29,76.08,3.84
Hyderabad,2025,7,21,3.7903,26.41,81.88,4.36
Hyderabad,2025,7,22,4.1206,26.2,83.74,5.67
Hyderabad,2025,7,23,2.3671,25.48,83.9,6.3
Hyderabad,2025,7,24,2.1962,24.69,85.39,6.82
Hyderabad,2025,7,25,2.9407,24.77,87.15,7.21
Hyderabad,2025,7,26,1.4702,24.61,85.76,8.38
Hyderabad,2025,7,27,4.9718,25.87,76.68,8.02
Hyderabad,2025,7,28,4.7772,26.06,74.62,8.12
Hyderabad,2025,7,29,4.6992,25.79,74.31,8.61
Hyderabad,2025,7,30,3.8906,25.69,78.4,6.67
Hyderabad,2025,7,31,4.7839,26.54,76.5,5.7
Hyderabad,2025,8,1,5.2445,26.67,75.5,5.04
Hyderabad,2025,8,2,5.4809,26.89,75.76,3.86
Hyderabad,2025,8,3,5.3114,26.62,79.05,2.34
Hyderabad,2025,8,4,4.8319,26.57,82.81,2.01
Hyderabad,2025,8,5,4.7246,26.77,84.08,1.26
Hyderabad,2025,8,6,5.711,26.18,83.3,1.85
Hyderabad,2025,8,7,4.4383,25.99,84.54,1.09
Hyderabad,2025,8,8,3.8808,25.32,85.72,2.15
Hyderabad,2025,8,9,4.4402,25.72,81.85,1.59
Hyderabad,2025,8,10,4.0874,24.76,86.57,2.27
Hyderabad,2025,8,11,4.3406,25.39,84.71,4.14
Hyderabad,2025,8,12,4.2533,24.71,87.53,4.79
Hyderabad,2025,8,13,2.5819,24.24,90.8,5.1
Hyderabad,2025,8,14,3.361,24.97,86.93,4.39
Hyderabad,2025,8,15,4.0186,23.97,90.9,4.88
Hyderabad,2025,8,16,2.0342,24.26,91.24,5.44
Hyderabad,2025,8,17,3.5266,25.01,86.96,5.16
Hyderabad,2025,8,18,2.1768,23.76,90.76,7.33
Hyderabad,2025,8,19,2.9988,24.47,88.21,7.22
Hyderabad,2025,8,20,3.6686,24.85,85.14,6.72
Hyderabad,2025,8,21,4.9322,25.33,84.12,5.49
Hyderabad,2025,8,22,5.3107,24.91,84.84,5.32
Hyderabad,2025,8,23,5.5073,24.96,83.59,6.05
Hyderabad,2025,8,24,4.7861,24.77,82.77,6.31
Hyderabad,2025,8,25,5.7835,24.85,82.4,5.55
Hyderabad,2025,8,26,2.5862,24.34,87.48,5.27
Hyderabad,2025,8,27,0.9823,23.88,92.53,5.78
Hyderabad,2025,8,28,2.1588,24.09,91.28,6.63
Hyderabad,2025,8,29,4.3327,25.12,86.56,4.83
Hyderabad,2025,8,30,4.83,25.42,86.58,3.68
Hyderabad,2025,8,31,4.0841,24.92,88.86,4.44
Hyderabad,2025,9,1,3.3941,25.08,88.08,5.1
Hyderabad,2025,9,2,3.2354,24.3,89.81,5.37
Hyderabad,2025,9,3,5.0472,24.02,90.46,4.2
Hyderabad,2025,9,4,5.5404,24.8,85.34,4.43
Hyderabad,2025,9,5,5.3779,24.85,84.48,4.32
Hyderabad,2025,9,6,5.4953,24.94,85.3,3.23
Hyderabad,2025,9,7,5.7046,24.99,82.07,3.8
Hyderabad,2025,9,8,6.072,24.97,85.43,3.82
Hyderabad,2025,9,9,5.802,24.69,85.98,2.38
Hyderabad,2025,9,10,4.1412,25.05,87.79,2.57
Hyderabad,2025,9,11,2.2769,23.96,92.9,4.72
Hyderabad,2025,9,12,2.7307,23.71,92.65,4.68
Hyderabad,2025,9,13,2.6196,24.48,92.18,4.58
Hyderabad,2025,9,14,4.1362,25.56,89.14,1.95
Hyderabad,2025,9,15,4.0877,24.76,91.44,3.25
Hyderabad,2025,9,16,3.931,25.41,88.06,1.7
Hyderabad,2025,9,17,4.3771,25.38,88.7,1.72
Hyderabad,2025,9,18,5.2457,25.77,87.08,1.84
Hyderabad,2025,9,19,4.6543,25.93,86.04,1.85
Hyderabad,2025,9,20,4.8324,25.61,88.34,2.8
Hyderabad,2025,9,21,4.9994,25.15,92.52,3.05
Hyderabad,2025,9,22,3.809,24.76,91.16,3.62
Hyderabad,2025,9,23,3.63,24.59,89.25,3.44
Hyderabad,2025,9,24,4.1659,24.27,90.63,5.12
Hyderabad,2025,9,25,2.0407,23.5,92.1,6.42
Hyderabad,2025,9,26,2.4751,24.42,91.87,5.22
Hyderabad,2025,9,27,2.1026,24.21,91.28,2.8
Hyderabad,2025,9,28,2.0201,23.88,90.1,4.91
Hyderabad,2025,9,29,5.3854,24.09,87.3,3.93
Hyderabad,2025,9,30,5.3602,23.97,87.74,4.2
Hyderabad,2025,10,1,5.6141,24.49,86.24,4.52
Hyderabad,2025,10,2,3.6451,23.74,89.79,4.56
Hyderabad,2025,10,3,5.3911,24.44,87.49,4.4
Hyderabad,2025,10,4,4.4323,24.07,89.48,3.93
Hyderabad,2025,10,5,3.5731,24.54,89.67,2.8
Hyderabad,2025,10,6,4.89,24.39,89.53,2.15
Hyderabad,2025,10,7,4.9519,24.22,90.09,3.19
Hyderabad,2025,10,8,5.2219,24.41,89.01,2.22
Hyderabad,2025,10,9,4.9454,23.86,89.54,3
Hyderabad,2025,10,10,5.4749,23.07,84.87,3.18
Hyderabad,2025,10,11,5.19,22.51,84.85,3.91
Hyderabad,2025,10,12,5.9002,23.01,88.86,3.11
Hyderabad,2025,10,13,3.5333,23.25,91.66,3.36
Hyderabad,2025,10,14,3.6403,24.01,90.12,2.83
Hyderabad,2025,10,15,5.3354,23.89,89.3,3.42
Hyderabad,2025,10,16,5.9998,23.56,87.19,2.81
Hyderabad,2025,10,17,5.273,22.94,88.34,2.84
Hyderabad,2025,10,18,5.2541,22.69,85.57,2.69
Hyderabad,2025,10,19,4.4388,22.69,89,2.88
Hyderabad,2025,10,20,4.3596,23.44,88.85,2.25
Hyderabad,2025,10,21,4.5835,23.75,89.66,3.25
Hyderabad,2025,10,22,4.7114,23.95,90.36,3.78
Hyderabad,2025,10,23,4.0078,23.7,90.36,3.65
Hyderabad,2025,10,24,3.0082,23.42,90.92,2.93
Hyderabad,2025,10,25,3.1366,23.74,88.55,2.51
Hyderabad,2025,10,26,4.6135,23.88,87.39,2.62
Hyderabad,2025,10,27,5.0508,23.88,88.61,2.35
Hyderabad,2025,10,28,2.9386,23.44,93.45,5.37
Hyderabad,2025,10,29,0.4987,24.07,93.37,4.93
Hyderabad,2025,10,30,4.2823,24.38,88.18,5.15
Hyderabad,2025,10,31,5.4662,23.38,82.48,3.45
Hyderabad,2025,11,1,4.7386,24.48,84.05,2.33
Hyderabad,2025,11,2,4.1419,25.07,87.11,1.94
Hyderabad,2025,11,3,4.392,24.84,88.04,3.52
Hyderabad,2025,11,4,3.2158,24.22,88.18,3.19
Hyderabad,2025,11,5,4.4009,23.08,87.76,3.26
Hyderabad,2025,11,6,4.4035,22.02,83.18,3.33
Hyderabad,2025,11,7,5.4528,20.83,79.75,3.42
Hyderabad,2025,11,8,5.6381,19.27,78.37,3.14
Hyderabad,2025,11,9,5.5747,18.07,80.07,3.06
Hyderabad,2025,11,10,5.4991,18.27,75.58,2.47
Hyderabad,2025,11,11,5.0806,18.5,75.94,3.04
Hyderabad,2025,11,12,5.3086,18.12,74.97,3.51
Hyderabad,2025,11,13,5.719,16.86,74.42,3.3
Hyderabad,2025,11,14,5.4768,16.67,80.69,3.1
Hyderabad,2025,11,15,5.3599,16.96,78.58,2.64
Hyderabad,2025,11,16,5.3064,16.67,79.53,3.48
Hyderabad,2025,11,17,5.4528,15.37,80.57,3.55
Hyderabad,2025,11,18,5.4401,15.84,80.23,3.02
Hyderabad,2025,11,19,5.4266,16.39,77.48,2.64
Hyderabad,2025,11,20,5.5039,16.93,81.36,2.92
Hyderabad,2025,11,21,4.8024,19.5,84.99,2.4
Hyderabad,2025,11,22,4.7784,20.68,84.92,2.39
Hyderabad,2025,11,23,4.7503,20.75,81.62,2.35
Hyderabad,2025,11,24,4.8934,20.34,81.93,2.62
Hyderabad,2025,11,25,4.5545,20.26,87.45,2.39
Hyderabad,2025,11,26,4.32,19.85,86.85,2.55
Hyderabad,2025,11,27,4.159,19.11,86.06,2.64
Hyderabad,2025,11,28,4.9142,17.29,80.99,3.34
Hyderabad,2025,11,29,3.8964,18.18,81.83,2.8
Hyderabad,2025,11,30,3.5638,18.84,87.9,3.43
Hyderabad,2025,12,1,4.5002,19.68,86.24,2.78
Hyderabad,2025,12,2,4.3634,19.56,85.91,2.77
Hyderabad,2025,12,3,3.7822,19.85,84.8,2.82
Hyderabad,2025,12,4,3.8237,20.42,88.13,2.8
Hyderabad,2025,12,5,4.2341,18.36,81.76,3.18
Hyderabad,2025,12,6,4.6344,16.83,84.03,2.9
Hyderabad,2025,12,7,4.74,17.37,75.51,2.83
Hyderabad,2025,12,8,4.6718,16.58,74.41,3.1
Hyderabad,2025,12,9,5.3621,15.79,71.77,3.59
Hyderabad,2025,12,10,5.2337,15.57,70.3,3.86
Hyderabad,2025,12,11,5.3446,15.3,66.99,3.3
Hyderabad,2025,12,12,5.3162,16.46,66.27,2.61
Hyderabad,2025,12,13,5.1079,17.97,63.73,1.85
Hyderabad,2025,12,14,4.8307,17.91,71.02,1.69
Hyderabad,2025,12,15,4.6958,17.37,73.74,2.13
Hyderabad,2025,12,16,4.7107,17.88,73.82,2.15
Hyderabad,2025,12,17,4.5454,17.57,76.82,2.73
Hyderabad,2025,12,18,5.0938,16.33,72.74,3.54
Hyderabad,2025,12,19,5.1535,15.49,68.91,3.71
Hyderabad,2025,12,20,4.8281,15.78,70.5,3.12
Hyderabad,2025,12,21,4.5022,17.35,74.44,2.39
Hyderabad,2025,12,22,4.6267,18.03,76.01,2.08
Hyderabad,2025,12,23,4.3589,17.02,73.09,2.76
Hyderabad,2025,12,24,4.3219,16.24,75.74,2.87
Hyderabad,2025,12,25,4.7398,17.25,67.51,1.85
Hyderabad,2025,12,26,4.567,17.46,71.14,1.98
Hyderabad,2025,12,27,4.6438,17.78,71.11,1.43
Hyderabad,2025,12,28,4.668,17.21,70.27,1.96
Hyderabad,2025,12,29,4.8847,17.61,65.76,2.01
Hyderabad,2025,12,30,4.9457,18.8,61.25,1.13
Hyderabad,2025,12,31,4.1177,19.01,68.81,1.62
