City,YEAR,MO,DY,ALLSKY_SFC_SW_DWN,T2M,RH2M,WS10M
Kolkata,2018,1,1,3.4733,16.9,78.55,2.37
Kolkata,2018,1,2,3.8194,16.32,77.15,2.93
Kolkata,2018,1,3,3.7968,15.42,69.96,3.05
Kolkata,2018,1,4,3.805,13.68,71.46,3.06
Kolkata,2018,1,5,3.679,13.66,67.68,2.66
Kolkata,2018,1,6,4.1422,14.19,64.23,2.53
Kolkata,2018,1,7,4.3231,14.22,60.22,2.52
Kolkata,2018,1,8,3.9326,14.07,60.71,2.11
Kolkata,2018,1,9,4.0942,13.21,65.15,2.64
Kolkata,2018,1,10,4.2101,13.37,64.57,2.44
Kolkata,2018,1,11,3.4786,13.42,67.1,2.26
Kolkata,2018,1,12,3.3406,14.46,69.86,1.53
Kolkata,2018,1,13,3.0218,14.91,70.7,1.73
Kolkata,2018,1,14,2.741,14.42,70.95,2.5
Kolkata,2018,1,15,3.2988,14.66,63.37,2.54
Kolkata,2018,1,16,3.8184,15.4,64.84,2.61
Kolkata,2018,1,17,3.6598,15.73,62.28,2.23
Kolkata,2018,1,18,4.031,15.08,60.51,2.46
Kolkata,2018,1,19,4.3183,14.94,57.98,2.39
Kolkata,2018,1,20,4.236,16.53,61.19,2.04
Kolkata,2018,1,21,4.1762,16.75,65.26,2.12
Kolkata,2018,1,22,4.4105,16.43,61.36,2.26
Kolkata,2018,1,23,4.379,17.17,59.84,1.66
Kolkata,2018,1,24,4.0534,18.42,75.86,2.38
Kolkata,2018,1,25,3.5746,18.13,69.3,2.73
Kolkata,2018,1,26,4.1614,17.77,64.08,2.2
Kolkata,2018,1,27,3.6317,16.86,59.48,2.36
Kolkata,2018,1,28,4.4412,16.81,54.87,1.88
Kolkata,2018,1,29,4.6714,17.1,55.72,2.06
Kolkata,2018,1,30,4.6673,17.41,56.96,2.38
Kolkata,2018,1,31,4.8456,17.24,65.43,2.57
Kolkata,2018,2,1,3.8323,18.15,64.22,1.87
Kolkata,2018,2,2,4.1045,19.34,62.74,1.87
Kolkata,2018,2,3,4.0644,19.61,66.88,2.01
Kolkata,2018,2,4,4.5521,20.58,72.24,2.66
Kolkata,2018,2,5,3.9214,21.6,74.18,1.47
Kolkata,2018,2,6,4.1834,20.72,71.6,2.47
Kolkata,2018,2,7,4.7225,21.22,68.93,2.45
Kolkata,2018,2,8,3.1958,21.46,58.67,2.39
Kolkata,2018,2,9,3.8299,21.69,66.6,2.25
Kolkata,2018,2,10,3.5364,21.03,67.02,2.68
Kolkata,2018,2,11,3.7195,19.02,57.12,2.05
Kolkata,2018,2,12,5.2063,19.55,53.64,2.84
Kolkata,2018,2,13,4.3421,19.43,60.9,3.07
Kolkata,2018,2,14,4.7717,21.12,69.52,3.13
Kolkata,2018,2,15,5.1708,19.98,60.86,2.83
Kolkata,2018,2,16,5.5678,19.7,53.05,2.81
Kolkata,2018,2,17,5.1118,20.74,57.55,2.38
Kolkata,2018,2,18,5.0458,21.8,61.38,2.38
Kolkata,2018,2,19,4.8144,21.78,70.48,2.53
Kolkata,2018,2,20,4.2804,23.17,68.9,1.99
Kolkata,2018,2,21,4.6517,23.31,63.62,1.86
Kolkata,2018,2,22,4.7676,23.08,55.3,2.19
Kolkata,2018,2,23,5.1262,23.62,64.49,3.09
Kolkata,2018,2,24,5.2925,24.7,63.75,2.68
Kolkata,2018,2,25,5.1142,24.81,63.05,2.64
Kolkata,2018,2,26,4.5662,25.1,61.05,2.26
Kolkata,2018,2,27,4.8876,24.79,53.18,2.3
Kolkata,2018,2,28,4.6459,24.05,51.73,2.32
Kolkata,2018,3,1,4.8742,24.61,53.9,2.66
Kolkata,2018,3,2,5.2781,25.02,63.97,3.06
Kolkata,2018,3,3,5.5092,26.76,60.83,3.31
Kolkata,2018,3,4,5.5699,26.87,59.28,2.47
Kolkata,2018,3,5,4.9558,26.25,57.11,2.83
Kolkata,2018,3,6,4.8199,25.96,48.73,2.78
Kolkata,2018,3,7,5.9882,25.97,43.44,2.72
Kolkata,2018,3,8,5.9885,24.97,35.05,2.57
Kolkata,2018,3,9,5.5054,25.16,36.89,2.84
Kolkata,2018,3,10,6.1937,25.41,42.11,2.98
Kolkata,2018,3,11,6.0535,25.49,54.13,3.2
Kolkata,2018,3,12,4.9452,26.52,61.56,3.37
Kolkata,2018,3,13,5.4691,28.17,52.78,2.54
Kolkata,2018,3,14,6.0893,26.97,49.65,2.67
Kolkata,2018,3,15,5.3136,27.86,57.18,2.58
Kolkata,2018,3,16,2.2498,28.51,62.08,3.11
Kolkata,2018,3,17,5.5334,28.41,52.52,3.89
Kolkata,2018,3,18,5.7422,28.64,52.54,2.09
Kolkata,2018,3,19,5.8066,27.53,45.96,2.69
Kolkata,2018,3,20,6.0374,26.79,44.99,2.48
Kolkata,2018,3,21,6.0096,27.51,50.19,2.24
Kolkata,2018,3,22,5.1881,28.42,60.94,3.18
Kolkata,2018,3,23,4.4009,29.44,62.18,3.68
Kolkata,2018,3,24,4.6385,29.54,64.8,2.69
Kolkata,2018,3,25,4.5874,29.7,59.54,2.32
Kolkata,2018,3,26,4.001,29.46,62.7,2.68
Kolkata,2018,3,27,5.0966,29.98,54.11,2.74
Kolkata,2018,3,28,5.7823,29.52,59.27,2.92
Kolkata,2018,3,29,5.4826,29.44,65.68,4.2
Kolkata,2018,3,30,4.8782,29.8,64.69,4.48
Kolkata,2018,3,31,4.147,28.82,68.25,3.68
Kolkata,2018,4,1,4.8506,28.29,70.31,2.15
Kolkata,2018,4,2,3.3029,26.06,69.71,2.05
Kolkata,2018,4,3,6.1222,27.51,62.12,2.52
Kolkata,2018,4,4,6.1246,28.18,65.69,3.18
Kolkata,2018,4,5,6.0734,28.18,70.69,3.87
Kolkata,2018,4,6,5.2428,28.74,70.03,3.7
Kolkata,2018,4,7,4.2737,26.81,82.69,1.9
Kolkata,2018,4,8,5.8536,26.62,78.28,2.56
Kolkata,2018,4,9,5.6064,27.88,70.92,3.27
Kolkata,2018,4,10,5.7506,28.29,67.94,3.4
Kolkata,2018,4,11,6.0569,29.12,66.57,3.84
Kolkata,2018,4,12,5.4828,29.19,67.59,3.57
Kolkata,2018,4,13,6.217,29.26,66.49,3.41
Kolkata,2018,4,14,6.2453,30.48,63.52,3.54
Kolkata,2018,4,15,6.5647,29.92,58.44,3.54
Kolkata,2018,4,16,6.8059,30.45,62.97,3.12
Kolkata,2018,4,17,6.4409,31.33,63.68,4.28
Kolkata,2018,4,18,5.4852,30.44,66.39,3.98
Kolkata,2018,4,19,6.7438,31.09,65.86,4.44
Kolkata,2018,4,20,6.5724,31.24,67.59,5.1
Kolkata,2018,4,21,5.7175,31.37,69.02,5.8
Kolkata,2018,4,22,4.608,30.9,70.61,4.48
Kolkata,2018,4,23,5.8529,31.38,64.69,2.96
Kolkata,2018,4,24,6.3101,31.34,59.8,2.88
Kolkata,2018,4,25,6.3413,31.05,61.67,3.97
Kolkata,2018,4,26,5.6378,30.42,66.91,4.39
Kolkata,2018,4,27,6.6283,29.33,68.73,3.05
Kolkata,2018,4,28,5.0004,29.95,63.83,4.05
Kolkata,2018,4,29,6.1718,30.17,67.43,5.38
Kolkata,2018,4,30,4.5739,29.88,70.34,4.58
Kolkata,2018,5,1,5.359,29.4,70.79,2.88
Kolkata,2018,5,2,5.7125,29.55,71.26,3.04
Kolkata,2018,5,3,6.2491,29.34,67.59,1.66
Kolkata,2018,5,4,5.8889,30.19,65.3,4.17
Kolkata,2018,5,5,6.4356,30.79,69.65,5.98
Kolkata,2018,5,6,5.855,31.54,68.45,6.86
Kolkata,2018,5,7,4.9481,32.27,65.69,5.56
Kolkata,2018,5,8,6.2285,32.83,64.82,5.68
Kolkata,2018,5,9,5.5925,32.89,63.27,4.62
Kolkata,2018,5,10,4.4239,32.23,62.39,4.24
Kolkata,2018,5,11,6.0674,31.7,64.47,4.09
Kolkata,2018,5,12,5.9707,31.27,64.24,3.69
Kolkata,2018,5,13,4.8698,30.35,72.17,3.77
Kolkata,2018,5,14,5.9988,29.58,72.39,2.47
Kolkata,2018,5,15,6.4706,30.27,63.38,4.11
Kolkata,2018,5,16,3.5818,29.2,74.08,5.05
Kolkata,2018,5,17,6.1942,29.92,72.57,2.43
Kolkata,2018,5,18,4.8146,31.15,69.06,3.52
Kolkata,2018,5,19,6.7464,31.42,68.29,3.62
Kolkata,2018,5,20,4.4518,31.25,67.77,4.7
Kolkata,2018,5,21,5.6095,31.39,67.91,4.74
Kolkata,2018,5,22,4.453,30.58,72.41,5.25
Kolkata,2018,5,23,3.5858,29.09,79.63,5.23
Kolkata,2018,5,24,4.9721,29.61,75.92,6.08
Kolkata,2018,5,25,5.1425,30.23,75.12,5.96
Kolkata,2018,5,26,5.9292,30.5,73.9,5.36
Kolkata,2018,5,27,6.8194,30.54,74.48,4.88
Kolkata,2018,5,28,5.6386,31.01,70.61,4.65
Kolkata,2018,5,29,5.7103,31.53,65.19,4.03
Kolkata,2018,5,30,5.5906,31.66,64.21,3.35
Kolkata,2018,5,31,4.5557,31.27,72.18,4.33
Kolkata,2018,6,1,3.2035,28.95,83.27,3.39
Kolkata,2018,6,2,5.4895,28.95,82,3.44
Kolkata,2018,6,3,5.1154,29.85,78.97,3.2
Kolkata,2018,6,4,4.5703,29.77,80.14,2.89
Kolkata,2018,6,5,4.6776,29.09,81.26,3.07
Kolkata,2018,6,6,5.591,29.89,76.41,2.37
Kolkata,2018,6,7,6.3341,30.21,76.83,2.74
Kolkata,2018,6,8,6.1193,29.87,79.72,1.71
Kolkata,2018,6,9,4.1405,29.62,80.01,1.7
Kolkata,2018,6,10,3.8131,28.98,82.81,3.43
Kolkata,2018,6,11,3.2966,30.51,79.58,4.26
Kolkata,2018,6,12,4.3166,29.52,85.69,4.6
Kolkata,2018,6,13,5.8188,30.67,77.29,5.26
Kolkata,2018,6,14,5.6621,30.96,76.75,5.3
Kolkata,2018,6,15,6.3941,32.47,68.54,4.6
Kolkata,2018,6,16,6.0336,32.4,66.87,3.47
Kolkata,2018,6,17,4.0793,30.7,71.57,4.5
Kolkata,2018,6,18,6.4752,32.19,70.79,3.22
Kolkata,2018,6,19,5.1314,31.7,71.4,2.59
Kolkata,2018,6,20,3.3509,30.23,83.37,3.53
Kolkata,2018,6,21,3.6362,29.32,82.26,3.89
Kolkata,2018,6,22,5.088,29.27,80.83,3.71
Kolkata,2018,6,23,2.7199,28.92,84.8,4.68
Kolkata,2018,6,24,1.2672,28.92,84.68,4.95
Kolkata,2018,6,25,0.5117,28.68,88.31,4.46
Kolkata,2018,6,26,3.0293,27.83,87.37,2.77
Kolkata,2018,6,27,4.1746,28,88.06,3.69
Kolkata,2018,6,28,5.5042,28.03,86.07,4.51
Kolkata,2018,6,29,4.8898,28.85,81.61,3.73
Kolkata,2018,6,30,5.502,29.29,81.1,5.12
Kolkata,2018,7,1,4.9877,29.17,83.66,5.08
Kolkata,2018,7,2,4.9063,29.12,83.79,4.85
Kolkata,2018,7,3,2.4355,28.52,86.24,5.37
Kolkata,2018,7,4,2.9774,28.04,89.18,5.11
Kolkata,2018,7,5,2.0592,29.39,81.17,3.3
Kolkata,2018,7,6,4.9877,30.04,80.45,2.17
Kolkata,2018,7,7,5.8322,29.9,82.79,2.83
Kolkata,2018,7,8,5.1758,29.02,85.2,3.13
Kolkata,2018,7,9,4.7309,29.52,83.83,4.05
Kolkata,2018,7,10,4.5377,29.4,86.12,3.38
Kolkata,2018,7,11,5.6347,29.31,84.79,2.85
Kolkata,2018,7,12,5.3136,29.06,85.79,2.78
Kolkata,2018,7,13,4.6248,29.02,87.49,2.75
Kolkata,2018,7,14,5.094,29.17,86.98,3.55
Kolkata,2018,7,15,5.3784,29.08,86.69,4.72
Kolkata,2018,7,16,4.9382,29.24,84.72,4.55
Kolkata,2018,7,17,4.4566,29.5,84.1,6.25
Kolkata,2018,7,18,5.2798,30,84.17,2.54
Kolkata,2018,7,19,6.6106,30.44,83.04,2.6
Kolkata,2018,7,20,5.0606,30,86.13,2.48
Kolkata,2018,7,21,3.1313,29.29,86.9,5.37
Kolkata,2018,7,22,2.5735,28.87,88.41,6.95
Kolkata,2018,7,23,2.7953,28.92,85.02,5.28
Kolkata,2018,7,24,3.2381,28.67,87.21,3.39
Kolkata,2018,7,25,2.076,28.11,89.18,4.27
Kolkata,2018,7,26,1.3486,27.76,90.41,4.01
Kolkata,2018,7,27,3.0787,27.58,89.09,4.55
Kolkata,2018,7,28,3.5227,28.33,88.07,3.68
Kolkata,2018,7,29,2.9258,28.26,88.8,4.33
Kolkata,2018,7,30,4.2624,28.58,87.77,4.66
Kolkata,2018,7,31,2.8795,28.42,87.26,3.42
Kolkata,2018,8,1,1.7021,27.76,87.51,5.35
Kolkata,2018,8,2,3.1253,27.68,86.14,4.53
Kolkata,2018,8,3,3.4171,28.49,86.12,3.51
Kolkata,2018,8,4,4.9246,28.93,84.27,3.09
Kolkata,2018,8,5,3.3238,28.49,89.78,2.76
Kolkata,2018,8,6,3.401,28.06,92.86,2.65
Kolkata,2018,8,7,4.4563,28.19,89.83,4.76
Kolkata,2018,8,8,5.1823,28.23,87.61,4.85
Kolkata,2018,8,9,4.8173,28.3,86.5,3.11
Kolkata,2018,8,10,5.4926,28.78,86.46,2.76
Kolkata,2018,8,11,5.6873,28.62,89.61,2.9
Kolkata,2018,8,12,4.8166,28.76,87.44,2.51
Kolkata,2018,8,13,4.6601,29.19,85.75,2.08
Kolkata,2018,8,14,4.7038,28.93,88.99,2.68
Kolkata,2018,8,15,4.08,28.75,89.61,5.58
Kolkata,2018,8,16,4.8727,28.59,88.04,4.63
Kolkata,2018,8,17,5.0772,28.55,87.01,2.52
Kolkata,2018,8,18,5.5536,28.78,87.21,1.85
Kolkata,2018,8,19,1.2043,28.4,89.56,2.24
Kolkata,2018,8,20,4.2379,28.23,90.36,4
Kolkata,2018,8,21,3.6902,28.42,89.02,3.51
Kolkata,2018,8,22,4.535,28.76,88.59,2.99
Kolkata,2018,8,23,5.383,28.23,88.15,3
Kolkata,2018,8,24,3.4212,28.26,92.63,2.34
Kolkata,2018,8,25,4.369,28.79,88,2.34
Kolkata,2018,8,26,5.2375,28.32,89.12,3.19
Kolkata,2018,8,27,4.2036,28.28,91.41,4.77
Kolkata,2018,8,28,4.608,28.45,89.37,3.69
Kolkata,2018,8,29,4.8653,28.41,86.87,2.84
Kolkata,2018,8,30,4.3464,28.31,87.78,3.16
Kolkata,2018,8,31,3.0406,28.79,88.71,2.06
Kolkata,2018,9,1,4.8144,27.78,90.8,2.96
Kolkata,2018,9,2,2.0621,27.39,92.06,3.72
Kolkata,2018,9,3,4.0656,27.96,88.38,3.45
Kolkata,2018,9,4,3.6994,27.39,91.48,2.3
Kolkata,2018,9,5,4.3615,27.89,87.87,1.72
Kolkata,2018,9,6,3.1145,27.13,92.23,6.02
Kolkata,2018,9,7,4.5353,27.81,88.9,4.83
Kolkata,2018,9,8,5.3849,28.11,86.6,2.94
Kolkata,2018,9,9,5.8783,27.96,87.68,2.96
Kolkata,2018,9,10,5.3683,28.23,88.09,3.78
Kolkata,2018,9,11,3.4805,27.9,89.8,2.31
Kolkata,2018,9,12,4.0654,27.71,89.52,2.66
Kolkata,2018,9,13,4.3795,28.38,87.52,2.77
Kolkata,2018,9,14,4.3296,28.65,84.17,1.68
Kolkata,2018,9,15,4.5588,28.77,83.72,1.34
Kolkata,2018,9,16,4.8828,27.92,88.07,1.9
Kolkata,2018,9,17,5.8171,28.94,83.09,2.14
Kolkata,2018,9,18,5.8987,28.64,83.35,2.45
Kolkata,2018,9,19,5.2198,28.31,85.86,2.34
Kolkata,2018,9,20,2.3023,27.46,93.72,5.18
Kolkata,2018,9,21,2.125,27.08,92.33,5.14
Kolkata,2018,9,22,4.0711,26.76,89.72,2.54
Kolkata,2018,9,23,5.8032,27.43,84.88,2.28
Kolkata,2018,9,24,5.5656,27.88,87.32,2.79
Kolkata,2018,9,25,4.4832,27.86,89.69,2.1
Kolkata,2018,9,26,3.9115,28.53,82.81,1.39
Kolkata,2018,9,27,4.0306,28.2,85.83,1.74
Kolkata,2018,9,28,4.9795,28.32,84.28,1.51
Kolkata,2018,9,29,4.9774,28.74,83.49,1.89
Kolkata,2018,9,30,5.3767,28.31,80.58,2.07
Kolkata,2018,10,1,5.8042,27.84,76.56,1.98
Kolkata,2018,10,2,5.6107,27.76,81.61,2.55
Kolkata,2018,10,3,5.5862,27.92,78.6,2.15
Kolkata,2018,10,4,5.4266,28.07,75.36,1.9
Kolkata,2018,10,5,5.2572,27.77,75.61,1.71
Kolkata,2018,10,6,5.1804,28.24,72.28,1.32
Kolkata,2018,10,7,5.1206,27.93,68.29,1.24
Kolkata,2018,10,8,5.2697,27.91,70.56,1.27
Kolkata,2018,10,9,4.5096,27.19,74.03,2.06
Kolkata,2018,10,10,2.7274,25.5,91.25,3.75
Kolkata,2018,10,11,3.0077,25.74,92.35,3.59
Kolkata,2018,10,12,0.9206,25.73,90.08,3.55
Kolkata,2018,10,13,2.4283,25.87,92.53,5.72
Kolkata,2018,10,14,4.6512,25.26,82.71,3.06
Kolkata,2018,10,15,5.0242,26,75.45,1.95
Kolkata,2018,10,16,5.2169,25.26,71.79,1.74
Kolkata,2018,10,17,4.8958,24.71,69.52,1.56
Kolkata,2018,10,18,4.8554,25.37,81.1,2.32
Kolkata,2018,10,19,4.5869,27.07,73.85,1.33
Kolkata,2018,10,20,4.703,26.72,72.37,1.47
Kolkata,2018,10,21,4.7287,26.07,70.52,1.85
Kolkata,2018,10,22,4.7947,25.72,70.62,1.66
Kolkata,2018,10,23,4.62,25.73,71.81,1.69
Kolkata,2018,10,24,3.9334,25.2,76.25,1.88
Kolkata,2018,10,25,5.202,23.62,64.2,2.2
Kolkata,2018,10,26,4.9354,24.05,61.44,1.63
Kolkata,2018,10,27,4.9661,24.42,62.15,1.27
Kolkata,2018,10,28,2.9551,24.16,74.32,1.76
Kolkata,2018,10,29,2.0952,23.45,89.29,2.32
Kolkata,2018,10,30,2.0798,22.82,93.13,4.9
Kolkata,2018,10,31,4.5252,24.58,86.33,2.81
Kolkata,2018,11,1,4.6584,25.35,80.02,1.53
Kolkata,2018,11,2,4.2823,25.23,79.84,1.31
Kolkata,2018,11,3,4.6872,25.4,78.92,1.51
Kolkata,2018,11,4,4.6555,25.16,83.3,2.54
Kolkata,2018,11,5,4.1863,25.55,84.6,2.94
Kolkata,2018,11,6,3.833,26.1,78.74,1.99
Kolkata,2018,11,7,1.6661,26.26,76.46,0.98
Kolkata,2018,11,8,3.7656,24.02,78.44,1.87
Kolkata,2018,11,9,3.8141,22.33,71.14,1.92
Kolkata,2018,11,10,4.1268,21.72,68.97,2.05
Kolkata,2018,11,11,4.5799,22.4,72.63,2.23
Kolkata,2018,11,12,4.5492,22.33,73.93,2.17
Kolkata,2018,11,13,4.4986,22.43,70.82,1.78
Kolkata,2018,11,14,3.7188,23.19,68.71,1.38
Kolkata,2018,11,15,3.9218,23,74.05,2.05
Kolkata,2018,11,16,4.1604,23.06,72.17,2.5
Kolkata,2018,11,17,3.8479,22.38,75.37,2.71
Kolkata,2018,11,18,3.8626,22.62,73.07,1.82
Kolkata,2018,11,19,3.7668,21.94,66.81,1.71
Kolkata,2018,11,20,3.487,22.71,69.11,1.34
Kolkata,2018,11,21,3.7147,21.27,71.06,2.15
Kolkata,2018,11,22,3.6787,20.78,68.34,2.32
Kolkata,2018,11,23,3.7505,20.56,66.95,2.46
Kolkata,2018,11,24,3.6646,19.61,70.14,2.51
Kolkata,2018,11,25,3.6737,20.07,76.2,2.41
Kolkata,2018,11,26,3.7061,20.52,72.78,1.96
Kolkata,2018,11,27,3.707,21.63,72.37,1.53
Kolkata,2018,11,28,4.4352,21.97,72.65,1.11
Kolkata,2018,11,29,4.4966,21.24,73.15,1.69
Kolkata,2018,11,30,3.3595,20.95,73.58,1.82
Kolkata,2018,12,1,3.552,20.93,71.21,1.95
Kolkata,2018,12,2,3.3782,20.46,71.34,2.48
Kolkata,2018,12,3,2.9246,19.93,68.99,2.48
Kolkata,2018,12,4,3.2486,19.08,69.51,2.77
Kolkata,2018,12,5,3.612,18.71,68.93,2.82
Kolkata,2018,12,6,3.0859,19.17,68.69,2.48
Kolkata,2018,12,7,3.3101,18.82,65.85,2.42
Kolkata,2018,12,8,3.2642,17.46,66.68,2.86
Kolkata,2018,12,9,3.7548,16.87,62.67,2.59
Kolkata,2018,12,10,3.9998,17.95,61.95,2.63
Kolkata,2018,12,11,3.3142,18.37,67.94,2.71
Kolkata,2018,12,12,3.6602,19.13,67.97,2.44
Kolkata,2018,12,13,3.8554,19.75,70.13,2.48
Kolkata,2018,12,14,3.6336,20.03,67.99,3.1
Kolkata,2018,12,15,3.1246,18.2,62.47,3.74
Kolkata,2018,12,16,1.9613,18.77,66.96,2.9
Kolkata,2018,12,17,1.3538,18.19,85.44,3.89
Kolkata,2018,12,18,0.865,19.13,88.84,4.74
Kolkata,2018,12,19,4.3474,17.61,76.92,3.32
Kolkata,2018,12,20,3.8945,16.59,75.86,2.81
Kolkata,2018,12,21,3.5513,16.08,70.27,2.64
Kolkata,2018,12,22,3.4409,15.4,67.92,2.88
Kolkata,2018,12,23,3.535,15.01,64.64,3.15
Kolkata,2018,12,24,3.6895,15.3,62.13,2.94
Kolkata,2018,12,25,3.8126,15.49,59.35,2.64
Kolkata,2018,12,26,3.7483,15.26,59.24,2.82
Kolkata,2018,12,27,3.6338,14.66,58.81,3
Kolkata,2018,12,28,3.51,14.61,59.12,3.06
Kolkata,2018,12,29,3.9185,13.14,60.48,3.06
Kolkata,2018,12,30,3.9811,13.36,60.63,3.62
Kolkata,2018,12,31,4.0394,14.19,65.33,3.5
Kolkata,2019,1,1,4.2526,15.07,63.18,3.18
Kolkata,2019,1,2,4.231,15.65,60.85,3.07
Kolkata,2019,1,3,3.8006,15.98,57.9,2.61
Kolkata,2019,1,4,3.4078,15.41,59.53,2.73
Kolkata,2019,1,5,3.6065,15.68,60.89,2.99
Kolkata,2019,1,6,4.1813,17.4,62.02,2.62
Kolkata,2019,1,7,4.6152,18.01,61.15,2.87
Kolkata,2019,1,8,3.8326,17.86,64.97,3.27
Kolkata,2019,1,9,3.2412,18.03,65.16,2.25
Kolkata,2019,1,10,3.4862,17.52,61.56,2.24
Kolkata,2019,1,11,3.6912,16.34,55.27,2.69
Kolkata,2019,1,12,3.6449,16.62,56.5,2.83
Kolkata,2019,1,13,3.8897,17.09,57.02,2.9
Kolkata,2019,1,14,2.8166,18.15,64.02,2.39
Kolkata,2019,1,15,3.2911,17.56,58.47,3.07
Kolkata,2019,1,16,4.3759,15.82,50.43,2.95
Kolkata,2019,1,17,4.1791,16.4,50.65,2.59
Kolkata,2019,1,18,3.9535,17.44,51.93,2.47
Kolkata,2019,1,19,3.7502,17.18,52.14,2.65
Kolkata,2019,1,20,3.5738,17.78,51.36,2.33
Kolkata,2019,1,21,3.7747,18.84,52.03,2.02
Kolkata,2019,1,22,4.0963,20.39,50.13,1.33
Kolkata,2019,1,23,4.2588,20.81,54.7,1.32
Kolkata,2019,1,24,4.3598,21.23,56.16,1.72
Kolkata,2019,1,25,4.2252,21.59,52.64,1.71
Kolkata,2019,1,26,4.0387,21.22,58.41,3.01
Kolkata,2019,1,27,2.9933,20.62,65.43,3.39
Kolkata,2019,1,28,2.6285,21.33,59.46,3.94
Kolkata,2019,1,29,3.7027,19.06,50.32,4.21
Kolkata,2019,1,30,4.9704,16.35,41.14,2.92
Kolkata,2019,1,31,4.8766,17.41,40.92,2.71
Kolkata,2019,2,1,4.8122,18.75,45.98,2.69
Kolkata,2019,2,2,4.9145,19.57,46.47,2.63
Kolkata,2019,2,3,4.7506,20.37,46.09,2.64
Kolkata,2019,2,4,4.7033,21.01,45.09,2.44
Kolkata,2019,2,5,4.6548,20.71,44.78,2.76
Kolkata,2019,2,6,4.4662,21.22,47.31,2.34
Kolkata,2019,2,7,4.2732,22.68,59.74,1.61
Kolkata,2019,2,8,3.6504,23.15,63.4,2.34
Kolkata,2019,2,9,3.8772,22.83,67.22,2.93
Kolkata,2019,2,10,5.1132,19.44,49.37,3.59
Kolkata,2019,2,11,5.5577,18.76,37.32,3.11
Kolkata,2019,2,12,5.382,19.87,41.4,2.92
Kolkata,2019,2,13,5.0275,20.91,42.29,2.8
Kolkata,2019,2,14,5.0066,22.57,45.49,2.4
Kolkata,2019,2,15,4.9452,23.9,45.66,2.35
Kolkata,2019,2,16,3.0907,22.33,53.2,3.53
Kolkata,2019,2,17,4.511,22.89,57.45,3.35
Kolkata,2019,2,18,4.7191,22.11,48.06,2.09
Kolkata,2019,2,19,5.0803,23.86,60.71,2.82
Kolkata,2019,2,20,4.8838,25.07,58.88,2.83
Kolkata,2019,2,21,5.033,25.5,57.36,2.67
Kolkata,2019,2,22,4.6145,26.18,58.63,3
Kolkata,2019,2,23,4.9207,27.65,58.34,3.18
Kolkata,2019,2,24,5.1818,26.95,53.47,2.34
Kolkata,2019,2,25,2.075,25.05,74.19,2.35
Kolkata,2019,2,26,2.2301,24.4,79.77,3.08
Kolkata,2019,2,27,3.901,24.04,85.23,4.4
Kolkata,2019,2,28,2.8478,22.25,76.01,3.46
Kolkata,2019,3,1,5.4665,20.35,61.98,2.23
Kolkata,2019,3,2,5.6213,20.69,56.15,1.96
Kolkata,2019,3,3,5.2702,21.4,62.39,2.17
Kolkata,2019,3,4,2.9873,22.64,83.23,3.36
Kolkata,2019,3,5,3.1063,25.02,78.96,3.48
Kolkata,2019,3,6,4.3538,24.51,70.04,1.72
Kolkata,2019,3,7,4.5552,23.63,62.58,2.12
Kolkata,2019,3,8,5.5397,22.41,56.07,2.45
Kolkata,2019,3,9,5.9602,22.84,65.45,2.75
Kolkata,2019,3,10,4.4371,24.17,77.5,3.69
Kolkata,2019,3,11,4.7446,26.35,72.27,2.46
Kolkata,2019,3,12,5.399,26.79,71.9,2.8
Kolkata,2019,3,13,5.2337,28.03,69.79,2.58
Kolkata,2019,3,14,4.9262,27.89,70.31,1.98
Kolkata,2019,3,15,3.8568,27.23,71.25,2.44
Kolkata,2019,3,16,4.4741,27.23,66.31,2.91
Kolkata,2019,3,17,5.5022,27.9,64.08,1.97
Kolkata,2019,3,18,3.977,24.82,71.45,3.61
Kolkata,2019,3,19,5.1154,25.91,68.25,3.39
Kolkata,2019,3,20,5.2349,26.21,66.98,2.98
Kolkata,2019,3,21,5.9566,27.36,70.93,3.79
Kolkata,2019,3,22,5.5709,28.25,70.62,4.16
Kolkata,2019,3,23,6.2422,27.26,62.01,2.92
Kolkata,2019,3,24,6.7975,26.7,51.41,2.25
Kolkata,2019,3,25,6.57,26.53,56.76,2.89
Kolkata,2019,3,26,5.802,28.3,59.01,2.89
Kolkata,2019,3,27,5.8649,26.55,58.24,2.68
Kolkata,2019,3,28,5.8142,27.53,65.02,2.94
Kolkata,2019,3,29,5.6328,27.72,70.58,4.45
Kolkata,2019,3,30,4.9536,28.98,66.62,3.54
Kolkata,2019,3,31,5.8382,29.64,68.97,4.77
Kolkata,2019,4,1,5.6244,29.41,70.72,4.64
Kolkata,2019,4,2,5.2634,29.75,64.01,4.24
Kolkata,2019,4,3,6.2791,28.69,62.54,3.48
Kolkata,2019,4,4,5.3105,29.53,68.33,4.63
Kolkata,2019,4,5,4.1556,30.07,66.45,3.62
Kolkata,2019,4,6,5.9969,30.1,68.3,2.92
Kolkata,2019,4,7,5.8421,28.75,69.67,4.28
Kolkata,2019,4,8,4.6073,29.14,70.6,4.99
Kolkata,2019,4,9,6.2794,29.9,67.42,4.18
Kolkata,2019,4,10,5.333,29.12,72.17,4.61
Kolkata,2019,4,11,5.2867,29.66,70.68,3.76
Kolkata,2019,4,12,6.0785,30.36,66.78,2.81
Kolkata,2019,4,13,6.529,31.21,62.97,2.81
Kolkata,2019,4,14,6.2856,31.15,64.53,4.26
Kolkata,2019,4,15,6.107,32.07,62.72,4.04
Kolkata,2019,4,16,5.5536,32.22,59.53,3.01
Kolkata,2019,4,17,5.2202,32.43,61.26,1.28
Kolkata,2019,4,18,6.0391,30.89,52.39,2.31
Kolkata,2019,4,19,3.9072,31.08,57.17,3.14
Kolkata,2019,4,20,6.6077,30.83,51.8,2.7
Kolkata,2019,4,21,6.4574,31.07,54.92,4.27
Kolkata,2019,4,22,6.3749,30.57,61.46,2.15
Kolkata,2019,4,23,6.9346,30.57,59.01,3.18
Kolkata,2019,4,24,6.7366,31.4,57.77,3.45
Kolkata,2019,4,25,6.7416,31.68,56.94,3.92
Kolkata,2019,4,26,6.2938,32.32,60.38,4.58
Kolkata,2019,4,27,6.4927,32.98,60.9,5.13
Kolkata,2019,4,28,6.787,33.48,59.13,5.73
Kolkata,2019,4,29,7.0709,33.04,61.38,6.6
Kolkata,2019,4,30,6.8918,32.13,62.28,7.21
Kolkata,2019,5,1,6.9718,31.49,65.32,7.1
Kolkata,2019,5,2,4.4347,31.83,63.69,5.51
Kolkata,2019,5,3,1.0428,28.77,79.32,7.5
Kolkata,2019,5,4,3.3905,29.26,74.19,8.11
Kolkata,2019,5,5,6.3898,30.88,68.86,3.71
Kolkata,2019,5,6,6.5575,32.02,60.84,3.97
Kolkata,2019,5,7,7.1189,32.03,63.67,4.97
Kolkata,2019,5,8,6.8038,31.52,67.32,4.18
Kolkata,2019,5,9,6.6934,32.52,64.82,4.92
Kolkata,2019,5,10,6.475,32.66,66.5,5.09
Kolkata,2019,5,11,6.6413,32.03,69.92,4.97
Kolkata,2019,5,12,6.0374,32.19,67.05,4.17
Kolkata,2019,5,13,5.6323,32.74,63.75,4.92
Kolkata,2019,5,14,6.185,32.14,65.89,4.56
Kolkata,2019,5,15,5.9561,32.23,62.43,5.22
Kolkata,2019,5,16,7.1282,32.52,62.8,4.12
Kolkata,2019,5,17,6.7121,32.89,63.37,5.06
Kolkata,2019,5,18,6.1745,32.63,66.16,4.31
Kolkata,2019,5,19,5.9669,32.61,67.41,3.77
Kolkata,2019,5,20,6.1286,32.17,65.59,4.2
Kolkata,2019,5,21,6.3358,32.48,65.44,4.83
Kolkata,2019,5,22,6.2988,32.36,65.38,5.7
Kolkata,2019,5,23,4.8545,31.71,67.18,5.76
Kolkata,2019,5,24,6.0132,31.62,71,6.09
Kolkata,2019,5,25,4.4741,30.88,74.41,5.93
Kolkata,2019,5,26,5.8402,32.19,69.21,4.17
Kolkata,2019,5,27,6.727,32.31,70.22,4.48
Kolkata,2019,5,28,6.7733,32.68,66.43,4.78
Kolkata,2019,5,29,6.707,33.29,62.22,4.37
Kolkata,2019,5,30,6.8568,33.21,63.38,5.7
Kolkata,2019,5,31,5.4295,32.77,64.02,6.1
Kolkata,2019,6,1,6.0775,32.65,66.22,6.06
Kolkata,2019,6,2,3.8314,32.03,68.18,5.54
Kolkata,2019,6,3,5.7228,31.43,69.36,3.46
Kolkata,2019,6,4,4.5324,31.76,67.31,5.88
Kolkata,2019,6,5,1.68,30.52,78.56,5.36
Kolkata,2019,6,6,4.0073,29.87,82.18,3.56
Kolkata,2019,6,7,2.6537,29.38,80.88,1.99
Kolkata,2019,6,8,4.8098,29.84,77.45,2.29
Kolkata,2019,6,9,5.1137,30.91,74.15,3.18
Kolkata,2019,6,10,6.3641,31.72,73,4.7
Kolkata,2019,6,11,6.2266,31.28,74.59,5.15
Kolkata,2019,6,12,5.6746,31.63,76.88,3.3
Kolkata,2019,6,13,5.5877,31.96,74.22,2.53
Kolkata,2019,6,14,6.0118,33.47,65.56,3.18
Kolkata,2019,6,15,2.9431,32.1,72.95,4.16
Kolkata,2019,6,16,6.7022,33.92,64.62,5.05
Kolkata,2019,6,17,3.8335,34.37,62.89,4.53
Kolkata,2019,6,18,4.7522,32.09,70.93,4.28
Kolkata,2019,6,19,6.0814,31.85,73.21,3.22
Kolkata,2019,6,20,4.806,30.63,78.28,2.3
Kolkata,2019,6,21,3.4286,29.82,79.15,2.68
Kolkata,2019,6,22,5.6875,30.09,76.97,5.19
Kolkata,2019,6,23,5.9383,31.1,72.85,4.63
Kolkata,2019,6,24,6.1781,31.57,71.77,4.02
Kolkata,2019,6,25,6.7879,31.92,70.38,5.12
Kolkata,2019,6,26,6.6919,31.44,73.27,6.83
Kolkata,2019,6,27,4.7784,30.99,76.16,6.07
Kolkata,2019,6,28,2.369,31.49,74.96,4.66
Kolkata,2019,6,29,3.2491,30.32,81.38,3.24
Kolkata,2019,6,30,3.8064,30.75,75.01,1.76
Kolkata,2019,7,1,4.6404,29.99,77.89,4.26
Kolkata,2019,7,2,4.3949,30.12,80.96,4.61
Kolkata,2019,7,3,4.2864,30.31,78.03,4.5
Kolkata,2019,7,4,5.3621,31.01,74.72,4.46
Kolkata,2019,7,5,3.4757,29.84,81.39,3.22
Kolkata,2019,7,6,3.4786,30.2,80.6,3.82
Kolkata,2019,7,7,3.0924,30.37,76.66,7.41
Kolkata,2019,7,8,4.7474,30.64,76.98,7.27
Kolkata,2019,7,9,4.9853,29.79,79.45,6.86
Kolkata,2019,7,10,4.1729,30.13,79.04,5.87
Kolkata,2019,7,11,2.4305,29.24,82.61,6.42
Kolkata,2019,7,12,3.3571,29.4,82.13,6.32
Kolkata,2019,7,13,4.6889,29.95,79.81,5.87
Kolkata,2019,7,14,5.0832,30.81,76.41,5.58
Kolkata,2019,7,15,4.8838,31.06,76.75,4.35
Kolkata,2019,7,16,4.9255,30.43,79.19,3.03
Kolkata,2019,7,17,6.0218,30.53,75.54,2.67
Kolkata,2019,7,18,5.5159,30.82,73.33,3.12
Kolkata,2019,7,19,6.1615,30.23,77.4,3.67
Kolkata,2019,7,20,5.7569,30.65,74.9,3.93
Kolkata,2019,7,21,6.2102,30.64,73.68,4.4
Kolkata,2019,7,22,6.1855,29.77,78.63,4.39
Kolkata,2019,7,23,5.701,29.97,76.79,4.68
Kolkata,2019,7,24,5.5231,30.25,75.89,3.85
Kolkata,2019,7,25,3.858,29.31,83.4,3.31
Kolkata,2019,7,26,2.5541,29.13,79.85,3.27
Kolkata,2019,7,27,4.8341,29.11,81.05,2.8
Kolkata,2019,7,28,5.1874,29.43,81.76,4.13
Kolkata,2019,7,29,4.7021,29,83.03,6.69
Kolkata,2019,7,30,4.3524,28.6,79.79,5.6
Kolkata,2019,7,31,4.4098,29.08,80.06,5
Kolkata,2019,8,1,5.1725,29.42,78.47,3.63
Kolkata,2019,8,2,4.6241,29.2,83.04,3.43
Kolkata,2019,8,3,4.2962,29.88,80.81,2.39
Kolkata,2019,8,4,3.8148,30.48,81.8,2.42
Kolkata,2019,8,5,5.5006,30.52,83.9,2.09
Kolkata,2019,8,6,3.2758,29.58,88.39,2.49
Kolkata,2019,8,7,3.3518,29.05,86.24,6.96
Kolkata,2019,8,8,2.6364,28.91,84.29,7.32
Kolkata,2019,8,9,4.5955,29.64,82.14,3.53
Kolkata,2019,8,10,5.0698,30.35,80.05,2.53
Kolkata,2019,8,11,5.1012,30.14,81.73,1.79
Kolkata,2019,8,12,2.3021,29.71,85.62,2.41
Kolkata,2019,8,13,2.987,28.22,89.83,4.83
Kolkata,2019,8,14,2.6395,28.35,88.12,5.82
Kolkata,2019,8,15,1.6942,28.52,87.05,4.59
Kolkata,2019,8,16,4.1184,28.33,89.66,3.62
Kolkata,2019,8,17,1.1839,27.84,92.58,2.97
Kolkata,2019,8,18,3.2484,27.52,89.56,4.71
Kolkata,2019,8,19,5.7226,28.2,86.09,5.53
Kolkata,2019,8,20,4.8017,28.88,85.61,3.6
Kolkata,2019,8,21,5.232,28.63,89.07,2.85
Kolkata,2019,8,22,5.2087,29.26,81.87,1.79
Kolkata,2019,8,23,5.023,28.44,86.92,2.71
Kolkata,2019,8,24,2.2606,28.13,86.7,1.92
Kolkata,2019,8,25,2.8327,27.54,90.45,3.11
Kolkata,2019,8,26,4.3111,27.66,89.47,3.22
Kolkata,2019,8,27,4.1652,28.41,87.07,3.23
Kolkata,2019,8,28,4.5629,28.62,89.19,3.06
Kolkata,2019,8,29,4.3747,28.45,89.39,3.39
Kolkata,2019,8,30,5.6345,28.81,85.59,2.29
Kolkata,2019,8,31,5.0906,29,85.59,1.98
Kolkata,2019,9,1,3.6031,29.29,85.58,1.4
Kolkata,2019,9,2,4.9733,28.97,87.92,2.5
Kolkata,2019,9,3,4.2295,28.18,89.87,2.42
Kolkata,2019,9,4,4.5029,28.21,90.56,3.13
Kolkata,2019,9,5,4.5394,28.4,90.39,3.92
Kolkata,2019,9,6,4.8043,28.82,88.57,4.21
Kolkata,2019,9,7,2.8416,28.49,91.52,4.79
Kolkata,2019,9,8,3.5268,28.63,89.64,5.26
Kolkata,2019,9,9,4.823,29.26,86.14,3.38
Kolkata,2019,9,10,4.3147,28.49,91.77,3.24
Kolkata,2019,9,11,2.4336,28.4,91.09,2.88
Kolkata,2019,9,12,1.9978,27.46,91.02,5.06
Kolkata,2019,9,13,4.0637,27.71,89.14,4.56
Kolkata,2019,9,14,4.8586,27.82,90.52,3.1
Kolkata,2019,9,15,5.5202,28.34,89.38,2.87
Kolkata,2019,9,16,4.9802,28,89.68,2.74
Kolkata,2019,9,17,5.5769,28.16,87.89,2.49
Kolkata,2019,9,18,4.7803,28.32,86.73,2.65
Kolkata,2019,9,19,5.389,28.55,86.18,2.37
Kolkata,2019,9,20,5.6657,28.41,83.36,1.8
Kolkata,2019,9,21,4.1621,28.42,82.97,1.49
Kolkata,2019,9,22,4.8511,28.56,84.7,1.87
Kolkata,2019,9,23,3.8551,27.32,92.61,2.9
Kolkata,2019,9,24,2.8171,27.1,95.06,3.96
Kolkata,2019,9,25,1.3356,26.65,93.96,3.92
Kolkata,2019,9,26,2.9083,25.74,88.98,1.85
Kolkata,2019,9,27,3.3734,26.07,87.03,1.72
Kolkata,2019,9,28,2.2937,25.61,90.85,2.07
Kolkata,2019,9,29,2.7154,25.55,91.53,2.19
Kolkata,2019,9,30,4.3754,25.78,89.99,2.97
Kolkata,2019,10,1,4.638,27.25,87.03,3.14
Kolkata,2019,10,2,4.795,28.03,83.94,1.74
Kolkata,2019,10,3,3.6756,27.69,86.96,2.09
Kolkata,2019,10,4,4.7376,26.62,91.14,2.1
Kolkata,2019,10,5,4.5468,27.1,87.79,2
Kolkata,2019,10,6,4.2814,27.36,86.65,1.72
Kolkata,2019,10,7,3.1466,26.97,87.36,1.64
Kolkata,2019,10,8,4.2646,26.62,87.06,2.04
Kolkata,2019,10,9,2.4698,26.15,89.82,2.04
Kolkata,2019,10,10,3.5326,27.18,81.02,0.94
Kolkata,2019,10,11,5.0844,27.05,81.4,1.41
Kolkata,2019,10,12,5.4818,26.99,80.01,1.49
Kolkata,2019,10,13,4.3183,26.19,84.24,2.27
Kolkata,2019,10,14,4.9241,26.4,79.38,2.02
Kolkata,2019,10,15,5.1677,26.4,76.62,1.57
Kolkata,2019,10,16,4.2977,26.78,79.89,1.36
Kolkata,2019,10,17,4.7786,27.2,81.84,1.16
Kolkata,2019,10,18,5.0935,27.57,83.89,1.79
Kolkata,2019,10,19,5.0683,27.33,84.7,1.65
Kolkata,2019,10,20,5.0938,27.1,83.55,1.89
Kolkata,2019,10,21,4.1978,26.9,83.02,1.57
Kolkata,2019,10,22,3.8232,26.91,83.57,1.34
Kolkata,2019,10,23,2.6093,25.88,87.09,1.95
Kolkata,2019,10,24,1.0673,22.53,93.51,3.82
Kolkata,2019,10,25,1.855,23.91,94.53,4.04
Kolkata,2019,10,26,2.4871,26.06,89.73,2.51
Kolkata,2019,10,27,4.206,24.9,88.09,2.59
Kolkata,2019,10,28,4.6562,23.68,87.1,2.74
Kolkata,2019,10,29,4.6764,22.88,84.86,2.37
Kolkata,2019,10,30,4.4923,23.57,83.69,2.35
Kolkata,2019,10,31,3.8244,23.79,81.69,2.21
Kolkata,2019,11,1,3.8338,24.37,83.31,2.15
Kolkata,2019,11,2,4.5118,23.9,86.32,2.91
Kolkata,2019,11,3,4.6838,24.41,85.67,2.48
Kolkata,2019,11,4,4.2946,24.83,84.26,2.31
Kolkata,2019,11,5,4.1362,24.18,84.27,2.13
Kolkata,2019,11,6,3.1752,23.7,77.87,2.67
Kolkata,2019,11,7,3.6948,22.93,79.09,2.79
Kolkata,2019,11,8,1.0627,22.51,91.83,3.69
Kolkata,2019,11,9,0.4531,22.96,94.9,9.33
Kolkata,2019,11,10,2.2495,23.93,92.37,6.96
Kolkata,2019,11,11,4.6963,23.96,84.53,2.87
Kolkata,2019,11,12,4.2821,23.18,81.94,2.28
Kolkata,2019,11,13,4.1705,21.81,79.28,2.27
Kolkata,2019,11,14,4.637,21.92,81.49,2.44
Kolkata,2019,11,15,4.8175,21.86,81.55,2.36
Kolkata,2019,11,16,4.4748,21.9,82.49,2.27
Kolkata,2019,11,17,4.127,21.91,81.06,2.13
Kolkata,2019,11,18,3.8657,21.46,82.04,2.08
Kolkata,2019,11,19,3.9394,20.97,78.88,2.45
Kolkata,2019,11,20,4.134,20.49,73.94,1.74
Kolkata,2019,11,21,3.9391,21.05,76.4,2.07
Kolkata,2019,11,22,3.9214,20.79,78.34,2.05
Kolkata,2019,11,23,3.6331,20.89,78.95,1.87
Kolkata,2019,11,24,3.3869,21.27,78.75,1.64
Kolkata,2019,11,25,3.2182,21.54,81.78,1.58
Kolkata,2019,11,26,3.5256,22.23,84.13,1.57
Kolkata,2019,11,27,4.0001,22.17,83.81,1.75
Kolkata,2019,11,28,4.1326,22.81,83.65,1.74
Kolkata,2019,11,29,4.0603,22.73,83.79,1.76
Kolkata,2019,11,30,4.1669,22.14,83.21,2.09
Kolkata,2019,12,1,3.1469,20.84,80.1,2.5
Kolkata,2019,12,2,3.4711,20.31,79.72,2.28
Kolkata,2019,12,3,3.7591,19.02,79.91,2.5
Kolkata,2019,12,4,3.6684,17.86,78.62,3.05
Kolkata,2019,12,5,4.169,18.05,79.22,2.84
Kolkata,2019,12,6,3.9883,20.26,79,1.76
Kolkata,2019,12,7,4.007,21.92,75.32,1.28
Kolkata,2019,12,8,3.7097,21.86,77.5,1.74
Kolkata,2019,12,9,3.7092,21.19,81.42,1.76
Kolkata,2019,12,10,3.4872,20.18,75.91,1.5
Kolkata,2019,12,11,2.9244,21.22,72.84,1.02
Kolkata,2019,12,12,2.9755,21.17,76.08,1.05
Kolkata,2019,12,13,3.163,20.63,77,1.31
Kolkata,2019,12,14,3.1279,21.21,78.29,1.28
Kolkata,2019,12,15,3.0055,21.31,83.77,2.03
Kolkata,2019,12,16,3.2472,19.95,85.48,2.4
Kolkata,2019,12,17,2.8632,18.72,87.16,2.64
Kolkata,2019,12,18,3.5664,15.84,82.21,3.73
Kolkata,2019,12,19,3.7697,13.27,82.06,3.14
Kolkata,2019,12,20,3.4848,13.81,78.36,2.44
Kolkata,2019,12,21,2.8202,14.58,76.51,2.14
Kolkata,2019,12,22,2.2855,15.17,76.38,2.33
Kolkata,2019,12,23,2.3659,16.31,78.13,2.46
Kolkata,2019,12,24,3.1006,16.63,74.87,2.47
Kolkata,2019,12,25,2.9232,16.24,80.33,2.17
Kolkata,2019,12,26,1.59,14.82,86.18,2.9
Kolkata,2019,12,27,2.0222,13.19,85.87,3.27
Kolkata,2019,12,28,3.2714,11.8,78.71,3.61
Kolkata,2019,12,29,3.8436,12.64,76.89,3.42
Kolkata,2019,12,30,3.1906,12.82,78.32,3.05
Kolkata,2019,12,31,3.8861,13.99,74.66,2.74
Kolkata,2020,1,1,4.0296,16.01,76.47,2.79
Kolkata,2020,1,2,2.9849,17.38,82.38,1.71
Kolkata,2020,1,3,0.93,16.24,94.02,3.21
Kolkata,2020,1,4,1.9176,18.09,83.79,1.25
Kolkata,2020,1,5,2.3189,16.96,83.15,3.1
Kolkata,2020,1,6,4.0766,14.67,78.6,3.05
Kolkata,2020,1,7,3.2146,15.07,74.82,2.04
Kolkata,2020,1,8,3.3631,16.71,71.68,1.73
Kolkata,2020,1,9,2.167,16.33,81.38,2.08
Kolkata,2020,1,10,3.0156,15.84,82.02,3.75
Kolkata,2020,1,11,3.2762,13,79.45,3.76
Kolkata,2020,1,12,4.176,12.97,74.88,3.3
Kolkata,2020,1,13,4.3061,13.69,69.47,2.43
Kolkata,2020,1,14,4.0397,15.6,64.97,1.64
Kolkata,2020,1,15,4.0402,17.67,65.19,1.36
Kolkata,2020,1,16,4.2593,19.6,62.92,0.72
Kolkata,2020,1,17,4.602,20.17,65.4,0.98
Kolkata,2020,1,18,4.7194,18.9,73.05,2.21
Kolkata,2020,1,19,4.1131,19.21,79.71,2.43
Kolkata,2020,1,20,3.0538,17.03,78.95,3.26
Kolkata,2020,1,21,3.889,16.04,68.44,2.4
Kolkata,2020,1,22,4.1875,16.79,66.27,1.78
Kolkata,2020,1,23,2.2358,18.97,75.29,1.7
Kolkata,2020,1,24,4.0522,16.76,66.96,2.73
Kolkata,2020,1,25,4.7273,15.39,60.86,2.5
Kolkata,2020,1,26,4.5182,15.63,63.88,2.37
Kolkata,2020,1,27,4.2288,15.71,69.77,2.52
Kolkata,2020,1,28,3.4867,18.32,71.72,1.51
Kolkata,2020,1,29,1.9954,19.66,83.16,1.34
Kolkata,2020,1,30,1.5137,18.69,91.16,2.2
Kolkata,2020,1,31,3.5333,17.4,75.12,2.6
Kolkata,2020,2,1,4.1138,17.11,66.37,2.29
Kolkata,2020,2,2,4.0555,17.04,64.92,2.59
Kolkata,2020,2,3,4.6646,16.08,61.92,2.44
Kolkata,2020,2,4,4.6637,16.59,57.81,1.93
Kolkata,2020,2,5,3.707,18.49,61.31,1.44
Kolkata,2020,2,6,3.8798,19.35,68.8,1.74
Kolkata,2020,2,7,1.7642,17.84,71.8,2.08
Kolkata,2020,2,8,0.918,17.4,79.68,2.3
Kolkata,2020,2,9,4.1042,17.91,74.1,3.16
Kolkata,2020,2,10,4.8113,15.89,61.76,3.06
Kolkata,2020,2,11,5.1833,16.06,61.86,2.99
Kolkata,2020,2,12,5.1034,16.35,59.31,2.88
Kolkata,2020,2,13,5.0405,17.19,62.28,2.65
Kolkata,2020,2,14,4.7906,19.01,69.73,2.99
Kolkata,2020,2,15,5.4118,19.42,70.84,3.2
Kolkata,2020,2,16,5.1067,19.37,61.07,2.28
Kolkata,2020,2,17,4.9111,19.18,62.26,2.5
Kolkata,2020,2,18,4.5322,19.32,63.62,2.46
Kolkata,2020,2,19,4.2024,20.43,68.12,2.05
Kolkata,2020,2,20,4.3855,21.46,75.71,2.41
Kolkata,2020,2,21,4.8845,22,68,1.55
Kolkata,2020,2,22,4.7616,22.48,60.31,1.76
Kolkata,2020,2,23,4.259,23.25,63.59,1.8
Kolkata,2020,2,24,2.081,23.38,68.23,1.6
Kolkata,2020,2,25,0.9437,22.16,75.54,2.15
Kolkata,2020,2,26,3.9821,21.09,76.36,1.87
Kolkata,2020,2,27,3.9902,20.69,68.16,2.36
Kolkata,2020,2,28,4.3157,21.61,63.56,1.84
Kolkata,2020,2,29,5.3006,21.53,63.87,2.35
Kolkata,2020,3,1,5.1648,22.39,67.98,2.34
Kolkata,2020,3,2,4.6709,23.36,67.67,2.38
Kolkata,2020,3,3,3.8758,24,71.13,2.55
Kolkata,2020,3,4,3.5513,24.31,76.4,2.99
Kolkata,2020,3,5,3.7932,23.5,78.35,2.61
Kolkata,2020,3,6,3.995,23.16,79.91,3.19
Kolkata,2020,3,7,3.4838,23.41,84.56,3.54
Kolkata,2020,3,8,4.817,24.35,76.13,2.67
Kolkata,2020,3,9,6.0814,22.72,60.05,2.71
Kolkata,2020,3,10,5.8313,22.95,55.49,2.21
Kolkata,2020,3,11,4.7957,24.49,68.35,1.85
Kolkata,2020,3,12,4.523,25.86,75.42,2.22
Kolkata,2020,3,13,5.6561,27.33,69.56,1.35
Kolkata,2020,3,14,5.4295,26.58,64.55,3.05
Kolkata,2020,3,15,6.0941,24.29,67.57,3.47
Kolkata,2020,3,16,4.969,25.05,68.7,2.23
Kolkata,2020,3,17,4.8624,25.47,60.89,2.01
Kolkata,2020,3,18,5.1144,25.47,58.36,2.45
Kolkata,2020,3,19,5.215,25.44,52.28,2.38
Kolkata,2020,3,20,5.7461,25.07,59.66,3.39
Kolkata,2020,3,21,5.8906,26.65,54.6,2.42
Kolkata,2020,3,22,5.7814,24.79,72.5,2.59
Kolkata,2020,3,23,5.827,25.21,65.71,2.47
Kolkata,2020,3,24,5.8397,25.94,63.38,2.19
Kolkata,2020,3,25,5.6455,26.81,59.05,2.47
Kolkata,2020,3,26,6.3398,27.74,60.8,2.52
Kolkata,2020,3,27,6.6139,28.31,59.41,3.13
Kolkata,2020,3,28,6.3734,29.35,59.07,3.01
Kolkata,2020,3,29,6.7567,29.71,53.4,3.09
Kolkata,2020,3,30,6.8477,29.07,53.89,2.98
Kolkata,2020,3,31,6.5719,28.73,49.32,2.81
Kolkata,2020,4,1,6.5446,29.41,45.51,3.12
Kolkata,2020,4,2,6.12,30.5,61.21,3.29
Kolkata,2020,4,3,5.591,30.71,56.31,3.16
Kolkata,2020,4,4,5.8747,30.41,44.76,2.44
Kolkata,2020,4,5,5.5642,29.73,50.32,2.74
Kolkata,2020,4,6,6.6715,29.11,45.49,3.01
Kolkata,2020,4,7,6.6456,30.09,47.41,3.67
Kolkata,2020,4,8,4.5058,31.26,54.14,3.68
Kolkata,2020,4,9,6.461,30.39,52.52,3.41
Kolkata,2020,4,10,6.4853,30.67,57.2,3.32
Kolkata,2020,4,11,6.4702,30.94,57.93,3.47
Kolkata,2020,4,12,6.0703,30.74,54.57,2.55
Kolkata,2020,4,13,5.7386,31.21,56.28,2.84
Kolkata,2020,4,14,6.2834,31.99,57.64,3.3
Kolkata,2020,4,15,5.3059,32.19,54.92,3.17
Kolkata,2020,4,16,5.2435,30.84,60.21,3.21
Kolkata,2020,4,17,6.1954,32,59.16,4.54
Kolkata,2020,4,18,4.9385,31.8,62.81,4.25
Kolkata,2020,4,19,6.4118,30.95,65.93,4.7
Kolkata,2020,4,20,5.4437,31.55,62.4,3.48
Kolkata,2020,4,21,2.0647,30.38,65.9,3.63
Kolkata,2020,4,22,4.7424,29.51,64.85,3.12
Kolkata,2020,4,23,4.285,30.09,65.23,3.53
Kolkata,2020,4,24,4.073,28.78,76.1,4
Kolkata,2020,4,25,5.5483,29.37,70.89,2.82
Kolkata,2020,4,26,4.8562,28.96,72.7,2.11
Kolkata,2020,4,27,4.7604,28.54,69.5,2.1
Kolkata,2020,4,28,4.1522,27.46,77.1,3.27
Kolkata,2020,4,29,5.663,28.24,69.69,2.75
Kolkata,2020,4,30,5.9717,29.08,68.53,2.64
Kolkata,2020,5,1,5.0004,28.58,75.68,2.34
Kolkata,2020,5,2,5.2246,28.55,73.25,2.08
Kolkata,2020,5,3,5.4346,29.41,68.78,1.08
Kolkata,2020,5,4,4.8319,30.16,70.82,2.6
Kolkata,2020,5,5,5.8008,30.89,71.23,3.86
Kolkata,2020,5,6,5.4089,30.06,70.73,2.37
Kolkata,2020,5,7,5.8709,29.9,69.11,2.3
Kolkata,2020,5,8,6.8774,30.15,66.92,2.62
Kolkata,2020,5,9,7.105,31.31,63.71,1.74
Kolkata,2020,5,10,6.6713,31.4,64.75,2.96
Kolkata,2020,5,11,6.4762,30.42,68.87,1.98
Kolkata,2020,5,12,7.0805,31.27,64.03,2.6
Kolkata,2020,5,13,6.4409,31.28,63.71,4.23
Kolkata,2020,5,14,7.1196,31.76,64.59,4.44
Kolkata,2020,5,15,7.0164,31.84,65.59,4.79
Kolkata,2020,5,16,7.1623,32.35,63.84,4.44
Kolkata,2020,5,17,6.287,32.61,63.32,3.44
Kolkata,2020,5,18,6.9684,31.83,64.5,3.7
Kolkata,2020,5,19,2.9959,28.4,72.08,4.68
Kolkata,2020,5,20,1.1659,26.33,90.18,11.08
Kolkata,2020,5,21,2.6138,27.25,80.55,7.08
Kolkata,2020,5,22,5.5565,29.53,76.1,3.46
Kolkata,2020,5,23,5.9074,30.21,80.44,4.22
Kolkata,2020,5,24,5.4756,30.49,80.53,6.77
Kolkata,2020,5,25,3.9598,30.09,80.38,8.08
Kolkata,2020,5,26,4.1928,30.06,79.14,8.94
Kolkata,2020,5,27,3.9761,29.97,81.23,7.4
Kolkata,2020,5,28,1.6198,28.92,84.86,4.14
Kolkata,2020,5,29,6.0984,29.16,81.23,2.51
Kolkata,2020,5,30,5.6234,29.65,79.52,2.78
Kolkata,2020,5,31,4.9697,29.95,79.62,2.95
Kolkata,2020,6,1,5.4797,29.47,82.02,3.41
Kolkata,2020,6,2,6.2822,29.81,81.08,3.96
Kolkata,2020,6,3,6.5138,29.87,77.88,3.28
Kolkata,2020,6,4,6.5311,29.76,79.88,3.79
Kolkata,2020,6,5,6.353,29.17,85.5,4.27
Kolkata,2020,6,6,6.221,29.79,82.06,2.8
Kolkata,2020,6,7,4.6536,29.61,81.38,2.54
Kolkata,2020,6,8,5.7986,29.31,82.13,1.88
Kolkata,2020,6,9,5.4046,29.7,80.91,1.91
Kolkata,2020,6,10,4.7443,29.19,83.85,2.07
Kolkata,2020,6,11,2.9314,28.52,89.83,3.01
Kolkata,2020,6,12,1.5571,28.8,87.85,4.14
Kolkata,2020,6,13,2.5075,29.04,89.53,5.2
Kolkata,2020,6,14,2.1602,28.97,90.81,3.68
Kolkata,2020,6,15,3.2256,28.93,89.8,3.86
Kolkata,2020,6,16,3.6298,28.45,90.38,2.66
Kolkata,2020,6,17,2.3486,28.38,90.04,5.42
Kolkata,2020,6,18,2.363,28.97,84.78,4.35
Kolkata,2020,6,19,3.1709,29.29,84.05,4.66
Kolkata,2020,6,20,4.9704,29.24,86.67,3.17
Kolkata,2020,6,21,4.4326,28.92,86.53,4.2
Kolkata,2020,6,22,5.1262,29,86.61,5.1
Kolkata,2020,6,23,4.2017,29.24,85.17,5.09
Kolkata,2020,6,24,6.2983,29.34,84.02,4.4
Kolkata,2020,6,25,6.3732,29.19,85.3,5.14
Kolkata,2020,6,26,6.2366,29.05,86.23,5.05
Kolkata,2020,6,27,2.6455,28.56,88.03,5.34
Kolkata,2020,6,28,4.6212,28.75,85.35,5.24
Kolkata,2020,6,29,3.1874,28.91,87.64,3.82
Kolkata,2020,6,30,5.459,29.15,84.08,3.44
Kolkata,2020,7,1,6.5633,28.92,85.06,4.34
Kolkata,2020,7,2,6.3989,29.08,86.26,4.02
Kolkata,2020,7,3,5.2853,29.39,85.64,3.16
Kolkata,2020,7,4,4.5898,29.48,84.66,3.03
Kolkata,2020,7,5,3.5962,29.18,89.41,3.52
Kolkata,2020,7,6,3.7956,29.45,86.14,5.21
Kolkata,2020,7,7,4.4551,29.4,85.35,3.94
Kolkata,2020,7,8,4.1897,28.93,87.46,3.8
Kolkata,2020,7,9,4.9202,28.83,89.12,5.22
Kolkata,2020,7,10,5.7514,28.85,89.54,5.64
Kolkata,2020,7,11,3.431,28.4,91.2,4.71
Kolkata,2020,7,12,4.2869,28.35,90.4,3.97
Kolkata,2020,7,13,3.4946,28.91,87.29,4.48
Kolkata,2020,7,14,4.9351,27.82,90.69,4.22
Kolkata,2020,7,15,5.0179,28.58,85.04,4.39
Kolkata,2020,7,16,6.0269,28.89,83.71,4.43
Kolkata,2020,7,17,5.5306,29.22,84.9,4.17
Kolkata,2020,7,18,5.5529,28.67,86.77,4.44
Kolkata,2020,7,19,5.4974,29.09,86.6,5.73
Kolkata,2020,7,20,4.4333,28.43,90.13,5.48
Kolkata,2020,7,21,1.9654,27.97,92.81,5.33
Kolkata,2020,7,22,2.5416,27.91,90.09,5.07
Kolkata,2020,7,23,1.9992,28.39,86.95,4.11
Kolkata,2020,7,24,3.4094,27.72,89.92,3.28
Kolkata,2020,7,25,5.5114,28.41,85.56,2.94
Kolkata,2020,7,26,5.8387,29.55,84.44,3.38
Kolkata,2020,7,27,3.6127,28.61,90.77,2.17
Kolkata,2020,7,28,3.3434,29.22,86.53,2.87
Kolkata,2020,7,29,3.7438,28.91,86.47,4.46
Kolkata,2020,7,30,5.7192,29.31,84.6,3.12
Kolkata,2020,7,31,5.5157,28.91,87.12,2.26
Kolkata,2020,8,1,5.9155,29.41,84.02,2.06
Kolkata,2020,8,2,4.7249,29.8,85.12,2
Kolkata,2020,8,3,4.8403,29.77,85.98,1.66
Kolkata,2020,8,4,0.5503,29.51,88.76,2.12
Kolkata,2020,8,5,1.9639,29.19,88.67,5.51
Kolkata,2020,8,6,2.6261,28.42,91.56,4.11
Kolkata,2020,8,7,3.8894,28.88,88.12,3.87
Kolkata,2020,8,8,4.2312,29.47,87.62,3.55
Kolkata,2020,8,9,4.8749,29.2,87.63,4.15
Kolkata,2020,8,10,5.0246,28.96,88.34,2.52
Kolkata,2020,8,11,4.517,29.26,89.96,2.94
Kolkata,2020,8,12,4.452,29.71,87.29,2.47
Kolkata,2020,8,13,5.3026,29.41,88.19,3.61
Kolkata,2020,8,14,5.0182,28.99,89.42,3.85
Kolkata,2020,8,15,3.5834,29.14,88.47,4
Kolkata,2020,8,16,4.1052,28.74,87.86,6.06
Kolkata,2020,8,17,2.1391,28.51,88.06,4.66
Kolkata,2020,8,18,3.1231,28.65,89.73,3.16
Kolkata,2020,8,19,3.7526,27.88,92.78,5.5
Kolkata,2020,8,20,2.1298,27.64,93.42,7.22
Kolkata,2020,8,21,1.199,27.74,94.02,4.73
Kolkata,2020,8,22,3.7582,27.89,91.83,3.01
Kolkata,2020,8,23,3.3314,27.46,92.23,2.26
Kolkata,2020,8,24,4.5708,28.38,87.77,2.12
Kolkata,2020,8,25,5.3825,28.3,92.94,3.82
Kolkata,2020,8,26,2.893,27.89,92.75,6.59
Kolkata,2020,8,27,1.5377,27.87,91.88,5.75
Kolkata,2020,8,28,4.5766,27.68,90.46,4.23
Kolkata,2020,8,29,5.5322,28.48,87.97,3.56
Kolkata,2020,8,30,5.6784,28.53,88.69,2.71
Kolkata,2020,8,31,4.4822,28.52,90.93,2.06
Kolkata,2020,9,1,1.0361,27.06,93.09,2.88
Kolkata,2020,9,2,4.4738,27.74,88.1,3.13
Kolkata,2020,9,3,6.0391,28.23,86.09,2.11
Kolkata,2020,9,4,6.0614,28.7,84.57,1.94
Kolkata,2020,9,5,6.0905,28.64,87.08,3.54
Kolkata,2020,9,6,5.4446,28.17,92.16,3.79
Kolkata,2020,9,7,4.6601,28.52,88.82,3.76
Kolkata,2020,9,8,4.6111,27.73,94.6,3.08
Kolkata,2020,9,9,4.9673,28.17,91.56,2.68
Kolkata,2020,9,10,3.1303,28.15,90.08,3.17
Kolkata,2020,9,11,4.8797,28.53,87.7,3.58
Kolkata,2020,9,12,5.2742,28.28,89.17,2.62
Kolkata,2020,9,13,4.8624,28.57,88.18,1.79
Kolkata,2020,9,14,5.0674,28.18,89.87,2.13
Kolkata,2020,9,15,3.4546,28.37,88.94,2.37
Kolkata,2020,9,16,5.1612,28.36,90.45,2.74
Kolkata,2020,9,17,5.1626,28.09,91.83,2.7
Kolkata,2020,9,18,4.9627,28.88,86.48,1.69
Kolkata,2020,9,19,5.191,28.53,88.65,1.77
Kolkata,2020,9,20,2.3064,28.38,89.14,1.71
Kolkata,2020,9,21,3.1469,28.11,90.93,4.33
Kolkata,2020,9,22,2.7722,28.36,90.34,4.3
Kolkata,2020,9,23,2.1298,28.3,91.73,4.21
Kolkata,2020,9,24,2.8824,27.95,93.42,4.14
Kolkata,2020,9,25,1.8646,27.96,91.94,4.56
Kolkata,2020,9,26,2.5399,27.46,93.58,3.44
Kolkata,2020,9,27,5.0088,28.41,84.97,1.44
Kolkata,2020,9,28,4.7174,28.08,84.36,1.32
Kolkata,2020,9,29,4.9426,28.19,85.25,1.26
Kolkata,2020,9,30,4.3126,27.86,86.31,1.16
Kolkata,2020,10,1,4.3322,27.72,88.03,1.54
Kolkata,2020,10,2,4.1093,27.45,92.45,2.2
Kolkata,2020,10,3,3.7306,27.9,90.43,2.2
Kolkata,2020,10,4,3.881,27.78,91.41,2.3
Kolkata,2020,10,5,3.4946,27.48,90.82,2.23
Kolkata,2020,10,6,3.9898,26.93,93.61,2.24
Kolkata,2020,10,7,3.3773,27.5,91.81,1.96
Kolkata,2020,10,8,4.6778,28.12,87.58,1.35
Kolkata,2020,10,9,4.5946,28.48,85.23,1.07
Kolkata,2020,10,10,4.9896,28.57,86.28,1.08
Kolkata,2020,10,11,4.9066,28.91,84.6,1.3
Kolkata,2020,10,12,5.1497,29.22,81.6,1.35
Kolkata,2020,10,13,5.3813,28.57,85.93,1.86
Kolkata,2020,10,14,4.7208,28.31,88.28,2.22
Kolkata,2020,10,15,4.9831,28.03,89.6,2
Kolkata,2020,10,16,5.0753,28.89,82.03,1.27
Kolkata,2020,10,17,4.6157,28.76,83.36,1.7
Kolkata,2020,10,18,3.6418,28.59,83.34,1.26
Kolkata,2020,10,19,3.8138,28.25,82.91,1.3
Kolkata,2020,10,20,4.6762,27.94,86.84,2.15
Kolkata,2020,10,21,4.4165,26.69,92.54,2.37
Kolkata,2020,10,22,1.944,25.98,94.45,3.4
Kolkata,2020,10,23,1.7952,25.41,92.61,3.68
Kolkata,2020,10,24,3.7262,26.71,86.74,2.84
Kolkata,2020,10,25,3.6535,26.65,81.16,1.27
Kolkata,2020,10,26,4.5521,25.44,74.18,1.84
Kolkata,2020,10,27,4.6925,24.24,80.4,2.26
Kolkata,2020,10,28,4.717,23.26,80.78,2.56
Kolkata,2020,10,29,4.7582,23.73,86.07,2.9
Kolkata,2020,10,30,4.9078,25.75,88.01,3.19
Kolkata,2020,10,31,3.7548,26.33,83.88,2.27
Kolkata,2020,11,1,4.1081,26.13,89.95,2.2
Kolkata,2020,11,2,4.5994,26.14,87.51,2.28
Kolkata,2020,11,3,4.8182,25.23,82.27,2.31
Kolkata,2020,11,4,3.707,23.29,67.72,2.18
Kolkata,2020,11,5,4.134,22.81,61.29,1.74
Kolkata,2020,11,6,4.464,22.1,62.56,1.85
Kolkata,2020,11,7,4.3459,20.42,79.3,2.59
Kolkata,2020,11,8,4.8878,20.92,83.48,2.68
Kolkata,2020,11,9,5.2121,22.59,79.69,2.23
Kolkata,2020,11,10,4.8612,22.78,81.16,2.46
Kolkata,2020,11,11,5.045,23.01,82.27,2.72
Kolkata,2020,11,12,4.5986,22.69,85.54,3.01
Kolkata,2020,11,13,4.8919,22.94,85.43,3.18
Kolkata,2020,11,14,4.9841,22.46,83.84,2.81
Kolkata,2020,11,15,4.6678,22.16,83.58,2.65
Kolkata,2020,11,16,4.3932,22.28,81.6,2.23
Kolkata,2020,11,17,4.1033,23.3,78.71,1.96
Kolkata,2020,11,18,3.2388,23.59,80.14,1.88
Kolkata,2020,11,19,3.1013,24.34,76.93,1.34
Kolkata,2020,11,20,3.1812,24.86,80.04,1.45
Kolkata,2020,11,21,1.3661,23.34,86.69,2.77
Kolkata,2020,11,22,3.6348,20.99,72.5,2.55
Kolkata,2020,11,23,4.279,18.15,71.26,2.69
Kolkata,2020,11,24,3.5431,17.72,75.15,2.67
Kolkata,2020,11,25,3.5122,18.7,86.03,2.89
Kolkata,2020,11,26,2.9772,18.51,90.65,2.71
Kolkata,2020,11,27,3.5402,19.38,89.04,3.25
Kolkata,2020,11,28,4.4141,19.57,82,3.23
Kolkata,2020,11,29,4.3277,18.78,78.1,3.14
Kolkata,2020,11,30,4.405,18.66,73.16,2.48
Kolkata,2020,12,1,4.1722,19.09,70.8,2.15
Kolkata,2020,12,2,3.8803,19.7,68.83,1.73
Kolkata,2020,12,3,3.6562,20.54,70.72,1.34
Kolkata,2020,12,4,3.4176,20.52,73.39,1.16
Kolkata,2020,12,5,3.2911,20.53,79.49,1.58
Kolkata,2020,12,6,3.3187,20.62,75.68,1.35
Kolkata,2020,12,7,3.5604,19.83,72.54,1.85
Kolkata,2020,12,8,2.3974,19.25,82.03,2.07
Kolkata,2020,12,9,2.311,19.39,83.55,1.9
Kolkata,2020,12,10,2.3842,19.41,80.06,1.65
Kolkata,2020,12,11,1.6018,19.09,77.92,1.6
Kolkata,2020,12,12,3.0194,18.76,79.13,1.67
Kolkata,2020,12,13,3.2486,19.87,76.69,1.61
Kolkata,2020,12,14,3.2016,20.19,78.32,2.51
Kolkata,2020,12,15,3.0475,19.94,78.33,2.73
Kolkata,2020,12,16,3.21,20.07,78.65,2.51
Kolkata,2020,12,17,3.0118,19.9,78.96,2.71
Kolkata,2020,12,18,3.2484,17.94,76.38,2.6
Kolkata,2020,12,19,3.829,14.75,73.06,3.12
Kolkata,2020,12,20,3.8652,13.4,68.39,2.84
Kolkata,2020,12,21,3.1742,13.87,68.31,2.47
Kolkata,2020,12,22,3.0986,15.21,72.14,2.18
Kolkata,2020,12,23,3.5143,15.69,67.4,2.24
Kolkata,2020,12,24,3.3979,16.75,71.39,2.19
Kolkata,2020,12,25,3.6602,16.55,72.88,2.56
Kolkata,2020,12,26,3.8398,15.39,70.46,3.01
Kolkata,2020,12,27,3.8671,15.66,62.46,2.35
Kolkata,2020,12,28,3.7488,17.23,56.72,1.42
Kolkata,2020,12,29,3.5729,17.4,64.14,1.82
Kolkata,2020,12,30,3.4937,16.71,73.06,2.71
Kolkata,2020,12,31,3.5602,15.74,72.34,3.03
Kolkata,2021,1,1,3.8616,15.84,67.41,2.79
Kolkata,2021,1,2,3.8671,16.19,65.38,2.2
Kolkata,2021,1,3,4.0963,17.95,63.41,1.66
Kolkata,2021,1,4,4.1066,19.02,64.79,1.69
Kolkata,2021,1,5,4.1587,19.71,70.91,1.97
Kolkata,2021,1,6,4.2778,20.85,72.74,1.83
Kolkata,2021,1,7,3.7817,22.52,65.62,1.85
Kolkata,2021,1,8,3.5897,21.89,68.48,2.54
Kolkata,2021,1,9,3.6034,21.75,67.32,1.91
Kolkata,2021,1,10,3.4982,22.26,71.66,2.08
Kolkata,2021,1,11,3.0612,21.89,77.05,2.4
Kolkata,2021,1,12,3.1733,20.13,74.84,2.73
Kolkata,2021,1,13,2.6198,18.64,73.19,2.36
Kolkata,2021,1,14,2.6532,17.39,72.15,2.45
Kolkata,2021,1,15,2.8032,16.31,67.71,2.51
Kolkata,2021,1,16,2.4727,16.58,62.39,2.12
Kolkata,2021,1,17,2.429,16.14,69.31,2.55
Kolkata,2021,1,18,2.7394,16.7,67.62,2.05
Kolkata,2021,1,19,2.3455,18.09,69.62,2.05
Kolkata,2021,1,20,2.1746,21.05,78.5,2.58
Kolkata,2021,1,21,3.8662,18.81,60.95,3.02
Kolkata,2021,1,22,4.045,17.03,59.62,2.39
Kolkata,2021,1,23,3.3218,17.32,57.74,1.95
Kolkata,2021,1,24,3.5976,18.63,61.67,1.86
Kolkata,2021,1,25,2.5418,19.02,69.13,2.23
Kolkata,2021,1,26,2.7533,18.51,68.99,2.57
Kolkata,2021,1,27,3.9137,17.39,63.79,2.97
Kolkata,2021,1,28,4.4902,16.34,56.06,3.23
Kolkata,2021,1,29,3.8688,17.8,53.51,2.27
Kolkata,2021,1,30,2.9983,17.73,59.41,2.88
Kolkata,2021,1,31,3.7073,15.39,49.45,3.02
Kolkata,2021,2,1,4.3507,16.28,45.99,2.4
Kolkata,2021,2,2,4.5449,16.75,48.21,2.55
Kolkata,2021,2,3,4.3541,18.35,46.9,2.22
Kolkata,2021,2,4,4.6579,18.74,50.11,2.42
Kolkata,2021,2,5,4.9452,20.12,49.51,2.09
Kolkata,2021,2,6,4.3836,20.14,54.74,2.42
Kolkata,2021,2,7,3.7618,18.89,63.89,3.42
Kolkata,2021,2,8,4.9471,18.39,52.05,2.98
Kolkata,2021,2,9,5.1761,19.6,48.31,2.21
Kolkata,2021,2,10,4.811,21.06,48.14,1.62
Kolkata,2021,2,11,4.5617,21.67,62.94,1.96
Kolkata,2021,2,12,4.3116,22.09,56.92,2.11
Kolkata,2021,2,13,4.2876,22.7,61.1,1.52
Kolkata,2021,2,14,4.2319,22.48,61.97,1.96
Kolkata,2021,2,15,3.9809,22.77,60.08,2.49
Kolkata,2021,2,16,4.6282,23.54,51.14,1.7
Kolkata,2021,2,17,2.9376,23.7,63.03,1.86
Kolkata,2021,2,18,4.1335,24.35,49.22,1.95
Kolkata,2021,2,19,3.6998,24.17,49.64,2.28
Kolkata,2021,2,20,2.292,23.86,48.53,1.64
Kolkata,2021,2,21,4.8674,23.97,39.55,2.66
Kolkata,2021,2,22,4.6836,23.9,37.6,2.47
Kolkata,2021,2,23,4.9226,24.12,41.88,2.37
Kolkata,2021,2,24,4.895,24.77,53.47,2.5
Kolkata,2021,2,25,5.4814,25.29,49.23,2.95
Kolkata,2021,2,26,5.6885,26.43,52.04,2.98
Kolkata,2021,2,27,5.9335,26.56,45.01,2.78
Kolkata,2021,2,28,5.8272,27.15,51.35,3
Kolkata,2021,3,1,5.1965,28,52.49,2.97
Kolkata,2021,3,2,5.5567,27.44,39.81,2.13
Kolkata,2021,3,3,5.6477,26.56,43.11,2.62
Kolkata,2021,3,4,5.7715,25.84,44.37,2.78
Kolkata,2021,3,5,5.2567,27.23,57.78,4.16
Kolkata,2021,3,6,5.7439,27.54,47.04,3.06
Kolkata,2021,3,7,5.46,28.04,46.91,1.53
Kolkata,2021,3,8,5.0791,27.31,50.03,2.58
Kolkata,2021,3,9,4.5528,28.16,60.99,4
Kolkata,2021,3,10,3.7102,28.82,60.95,3.22
Kolkata,2021,3,11,4.0147,28.67,63,2.85
Kolkata,2021,3,12,3.923,28.9,55.27,1.86
Kolkata,2021,3,13,3.9106,28.05,53.01,2.46
Kolkata,2021,3,14,5.6618,28.13,44.34,1.98
Kolkata,2021,3,15,5.7077,28.12,50,2.52
Kolkata,2021,3,16,6.1534,28.97,45.45,2.44
Kolkata,2021,3,17,5.8788,29.07,42.83,2.28
Kolkata,2021,3,18,5.3256,29.24,43.23,2.63
Kolkata,2021,3,19,5.2102,29.38,42.76,2.37
Kolkata,2021,3,20,4.8919,29.69,41.38,2.3
Kolkata,2021,3,21,4.7083,30.91,44.44,1.37
Kolkata,2021,3,22,5.2344,31.76,45.05,1.57
Kolkata,2021,3,23,5.0861,31.87,41.56,2.05
Kolkata,2021,3,24,4.5722,32.02,43.67,2.72
Kolkata,2021,3,25,5.521,31.69,38.57,2.8
Kolkata,2021,3,26,5.3681,30.89,41.76,2.43
Kolkata,2021,3,27,5.5608,31.34,47.64,1.79
Kolkata,2021,3,28,4.71,30.88,50.24,2.69
Kolkata,2021,3,29,4.8031,31.54,53.75,3.81
Kolkata,2021,3,30,5.6822,32.44,54.07,4.2
Kolkata,2021,3,31,5.7946,32.77,40.69,3.16
Kolkata,2021,4,1,6.319,31.4,46.33,2.75
Kolkata,2021,4,2,5.5176,31.33,55.57,2.44
Kolkata,2021,4,3,5.8685,31.36,54.4,2.45
Kolkata,2021,4,4,5.4521,31.26,52.03,2.95
Kolkata,2021,4,5,6.0852,30.67,49.43,2.06
Kolkata,2021,4,6,6.0019,30.02,54.86,4.02
Kolkata,2021,4,7,5.9846,30.17,61.51,5.62
Kolkata,2021,4,8,5.07,30.35,61.07,6.34
Kolkata,2021,4,9,4.4093,30.24,59.51,5.06
Kolkata,2021,4,10,4.3846,31.44,56.26,4.07
Kolkata,2021,4,11,6.0636,32.41,52.14,3.69
Kolkata,2021,4,12,5.8022,32.58,49.29,3.95
Kolkata,2021,4,13,5.8027,32.61,47.99,3.74
Kolkata,2021,4,14,6.3602,32.93,50.56,5.05
Kolkata,2021,4,15,4.8605,31.84,52.74,4.66
Kolkata,2021,4,16,3.3773,31.48,53.69,5.08
Kolkata,2021,4,17,6.4423,31.23,54.74,4.95
Kolkata,2021,4,18,5.6258,30.44,60.94,4.46
Kolkata,2021,4,19,6.9694,31.33,53.67,3.41
Kolkata,2021,4,20,6.7817,31.87,58.48,4.42
Kolkata,2021,4,21,6.5395,32.31,59.14,5.37
Kolkata,2021,4,22,2.4406,30.96,63.21,3.53
Kolkata,2021,4,23,5.6522,31.45,52.91,2.71
Kolkata,2021,4,24,6.8666,31.92,45.62,3.17
Kolkata,2021,4,25,6.7142,32.79,52.73,3.58
Kolkata,2021,4,26,6.3168,32.71,53.6,4.48
Kolkata,2021,4,27,6.2393,32.38,55.69,4.31
Kolkata,2021,4,28,6.4397,32.79,55.58,4.18
Kolkata,2021,4,29,6.486,30.51,61.65,3.32
Kolkata,2021,4,30,6.2887,31.82,56.7,4.17
Kolkata,2021,5,1,6.341,32.57,52.5,3.84
Kolkata,2021,5,2,5.7125,31.88,58.22,4.02
Kolkata,2021,5,3,5.7902,30.51,64.66,3.97
Kolkata,2021,5,4,3.3134,28.42,70.81,2.38
Kolkata,2021,5,5,5.0592,29.14,65.06,2.94
Kolkata,2021,5,6,6.3566,30.23,65.7,3.24
Kolkata,2021,5,7,6.5038,30.81,65.71,3.93
Kolkata,2021,5,8,6.7786,31.3,61.23,3.63
Kolkata,2021,5,9,4.9968,30.93,64.4,3.71
Kolkata,2021,5,10,6.2143,30.94,66.68,3.96
Kolkata,2021,5,11,4.2583,30.46,72.08,3.86
Kolkata,2021,5,12,6.2902,30.56,69.42,2.76
Kolkata,2021,5,13,4.5458,30.82,68.47,3.14
Kolkata,2021,5,14,6.6022,31.2,65.31,3.29
Kolkata,2021,5,15,6.7562,32.16,65.06,4.05
Kolkata,2021,5,16,6.899,32.36,66.12,4.01
Kolkata,2021,5,17,7.1606,32.85,66.52,4.33
Kolkata,2021,5,18,7.3272,33.08,67.45,5.09
Kolkata,2021,5,19,6.139,32.32,70.61,4.41
Kolkata,2021,5,20,7.3294,31.21,78.29,4.48
Kolkata,2021,5,21,7.211,31.52,72.43,4.15
Kolkata,2021,5,22,6.7294,32.09,67.07,3.16
Kolkata,2021,5,23,6.8191,32.31,65.79,1.74
Kolkata,2021,5,24,3.8278,30.78,69.26,3.28
Kolkata,2021,5,25,3.3643,28.77,80.32,7.89
Kolkata,2021,5,26,2.8937,28.25,82.32,12.83
Kolkata,2021,5,27,3.097,29.52,82.69,9.74
Kolkata,2021,5,28,5.9731,29.87,83.19,5.5
Kolkata,2021,5,29,5.3952,30.01,79.73,4
Kolkata,2021,5,30,4.8818,29.99,81.2,4.43
Kolkata,2021,5,31,1.1762,29.42,88.56,4.85
Kolkata,2021,6,1,4.5362,29.54,87.67,3.7
Kolkata,2021,6,2,4.5857,29.75,83.34,3.03
Kolkata,2021,6,3,6.0024,29.82,82.37,3.49
Kolkata,2021,6,4,6.5945,30,81.8,3.13
Kolkata,2021,6,5,6.5722,30.31,79.7,3.66
Kolkata,2021,6,6,6.6324,30,82.33,4.15
Kolkata,2021,6,7,5.1991,30.35,83.67,5.56
Kolkata,2021,6,8,5.4994,29.8,86.24,5.36
Kolkata,2021,6,9,3.8306,27.59,84.65,4.06
Kolkata,2021,6,10,3.2383,27.37,88.2,3.1
Kolkata,2021,6,11,3.9158,28.17,87.3,1.9
Kolkata,2021,6,12,4.1902,28.62,84.25,2.34
Kolkata,2021,6,13,4.2384,29.21,83.43,2.71
Kolkata,2021,6,14,4.1357,29.25,85.98,3.93
Kolkata,2021,6,15,1.717,28.99,85.64,3.54
Kolkata,2021,6,16,1.6738,28.09,88.97,4.44
Kolkata,2021,6,17,1.2989,27.34,90.9,7.73
Kolkata,2021,6,18,3.0281,27.7,88.18,3.71
Kolkata,2021,6,19,1.1947,27.71,88.95,4.47
Kolkata,2021,6,20,2.5027,27.52,90.44,4.44
Kolkata,2021,6,21,3.7932,28.1,87.4,3.65
Kolkata,2021,6,22,3.6816,28.44,87.78,3.73
Kolkata,2021,6,23,4.3769,27.88,88.03,5.77
Kolkata,2021,6,24,5.8205,28.73,85,3.93
Kolkata,2021,6,25,5.3738,28.71,85.85,3.7
Kolkata,2021,6,26,4.9886,28.75,86.58,4.59
Kolkata,2021,6,27,4.7251,28.95,86.87,4.17
Kolkata,2021,6,28,5.0604,28.4,88.07,5.04
Kolkata,2021,6,29,3.745,29.23,86.73,5.73
Kolkata,2021,6,30,4.3054,28.92,91.25,5.78
Kolkata,2021,7,1,2.209,28.96,90.07,6.6
Kolkata,2021,7,2,3.0293,28.32,89.89,5.03
Kolkata,2021,7,3,4.1076,28.1,92.9,2.93
Kolkata,2021,7,4,3.4572,28.86,86.69,2.78
Kolkata,2021,7,5,4.6874,29.2,85.13,2.19
Kolkata,2021,7,6,3.6415,29.19,88.39,3.53
Kolkata,2021,7,7,2.8673,28.84,90.86,3.85
Kolkata,2021,7,8,3.5642,28.63,87.78,3.84
Kolkata,2021,7,9,4.8883,28.81,83.8,3.37
Kolkata,2021,7,10,4.6366,28.89,86.64,2.9
Kolkata,2021,7,11,5.7098,28.81,88.02,3.28
Kolkata,2021,7,12,4.9968,28.31,89.54,3.52
Kolkata,2021,7,13,5.1089,28.3,87.32,3.51
Kolkata,2021,7,14,5.1535,28.49,86.67,4.7
Kolkata,2021,7,15,6.3982,29.17,82.63,2.62
Kolkata,2021,7,16,6.0029,28.65,84.93,1.99
Kolkata,2021,7,17,5.8464,28.47,88.74,3.54
Kolkata,2021,7,18,5.7214,29.28,84.98,3.58
Kolkata,2021,7,19,3.9852,28.71,89.74,3.37
Kolkata,2021,7,20,2.573,28.98,87.28,2.5
Kolkata,2021,7,21,4.4662,29.33,83.97,1.93
Kolkata,2021,7,22,4.891,28.94,86.22,3.88
Kolkata,2021,7,23,3.1603,29.12,89.76,6.05
Kolkata,2021,7,24,2.2258,28.33,91.55,5.11
Kolkata,2021,7,25,4.9234,29.37,85.86,2.53
Kolkata,2021,7,26,3.5921,28.89,89.16,3.95
Kolkata,2021,7,27,2.6386,28.28,90.99,4.39
Kolkata,2021,7,28,2.8152,28.7,90.71,4.74
Kolkata,2021,7,29,0.9797,27.54,93.87,8.22
Kolkata,2021,7,30,3.3461,28.3,90.5,5.84
Kolkata,2021,7,31,4.123,28.48,87.98,5.19
Kolkata,2021,8,1,5.0064,28.13,90.02,3.89
Kolkata,2021,8,2,4.0985,27.52,90.89,3.33
Kolkata,2021,8,3,3.2098,28.57,87.36,2.83
Kolkata,2021,8,4,2.8385,27.84,91.16,3.11
Kolkata,2021,8,5,5.0582,28.47,88.76,4.35
Kolkata,2021,8,6,4.1602,28.26,89.99,3.35
Kolkata,2021,8,7,2.2236,28.77,90.39,3.12
Kolkata,2021,8,8,3.1164,28.26,91.77,3.81
Kolkata,2021,8,9,4.5857,29.19,88.61,3.98
Kolkata,2021,8,10,4.9726,28.5,92.69,4
Kolkata,2021,8,11,4.5406,28.56,93.22,4.2
Kolkata,2021,8,12,2.808,28.63,92.91,4.88
Kolkata,2021,8,13,2.9405,28.33,91.17,2.56
Kolkata,2021,8,14,4.3778,29.17,89.11,3.01
Kolkata,2021,8,15,5.4403,28.88,89.43,2.31
Kolkata,2021,8,16,3.4306,28.67,88.25,2.78
Kolkata,2021,8,17,3.0456,28.03,91.88,4.71
Kolkata,2021,8,18,3.5635,27.7,92.69,3.96
Kolkata,2021,8,19,3.666,27.46,93.21,4.46
Kolkata,2021,8,20,2.7922,27.47,92.38,4
Kolkata,2021,8,21,3.7882,27.81,88.77,3.9
Kolkata,2021,8,22,6.101,28.13,88.6,3.88
Kolkata,2021,8,23,5.6604,28.64,87.94,3.87
Kolkata,2021,8,24,4.6212,28.41,91.15,2.99
Kolkata,2021,8,25,4.1928,28.27,92.05,3.75
Kolkata,2021,8,26,2.075,27.79,93.94,2.47
Kolkata,2021,8,27,3.389,27.32,92.2,4.09
Kolkata,2021,8,28,4.6495,28.15,89.91,3.95
Kolkata,2021,8,29,3.9497,27.75,90.29,3.57
Kolkata,2021,8,30,4.2523,27.22,92.28,3.33
Kolkata,2021,8,31,5.2421,27.89,89.53,3.32
Kolkata,2021,9,1,5.4442,28.2,86.39,2.24
Kolkata,2021,9,2,5.3314,28.22,83.71,1.58
Kolkata,2021,9,3,5.0544,27.7,86.23,1.94
Kolkata,2021,9,4,5.2202,28.4,86,2.02
Kolkata,2021,9,5,5.3623,28.62,87.33,2.54
Kolkata,2021,9,6,4.3387,28.52,90.9,4.59
Kolkata,2021,9,7,2.8502,27.58,92.58,4.89
Kolkata,2021,9,8,4.4474,27.5,92.46,2.4
Kolkata,2021,9,9,4.6675,27.98,87.32,1.99
Kolkata,2021,9,10,5.3222,28.24,86.25,1.6
Kolkata,2021,9,11,3.5748,27.9,90.42,4.55
Kolkata,2021,9,12,4.2646,27.82,91.23,5.2
Kolkata,2021,9,13,2.4893,27.53,94,6.02
Kolkata,2021,9,14,0.6451,27.46,93.66,5.93
Kolkata,2021,9,15,3.0929,27.25,95.47,3.93
Kolkata,2021,9,16,4.0366,28.04,86.94,2.08
Kolkata,2021,9,17,4.0198,27.79,89.28,2.34
Kolkata,2021,9,18,2.7026,27.65,88.25,1.82
Kolkata,2021,9,19,3.3576,27.23,90.14,1.57
Kolkata,2021,9,20,1.2631,26.76,94.04,2.84
Kolkata,2021,9,21,2.6345,26.83,94.97,4.54
Kolkata,2021,9,22,2.7605,26.93,93.51,2.21
Kolkata,2021,9,23,4.4047,27.07,93.44,2.68
Kolkata,2021,9,24,5.2678,28.2,85.47,1.39
Kolkata,2021,9,25,3.3528,28.2,87.65,2.04
Kolkata,2021,9,26,3.8546,27.57,91.14,3.34
Kolkata,2021,9,27,4.5617,27.4,91.87,2.79
Kolkata,2021,9,28,2.1346,26.3,93.92,4.64
Kolkata,2021,9,29,1.285,26.73,90.51,1.61
Kolkata,2021,9,30,4.1186,26.97,92.45,2.57
Kolkata,2021,10,1,5.9038,27.33,89.76,2.28
Kolkata,2021,10,2,5.6465,27.55,90.05,2.98
Kolkata,2021,10,3,5.0184,27.56,92.94,3.46
Kolkata,2021,10,4,4.2458,27.36,92.15,2.75
Kolkata,2021,10,5,4.596,27.56,91.46,2.14
Kolkata,2021,10,6,4.7753,27.73,86.63,1.64
Kolkata,2021,10,7,4.3954,28.16,87.33,1.9
Kolkata,2021,10,8,4.5545,28.47,85.68,1.56
Kolkata,2021,10,9,4.4246,28.21,86.23,1.43
Kolkata,2021,10,10,4.2346,27.81,86.98,2.16
Kolkata,2021,10,11,4.8449,27.83,87.63,2.11
Kolkata,2021,10,12,4.6116,28.13,85.53,1.98
Kolkata,2021,10,13,3.0048,27.23,91.53,1.98
Kolkata,2021,10,14,3.961,27.98,87.56,1.5
Kolkata,2021,10,15,5.2536,28.74,82.5,1.51
Kolkata,2021,10,16,4.7126,27.86,90.97,2.23
Kolkata,2021,10,17,2.8985,26.91,94.51,3.04
Kolkata,2021,10,18,1.181,26.6,94.53,5.54
Kolkata,2021,10,19,1.1707,26.66,94.57,4.77
Kolkata,2021,10,20,2.7962,27.38,91.21,3.37
Kolkata,2021,10,21,4.9442,26.09,85.85,2.54
Kolkata,2021,10,22,4.968,25.93,77.14,1.35
Kolkata,2021,10,23,4.5199,25.67,70.93,0.94
Kolkata,2021,10,24,3.9917,25.77,73.79,1.08
Kolkata,2021,10,25,4.4004,26.09,76.68,0.78
Kolkata,2021,10,26,4.4198,25.57,83.52,1.57
Kolkata,2021,10,27,3.1639,25.13,88.03,2.64
Kolkata,2021,10,28,2.8301,25.14,88.28,2.77
Kolkata,2021,10,29,4.8485,24.33,86.78,3.28
Kolkata,2021,10,30,4.8895,24.19,84.03,2.44
Kolkata,2021,10,31,4.7177,24.01,80.76,2.13
Kolkata,2021,11,1,4.5346,23.51,83.97,1.76
Kolkata,2021,11,2,4.2252,23.43,82.16,2.16
Kolkata,2021,11,3,4.4194,23.76,78.32,1.51
Kolkata,2021,11,4,4.1462,24.27,78.52,1.26
Kolkata,2021,11,5,4.2826,22.35,81.66,2.14
Kolkata,2021,11,6,4.715,21.63,80.71,2.42
Kolkata,2021,11,7,4.758,21.09,79.1,2.28
Kolkata,2021,11,8,4.9018,20.67,83.07,2.55
Kolkata,2021,11,9,4.8706,20.87,85.98,2.2
Kolkata,2021,11,10,4.7993,21.95,82.9,1.66
Kolkata,2021,11,11,3.8508,22.51,82.14,1.66
Kolkata,2021,11,12,2.9244,23.96,83.3,1.81
Kolkata,2021,11,13,1.9183,24.11,88.92,1.54
Kolkata,2021,11,14,1.9538,24.68,88.34,1.31
Kolkata,2021,11,15,1.3826,23.69,90.12,1.34
Kolkata,2021,11,16,4.0766,22.55,90.51,2.67
Kolkata,2021,11,17,4.3397,22.34,87.62,3.07
Kolkata,2021,11,18,4.5252,21.52,83.67,2.57
Kolkata,2021,11,19,4.6932,22.36,79.89,1.72
Kolkata,2021,11,20,4.3565,23.32,79.08,1.14
Kolkata,2021,11,21,3.2926,23.25,82.6,1.41
Kolkata,2021,11,22,3.5009,24.08,77.87,1.13
Kolkata,2021,11,23,3.3041,23.38,83.09,2.17
Kolkata,2021,11,24,3.3372,20.88,80.47,2.85
Kolkata,2021,11,25,3.2854,20.94,71.84,2.07
Kolkata,2021,11,26,3.2813,20.38,79.26,2.21
Kolkata,2021,11,27,3.6782,19.89,82.4,2.3
Kolkata,2021,11,28,4.2358,18.95,84.43,2.53
Kolkata,2021,11,29,4.4414,19.05,86.71,2.44
Kolkata,2021,11,30,4.3637,19.01,87.89,2.86
Kolkata,2021,12,1,4.3562,19.55,85.08,2.67
Kolkata,2021,12,2,4.6334,20.42,79.65,1.85
Kolkata,2021,12,3,3.5479,20.87,83.86,1.92
Kolkata,2021,12,4,1.1328,20.4,94.39,2.98
Kolkata,2021,12,5,1.0339,22.29,94.19,4.53
Kolkata,2021,12,6,1.4357,23.02,92.75,3.8
Kolkata,2021,12,7,1.7203,21.36,89.18,2.64
Kolkata,2021,12,8,3.6214,20.78,88.57,2.68
Kolkata,2021,12,9,2.2546,20.93,88.55,2.54
Kolkata,2021,12,10,3.1814,20.17,80.58,2.35
Kolkata,2021,12,11,3.4927,19.18,81.09,2.4
Kolkata,2021,12,12,3.0962,17.93,82.44,3.23
Kolkata,2021,12,13,3.4937,17.33,80.77,2.27
Kolkata,2021,12,14,3.7476,17.13,79.67,2.04
Kolkata,2021,12,15,3.4639,17.08,76.3,1.64
Kolkata,2021,12,16,3.3922,16.65,84.61,2.54
Kolkata,2021,12,17,4.1014,16.98,77.8,2.09
Kolkata,2021,12,18,4.0457,17.35,84.9,2.68
Kolkata,2021,12,19,3.4104,14.84,78.23,3.47
Kolkata,2021,12,20,4.1102,12.55,76.81,2.76
Kolkata,2021,12,21,3.2563,13.08,81.15,2.6
Kolkata,2021,12,22,3.1596,13.69,77.11,2.81
Kolkata,2021,12,23,3.222,15.46,77.61,2.12
Kolkata,2021,12,24,3.247,17.27,70.12,1
Kolkata,2021,12,25,3.2858,18.27,73.89,1.11
Kolkata,2021,12,26,2.9287,19.5,77.36,0.92
Kolkata,2021,12,27,2.4996,19.47,76.63,1.16
Kolkata,2021,12,28,2.7974,18.99,83.29,1.79
Kolkata,2021,12,29,2.1936,19.09,84.24,2.04
Kolkata,2021,12,30,2.5903,18.01,85.78,3
Kolkata,2021,12,31,3.9487,17.97,84.68,3.26
Kolkata,2022,1,1,3.8714,16.42,82.52,3.11
Kolkata,2022,1,2,3.8057,15.76,83.96,3.19
Kolkata,2022,1,3,4.1153,15.86,80.88,2.83
Kolkata,2022,1,4,4.0306,15.28,77.44,2.9
Kolkata,2022,1,5,4.0258,15.54,76.87,2.49
Kolkata,2022,1,6,4.0104,17.31,72.58,1.71
Kolkata,2022,1,7,4.0322,17.76,74.46,2.31
Kolkata,2022,1,8,4.2809,18.44,80.7,2.09
Kolkata,2022,1,9,4.332,19.57,78.2,1.4
Kolkata,2022,1,10,3.5266,20.32,73.82,0.97
Kolkata,2022,1,11,3.1493,19.97,80.95,1.88
Kolkata,2022,1,12,1.656,18.43,87.6,1.79
Kolkata,2022,1,13,3.1416,18.29,85.97,2.31
Kolkata,2022,1,14,1.0111,17.65,85.25,2.86
Kolkata,2022,1,15,3.3394,16.62,78.83,3.03
Kolkata,2022,1,16,3.8597,15.77,80.52,3.91
Kolkata,2022,1,17,3.9329,14.31,80.39,3.21
Kolkata,2022,1,18,4.1234,14.06,80.14,2.81
Kolkata,2022,1,19,4.0121,15.36,80.19,2.72
Kolkata,2022,1,20,3.7354,15.96,71.99,2.09
Kolkata,2022,1,21,2.7811,18.32,67.72,0.91
Kolkata,2022,1,22,2.1391,19.09,81.54,2.01
Kolkata,2022,1,23,1.7753,19.83,86.14,3.06
Kolkata,2022,1,24,1.9973,19.14,92.89,2.18
Kolkata,2022,1,25,3.491,19.27,77.59,1.1
Kolkata,2022,1,26,3.067,18.65,79.59,1.77
Kolkata,2022,1,27,3.5114,16.39,75.49,3.3
Kolkata,2022,1,28,4.1352,13.99,75.39,2.87
Kolkata,2022,1,29,4.2742,13.6,72.89,3.18
Kolkata,2022,1,30,4.3495,15.09,67.04,2.11
Kolkata,2022,1,31,4.5936,17.23,68.88,2.22
Kolkata,2022,2,1,4.4861,18.44,73.72,2.15
Kolkata,2022,2,2,4.4983,19.9,60.56,0.93
Kolkata,2022,2,3,3.271,19.78,82.1,3.24
Kolkata,2022,2,4,1.1582,21,86.5,5.63
Kolkata,2022,2,5,4.8036,17.42,67.78,3.72
Kolkata,2022,2,6,5.0446,15.97,69.84,2.09
Kolkata,2022,2,7,4.7666,16.89,69.05,1.34
Kolkata,2022,2,8,4.3728,18.51,68.08,1.14
Kolkata,2022,2,9,3.8378,19.53,72.49,1.3
Kolkata,2022,2,10,1.9762,20.15,80.39,2.51
Kolkata,2022,2,11,3.0504,19.01,71.07,3.12
Kolkata,2022,2,12,4.7671,17.77,61.84,1.99
Kolkata,2022,2,13,5.4912,17.14,64.07,2.74
Kolkata,2022,2,14,5.3486,17.72,62.31,2.56
Kolkata,2022,2,15,5.4432,18.45,58.74,1.99
Kolkata,2022,2,16,5.0981,18.7,63.72,2.01
Kolkata,2022,2,17,4.5118,19.98,68,2.13
Kolkata,2022,2,18,4.5799,19.76,57.93,2.15
Kolkata,2022,2,19,5.0585,19.71,58.33,2.19
Kolkata,2022,2,20,2.0561,20.55,81.48,3.25
Kolkata,2022,2,21,4.8046,20.09,69.71,2.66
Kolkata,2022,2,22,4.1892,21.52,77.33,1.7
Kolkata,2022,2,23,4.5271,22.22,70.74,1.46
Kolkata,2022,2,24,4.7314,22.22,81.54,3.32
Kolkata,2022,2,25,3.3074,22.82,80.47,2.86
Kolkata,2022,2,26,5.3359,23.71,76.56,1.64
Kolkata,2022,2,27,4.5965,24.24,67.56,1.63
Kolkata,2022,2,28,5.3198,24.04,71.68,2.79
Kolkata,2022,3,1,4.5218,24.07,68.3,1.96
Kolkata,2022,3,2,5.095,23.84,65.76,2.14
Kolkata,2022,3,3,5.2553,23.48,62.56,1.78
Kolkata,2022,3,4,5.2622,23.24,58.63,2.08
Kolkata,2022,3,5,5.1754,23.82,67.25,2.58
Kolkata,2022,3,6,5.4494,23.84,61.46,2.25
Kolkata,2022,3,7,5.7912,22.3,61.81,3.22
Kolkata,2022,3,8,5.8339,22.87,61.9,2.95
Kolkata,2022,3,9,5.8553,23.39,56.09,2.62
Kolkata,2022,3,10,5.9561,23.56,54.87,2.52
Kolkata,2022,3,11,5.4449,23.72,56.44,2.8
Kolkata,2022,3,12,5.9436,24.42,57.47,2.59
Kolkata,2022,3,13,6.2712,24.03,59.35,2.68
Kolkata,2022,3,14,6.3413,24.82,56.66,2.7
Kolkata,2022,3,15,6.2609,25.89,51.66,2.31
Kolkata,2022,3,16,6.0338,26.16,69.53,3.71
Kolkata,2022,3,17,6.0329,27.03,71.05,3.77
Kolkata,2022,3,18,6.2474,26.94,66.7,3.17
Kolkata,2022,3,19,6.5054,26.68,62.74,3.32
Kolkata,2022,3,20,6.491,26.92,67.06,3.13
Kolkata,2022,3,21,5.9354,28.14,69.44,3.34
Kolkata,2022,3,22,5.5116,28.91,67.37,2.68
Kolkata,2022,3,23,4.7966,29.17,64.77,3.22
Kolkata,2022,3,24,5.5051,29.08,68.4,4.56
Kolkata,2022,3,25,4.2943,29.09,72.04,5.42
Kolkata,2022,3,26,3.6408,29.68,71.51,4.81
Kolkata,2022,3,27,4.9966,30.09,63.51,1.77
Kolkata,2022,3,28,6.0634,29.51,66.23,3.33
Kolkata,2022,3,29,5.8877,29.68,66.35,3.92
Kolkata,2022,3,30,5.2397,29.57,72.73,4.8
Kolkata,2022,3,31,5.1871,29.86,71.12,5.22
Kolkata,2022,4,1,4.9526,30.16,70.27,5.97
Kolkata,2022,4,2,4.1638,30.16,69.49,5.45
Kolkata,2022,4,3,5.2493,30.01,68.8,5.12
Kolkata,2022,4,4,5.1542,30.38,65.35,6.85
Kolkata,2022,4,5,5.545,30.1,64.43,5.86
Kolkata,2022,4,6,5.484,30.04,65.51,5.1
Kolkata,2022,4,7,6.006,30.54,62,4.6
Kolkata,2022,4,8,6.2014,30.67,61.13,5.07
Kolkata,2022,4,9,6.2654,31.07,62.94,4.86
Kolkata,2022,4,10,6.1426,31.07,65.04,5.97
Kolkata,2022,4,11,6.0835,31.67,64.27,5.2
Kolkata,2022,4,12,5.311,31.39,64.79,4.7
Kolkata,2022,4,13,5.9678,31.06,65.69,5.79
Kolkata,2022,4,14,5.3678,32.09,61.02,5.45
Kolkata,2022,4,15,5.731,33.32,55.9,4.65
Kolkata,2022,4,16,5.3369,33.03,56.24,4.84
Kolkata,2022,4,17,6.1932,32.73,58.4,5.04
Kolkata,2022,4,18,6.4802,32.67,58.29,4.45
Kolkata,2022,4,19,5.9086,31.94,62.17,5.6
Kolkata,2022,4,20,5.131,32.23,58.95,5.44
Kolkata,2022,4,21,5.4134,31.51,60.92,4.43
Kolkata,2022,4,22,4.6104,32.27,61.61,4.07
Kolkata,2022,4,23,6.2328,33.29,55.3,4.03
Kolkata,2022,4,24,6.6127,33.82,52.21,3.92
Kolkata,2022,4,25,6.4987,33.79,55.38,3.55
Kolkata,2022,4,26,6.4003,33.51,56.85,5.14
Kolkata,2022,4,27,6.385,33.3,58.65,5.29
Kolkata,2022,4,28,6.443,33.99,54.86,4.67
Kolkata,2022,4,29,6.1286,33.92,56.23,5.08
Kolkata,2022,4,30,4.7952,32.8,58.26,5.43
Kolkata,2022,5,1,5.5546,31.04,64.13,3.95
Kolkata,2022,5,2,5.4331,30.07,64.95,4.23
Kolkata,2022,5,3,3.845,29.69,69.36,4.09
Kolkata,2022,5,4,5.9201,30.26,69.52,3.51
Kolkata,2022,5,5,5.0971,30.06,69.81,1.89
Kolkata,2022,5,6,6.8045,30.25,67.81,2.03
Kolkata,2022,5,7,6.4265,31.38,59.9,1.85
Kolkata,2022,5,8,6.3089,30.88,65.92,2.83
Kolkata,2022,5,9,3.0617,29.51,73.16,4.5
Kolkata,2022,5,10,4.7309,28.59,80.26,4.48
Kolkata,2022,5,11,3.8477,29.48,77.49,5.26
Kolkata,2022,5,12,5.2733,30.2,75.45,6.2
Kolkata,2022,5,13,5.0916,30.72,74.93,7.73
Kolkata,2022,5,14,6.4042,31.15,74.33,8.2
Kolkata,2022,5,15,5.964,29.99,80.78,7.38
Kolkata,2022,5,16,5.9597,30,79.3,6.81
Kolkata,2022,5,17,6.2246,29.58,80.01,6.37
Kolkata,2022,5,18,5.9496,29.79,81.02,5.91
Kolkata,2022,5,19,3.9418,31.01,72.91,6.18
Kolkata,2022,5,20,6.6384,31.3,72.24,6.03
Kolkata,2022,5,21,5.7377,30.96,77.1,5.07
Kolkata,2022,5,22,3.3019,30.01,76.31,4.94
Kolkata,2022,5,23,6.4212,30.81,68.68,2.79
Kolkata,2022,5,24,6.053,31.34,65.22,1.54
Kolkata,2022,5,25,6.2866,31.29,67.32,2.86
Kolkata,2022,5,26,5.8826,31.8,64.16,3.51
Kolkata,2022,5,27,6.1337,32.09,63.43,3.81
Kolkata,2022,5,28,6.3686,32.65,63.69,2.13
Kolkata,2022,5,29,4.1218,32.9,63.18,2.13
Kolkata,2022,5,30,5.2776,31.15,71.33,2.85
Kolkata,2022,5,31,4.6714,31.13,71.29,2.77
Kolkata,2022,6,1,3.5669,30.41,76.12,3.37
Kolkata,2022,6,2,3.9564,31.09,70.52,4.14
Kolkata,2022,6,3,3.6948,30.19,78.42,4.85
Kolkata,2022,6,4,5.1787,30.97,74.24,5.77
Kolkata,2022,6,5,5.7293,31.22,72.04,5.71
Kolkata,2022,6,6,5.3057,31.24,69.53,5.66
Kolkata,2022,6,7,5.8387,31.74,70.82,5.44
Kolkata,2022,6,8,4.4568,30.49,78.67,5.3
Kolkata,2022,6,9,4.2475,31.21,76.58,5.33
Kolkata,2022,6,10,3.901,30.27,76.5,5.29
Kolkata,2022,6,11,2.9604,30.28,77.02,5.65
Kolkata,2022,6,12,5.1854,30.62,77.5,5.19
Kolkata,2022,6,13,5.527,31.62,72.3,6.16
Kolkata,2022,6,14,5.3424,30.43,79.99,6.84
Kolkata,2022,6,15,3.1795,30.05,79.74,5.95
Kolkata,2022,6,16,4.2684,29.52,81.05,6.52
Kolkata,2022,6,17,4.049,29.11,82.98,6.8
Kolkata,2022,6,18,2.4857,28.68,84.87,6.69
Kolkata,2022,6,19,4.297,28.71,82.91,6.15
Kolkata,2022,6,20,3.9,28.3,84.54,6.07
Kolkata,2022,6,21,5.1559,28.45,83.72,3.72
Kolkata,2022,6,22,3.2359,28.03,83.31,3.2
Kolkata,2022,6,23,4.7722,28.94,77.6,2.91
Kolkata,2022,6,24,4.0195,28.85,80.83,4
Kolkata,2022,6,25,4.3394,29.32,78.63,4.51
Kolkata,2022,6,26,5.4775,29.11,79.29,4.22
Kolkata,2022,6,27,6.2198,29.52,78.32,4.03
Kolkata,2022,6,28,5.5889,29.41,79.2,4.02
Kolkata,2022,6,29,4.4654,29.39,81.61,3.92
Kolkata,2022,6,30,3.4049,29.21,82.2,2.86
Kolkata,2022,7,1,3.4733,29.2,84.72,3.1
Kolkata,2022,7,2,4.2413,28.76,86.3,1.94
Kolkata,2022,7,3,3.8129,28.53,86.99,2.84
Kolkata,2022,7,4,5.4538,29.11,82.89,2.39
Kolkata,2022,7,5,5.2783,29.29,81.24,3.06
Kolkata,2022,7,6,4.0346,28.48,87.88,3.78
Kolkata,2022,7,7,5.772,28.81,82.48,3.48
Kolkata,2022,7,8,5.1031,28.75,83.98,4.03
Kolkata,2022,7,9,5.5951,28.84,81.72,4.55
Kolkata,2022,7,10,5.0707,28.96,83.14,4.49
Kolkata,2022,7,11,4.9224,28.79,83.36,5.69
Kolkata,2022,7,12,5.2073,29.24,82.93,6.24
Kolkata,2022,7,13,5.0484,29.34,83.9,6.47
Kolkata,2022,7,14,4.7681,28.55,85.56,5.78
Kolkata,2022,7,15,5.3407,29.16,82.68,5.57
Kolkata,2022,7,16,4.9315,29.34,83.35,5.45
Kolkata,2022,7,17,5.161,29.31,84.02,6.23
Kolkata,2022,7,18,5.2409,29.3,80.02,5.25
Kolkata,2022,7,19,5.0378,29.16,82.22,4.64
Kolkata,2022,7,20,4.8624,29.73,79.91,4.32
Kolkata,2022,7,21,4.0128,29.73,81.51,3.03
Kolkata,2022,7,22,4.5775,28.69,86.86,2.61
Kolkata,2022,7,23,3.295,28.62,85.15,3.99
Kolkata,2022,7,24,2.4566,28.04,87.12,4.3
Kolkata,2022,7,25,3.6038,27.89,86.18,4.33
Kolkata,2022,7,26,4.6229,28.19,82.53,3.12
Kolkata,2022,7,27,5.4566,28.42,82.78,2.75
Kolkata,2022,7,28,5.3626,28.53,83.56,1.86
Kolkata,2022,7,29,5.4727,29.16,82.86,2.56
Kolkata,2022,7,30,5.772,28.89,87.25,3.5
Kolkata,2022,7,31,3.9708,28.63,89.94,3.73
Kolkata,2022,8,1,3.137,28.83,88.78,3.05
Kolkata,2022,8,2,3.6658,29.54,84.44,2.24
Kolkata,2022,8,3,2.5459,28.56,88.17,2.28
Kolkata,2022,8,4,4.793,28.98,83.41,2.34
Kolkata,2022,8,5,4.2264,29.13,86.54,2.83
Kolkata,2022,8,6,4.0462,28.78,86.3,2.34
Kolkata,2022,8,7,5.2426,29.17,85.96,3.62
Kolkata,2022,8,8,3.7116,28.39,87.02,5.22
Kolkata,2022,8,9,4.0382,28.06,89.06,6.26
Kolkata,2022,8,10,2.8322,27.8,91.67,5.46
Kolkata,2022,8,11,3.3941,27.65,88.94,2.66
Kolkata,2022,8,12,5.0705,28.68,83.71,1.81
Kolkata,2022,8,13,5.1086,28.98,85.15,3.25
Kolkata,2022,8,14,1.7976,27.74,91.01,7.36
Kolkata,2022,8,15,3.3936,27.82,88.9,6.47
Kolkata,2022,8,16,5.7562,28.85,84.24,3
Kolkata,2022,8,17,5.845,28.96,86,2.69
Kolkata,2022,8,18,4.7957,28.56,89.28,3.28
Kolkata,2022,8,19,2.2186,28.25,89.31,5.77
Kolkata,2022,8,20,2.9731,27.59,89.84,7.77
Kolkata,2022,8,21,4.505,28.45,86.8,3.93
Kolkata,2022,8,22,5.4518,28.93,84.84,2.04
Kolkata,2022,8,23,3.27,28.24,87.61,1.69
Kolkata,2022,8,24,3.2462,28.05,87.96,3.8
Kolkata,2022,8,25,4.9757,28.33,86.47,3.81
Kolkata,2022,8,26,5.2421,28.13,86.05,3.17
Kolkata,2022,8,27,4.0702,27.96,90.28,4.41
Kolkata,2022,8,28,4.1282,27.98,89.39,4.55
Kolkata,2022,8,29,5.567,28.41,86.32,3.08
Kolkata,2022,8,30,6.3557,28.66,85.1,2.14
Kolkata,2022,8,31,5.7816,28.54,87.65,2.99
Kolkata,2022,9,1,5.3256,28.04,89.85,3.15
Kolkata,2022,9,2,5.9834,28.23,88.5,3.02
Kolkata,2022,9,3,4.8962,28.73,87.82,3.65
Kolkata,2022,9,4,4.3826,28.62,89.79,3.02
Kolkata,2022,9,5,4.223,28.56,88.35,2.39
Kolkata,2022,9,6,3.8359,28.65,87.21,1.49
Kolkata,2022,9,7,5.4528,28.19,89.25,2.19
Kolkata,2022,9,8,6.0362,28.74,87.21,2.69
Kolkata,2022,9,9,4.4842,27.92,90.23,2.88
Kolkata,2022,9,10,4.2197,27.39,93.05,3.76
Kolkata,2022,9,11,2.6422,27.21,94.78,4.79
Kolkata,2022,9,12,0.9655,27.61,94.52,4.91
Kolkata,2022,9,13,1.3934,27.66,93.67,5.33
Kolkata,2022,9,14,2.5042,27.2,94.17,4.54
Kolkata,2022,9,15,2.8282,27.66,90.81,2.48
Kolkata,2022,9,16,4.0306,27.81,90.7,2.79
Kolkata,2022,9,17,2.6419,27.64,91.07,2.88
Kolkata,2022,9,18,4.9322,27.98,88.9,1.6
Kolkata,2022,9,19,4.2396,27.94,90.09,3.26
Kolkata,2022,9,20,3.7442,27.69,91.49,5.12
Kolkata,2022,9,21,4.2912,27.87,89.16,4.12
Kolkata,2022,9,22,4.8274,28,88.1,3.46
Kolkata,2022,9,23,4.8096,27.89,88.76,3.56
Kolkata,2022,9,24,5.0978,27.8,88,2.92
Kolkata,2022,9,25,4.8281,27.48,88.63,2.12
Kolkata,2022,9,26,4.9306,27.96,84.49,1.7
Kolkata,2022,9,27,4.9546,27.83,84.25,1.18
Kolkata,2022,9,28,4.284,28.21,85.33,1.35
Kolkata,2022,9,29,5.3155,28.42,85.06,1.3
Kolkata,2022,9,30,4.8468,28.29,83.39,1.85
Kolkata,2022,10,1,4.4424,28.3,85.26,1.52
Kolkata,2022,10,2,2.5553,26.67,94.12,2.11
Kolkata,2022,10,3,2.7749,27.26,90.9,2.78
Kolkata,2022,10,4,4.3682,27.43,92.85,3.83
Kolkata,2022,10,5,4.0368,27.51,90.69,3.2
Kolkata,2022,10,6,4.2269,27.1,89.38,2.91
Kolkata,2022,10,7,4.8686,27.04,88.45,1.77
Kolkata,2022,10,8,5.6352,27.55,84.97,1.58
Kolkata,2022,10,9,5.1838,26.82,91.04,2.28
Kolkata,2022,10,10,5.2058,26.55,91.15,2.25
Kolkata,2022,10,11,4.5655,26.8,91.57,3.02
Kolkata,2022,10,12,4.3913,27.05,90.07,2.26
Kolkata,2022,10,13,4.9234,26.71,88.62,1.73
Kolkata,2022,10,14,4.2912,27.53,82.61,0.91
Kolkata,2022,10,15,5.459,27.18,86.38,1.98
Kolkata,2022,10,16,5.443,26.11,84.36,2.56
Kolkata,2022,10,17,5.5723,26.2,83.47,2.33
Kolkata,2022,10,18,4.9092,26.65,82.68,2.2
Kolkata,2022,10,19,3.6406,25.82,85.7,2.53
Kolkata,2022,10,20,5.0669,25.05,85.67,3.5
Kolkata,2022,10,21,5.2613,24.55,84.84,3.4
Kolkata,2022,10,22,5.4382,25.41,84.11,3.62
Kolkata,2022,10,23,3.0372,24.72,89.58,3.32
Kolkata,2022,10,24,0.8441,23.47,93.62,6.84
Kolkata,2022,10,25,4.9891,25.14,83.89,2.68
Kolkata,2022,10,26,5.0448,25.95,77.41,1.71
Kolkata,2022,10,27,4.4076,25.44,75.79,1.77
Kolkata,2022,10,28,4.2852,23.75,79.18,2.44
Kolkata,2022,10,29,4.879,23.02,76.85,2.39
Kolkata,2022,10,30,5.1389,23.54,82.22,2.34
Kolkata,2022,10,31,5.021,24.12,80.7,2.26
Kolkata,2022,11,1,5.125,24.45,83.45,2.45
Kolkata,2022,11,2,4.8382,24.37,81.19,2.82
Kolkata,2022,11,3,3.6163,23.15,77.01,2.48
Kolkata,2022,11,4,4.4131,23.39,72.83,1.79
Kolkata,2022,11,5,4.2821,24.34,73.02,1.44
Kolkata,2022,11,6,4.4345,23.98,74.28,1.53
Kolkata,2022,11,7,4.2396,23.39,76.41,1.8
Kolkata,2022,11,8,3.8626,23.25,79.04,1.94
Kolkata,2022,11,9,4.0898,23.32,79.01,2.21
Kolkata,2022,11,10,4.1544,23.44,77.32,2.17
Kolkata,2022,11,11,4.35,22.41,78.55,2.32
Kolkata,2022,11,12,4.0663,22.01,81.38,2.78
Kolkata,2022,11,13,4.2408,20.56,74.15,2.8
Kolkata,2022,11,14,4.4501,19.78,71.35,2.69
Kolkata,2022,11,15,4.5598,19.72,72.5,2.55
Kolkata,2022,11,16,4.4395,19.73,76.36,2.54
Kolkata,2022,11,17,4.2415,20.59,77.93,2.81
Kolkata,2022,11,18,3.8849,19.79,80.31,3.5
Kolkata,2022,11,19,3.9739,18.69,77.44,3.49
Kolkata,2022,11,20,3.8304,19.93,78.48,3.15
Kolkata,2022,11,21,4.3764,19.55,75.29,3.15
Kolkata,2022,11,22,4.2115,19.05,76.75,2.95
Kolkata,2022,11,23,4.0238,18.81,79.78,2.99
Kolkata,2022,11,24,4.0042,18.34,74.53,3.02
Kolkata,2022,11,25,4.1705,17.95,77.68,3.32
Kolkata,2022,11,26,4.1575,18.42,77.13,2.73
Kolkata,2022,11,27,4.1194,18.99,75.39,2.2
Kolkata,2022,11,28,4.1016,19.62,80.06,2.34
Kolkata,2022,11,29,3.5854,20.75,78.07,2.48
Kolkata,2022,11,30,3.9454,20.94,78.14,2.96
Kolkata,2022,12,1,4.103,19.75,76.74,3.3
Kolkata,2022,12,2,3.8119,18.28,73.71,3.11
Kolkata,2022,12,3,3.8369,17.39,72.73,2.94
Kolkata,2022,12,4,3.8995,17.65,75.9,3.05
Kolkata,2022,12,5,3.8647,17.53,76.78,3.05
Kolkata,2022,12,6,3.8206,17.22,78.84,3.25
Kolkata,2022,12,7,3.3427,16.66,77.13,2.99
Kolkata,2022,12,8,3.2292,16.62,75.44,3.16
Kolkata,2022,12,9,3.7164,17.56,76.36,2.51
Kolkata,2022,12,10,3.1193,18.53,72.9,2.7
Kolkata,2022,12,11,3.7519,18.77,73.73,2.59
Kolkata,2022,12,12,3.4294,19.22,70.91,2.17
Kolkata,2022,12,13,3.2098,20.02,70.55,2.17
Kolkata,2022,12,14,3.635,19.47,71.19,2.82
Kolkata,2022,12,15,3.7898,18.43,66.66,2.5
Kolkata,2022,12,16,4.1988,17.26,66.65,2.92
Kolkata,2022,12,17,3.9084,16.21,69.01,3.02
Kolkata,2022,12,18,2.9081,16.26,76.01,2.96
Kolkata,2022,12,19,3.2606,17.75,81.18,2.9
Kolkata,2022,12,20,3.1661,17.72,75.56,2.58
Kolkata,2022,12,21,3.1742,17.32,71.79,2.71
Kolkata,2022,12,22,2.8363,17.15,72.34,2.41
Kolkata,2022,12,23,3.6706,18.56,62.34,2.12
Kolkata,2022,12,24,3.7769,19.54,62.79,1.71
Kolkata,2022,12,25,3.4826,19.64,77.64,2.51
Kolkata,2022,12,26,3.6667,21.06,76.37,2.27
Kolkata,2022,12,27,3.0691,21.94,74.98,2.49
Kolkata,2022,12,28,2.3004,19.82,71.8,2.86
Kolkata,2022,12,29,3.372,17.01,64.3,2.4
Kolkata,2022,12,30,3.2959,17.01,59.75,2.18
Kolkata,2022,12,31,3.0307,19.01,57.84,1.15
Kolkata,2023,1,1,2.2951,18.4,72.31,1.94
Kolkata,2023,1,2,2.3107,17.99,73.74,2.39
Kolkata,2023,1,3,2.5044,16.9,70.1,2.93
Kolkata,2023,1,4,2.2973,15.67,67.75,3.46
Kolkata,2023,1,5,3.1843,15.51,69.21,3.74
Kolkata,2023,1,6,4.1141,14.83,64.64,3.97
Kolkata,2023,1,7,3.8414,14.73,66.05,3.76
Kolkata,2023,1,8,3.6252,15.46,63.29,3.37
Kolkata,2023,1,9,4.0282,16.38,63.24,3.26
Kolkata,2023,1,10,4.127,16.6,60.65,3.27
Kolkata,2023,1,11,3.8993,16,60.69,3.1
Kolkata,2023,1,12,4.0824,17.09,56.96,2.33
Kolkata,2023,1,13,3.1925,19.29,64.24,1.8
Kolkata,2023,1,14,2.6191,20.47,70.42,2.17
Kolkata,2023,1,15,2.5378,20.02,67,2.35
Kolkata,2023,1,16,2.7895,18.65,68.77,2.56
Kolkata,2023,1,17,2.424,18.49,67.99,2.24
Kolkata,2023,1,18,1.6769,17.91,71.71,2.26
Kolkata,2023,1,19,2.1324,17.74,66.17,2.7
Kolkata,2023,1,20,3.2278,17.94,55.57,2.23
Kolkata,2023,1,21,3.2796,19.82,55.59,1.88
Kolkata,2023,1,22,2.9942,20.54,65.72,2.12
Kolkata,2023,1,23,2.8102,21.13,64.68,2.6
Kolkata,2023,1,24,2.5726,22.18,62.45,1.88
Kolkata,2023,1,25,2.9453,22.42,61.35,1.83
Kolkata,2023,1,26,3.666,22.42,66.03,2.31
Kolkata,2023,1,27,4.0018,22.43,63.53,3.13
Kolkata,2023,1,28,4.0166,21.79,63.56,3.19
Kolkata,2023,1,29,4.4832,20.95,50.36,3.18
Kolkata,2023,1,30,4.3555,21.18,50.33,2.6
Kolkata,2023,1,31,3.0444,20.79,47.31,3.43
Kolkata,2023,2,1,3.241,21.43,56.03,4.05
Kolkata,2023,2,2,5.0424,19.19,46.01,3.7
Kolkata,2023,2,3,4.8953,18.37,45.73,3.77
Kolkata,2023,2,4,4.5062,19.1,46.65,3.06
Kolkata,2023,2,5,4.8974,20.68,46.14,2.56
Kolkata,2023,2,6,4.8612,21.24,49.86,2.69
Kolkata,2023,2,7,4.5955,22.22,62.63,2.95
Kolkata,2023,2,8,4.5454,22.83,59.2,3.16
Kolkata,2023,2,9,4.013,22.68,47.72,1.96
Kolkata,2023,2,10,4.6462,21.93,46.13,2.34
Kolkata,2023,2,11,4.5773,23.73,61.68,3.36
Kolkata,2023,2,12,4.9181,23.51,55.19,3.36
Kolkata,2023,2,13,5.9846,20.88,31.74,3.39
Kolkata,2023,2,14,5.5099,21.22,30.54,2.12
Kolkata,2023,2,15,5.0834,21.01,36.48,1.91
Kolkata,2023,2,16,4.7786,22.37,42.73,1.24
Kolkata,2023,2,17,3.2861,22.7,53.22,1.67
Kolkata,2023,2,18,2.6546,23.08,67.36,2.01
Kolkata,2023,2,19,3.7663,23.83,66.73,2.23
Kolkata,2023,2,20,4.0217,24.74,66.51,2.89
Kolkata,2023,2,21,4.1352,25.7,69.55,3.33
Kolkata,2023,2,22,4.967,26.35,67.67,4.51
Kolkata,2023,2,23,5.1991,26.33,59.96,2.48
Kolkata,2023,2,24,4.5437,26.69,61.93,2.57
Kolkata,2023,2,25,4.2355,26.36,37.95,1.92
Kolkata,2023,2,26,4.9558,26.01,37.69,1.84
Kolkata,2023,2,27,4.9193,26.08,55.23,2.31
Kolkata,2023,2,28,5.1365,26.07,50.92,2.39
Kolkata,2023,3,1,5.2591,26.78,52.95,1.97
Kolkata,2023,3,2,5.4019,27.03,42.92,2.62
Kolkata,2023,3,3,5.6052,27.12,31.64,2.86
Kolkata,2023,3,4,4.9349,27.45,36.28,3.14
Kolkata,2023,3,5,6.0269,27.48,35.72,3.4
Kolkata,2023,3,6,5.585,27.79,34.64,2.77
Kolkata,2023,3,7,5.5003,28.21,39.06,2.21
Kolkata,2023,3,8,4.2893,28.61,40.24,1.72
Kolkata,2023,3,9,4.3003,27.55,35.3,2.22
Kolkata,2023,3,10,2.6899,27.37,38.28,1.99
Kolkata,2023,3,11,3.6086,28.06,47.02,1.92
Kolkata,2023,3,12,4.9637,28.68,43.74,1.93
Kolkata,2023,3,13,5.0117,29.21,39.6,1.88
Kolkata,2023,3,14,3.7061,28.59,55.63,4.13
Kolkata,2023,3,15,3.8275,28.85,52.36,3.38
Kolkata,2023,3,16,3.7745,26.54,68.17,3.88
Kolkata,2023,3,17,1.907,25.9,68.67,2.75
Kolkata,2023,3,18,2.8613,26.54,62.48,2.42
Kolkata,2023,3,19,2.4518,23.69,82.78,3.59
Kolkata,2023,3,20,4.2979,25.3,67.46,4.16
Kolkata,2023,3,21,4.7477,26.55,64.54,2.8
Kolkata,2023,3,22,5.694,26.55,58.93,2.51
Kolkata,2023,3,23,4.992,27.44,53.57,2.11
Kolkata,2023,3,24,5.3074,27.57,59.65,2.19
Kolkata,2023,3,25,5.3326,28.84,63.2,3.21
Kolkata,2023,3,26,5.3136,29.21,64.9,3.74
Kolkata,2023,3,27,4.1124,28.79,64.14,2.91
Kolkata,2023,3,28,5.6698,29.48,60.21,2.34
Kolkata,2023,3,29,5.2195,29.54,62.75,4.04
Kolkata,2023,3,30,5.2673,29.36,66.89,4.08
Kolkata,2023,3,31,2.6818,27.8,72.6,3.13
Kolkata,2023,4,1,3.115,25.88,79.27,2.37
Kolkata,2023,4,2,6.2837,27.55,63.78,2.93
Kolkata,2023,4,3,6.3355,29.01,56.69,3.27
Kolkata,2023,4,4,6.2995,29.86,60.08,3.38
Kolkata,2023,4,5,5.9866,30.51,55.62,3.62
Kolkata,2023,4,6,6.5477,30.3,38.98,2.28
Kolkata,2023,4,7,6.5213,30.39,40.85,2.43
Kolkata,2023,4,8,6.2542,30.35,46.04,2.5
Kolkata,2023,4,9,6.1932,30.91,44.73,2.71
Kolkata,2023,4,10,5.9762,31.57,43.96,2.2
Kolkata,2023,4,11,6.0984,31.86,39.06,2.54
Kolkata,2023,4,12,7.1278,31.06,29.79,3.08
Kolkata,2023,4,13,7.2535,32.06,29.45,3.19
Kolkata,2023,4,14,6.6857,33.68,39.97,2.53
Kolkata,2023,4,15,5.6208,33.89,46.84,1.92
Kolkata,2023,4,16,5.5498,33.69,50.02,1.96
Kolkata,2023,4,17,6.0029,33.8,54.29,3.9
Kolkata,2023,4,18,5.4619,34.03,55.48,3.29
Kolkata,2023,4,19,5.9537,34.6,52.01,3.27
Kolkata,2023,4,20,6.0857,34.94,46.14,3.26
Kolkata,2023,4,21,4.068,34.48,40.95,4.05
Kolkata,2023,4,22,5.4377,33.56,33,2.91
Kolkata,2023,4,23,3.7822,31.81,45.09,2.22
Kolkata,2023,4,24,3.8731,30.89,53.22,3.29
Kolkata,2023,4,25,5.9935,30.79,53.59,2.14
Kolkata,2023,4,26,6.0583,32,51.67,2.72
Kolkata,2023,4,27,5.5956,32.44,52.6,2.96
Kolkata,2023,4,28,5.4235,30.21,65.53,3.12
Kolkata,2023,4,29,5.4142,31.53,60.61,3.11
Kolkata,2023,4,30,4.1952,31.84,59.51,1.94
Kolkata,2023,5,1,3.5554,28.34,63.54,2.62
Kolkata,2023,5,2,6.9161,30.49,54.99,2.8
Kolkata,2023,5,3,4.8398,30.43,62.15,4.11
Kolkata,2023,5,4,4.7362,30.04,62.8,4.17
Kolkata,2023,5,5,5.868,30.9,61.84,3.11
Kolkata,2023,5,6,5.1754,31.99,60.61,2.88
Kolkata,2023,5,7,6.9391,32.54,57.17,3.05
Kolkata,2023,5,8,6.7526,33.5,55.68,3.32
Kolkata,2023,5,9,5.562,33.83,49.92,3.51
Kolkata,2023,5,10,6.0622,33.99,54.75,4.27
Kolkata,2023,5,11,6.5203,33.36,57.21,3.82
Kolkata,2023,5,12,4.7335,32.69,55.56,2.46
Kolkata,2023,5,13,4.3548,32.77,56.22,3.49
Kolkata,2023,5,14,5.4852,33.3,47.16,5.19
Kolkata,2023,5,15,6.0826,32.43,51.6,4.23
Kolkata,2023,5,16,5.4494,32.46,66.86,4.74
Kolkata,2023,5,17,6.5239,32.57,64.99,5.78
Kolkata,2023,5,18,5.5526,31.45,70.8,5.28
Kolkata,2023,5,19,6.0804,31.93,71.09,4.89
Kolkata,2023,5,20,6.4865,32.67,62.08,4.59
Kolkata,2023,5,21,5.575,32.34,65.52,5.39
Kolkata,2023,5,22,6.593,31.88,67.23,5.71
Kolkata,2023,5,23,6.3826,32.23,67.13,3.66
Kolkata,2023,5,24,5.2594,32.02,65.4,2.77
Kolkata,2023,5,25,6.3828,30.98,73.21,3.46
Kolkata,2023,5,26,5.6278,31.52,67.97,3.33
Kolkata,2023,5,27,5.7535,31.78,63.13,2.26
Kolkata,2023,5,28,6.6106,31.4,59.45,1.58
Kolkata,2023,5,29,6.6643,32.07,60.39,2.04
Kolkata,2023,5,30,6.2153,33.08,59.38,2.87
Kolkata,2023,5,31,6.2424,33.7,59.68,2.89
Kolkata,2023,6,1,5.6494,33.27,60.42,2.78
Kolkata,2023,6,2,5.6402,33.91,59.04,3.31
Kolkata,2023,6,3,6.3782,33.31,61.74,4.13
Kolkata,2023,6,4,6.3871,33.45,61.29,3.78
Kolkata,2023,6,5,6.7973,33.65,60.35,3.45
Kolkata,2023,6,6,5.9227,34.26,56.56,3.36
Kolkata,2023,6,7,5.1847,34.34,56.34,3.27
Kolkata,2023,6,8,3.2597,34.02,57.66,3.69
Kolkata,2023,6,9,3.8122,33.04,62.74,5.48
Kolkata,2023,6,10,3.6636,32.25,63.7,4.37
Kolkata,2023,6,11,5.6155,33.85,61.49,3.72
Kolkata,2023,6,12,4.1534,32.47,67.44,4.82
Kolkata,2023,6,13,6.067,33.32,66.47,3.47
Kolkata,2023,6,14,6.2009,33.46,66.09,5.97
Kolkata,2023,6,15,5.568,35.3,57.56,6.38
Kolkata,2023,6,16,5.1526,34.54,61.22,5.39
Kolkata,2023,6,17,4.9838,33.52,65.21,6.15
Kolkata,2023,6,18,2.9782,32.46,68.38,6.05
Kolkata,2023,6,19,1.7899,30.15,80.59,4.86
Kolkata,2023,6,20,4.7131,30.16,78.37,4.68
Kolkata,2023,6,21,4.9908,29.43,84.18,4.01
Kolkata,2023,6,22,3.5671,30.35,75.1,4.05
Kolkata,2023,6,23,4.9841,30.7,73.61,2.8
Kolkata,2023,6,24,3.6722,30.34,76.86,3.24
Kolkata,2023,6,25,3.8995,29.88,77.83,5.66
Kolkata,2023,6,26,2.7878,28.35,85.51,3.22
Kolkata,2023,6,27,2.706,28.65,85.04,4.99
Kolkata,2023,6,28,1.2178,28.62,87.11,5.56
Kolkata,2023,6,29,2.2246,28.16,90.99,4.33
Kolkata,2023,6,30,5.0066,28.95,88.5,4.01
Kolkata,2023,7,1,4.2358,29.74,83.65,2.88
Kolkata,2023,7,2,5.4977,30.01,84.26,3.85
Kolkata,2023,7,3,5.382,29.26,87.55,2.96
Kolkata,2023,7,4,6.1944,29.83,83.33,2.64
Kolkata,2023,7,5,4.7527,29.77,84.41,3.32
Kolkata,2023,7,6,3.6684,29.51,83.35,5.14
Kolkata,2023,7,7,4.5031,28.9,88.37,4.28
Kolkata,2023,7,8,5.1394,29.73,83.75,3.33
Kolkata,2023,7,9,5.8658,29.62,82.48,3.77
Kolkata,2023,7,10,3.6672,30.29,80.67,3.83
Kolkata,2023,7,11,5.0945,29.83,78.79,4.84
Kolkata,2023,7,12,4.7222,29,81.96,3.89
Kolkata,2023,7,13,4.9032,29.14,84.01,2.71
Kolkata,2023,7,14,3.93,29.07,85.68,3.51
Kolkata,2023,7,15,4.7364,29.58,82.9,1.9
Kolkata,2023,7,16,4.4705,29.21,83.62,3.89
Kolkata,2023,7,17,4.2936,29.39,84.32,2.93
Kolkata,2023,7,18,5.2615,29.06,85.97,4.24
Kolkata,2023,7,19,5.2058,29.42,84.23,4.73
Kolkata,2023,7,20,5.4833,29.71,84.8,5.05
Kolkata,2023,7,21,1.7549,29.25,88.19,4.37
Kolkata,2023,7,22,3.7337,29.16,87.5,5.16
Kolkata,2023,7,23,5.359,29.36,85.75,4.74
Kolkata,2023,7,24,5.3748,29.64,83.3,4
Kolkata,2023,7,25,4.3109,29.73,83.61,4.37
Kolkata,2023,7,26,4.8768,29.53,84.96,5.73
Kolkata,2023,7,27,5.141,29.57,84.1,5.37
Kolkata,2023,7,28,4.5773,29.68,85.27,4.33
Kolkata,2023,7,29,3.685,30.27,84.99,3.13
Kolkata,2023,7,30,5.0604,30.55,83.21,2.19
Kolkata,2023,7,31,5.0549,30.32,83.94,1.49
Kolkata,2023,8,1,4.0423,30.15,86.98,2.7
Kolkata,2023,8,2,3.1759,29.23,88.67,6.14
Kolkata,2023,8,3,4.5713,29.31,84.68,6.27
Kolkata,2023,8,4,3.9564,28.91,83.65,5.05
Kolkata,2023,8,5,2.9206,29.18,83.97,4.92
Kolkata,2023,8,6,1.5223,29.14,85.42,5.91
Kolkata,2023,8,7,1.2866,27.89,90.29,5.76
Kolkata,2023,8,8,2.9558,28.35,85.23,5.05
Kolkata,2023,8,9,4.0618,28.98,84.71,3.57
Kolkata,2023,8,10,3.2402,29.51,81.35,1.72
Kolkata,2023,8,11,4.3435,29.32,82.85,2.52
Kolkata,2023,8,12,3.15,27.62,89.22,3.58
Kolkata,2023,8,13,2.8116,28.23,87.94,2.4
Kolkata,2023,8,14,4.2271,29.11,83.23,1.7
Kolkata,2023,8,15,4.4911,28.78,86.41,1.89
Kolkata,2023,8,16,4.3598,29.02,86.65,2.17
Kolkata,2023,8,17,3.6295,28.46,90.8,2.4
Kolkata,2023,8,18,4.2283,28.63,86.79,4.15
Kolkata,2023,8,19,5.0376,28.91,86.78,4.34
Kolkata,2023,8,20,5.4216,28.75,85.13,3.82
Kolkata,2023,8,21,5.2111,28.63,85.97,3.32
Kolkata,2023,8,22,3.8042,28.57,90.93,4.1
Kolkata,2023,8,23,2.868,28.76,89.93,2.98
Kolkata,2023,8,24,3.2923,28.12,92.19,2.88
Kolkata,2023,8,25,1.1352,27.67,91.42,3.58
Kolkata,2023,8,26,2.6388,28.35,87.97,4.28
Kolkata,2023,8,27,5.0621,28.75,86.92,3.5
Kolkata,2023,8,28,5.034,29.34,81.28,3.16
Kolkata,2023,8,29,4.9534,29.29,80.49,2.18
Kolkata,2023,8,30,4.7443,29.73,78.69,2.03
Kolkata,2023,8,31,4.308,30.03,79.18,1.31
Kolkata,2023,9,1,4.4429,29.1,86.34,2.46
Kolkata,2023,9,2,3.5861,29.72,84.56,1.41
Kolkata,2023,9,3,4.3906,29.05,87.63,1.88
Kolkata,2023,9,4,2.634,27.8,91.97,3.09
Kolkata,2023,9,5,3.3814,28.22,90.65,3.33
Kolkata,2023,9,6,4.9918,28.27,91.57,3.21
Kolkata,2023,9,7,3.0418,28.37,91.92,3.26
Kolkata,2023,9,8,2.3746,27.7,92.66,3.35
Kolkata,2023,9,9,5.1276,28.35,88.18,2.74
Kolkata,2023,9,10,5.2718,28.7,87.57,2.84
Kolkata,2023,9,11,4.8833,28.47,88.24,1.86
Kolkata,2023,9,12,3.9022,29.2,84.71,1.13
Kolkata,2023,9,13,4.6087,28.41,89.48,4.21
Kolkata,2023,9,14,2.2253,28.12,92.46,5.66
Kolkata,2023,9,15,3.2002,27.99,93,3.69
Kolkata,2023,9,16,4.7827,29.02,85.01,1.23
Kolkata,2023,9,17,5.9232,29.13,85.61,1.95
Kolkata,2023,9,18,3.4514,28.49,89.07,1.98
Kolkata,2023,9,19,3.5249,28.15,89.6,2.51
Kolkata,2023,9,20,2.0443,27.52,92.69,3.53
Kolkata,2023,9,21,1.5835,27.81,92.23,5.66
Kolkata,2023,9,22,2.0249,27.74,92.51,4.62
Kolkata,2023,9,23,3.5174,27.9,90.99,3.97
Kolkata,2023,9,24,2.544,27.78,91.18,2.51
Kolkata,2023,9,25,4.0555,27.76,90.46,2.16
Kolkata,2023,9,26,4.8533,28.34,87.11,1.8
Kolkata,2023,9,27,5.3328,28.64,85.85,1.44
Kolkata,2023,9,28,5.0534,28.49,88.85,1.89
Kolkata,2023,9,29,1.4578,28.4,90.82,2.82
Kolkata,2023,9,30,1.7976,27.23,94.6,4.98
Kolkata,2023,10,1,3.5225,27.62,91.91,5.04
Kolkata,2023,10,2,2.4161,27.98,89.99,3.39
Kolkata,2023,10,3,1.6805,27.17,92.06,3.56
Kolkata,2023,10,4,1.3416,27.58,93.84,5.83
Kolkata,2023,10,5,2.333,27.27,92.8,5.28
Kolkata,2023,10,6,3.7598,27.6,90.08,3.47
Kolkata,2023,10,7,4.0032,28.32,87.15,1.65
Kolkata,2023,10,8,4.7671,28.53,86.51,1.99
Kolkata,2023,10,9,4.4338,28.33,83.66,2.37
Kolkata,2023,10,10,5.0042,28.59,81.31,1.96
Kolkata,2023,10,11,4.7839,28.49,78.77,1.76
Kolkata,2023,10,12,4.919,28.26,75.89,1.71
Kolkata,2023,10,13,5.1283,27.79,68.83,1.59
Kolkata,2023,10,14,4.903,26.95,73.54,2.02
Kolkata,2023,10,15,5.1338,25.63,76.88,2.08
Kolkata,2023,10,16,4.8288,26.57,76.33,1.68
Kolkata,2023,10,17,4.5058,27.12,73.63,0.99
Kolkata,2023,10,18,4.3824,26,83.92,2.21
Kolkata,2023,10,19,4.8396,25.37,83.7,2.37
Kolkata,2023,10,20,5.1905,24.57,83.23,2.56
Kolkata,2023,10,21,5.4619,23.84,83.34,2.9
Kolkata,2023,10,22,4.2338,24.56,82.7,2.45
Kolkata,2023,10,23,3.0348,25.25,87.73,2.28
Kolkata,2023,10,24,3.3386,25.4,88.58,3.68
Kolkata,2023,10,25,4.721,25.33,88.59,2.7
Kolkata,2023,10,26,4.6418,25.49,81.3,2.12
Kolkata,2023,10,27,3.0955,24.99,81.36,1.93
Kolkata,2023,10,28,3.732,24.08,78.23,2.26
Kolkata,2023,10,29,4.1652,23.06,76.02,2.42
Kolkata,2023,10,30,4.7201,23.61,76.37,2.21
Kolkata,2023,10,31,4.9594,24.23,76.64,1.95
Kolkata,2023,11,1,5.0443,24.52,80.74,2.4
Kolkata,2023,11,2,4.6421,25.11,80.85,2.11
Kolkata,2023,11,3,4.0344,25.71,79.33,1.69
Kolkata,2023,11,4,3.1594,26.03,79.33,1.33
Kolkata,2023,11,5,3.253,25.17,84.5,2.18
Kolkata,2023,11,6,3.9338,23.38,78.45,2.63
Kolkata,2023,11,7,3.6619,22.53,75.08,2.18
Kolkata,2023,11,8,3.8004,21.78,74.54,2.23
Kolkata,2023,11,9,3.9178,21.85,71.95,2.14
Kolkata,2023,11,10,4.085,22.11,76.65,2.14
Kolkata,2023,11,11,3.9307,22.36,81.35,2.32
Kolkata,2023,11,12,4.0709,22.35,84.41,2.69
Kolkata,2023,11,13,4.3157,22.02,85.04,3.03
Kolkata,2023,11,14,4.3104,21.79,81.5,2.77
Kolkata,2023,11,15,3.8503,22.32,79.68,2.54
Kolkata,2023,11,16,1.4722,22.64,84.62,3.09
Kolkata,2023,11,17,2.0424,23.92,88.76,4.97
Kolkata,2023,11,18,3.827,23.99,83.39,2.12
Kolkata,2023,11,19,4.7016,23.31,82.91,2.74
Kolkata,2023,11,20,4.2348,22.33,83.49,2.75
Kolkata,2023,11,21,3.8928,22.78,81.32,2.59
Kolkata,2023,11,22,3.4601,20.75,78.96,2.74
Kolkata,2023,11,23,3.5815,19.58,79.31,2.67
Kolkata,2023,11,24,3.6278,19.6,78.95,2.7
Kolkata,2023,11,25,3.803,19.96,80.13,2.85
Kolkata,2023,11,26,4.3937,20.64,81.08,3.04
Kolkata,2023,11,27,3.479,20.2,84.53,2.29
Kolkata,2023,11,28,3.8506,20.87,80.99,2.38
Kolkata,2023,11,29,2.6383,21.35,81.29,2.78
Kolkata,2023,11,30,3.6698,22.38,83.96,2.84
Kolkata,2023,12,1,4.307,22.36,83.33,2.95
Kolkata,2023,12,2,3.9434,22.73,82.94,2.68
Kolkata,2023,12,3,3.3662,22.81,82.12,2.74
Kolkata,2023,12,4,2.339,22.46,82.14,2.68
Kolkata,2023,12,5,1.3992,22.36,80.83,1.96
Kolkata,2023,12,6,1.8214,20.89,89,3.15
Kolkata,2023,12,7,0.6437,21.2,90.76,3.35
Kolkata,2023,12,8,1.8386,20.9,88.41,3.13
Kolkata,2023,12,9,3.8006,19.65,82.89,3.19
Kolkata,2023,12,10,3.5875,18.48,74.53,2.47
Kolkata,2023,12,11,3.9017,16.59,73.93,3.16
Kolkata,2023,12,12,3.707,16.6,71.95,2.69
Kolkata,2023,12,13,3.8837,17.47,66.6,2.48
Kolkata,2023,12,14,3.4291,16.7,69.94,2.54
Kolkata,2023,12,15,3.6089,15.81,73.04,2.87
Kolkata,2023,12,16,3.6794,15.68,70.57,2.72
Kolkata,2023,12,17,3.7922,15.87,68.43,2.72
Kolkata,2023,12,18,3.5026,15.56,73.6,3
Kolkata,2023,12,19,3.5551,15.57,73.89,3.24
Kolkata,2023,12,20,3.6638,15.73,79.73,3.39
Kolkata,2023,12,21,3.5707,16.69,80.37,3.06
Kolkata,2023,12,22,3.4517,17.92,82.52,2.56
Kolkata,2023,12,23,2.8238,18.83,82.51,2.43
Kolkata,2023,12,24,3.1752,18.43,82.92,2.63
Kolkata,2023,12,25,3.3322,18.87,80.61,2.45
Kolkata,2023,12,26,3.3276,19.26,79.39,2.32
Kolkata,2023,12,27,2.9822,18.96,82.9,2.42
Kolkata,2023,12,28,3.1334,18.64,82.14,2.49
Kolkata,2023,12,29,3.7289,18.39,81.07,2.91
Kolkata,2023,12,30,3.8741,17.96,80.97,3.3
Kolkata,2023,12,31,3.5477,16.84,76.38,3.32
Kolkata,2024,1,1,3.3631,16.18,75.29,2.9
Kolkata,2024,1,2,3.6072,15.56,72.21,3.11
Kolkata,2024,1,3,4.1467,15.79,72.35,3.07
Kolkata,2024,1,4,3.8578,17.39,71.01,2.47
Kolkata,2024,1,5,3.5316,18.15,76.22,2.61
Kolkata,2024,1,6,2.9342,18.86,78.17,2.6
Kolkata,2024,1,7,2.9606,18.62,82.27,2.93
Kolkata,2024,1,8,2.9786,18.58,79.9,3.16
Kolkata,2024,1,9,3.5172,17.33,73.15,3.22
Kolkata,2024,1,10,3.732,18.13,69.68,2.36
Kolkata,2024,1,11,2.947,17.9,79.36,3.17
Kolkata,2024,1,12,3.3866,14.69,70.26,3.41
Kolkata,2024,1,13,3.701,14.23,70.27,3.05
Kolkata,2024,1,14,3.4999,13.87,67.91,2.81
Kolkata,2024,1,15,2.2078,14.43,68.51,2.67
Kolkata,2024,1,16,2.7202,15.41,70.66,2.04
Kolkata,2024,1,17,2.0743,16.32,71.85,1.77
Kolkata,2024,1,18,0.6595,17.07,82.47,1.65
Kolkata,2024,1,19,2.2994,17.67,81.3,2.89
Kolkata,2024,1,20,2.7065,16.68,74.74,2.83
Kolkata,2024,1,21,1.7126,16.2,73.69,2.69
Kolkata,2024,1,22,3.2638,14.37,64.25,3.6
Kolkata,2024,1,23,3.8474,15.84,58.78,2.12
Kolkata,2024,1,24,1.5936,15.24,71.21,1.27
Kolkata,2024,1,25,3.0293,15.48,77.61,2.13
Kolkata,2024,1,26,3.7471,15,64.52,3.41
Kolkata,2024,1,27,3.7488,14.8,62.94,2.9
Kolkata,2024,1,28,3.8506,15.83,59.2,2.37
Kolkata,2024,1,29,3.864,17.6,57.25,1.82
Kolkata,2024,1,30,3.4639,18.94,66.75,2.22
Kolkata,2024,1,31,2.4694,20.46,73.47,1.16
Kolkata,2024,2,1,1.1647,20.58,71.92,1.47
Kolkata,2024,2,2,2.9105,20.65,76.06,2.6
Kolkata,2024,2,3,3.5448,19.5,67.9,2.94
Kolkata,2024,2,4,4.7014,19.89,59.79,2.56
Kolkata,2024,2,5,4.29,20.76,63.04,2.25
Kolkata,2024,2,6,2.4619,22.35,75.04,2.18
Kolkata,2024,2,7,3.377,21.33,71.44,2.65
Kolkata,2024,2,8,4.9123,18.73,53.37,3.18
Kolkata,2024,2,9,5.3976,16.66,56.31,3.21
Kolkata,2024,2,10,4.5516,16.93,53.59,3.17
Kolkata,2024,2,11,4.6058,19.35,49.09,2.61
Kolkata,2024,2,12,3.6463,21.75,47.72,1.93
Kolkata,2024,2,13,2.695,23.14,57.79,1.74
Kolkata,2024,2,14,3.5539,23.78,59.53,0.98
Kolkata,2024,2,15,3.607,23.24,63.28,2.04
Kolkata,2024,2,16,3.5741,22.39,68.11,3.06
Kolkata,2024,2,17,4.1726,21.98,55.88,2.46
Kolkata,2024,2,18,3.8182,22.29,59.18,1.9
Kolkata,2024,2,19,3.8969,22.85,67.21,2.1
Kolkata,2024,2,20,3.7951,24.19,71.22,2.87
Kolkata,2024,2,21,4.1767,25.14,63.1,2.69
Kolkata,2024,2,22,2.5838,25.81,71.13,2.51
Kolkata,2024,2,23,3.9473,23.93,66.89,2.95
Kolkata,2024,2,24,3.2054,23.41,58.82,2.55
Kolkata,2024,2,25,2.7036,23.17,62.21,2.8
Kolkata,2024,2,26,4.9008,22.88,58.35,2.57
Kolkata,2024,2,27,4.6817,23.83,56.7,2.46
Kolkata,2024,2,28,4.5,24.88,57.3,2.41
Kolkata,2024,2,29,5.0952,24.6,51.8,2.15
Kolkata,2024,3,1,5.2747,24.23,47.43,2.38
Kolkata,2024,3,2,5.2296,24.99,48.39,1.78
Kolkata,2024,3,3,3.7644,25.67,59.62,2.36
Kolkata,2024,3,4,3.7464,25.94,53.29,2.34
Kolkata,2024,3,5,5.2682,25.81,62.8,2.89
Kolkata,2024,3,6,5.7329,24.57,39.99,2.77
Kolkata,2024,3,7,2.3498,24.64,39.1,2.71
Kolkata,2024,3,8,5.4463,24.81,40.66,3.06
Kolkata,2024,3,9,6.5282,24.17,39.66,2.96
Kolkata,2024,3,10,6.2107,23.51,37.14,2.56
Kolkata,2024,3,11,6.3955,24.91,34.14,2.58
Kolkata,2024,3,12,4.2473,26.89,51.98,2.65
Kolkata,2024,3,13,4.1938,28.31,63.53,2.85
Kolkata,2024,3,14,3.4402,28.98,65.61,2.5
Kolkata,2024,3,15,4.8043,29.38,62.46,1.89
Kolkata,2024,3,16,4.1318,28.7,63.44,1.8
Kolkata,2024,3,17,3.8302,28.36,65.06,1.79
Kolkata,2024,3,18,2.6765,28.35,58.72,1.49
Kolkata,2024,3,19,3.4142,28.28,61.79,2.15
Kolkata,2024,3,20,1.4489,23.38,75.6,1.9
Kolkata,2024,3,21,5.0122,23.95,60.75,2.19
Kolkata,2024,3,22,5.2476,25,55.61,2.18
Kolkata,2024,3,23,6.0379,26.81,59.5,2.92
Kolkata,2024,3,24,6.0557,28.19,62.94,3.58
Kolkata,2024,3,25,5.6374,28.79,66.38,3.31
Kolkata,2024,3,26,5.604,28.68,65.41,3.57
Kolkata,2024,3,27,5.5459,29.73,59.1,2.19
Kolkata,2024,3,28,5.6407,29.8,54.39,1.65
Kolkata,2024,3,29,5.1158,30.33,60.75,2.51
Kolkata,2024,3,30,5.1977,31.24,64.65,3.01
Kolkata,2024,3,31,5.1658,31.56,61.82,3.79
Kolkata,2024,4,1,6.0869,31.54,51,3.69
Kolkata,2024,4,2,6.0571,31.6,51.05,2.47
Kolkata,2024,4,3,5.8958,31.56,55.47,2.6
Kolkata,2024,4,4,5.4504,32.09,60.51,3.68
Kolkata,2024,4,5,5.0722,32.74,51.19,3.38
Kolkata,2024,4,6,5.9587,33.24,55,2.63
Kolkata,2024,4,7,2.0306,32.7,55.21,2.9
Kolkata,2024,4,8,3.5868,31.33,44.52,4.17
Kolkata,2024,4,9,5.2651,31.23,37.77,2.5
Kolkata,2024,4,10,3.815,31.19,40.52,1.93
Kolkata,2024,4,11,2.5418,31.32,40.82,2.72
Kolkata,2024,4,12,5.1732,31.65,34.9,1.98
Kolkata,2024,4,13,5.6006,31.73,38.14,2.12
Kolkata,2024,4,14,5.7456,32.53,36.56,2.33
Kolkata,2024,4,15,5.802,33.26,44.98,3.15
Kolkata,2024,4,16,5.9551,34.28,49.45,3.55
Kolkata,2024,4,17,6.2986,35.06,49.18,3.27
Kolkata,2024,4,18,6.8071,34.79,41.13,2.7
Kolkata,2024,4,19,6.9046,34.38,48.67,4.14
Kolkata,2024,4,20,6.7613,35.24,46.01,4.56
Kolkata,2024,4,21,6.2131,35.18,47.64,3.41
Kolkata,2024,4,22,5.7386,35.67,40.25,3.22
Kolkata,2024,4,23,5.8277,35.28,34.65,3.71
Kolkata,2024,4,24,6.3559,35.14,42.85,4.11
Kolkata,2024,4,25,6.5705,35.45,38.64,2.8
Kolkata,2024,4,26,6.1793,35.25,48.87,3.01
Kolkata,2024,4,27,6.3346,35.84,45.24,3.46
Kolkata,2024,4,28,6.1721,36.03,46.8,3.18
Kolkata,2024,4,29,6.4932,36.37,42.38,3.93
Kolkata,2024,4,30,6.4414,37.25,40.23,5.39
Kolkata,2024,5,1,6.5916,36.68,40.92,3.62
Kolkata,2024,5,2,6.4958,35.88,43.72,4.01
Kolkata,2024,5,3,6.9761,35,35.64,2.76
Kolkata,2024,5,4,6.0965,33.31,55.2,4.7
Kolkata,2024,5,5,6.4795,33.96,56.04,6.21
Kolkata,2024,5,6,4.145,32.21,68.78,6.77
Kolkata,2024,5,7,5.5315,31.33,65.82,3.81
Kolkata,2024,5,8,5.1533,29.8,69.25,2.65
Kolkata,2024,5,9,4.309,29.53,69.34,2.35
Kolkata,2024,5,10,4.9325,29.3,74.02,3
Kolkata,2024,5,11,4.3742,30.19,72.32,3.91
Kolkata,2024,5,12,5.9412,30.17,72.99,2.19
Kolkata,2024,5,13,6.0473,30.64,67.86,1.9
Kolkata,2024,5,14,6.1555,31,65.51,2.46
Kolkata,2024,5,15,6.7754,30.78,68.48,3
Kolkata,2024,5,16,5.988,31.21,66.72,2.88
Kolkata,2024,5,17,6.3703,32.22,63.09,3.69
Kolkata,2024,5,18,5.2872,33.2,60.9,3.73
Kolkata,2024,5,19,4.9248,32.97,62.93,4.19
Kolkata,2024,5,20,4.5535,32.56,65.45,3.4
Kolkata,2024,5,21,5.2987,31.97,67.88,2.39
Kolkata,2024,5,22,5.196,31.71,66.76,2.87
Kolkata,2024,5,23,6.815,31.89,65.42,2.52
Kolkata,2024,5,24,6.8628,32.92,63.94,3.18
Kolkata,2024,5,25,6.0725,33.13,64.56,2.67
Kolkata,2024,5,26,2.299,30,80.76,8.61
Kolkata,2024,5,27,0.7181,28.1,89.53,10
Kolkata,2024,5,28,4.8379,30.83,80.28,3.82
Kolkata,2024,5,29,4.3764,31.54,83.12,6.17
Kolkata,2024,5,30,4.8523,31.17,81.79,6.48
Kolkata,2024,5,31,2.3544,30.17,85.27,5.13
Kolkata,2024,6,1,5.5202,30.19,82.88,4.83
Kolkata,2024,6,2,5.3246,30.35,82.02,4.92
Kolkata,2024,6,3,4.489,29.58,84.41,3.76
Kolkata,2024,6,4,6.3154,30.84,78.53,4.27
Kolkata,2024,6,5,6.3758,31.12,77.98,3.12
Kolkata,2024,6,6,5.2716,30.79,81.5,2.73
Kolkata,2024,6,7,6.119,31.54,76.34,3.83
Kolkata,2024,6,8,6.1567,31.97,73.75,5.27
Kolkata,2024,6,9,5.8656,30.88,79.15,4.54
Kolkata,2024,6,10,6.2352,31.15,78.39,4.67
Kolkata,2024,6,11,6.0022,30.16,82.01,5.46
Kolkata,2024,6,12,5.1965,30.93,75.22,4.95
Kolkata,2024,6,13,5.689,31.04,79.12,4.89
Kolkata,2024,6,14,5.9563,31.71,75.84,4.92
Kolkata,2024,6,15,5.2186,31.02,79.75,5.02
Kolkata,2024,6,16,5.191,31.39,74.76,4.32
Kolkata,2024,6,17,4.7626,31.11,76.17,5.54
Kolkata,2024,6,18,3.5314,31.39,76.78,6.44
Kolkata,2024,6,19,2.2682,29.6,85.1,5.54
Kolkata,2024,6,20,3.1106,30.4,81.94,4.36
Kolkata,2024,6,21,2.6558,29.78,79.63,2.31
Kolkata,2024,6,22,4.8451,30.27,76.68,2.94
Kolkata,2024,6,23,5.3002,30.57,76,3.04
Kolkata,2024,6,24,5.7761,30.08,78.24,3.73
Kolkata,2024,6,25,6.4294,30.87,75.78,3.88
Kolkata,2024,6,26,5.3251,30.77,76.92,3.15
Kolkata,2024,6,27,3.5938,29.96,82.78,3.81
Kolkata,2024,6,28,2.9254,30.28,81.96,3.41
Kolkata,2024,6,29,3.3226,29.94,83.37,3.83
Kolkata,2024,6,30,2.3186,29.66,85.54,4.35
Kolkata,2024,7,1,2.6693,29.06,84.54,5.68
Kolkata,2024,7,2,1.6289,29.21,83.46,5.4
Kolkata,2024,7,3,3.025,28.88,84.29,5.07
Kolkata,2024,7,4,3.0362,28.92,87.59,5.63
Kolkata,2024,7,5,4.3865,29.65,84.52,5.15
Kolkata,2024,7,6,3.3617,29.49,85,3.35
Kolkata,2024,7,7,4.8101,29.38,83.12,3.27
Kolkata,2024,7,8,5.3455,29.18,83.34,3.41
Kolkata,2024,7,9,5.2272,29.73,82.88,3.58
Kolkata,2024,7,10,5.9304,29.94,81.07,4.7
Kolkata,2024,7,11,4.9039,29.7,84.73,5.27
Kolkata,2024,7,12,2.1629,29.39,84.26,4.45
Kolkata,2024,7,13,5.2807,29.52,83.71,3.18
Kolkata,2024,7,14,5.3443,30.08,82.17,3.38
Kolkata,2024,7,15,5.0928,29.44,84.8,4.9
Kolkata,2024,7,16,4.8566,29.3,87.33,3
Kolkata,2024,7,17,5.0616,29.64,85.42,3.05
Kolkata,2024,7,18,5.3729,30,84.1,3.99
Kolkata,2024,7,19,5.0904,29.89,85.07,5.84
Kolkata,2024,7,20,5.6674,29.64,83.39,6.56
Kolkata,2024,7,21,5.0287,29.45,85.87,5.86
Kolkata,2024,7,22,4.2883,29.48,85.67,5.41
Kolkata,2024,7,23,4.3723,29.62,83.53,4.31
Kolkata,2024,7,24,3.8671,29.73,85.61,4.38
Kolkata,2024,7,25,3.8455,29.86,85.47,3.62
Kolkata,2024,7,26,3.905,30.4,86.24,3.58
Kolkata,2024,7,27,4.2643,29.57,87.43,5.72
Kolkata,2024,7,28,4.6253,29.74,85.32,3.33
Kolkata,2024,7,29,4.8492,30.04,85.19,2.71
Kolkata,2024,7,30,4.3906,29.1,88.96,3.96
Kolkata,2024,7,31,3.9305,28.58,92.12,2.94
Kolkata,2024,8,1,1.0037,28.58,90.78,4.3
Kolkata,2024,8,2,2.1458,28.26,91.46,7.19
Kolkata,2024,8,3,1.9805,27.75,91.88,6.5
Kolkata,2024,8,4,4.1222,28.73,87.24,4.51
Kolkata,2024,8,5,3.8002,29.13,86.29,2.97
Kolkata,2024,8,6,3.5791,28.28,91.08,2.28
Kolkata,2024,8,7,3.9703,27.98,89.97,2.71
Kolkata,2024,8,8,3.1534,28.2,88.98,4.31
Kolkata,2024,8,9,4.2214,28.6,88.63,4.02
Kolkata,2024,8,10,3.0118,28.24,90.75,2.97
Kolkata,2024,8,11,3.0091,28.85,88.31,3.19
Kolkata,2024,8,12,4.6522,29.02,88.89,3.03
Kolkata,2024,8,13,3.3974,28.97,91.69,2.56
Kolkata,2024,8,14,4.0034,28.56,91.12,2.14
Kolkata,2024,8,15,3.8424,29.19,89.02,1.58
Kolkata,2024,8,16,3.0977,28.45,91.18,1.26
Kolkata,2024,8,17,5.3827,28.19,89.62,2.71
Kolkata,2024,8,18,1.5754,28.11,90.98,4.62
Kolkata,2024,8,19,2.1401,27.72,92.79,4.11
Kolkata,2024,8,20,3.1133,28.84,88.78,2.71
Kolkata,2024,8,21,4.2754,28.61,92.88,4.05
Kolkata,2024,8,22,3.2652,28.28,93.1,3.28
Kolkata,2024,8,23,1.1779,28.54,87.19,1.42
Kolkata,2024,8,24,2.6458,27.17,92.01,2.92
Kolkata,2024,8,25,2.537,27.06,93.2,3.53
Kolkata,2024,8,26,2.6162,27.58,91.02,4.33
Kolkata,2024,8,27,2.5382,27.56,92.07,3.01
Kolkata,2024,8,28,5.5891,28.27,88.13,1.75
Kolkata,2024,8,29,5.7917,28.06,88.97,2.48
Kolkata,2024,8,30,6.1046,28.25,88.14,2.63
Kolkata,2024,8,31,5.3426,28.56,89.57,3.77
Kolkata,2024,9,1,4.7566,28.13,91.02,3.41
Kolkata,2024,9,2,5.4034,28.48,88.53,2.56
Kolkata,2024,9,3,4.9502,28.69,86.5,1.83
Kolkata,2024,9,4,5.1542,28.28,88.18,2.42
Kolkata,2024,9,5,5.741,28.73,86.82,2.2
Kolkata,2024,9,6,5.4509,28.2,87.54,2.08
Kolkata,2024,9,7,5.1446,28.2,89.67,2.87
Kolkata,2024,9,8,4.4167,28.81,90.13,3.68
Kolkata,2024,9,9,4.4095,28.39,92.41,4.71
Kolkata,2024,9,10,4.8079,28.69,90.33,4.37
Kolkata,2024,9,11,4.4782,29.02,90.02,1.96
Kolkata,2024,9,12,2.8262,28.54,90.87,3.01
Kolkata,2024,9,13,1.9903,27.89,93.78,3.83
Kolkata,2024,9,14,1.1146,27.2,94.45,7.56
Kolkata,2024,9,15,1.1292,27.06,95.65,7.07
Kolkata,2024,9,16,1.7954,27.15,93.28,6.87
Kolkata,2024,9,17,5.3194,27.95,89,3.99
Kolkata,2024,9,18,5.7262,28.49,83.07,1.16
Kolkata,2024,9,19,4.9613,28.73,85.79,2.15
Kolkata,2024,9,20,5.3429,29.36,86.13,1.98
Kolkata,2024,9,21,4.9298,29.55,85.29,1.78
Kolkata,2024,9,22,5.683,28.98,90.11,2.24
Kolkata,2024,9,23,3.5112,28.77,92.25,2.01
Kolkata,2024,9,24,3.6631,27.8,93.56,2.76
Kolkata,2024,9,25,2.0554,27.34,93.37,3.78
Kolkata,2024,9,26,1.3294,27.52,94.74,4.1
Kolkata,2024,9,27,4.1954,27.6,93.51,3.76
Kolkata,2024,9,28,4.7018,28.04,91.26,3.21
Kolkata,2024,9,29,5.1871,28.86,88.5,2.7
Kolkata,2024,9,30,4.735,28.78,90.28,2.61
Kolkata,2024,10,1,4.4333,29.22,88.65,1.95
Kolkata,2024,10,2,2.3446,27.29,93.19,2.86
Kolkata,2024,10,3,3.3557,27.88,88.5,1.92
Kolkata,2024,10,4,2.2478,27.29,94.91,2.62
Kolkata,2024,10,5,3.1274,27,93.16,1.89
Kolkata,2024,10,6,3.2772,27.18,89.1,2.07
Kolkata,2024,10,7,4.6039,27.21,88.94,1.55
Kolkata,2024,10,8,4.1275,27.47,87.63,1.19
Kolkata,2024,10,9,4.7755,27.36,88.42,2.38
Kolkata,2024,10,10,4.6646,27.33,89.32,2.89
Kolkata,2024,10,11,4.9498,27.86,87.94,2.77
Kolkata,2024,10,12,4.4357,28.34,85.13,2.15
Kolkata,2024,10,13,3.8054,27.91,85.26,1.87
Kolkata,2024,10,14,4.3378,27.46,83.96,1.79
Kolkata,2024,10,15,3.7762,28.25,79.92,0.97
Kolkata,2024,10,16,3.0382,28.08,82.49,1.24
Kolkata,2024,10,17,3.5642,28.01,84.63,2.01
Kolkata,2024,10,18,3.6876,27.89,86.28,1.98
Kolkata,2024,10,19,2.9858,27.75,87.45,1.98
Kolkata,2024,10,20,4.2972,26.15,86.31,2.42
Kolkata,2024,10,21,3.6838,25.53,87.45,2.55
Kolkata,2024,10,22,4.9747,25.85,85.15,2.45
Kolkata,2024,10,23,2.201,25.43,92.04,3.08
Kolkata,2024,10,24,1.4942,25.58,94.49,7.23
Kolkata,2024,10,25,0.3996,26.45,92.89,7.35
Kolkata,2024,10,26,3.7908,26.62,89.44,3.88
Kolkata,2024,10,27,3.8702,26.55,89.26,2.41
Kolkata,2024,10,28,4.4635,27.04,86.42,1.47
Kolkata,2024,10,29,4.6534,26.99,87.01,1.71
Kolkata,2024,10,30,4.3159,27.08,88.35,2.3
Kolkata,2024,10,31,4.6056,27.19,88.73,2.47
Kolkata,2024,11,1,4.2506,26.92,82.34,1.83
Kolkata,2024,11,2,4.267,26.34,72.31,1.15
Kolkata,2024,11,3,3.7896,25.89,71.09,1.13
Kolkata,2024,11,4,3.666,25.73,71.24,0.95
Kolkata,2024,11,5,3.431,24.89,83.88,2.12
Kolkata,2024,11,6,4.2727,25.05,84.66,1.89
Kolkata,2024,11,7,4.3586,25.03,84.67,2.17
Kolkata,2024,11,8,4.7628,24.91,83.57,1.98
Kolkata,2024,11,9,4.7784,24.45,82.51,2.19
Kolkata,2024,11,10,5.0662,23.5,81.93,2.51
Kolkata,2024,11,11,3.8861,23.35,80.31,2.44
Kolkata,2024,11,12,4.0171,24.04,79.46,2.31
Kolkata,2024,11,13,4.5463,23.56,77.17,2.2
Kolkata,2024,11,14,3.7649,22.59,77.62,2.44
Kolkata,2024,11,15,3.8558,21.92,79.63,2.41
Kolkata,2024,11,16,4.0831,21.11,79.12,2.52
Kolkata,2024,11,17,4.068,21.38,74.53,1.61
Kolkata,2024,11,18,3.9504,21.17,75.72,1.62
Kolkata,2024,11,19,4.0066,20.51,79.18,1.95
Kolkata,2024,11,20,4.1806,20.33,79.74,2.11
Kolkata,2024,11,21,3.8345,21.8,77.44,1.62
Kolkata,2024,11,22,3.6859,21.03,79.29,1.98
Kolkata,2024,11,23,3.1819,20.84,78.9,2.12
Kolkata,2024,11,24,2.9791,20.37,75.28,1.83
Kolkata,2024,11,25,2.7463,20.3,74.03,1.83
Kolkata,2024,11,26,3.307,19.64,78.77,1.96
Kolkata,2024,11,27,3.545,19.49,83.3,2.41
Kolkata,2024,11,28,3.9782,20.2,85.79,2.94
Kolkata,2024,11,29,2.7533,20.93,85.3,2.76
Kolkata,2024,11,30,1.673,21.18,84.69,2.59
Kolkata,2024,12,1,3.3341,20.81,83.37,2.82
Kolkata,2024,12,2,2.2078,20.48,82.48,2.47
Kolkata,2024,12,3,3.103,20.86,79.18,2.5
Kolkata,2024,12,4,3.7577,20.45,72.34,1.92
Kolkata,2024,12,5,3.7274,20.97,68.34,1.61
Kolkata,2024,12,6,3.8729,19.99,71.45,1.76
Kolkata,2024,12,7,4.008,18.86,72.43,1.97
Kolkata,2024,12,8,3.833,18.67,74.26,2.03
Kolkata,2024,12,9,2.4941,18.02,81.3,1.68
Kolkata,2024,12,10,2.9537,19.18,82.87,2.43
Kolkata,2024,12,11,2.7886,16.5,78.13,3.12
Kolkata,2024,12,12,3.6847,15.38,79.71,3.13
Kolkata,2024,12,13,3.755,15.02,76.75,2.91
Kolkata,2024,12,14,3.87,14.1,72.12,3.2
Kolkata,2024,12,15,4.1047,14.34,79,3.26
Kolkata,2024,12,16,4.0567,15.98,80.17,2.3
Kolkata,2024,12,17,3.577,16.97,82.79,2.67
Kolkata,2024,12,18,3.5573,17.31,76.22,2.54
Kolkata,2024,12,19,3.7387,17.76,78.47,2.52
Kolkata,2024,12,20,3.1152,18.13,78.97,2.36
Kolkata,2024,12,21,1.3166,17.48,85.77,2.02
Kolkata,2024,12,22,3.6787,18.1,82.87,2.48
Kolkata,2024,12,23,3.7692,17.59,81.64,2.95
Kolkata,2024,12,24,3.1946,18.76,80.08,1.98
Kolkata,2024,12,25,2.2639,18.68,77.29,2.14
Kolkata,2024,12,26,3.503,19.11,78.08,2.73
Kolkata,2024,12,27,3.7428,18.84,81.49,2.99
Kolkata,2024,12,28,3.9821,19.54,79.03,1.94
Kolkata,2024,12,29,3.4937,20.9,78.59,1.63
Kolkata,2024,12,30,3.4778,20.26,82.51,2.44
Kolkata,2024,12,31,3.1812,16.83,79.33,3.65
Kolkata,2025,1,1,3.3862,15.05,81.13,3.54
Kolkata,2025,1,2,3.8534,14.46,77.02,3.5
Kolkata,2025,1,3,3.2904,14.42,80.74,2.9
Kolkata,2025,1,4,2.9042,15.71,84.53,2.78
Kolkata,2025,1,5,2.7406,16.84,84.06,2.24
Kolkata,2025,1,6,3.3336,18.55,78.88,1.64
Kolkata,2025,1,7,3.0264,18.27,82.48,2.7
Kolkata,2025,1,8,3.0024,15.76,78,3.25
Kolkata,2025,1,9,3.7548,15.2,76.69,2.8
Kolkata,2025,1,10,3.6727,14.83,74.63,2.82
Kolkata,2025,1,11,3.8702,15.73,72.15,2.46
Kolkata,2025,1,12,4.3037,17.84,67.88,1.74
Kolkata,2025,1,13,3.5633,18.47,69.07,1.57
Kolkata,2025,1,14,2.8248,18.61,75.35,2.93
Kolkata,2025,1,15,3.3415,16.97,72.5,3.51
Kolkata,2025,1,16,4.0493,16.77,74.4,2.98
Kolkata,2025,1,17,4.1467,17.76,76.12,3.2
Kolkata,2025,1,18,4.1134,17.98,74.9,2.94
Kolkata,2025,1,19,4.4198,17.62,73.8,3.31
Kolkata,2025,1,20,4.6346,17.11,67.27,2.6
Kolkata,2025,1,21,4.3409,18.44,69.11,2.08
Kolkata,2025,1,22,4.2442,19.39,68.49,1.92
Kolkata,2025,1,23,3.3017,20.28,69.38,1.56
Kolkata,2025,1,24,3.0866,20.52,78.43,1.81
Kolkata,2025,1,25,1.9546,19.95,78.03,1.96
Kolkata,2025,1,26,4.0666,17.71,66.01,2.84
Kolkata,2025,1,27,4.4774,17.6,58.98,2.21
Kolkata,2025,1,28,3.9058,18.86,56.82,1.14
Kolkata,2025,1,29,2.7586,19.92,76.99,2.14
Kolkata,2025,1,30,2.6851,21.95,83.52,3.94
Kolkata,2025,1,31,2.0623,21.98,79.17,2.73
Kolkata,2025,2,1,1.7388,23.51,78.5,1.98
Kolkata,2025,2,2,1.356,23.11,76.31,1.97
Kolkata,2025,2,3,3.3905,22.45,64.11,2.17
Kolkata,2025,2,4,4.3092,21.14,61.8,2.01
Kolkata,2025,2,5,3.9242,22.73,69.89,2.02
Kolkata,2025,2,6,3.865,22.89,73.78,3.17
Kolkata,2025,2,7,5.5186,19.73,52.83,2.92
Kolkata,2025,2,8,5.4002,18.69,50.39,2.6
Kolkata,2025,2,9,5.1,19.28,50.91,2.19
Kolkata,2025,2,10,4.8355,21.21,63.39,2.29
Kolkata,2025,2,11,4.2554,22.23,69.66,2.97
Kolkata,2025,2,12,3.7987,24.04,70.97,2.15
Kolkata,2025,2,13,4.1052,23.9,68.66,2.62
Kolkata,2025,2,14,5.423,20.56,47.43,2.68
Kolkata,2025,2,15,5.4658,21.55,47.51,2.02
Kolkata,2025,2,16,5.0148,22.35,60.5,2.84
Kolkata,2025,2,17,4.637,23.71,71.59,2.91
Kolkata,2025,2,18,4.4616,25.14,68.22,1.59
Kolkata,2025,2,19,3.4999,24.78,72.05,1.64
Kolkata,2025,2,20,1.249,24.43,77.22,1.65
Kolkata,2025,2,21,4.6855,24.53,73.85,1.79
Kolkata,2025,2,22,3.9466,25.03,73.01,2.86
Kolkata,2025,2,23,3.9998,24.67,72.89,2.32
Kolkata,2025,2,24,4.1218,23.73,64.69,2.25
Kolkata,2025,2,25,4.02,23.92,58.55,2.04
Kolkata,2025,2,26,4.2938,23.42,59.79,2.23
Kolkata,2025,2,27,4.1702,24.28,61.1,1.79
Kolkata,2025,2,28,4.2571,25.37,67.39,1.74
Kolkata,2025,3,1,5.1511,26.05,70.14,3.9
Kolkata,2025,3,2,4.8226,25.99,65.67,3.2
Kolkata,2025,3,3,4.3942,27.37,64.3,2.23
Kolkata,2025,3,4,5.7986,26.19,48.68,2.58
Kolkata,2025,3,5,5.9897,25.53,49.25,2.91
Kolkata,2025,3,6,6.3504,23.06,42.4,2.85
Kolkata,2025,3,7,6.4116,22.78,39.5,2.7
Kolkata,2025,3,8,5.4624,24.46,57.64,3.3
Kolkata,2025,3,9,5.3158,26.06,66.89,2.57
Kolkata,2025,3,10,5.4878,26.93,61.82,2.06
Kolkata,2025,3,11,5.766,26.76,59.67,3.81
Kolkata,2025,3,12,5.9722,27.98,59.3,3.41
Kolkata,2025,3,13,5.8694,28.98,57.75,4.07
Kolkata,2025,3,14,5.365,29.57,60.17,3.16
Kolkata,2025,3,15,5.2452,30.23,58.5,3.27
Kolkata,2025,3,16,5.6016,30.67,60.39,3.26
Kolkata,2025,3,17,4.446,29.16,67.08,3.44
Kolkata,2025,3,18,5.365,28.92,58.84,3
Kolkata,2025,3,19,5.4286,28.88,60.83,2.47
Kolkata,2025,3,20,3.4488,29.08,65.97,3.03
Kolkata,2025,3,21,3.6982,28.01,64.55,2.21
Kolkata,2025,3,22,2.0801,25.92,63.99,3.01
Kolkata,2025,3,23,3.9907,27.14,57.77,1.24
Kolkata,2025,3,24,5.652,26.97,50.91,1.99
Kolkata,2025,3,25,5.6016,27.55,49.71,2.33
Kolkata,2025,3,26,6.101,28.37,62.53,3.99
Kolkata,2025,3,27,6.3804,29.37,56.7,3.32
Kolkata,2025,3,28,6.4658,29.99,54.07,3.64
Kolkata,2025,3,29,6.0641,30.83,58.04,3.14
Kolkata,2025,3,30,5.3822,30.48,63.45,2.76
Kolkata,2025,3,31,4.9673,30.31,64.97,3.7
Kolkata,2025,4,1,5.5795,29.96,62.14,4.49
Kolkata,2025,4,2,5.5747,30.26,60.93,3.53
Kolkata,2025,4,3,5.5135,30.7,56.62,2.7
Kolkata,2025,4,4,3.8112,31.86,50.03,3.48
Kolkata,2025,4,5,5.8138,31.54,50.1,2.98
Kolkata,2025,4,6,5.6724,31.43,58.52,4.87
Kolkata,2025,4,7,5.6815,30.85,59.64,3.78
Kolkata,2025,4,8,5.7449,29.37,67.35,3.25
Kolkata,2025,4,9,6.3151,30.42,57.04,3.59
Kolkata,2025,4,10,5.9304,29.95,56.57,3.81
Kolkata,2025,4,11,6.1913,29.6,63.41,2.6
Kolkata,2025,4,12,5.5224,29.7,64.85,3.15
Kolkata,2025,4,13,6.0012,29.2,67.14,1.69
Kolkata,2025,4,14,4.9558,29.63,62.96,1.87
Kolkata,2025,4,15,6.2323,30.09,58.83,1.69
Kolkata,2025,4,16,4.8252,30.17,59.94,3.58
Kolkata,2025,4,17,5.021,30.36,65.34,3.89
Kolkata,2025,4,18,3.7231,29.29,72.63,3.07
Kolkata,2025,4,19,4.9457,30.31,70.7,2.7
Kolkata,2025,4,20,5.2063,31.57,69,3.92
Kolkata,2025,4,21,4.697,32,70.5,5.31
Kolkata,2025,4,22,5.4931,32.56,67.82,5.19
Kolkata,2025,4,23,6.7145,33.12,63.22,4.77
Kolkata,2025,4,24,6.0521,32.81,66.01,5.32
Kolkata,2025,4,25,5.7144,32.93,62.5,5.13
Kolkata,2025,4,26,6.378,32.57,63.26,6.15
Kolkata,2025,4,27,4.8463,32.27,57.99,3.95
Kolkata,2025,4,28,3.8393,30.87,61.16,1.58
Kolkata,2025,4,29,6.1123,29.3,65.75,1.81
Kolkata,2025,4,30,3.9478,29.53,64.91,1.54
Kolkata,2025,5,1,6.649,29.29,65.48,0.96
Kolkata,2025,5,2,6.8489,29.41,61.51,1.64
Kolkata,2025,5,3,6.4668,29.92,62.9,3.05
Kolkata,2025,5,4,5.4182,30.19,63.9,2.86
Kolkata,2025,5,5,6.4013,30.63,61.96,2.96
Kolkata,2025,5,6,4.9654,31.37,60.97,2.95
Kolkata,2025,5,7,6.5575,31.54,62.25,2.8
Kolkata,2025,5,8,6.2988,32.39,61.05,3.67
Kolkata,2025,5,9,6.2746,33.1,56.71,2.49
Kolkata,2025,5,10,6.4373,33.95,53.21,3.12
Kolkata,2025,5,11,6.0497,34.18,53.62,3.58
Kolkata,2025,5,12,5.2147,34.44,55.79,4.4
Kolkata,2025,5,13,5.4617,32.77,63.35,4.54
Kolkata,2025,5,14,6.0271,33.42,61.14,5.19
Kolkata,2025,5,15,5.1257,32.54,65.36,5.15
Kolkata,2025,5,16,5.4074,32.01,69.08,4.99
Kolkata,2025,5,17,5.537,31.32,68.86,4.73
Kolkata,2025,5,18,3.9504,30.82,71.17,4.23
Kolkata,2025,5,19,5.6782,31.18,70.85,4.01
Kolkata,2025,5,20,6.0403,31.12,73.35,4.57
Kolkata,2025,5,21,5.8606,30.94,76.19,4.78
Kolkata,2025,5,22,5.6945,29.64,73.18,1.86
Kolkata,2025,5,23,4.225,29.97,71.61,1.48
Kolkata,2025,5,24,4.5372,29.81,72.85,1.34
Kolkata,2025,5,25,4.4208,28.2,85.89,2.76
Kolkata,2025,5,26,2.8865,29.36,81.12,3.02
Kolkata,2025,5,27,3.7704,28.72,86.29,4.36
Kolkata,2025,5,28,4.6248,29.02,84.39,3.21
Kolkata,2025,5,29,2.5862,29.05,86.14,4.7
Kolkata,2025,5,30,4.6022,30.71,78.14,5.76
Kolkata,2025,5,31,4.3627,29.91,83,4.73
Kolkata,2025,6,1,5.2915,31.56,75.59,4.5
Kolkata,2025,6,2,5.7199,31.71,67.82,3.6
Kolkata,2025,6,3,5.6369,31.73,70.77,4.18
Kolkata,2025,6,4,4.23,30.9,71.78,2
Kolkata,2025,6,5,4.3733,30.63,70.52,2.25
Kolkata,2025,6,6,5.4329,30.81,72.16,2.03
Kolkata,2025,6,7,6.5813,30.86,71.46,2.26
Kolkata,2025,6,8,6.1039,31.15,71.12,2.49
Kolkata,2025,6,9,5.9191,31.18,70.47,2.28
Kolkata,2025,6,10,5.5092,30.33,77.24,2.91
Kolkata,2025,6,11,5.0998,29.71,78.8,2.68
Kolkata,2025,6,12,6.0187,30.63,74.5,2.89
Kolkata,2025,6,13,6.223,30.84,73.7,3.29
Kolkata,2025,6,14,5.9801,31.02,73.33,3.54
Kolkata,2025,6,15,3.1315,29.65,80.91,2.09
Kolkata,2025,6,16,4.5626,28.46,85.03,3.36
Kolkata,2025,6,17,1.7453,28.3,89.12,5.61
Kolkata,2025,6,18,1.3195,28.4,89.41,6.24
Kolkata,2025,6,19,2.5022,28.12,85.69,8.44
Kolkata,2025,6,20,1.8934,29.12,85.37,5.4
Kolkata,2025,6,21,4.0829,30.13,79.9,4.09
Kolkata,2025,6,22,2.3242,29.31,83.29,3.17
Kolkata,2025,6,23,4.7659,28.78,89.07,2.92
Kolkata,2025,6,24,5.0242,29.29,86.59,3.17
Kolkata,2025,6,25,4.7645,29.18,86.43,4.83
Kolkata,2025,6,26,4.5804,28.89,88.19,4.81
Kolkata,2025,6,27,3.4915,29.23,85,4.5
Kolkata,2025,6,28,1.6625,28.57,86.42,4.28
Kolkata,2025,6,29,3.707,29.26,84.54,1.4
Kolkata,2025,6,30,3.5208,28.3,90.02,3.09
Kolkata,2025,7,1,4.7028,29.01,85.68,3.7
Kolkata,2025,7,2,4.7218,29.14,84.76,2.59
Kolkata,2025,7,3,4.1232,29.04,85.88,3.66
Kolkata,2025,7,4,2.1168,28.58,88.23,3.48
Kolkata,2025,7,5,3.7927,28.7,85.26,4.77
Kolkata,2025,7,6,2.3902,27.86,88.7,6.28
Kolkata,2025,7,7,2.2613,28.02,88.69,4.72
Kolkata,2025,7,8,1.4674,27.63,91.14,2.98
Kolkata,2025,7,9,1.6678,27.45,91.46,4.58
Kolkata,2025,7,10,3.521,28.33,89.1,4.69
Kolkata,2025,7,11,4.3342,28.59,88.85,2.7
Kolkata,2025,7,12,4.8965,28.87,89.2,2.27
Kolkata,2025,7,13,3.6557,28.98,87.91,2.09
Kolkata,2025,7,14,1.9133,28.1,90.44,3.23
Kolkata,2025,7,15,1.794,28.48,89.38,6.19
Kolkata,2025,7,16,2.7826,28.35,91.61,3.88
Kolkata,2025,7,17,5.1118,28.33,89.19,2.92
Kolkata,2025,7,18,4.3387,28.77,87.64,3.18
Kolkata,2025,7,19,4.7414,28.96,87.45,3.06
Kolkata,2025,7,20,4.5199,29.14,88.08,3.04
Kolkata,2025,7,21,5.423,29.09,84.15,1.68
Kolkata,2025,7,22,5.7804,29.81,82.72,1.93
Kolkata,2025,7,23,6.0492,30.34,82.87,1.85
Kolkata,2025,7,24,3.1303,29.62,89.26,1.65
Kolkata,2025,7,25,2.6064,28.46,91.49,6.42
Kolkata,2025,7,26,3.5551,28.92,87.79,6.27
Kolkata,2025,7,27,4.9231,29.01,87.25,4.64
Kolkata,2025,7,28,2.0969,29.06,88.31,3.9
Kolkata,2025,7,29,3.2484,28.09,90.42,3.73
Kolkata,2025,7,30,2.621,28.35,88.55,3.74
Kolkata,2025,7,31,1.446,28.17,90.12,3.89
Kolkata,2025,8,1,4.2449,29.08,87.13,3.86
Kolkata,2025,8,2,4.1093,28.67,90.23,3.86
Kolkata,2025,8,3,4.5326,28.6,91.74,3.95
Kolkata,2025,8,4,3.3286,28.39,92.72,3.27
Kolkata,2025,8,5,3.3132,28.47,90.99,2.53
Kolkata,2025,8,6,2.1365,28.07,90.87,3.26
Kolkata,2025,8,7,2.3345,28.2,89.41,3.36
Kolkata,2025,8,8,2.3102,27.34,89.98,4.96
Kolkata,2025,8,9,4.6166,28.11,87.41,4.07
Kolkata,2025,8,10,5.6873,28.36,88.99,3.64
Kolkata,2025,8,11,4.8775,29,87.72,3.4
Kolkata,2025,8,12,4.6123,29.24,89.01,2.73
Kolkata,2025,8,13,3.1745,28.54,89.17,3.36
Kolkata,2025,8,14,3.3914,27.7,91.52,3.5
Kolkata,2025,8,15,4.7064,27.95,90.26,3.52
Kolkata,2025,8,16,5.8651,28.12,88.26,2.8
Kolkata,2025,8,17,4.6505,27.91,89.19,3.44
Kolkata,2025,8,18,4.4573,27.63,92.29,5.08
Kolkata,2025,8,19,3.8496,27.83,91.51,5.2
Kolkata,2025,8,20,2.0436,27.78,92.85,3.6
Kolkata,2025,8,21,1.2113,27.58,91.08,2.35
Kolkata,2025,8,22,1.301,27.73,92.14,3.76
Kolkata,2025,8,23,1.7131,27.18,93.27,6.56
Kolkata,2025,8,24,2.9026,27.82,90.02,4.43
Kolkata,2025,8,25,4.2818,28.34,86.68,2.15
Kolkata,2025,8,26,5.3342,27.8,87.9,2.78
Kolkata,2025,8,27,4.4784,28,88.54,3.91
Kolkata,2025,8,28,4.8919,28.25,88.78,4.6
Kolkata,2025,8,29,3.4087,27.8,91.11,3.72
Kolkata,2025,8,30,4.404,27.92,89.42,2.49
Kolkata,2025,8,31,5.4269,28.73,84.99,1.6
Kolkata,2025,9,1,5.0971,28.72,85.26,1.55
Kolkata,2025,9,2,3.3919,28.07,90.54,3.42
Kolkata,2025,9,3,3.1082,27.87,90.57,5.6
Kolkata,2025,9,4,4.5802,27.54,91.07,3.23
Kolkata,2025,9,5,5.1924,27.22,90.2,2.2
Kolkata,2025,9,6,5.6791,27.84,88.24,2.24
Kolkata,2025,9,7,5.2586,28.34,86.49,2.04
Kolkata,2025,9,8,5.6952,28.16,87,2.36
Kolkata,2025,9,9,5.3813,28.34,86.88,2.4
Kolkata,2025,9,10,5.6136,28.7,87.2,2.53
Kolkata,2025,9,11,4.812,28.37,89.04,2.11
Kolkata,2025,9,12,4.0452,27.87,89.08,2.16
Kolkata,2025,9,13,4.458,27.74,91.18,2.48
Kolkata,2025,9,14,2.6393,27.85,90.44,2.35
Kolkata,2025,9,15,3.2314,27.26,90.9,2.57
Kolkata,2025,9,16,3.4675,27.37,91.24,3.26
Kolkata,2025,9,17,4.2989,27.71,88.84,2.79
Kolkata,2025,9,18,5.4588,28.56,87.88,2.79
Kolkata,2025,9,19,4.2266,28.03,92.38,2.01
Kolkata,2025,9,20,2.4163,28.02,90.91,1.4
Kolkata,2025,9,21,4.0927,28.18,88.35,1.25
Kolkata,2025,9,22,2.0083,27.67,92.25,1.8
Kolkata,2025,9,23,3.1572,26.53,94.35,4.17
Kolkata,2025,9,24,4.6721,27.78,89.09,3.31
Kolkata,2025,9,25,5.4024,28.12,87.5,2.09
Kolkata,2025,9,26,4.4652,27.85,91.22,4.01
Kolkata,2025,9,27,4.7182,28.07,90.42,4.2
Kolkata,2025,9,28,5.1014,27.42,90.72,2.77
Kolkata,2025,9,29,5.3906,28.47,84.54,1.31
Kolkata,2025,9,30,5.2346,29.09,83.42,1.47
Kolkata,2025,10,1,3.9288,28.57,88.96,2.19
Kolkata,2025,10,2,1.848,27.58,93.53,4.76
Kolkata,2025,10,3,2.057,27.63,91.88,4.8
Kolkata,2025,10,4,3.6667,27.78,93.7,4.51
Kolkata,2025,10,5,2.1252,27.41,92.35,2.47
Kolkata,2025,10,6,2.9911,27.17,85.76,1.01
Kolkata,2025,10,7,3.983,27.12,87.29,1.57
Kolkata,2025,10,8,3.8808,26.81,90.15,1.61
Kolkata,2025,10,9,3.9559,27.13,87.27,1.65
Kolkata,2025,10,10,3.2875,26.49,90.58,2.31
Kolkata,2025,10,11,4.6661,26.24,88.03,2.58
Kolkata,2025,10,12,5.1216,25.96,86.28,2.21
Kolkata,2025,10,13,5.1058,25.8,87.04,2.66
Kolkata,2025,10,14,5.3945,25.77,87.22,2.62
Kolkata,2025,10,15,5.2783,24.85,85.65,2.75
Kolkata,2025,10,16,5.0239,24.26,82.46,2.32
Kolkata,2025,10,17,4.8977,24.92,80.25,1.6
Kolkata,2025,10,18,4.6606,25.51,82.47,1.85
Kolkata,2025,10,19,4.776,26.43,83.83,2.29
Kolkata,2025,10,20,5.1643,26.33,86.61,2.44
Kolkata,2025,10,21,5.5411,25.78,84.21,2.6
Kolkata,2025,10,22,5.4101,25.97,83.82,2.26
Kolkata,2025,10,23,5.2889,26.41,80.73,1.67
Kolkata,2025,10,24,4.9195,26.94,75.77,1.07
Kolkata,2025,10,25,4.4294,26.93,76.4,1.28
Kolkata,2025,10,26,4.32,27.08,77.87,1.35
Kolkata,2025,10,27,4.627,27,82.23,2.15
Kolkata,2025,10,28,4.2754,27.33,85.56,2.64
Kolkata,2025,10,29,1.3205,26.99,90.31,2.92
Kolkata,2025,10,30,3.6833,27.17,89.09,2.71
Kolkata,2025,10,31,4.116,27.24,88.02,3.32
Kolkata,2025,11,1,3.1034,27,89.51,2.68
Kolkata,2025,11,2,2.8997,25.36,89.27,3.33
Kolkata,2025,11,3,4.3711,24.22,82.48,2.6
Kolkata,2025,11,4,3.504,23.11,84.09,2.97
Kolkata,2025,11,5,4.1297,22.53,81.77,2.73
Kolkata,2025,11,6,3.7997,23.88,80,2.16
Kolkata,2025,11,7,4.0531,23.71,83.45,2.99
Kolkata,2025,11,8,4.7474,21.04,80.5,3.81
Kolkata,2025,11,9,4.6375,19.98,78.51,2.91
Kolkata,2025,11,10,4.415,20.14,81.11,2.77
Kolkata,2025,11,11,4.3361,18.97,77.28,2.61
Kolkata,2025,11,12,4.4172,18.67,75.64,2.51
Kolkata,2025,11,13,4.2874,19.09,78.32,2.44
Kolkata,2025,11,14,4.392,19.18,80.36,2.57
Kolkata,2025,11,15,4.3543,19.11,82.29,2.66
Kolkata,2025,11,16,4.2833,19.04,82.96,2.85
Kolkata,2025,11,17,4.4515,19.39,85.52,2.93
Kolkata,2025,11,18,4.8096,19.84,82.49,2.54
Kolkata,2025,11,19,4.5677,20.41,77.59,2.48
Kolkata,2025,11,20,4.5439,20.43,79.28,2.57
Kolkata,2025,11,21,3.8971,20.77,78.96,2.18
Kolkata,2025,11,22,3.2726,20.89,78.94,1.69
Kolkata,2025,11,23,3.4704,20.73,78.14,1.73
Kolkata,2025,11,24,3.7337,19.07,82.35,3
Kolkata,2025,11,25,3.7812,17.93,82.53,3.03
Kolkata,2025,11,26,3.6134,17.69,81.97,3.01
Kolkata,2025,11,27,4.2703,18.29,82.67,2.63
Kolkata,2025,11,28,4.6166,19.01,83.84,2.43
Kolkata,2025,11,29,4.1033,19,80.43,2.41
Kolkata,2025,11,30,3.6362,19.35,78.79,2.13
Kolkata,2025,12,1,2.9578,18.36,83.15,2.09
Kolkata,2025,12,2,3.0739,19.48,79.55,2.29
Kolkata,2025,12,3,2.7619,18.36,79.73,2.58
Kolkata,2025,12,4,3.4344,17,81.54,2.97
Kolkata,2025,12,5,3.9199,16.35,79.69,3.43
Kolkata,2025,12,6,4.0747,15.49,75.74,2.96
Kolkata,2025,12,7,3.8129,15.74,78.66,2.99
Kolkata,2025,12,8,3.1354,16.02,78.51,2.46
Kolkata,2025,12,9,3.0658,17.08,81.63,2.84
Kolkata,2025,12,10,3.4565,17.16,82.31,3.02
Kolkata,2025,12,11,3.7087,16.03,79.26,2.87
Kolkata,2025,12,12,3.4944,16.24,77.76,2.6
Kolkata,2025,12,13,3.5933,16.75,82.39,2.65
Kolkata,2025,12,14,4.195,17,81.65,2.92
Kolkata,2025,12,15,4.2286,16.84,82.7,2.85
Kolkata,2025,12,16,3.6742,17.09,81.97,2.77
Kolkata,2025,12,17,3.3086,16.62,83.73,3.01
Kolkata,2025,12,18,3.7932,16.79,84.68,2.85
Kolkata,2025,12,19,3.7565,16.83,85.1,2.88
Kolkata,2025,12,20,2.5162,16.32,83.98,3.3
Kolkata,2025,12,21,2.3266,15.91,85.16,2.75
Kolkata,2025,12,22,2.743,16.24,84.81,2.99
Kolkata,2025,12,23,3.7649,15.9,83.67,2.68
Kolkata,2025,12,24,3.0794,15.47,83.58,2.65
Kolkata,2025,12,25,3.0197,14.32,81.3,3.03
Kolkata,2025,12,26,3.1649,14.04,81.17,3.06
Kolkata,2025,12,27,3.223,14.13,83.93,3.18
Kolkata,2025,12,28,3.0118,14.21,81.23,3.1
Kolkata,2025,12,29,1.7189,13.26,81.55,2.96
Kolkata,2025,12,30,2.7228,13.27,81.44,2.92
Kolkata,2025,12,31,3.4181,13.8,77.52,2.23
