City,YEAR,MO,DY,ALLSKY_SFC_SW_DWN,T2M,RH2M,WS10M
Mumbai,2018,1,1,4.2614,21.26,60.72,2.83
Mumbai,2018,1,2,4.6178,21.03,58.78,2.83
Mumbai,2018,1,3,4.2458,21.48,61.22,3
Mumbai,2018,1,4,4.343,21.93,62.05,1.96
Mumbai,2018,1,5,4.2264,21.45,63,2.65
Mumbai,2018,1,6,4.5439,20.59,56.46,2.57
Mumbai,2018,1,7,4.6205,20.3,56.87,2.36
Mumbai,2018,1,8,4.1436,20.64,60.41,2.38
Mumbai,2018,1,9,3.9991,22.1,57.8,2.66
Mumbai,2018,1,10,3.9403,22.85,56.09,3.63
Mumbai,2018,1,11,4.1674,24.17,56.19,3.08
Mumbai,2018,1,12,3.7884,25.31,57.19,3.25
Mumbai,2018,1,13,3.7219,25.79,56.19,2.94
Mumbai,2018,1,14,3.5551,26.15,54.14,2.55
Mumbai,2018,1,15,4.0051,26.62,58.84,2.7
Mumbai,2018,1,16,4.4554,26.19,51.7,2.99
Mumbai,2018,1,17,5.1883,25.75,51.89,2.66
Mumbai,2018,1,18,5.2795,24.61,52.07,2.96
Mumbai,2018,1,19,5.1173,23.89,52.77,2.74
Mumbai,2018,1,20,5.1454,23.78,52.36,2.41
Mumbai,2018,1,21,5.0786,23.7,53.66,2.55
Mumbai,2018,1,22,4.8694,23.06,54.91,2.49
Mumbai,2018,1,23,4.9718,22.01,64.5,2.67
Mumbai,2018,1,24,5.4286,21.36,58.17,2.52
Mumbai,2018,1,25,5.3381,21.33,48.27,2.76
Mumbai,2018,1,26,5.388,21.81,41.48,2.87
Mumbai,2018,1,27,5.4691,22,44.69,2.81
Mumbai,2018,1,28,4.8984,22.29,53.82,2.59
Mumbai,2018,1,29,4.8252,23.37,50.27,2.63
Mumbai,2018,1,30,4.9603,23.97,41.93,3.51
Mumbai,2018,1,31,5.5975,24.4,39.62,3.38
Mumbai,2018,2,1,5.7158,24.35,41.02,2.63
Mumbai,2018,2,2,5.4377,24.1,46.41,2.69
Mumbai,2018,2,3,5.3424,24.38,45.85,2.57
Mumbai,2018,2,4,5.3688,24.72,44.34,2.54
Mumbai,2018,2,5,5.2116,25.1,47.08,2.54
Mumbai,2018,2,6,4.0656,23.88,50.74,2.57
Mumbai,2018,2,7,4.1453,25.06,49.61,2.17
Mumbai,2018,2,8,5.7389,23.84,62.39,2.06
Mumbai,2018,2,9,5.7593,23.75,57.71,2.29
Mumbai,2018,2,10,5.5315,24.02,50.25,2.25
Mumbai,2018,2,11,5.8061,23.02,62.68,2.71
Mumbai,2018,2,12,6.1538,22.77,63.96,2.32
Mumbai,2018,2,13,5.9981,22.95,54.29,2.64
Mumbai,2018,2,14,5.6513,25.56,47.56,3.93
Mumbai,2018,2,15,5.1758,27.16,48.75,4.36
Mumbai,2018,2,16,5.4679,26.85,44.18,3.27
Mumbai,2018,2,17,5.6945,26.18,38.42,3.05
Mumbai,2018,2,18,5.7197,26.33,34.26,3.08
Mumbai,2018,2,19,5.6616,27,34.24,2.67
Mumbai,2018,2,20,5.5445,26.99,40.6,2.78
Mumbai,2018,2,21,5.5421,27.25,37.19,2.89
Mumbai,2018,2,22,5.3028,27.74,37.27,2.97
Mumbai,2018,2,23,5.2255,28.11,38.59,2.61
Mumbai,2018,2,24,5.4211,28.63,36.71,2.91
Mumbai,2018,2,25,5.5824,29.3,35.27,3.02
Mumbai,2018,2,26,6.1078,29.32,34.73,2.8
Mumbai,2018,2,27,6.1795,29.93,33.11,3.02
Mumbai,2018,2,28,5.8982,29.88,34.21,3.15
Mumbai,2018,3,1,5.6062,29.51,38.47,1.86
Mumbai,2018,3,2,5.7562,29.34,39.06,2.43
Mumbai,2018,3,3,5.3914,29.31,34.19,2.41
Mumbai,2018,3,4,5.6522,28.16,49.72,2.32
Mumbai,2018,3,5,5.9626,28.12,46.84,3.21
Mumbai,2018,3,6,5.629,29.26,36.3,3.04
Mumbai,2018,3,7,5.6167,29.39,37.1,2.78
Mumbai,2018,3,8,5.8735,28.41,52.23,2.18
Mumbai,2018,3,9,6.0936,28.9,51.31,3.23
Mumbai,2018,3,10,6.0144,29.28,43.83,3.08
Mumbai,2018,3,11,6.221,30.39,33.45,3.75
Mumbai,2018,3,12,6.0506,30.89,25.33,3.65
Mumbai,2018,3,13,5.8608,29.84,29.34,3.6
Mumbai,2018,3,14,5.1787,29.49,26.85,4.13
Mumbai,2018,3,15,1.4532,28.34,38.05,2.05
Mumbai,2018,3,16,4.6414,29.33,42.69,2.54
Mumbai,2018,3,17,5.7785,29.82,37.46,2.56
Mumbai,2018,3,18,5.7514,29.55,51.08,2.3
Mumbai,2018,3,19,7.0298,28.93,46.24,2.31
Mumbai,2018,3,20,6.9142,27.87,53.45,2.88
Mumbai,2018,3,21,7.1702,27.36,54.19,3.48
Mumbai,2018,3,22,7.272,26.36,53.89,3.25
Mumbai,2018,3,23,7.1705,25.76,52.77,2.22
Mumbai,2018,3,24,7.0075,29.57,34.46,2.57
Mumbai,2018,3,25,6.7853,31.98,23.17,2.78
Mumbai,2018,3,26,6.3206,32.76,22.43,3.99
Mumbai,2018,3,27,6.3492,31.11,39.46,2.43
Mumbai,2018,3,28,6.9007,29.81,52.46,2.74
Mumbai,2018,3,29,7.1702,29.28,52.78,2.51
Mumbai,2018,3,30,6.9972,28.96,58.15,2.23
Mumbai,2018,3,31,6.6619,28.5,61.2,2.24
Mumbai,2018,4,1,7.2953,29.5,55.62,2.71
Mumbai,2018,4,2,6.971,29.57,52.29,2.61
Mumbai,2018,4,3,6.7824,29.65,51.83,2.6
Mumbai,2018,4,4,6.6866,30.27,49.12,2.7
Mumbai,2018,4,5,6.516,30.45,55.49,2.46
Mumbai,2018,4,6,5.7482,29.31,56.27,2.13
Mumbai,2018,4,7,6.4042,30.09,54.1,2.86
Mumbai,2018,4,8,7.2122,30.52,45.99,2.62
Mumbai,2018,4,9,7.2538,30.46,41.15,3.11
Mumbai,2018,4,10,7.1918,31.04,38.72,2.67
Mumbai,2018,4,11,6.5393,30.45,48.8,2.25
Mumbai,2018,4,12,7.2288,30.32,52.13,2.39
Mumbai,2018,4,13,7.2322,30.49,51.44,2.71
Mumbai,2018,4,14,6.8419,31.06,52.66,2.44
Mumbai,2018,4,15,6.3684,31.76,50.15,2.51
Mumbai,2018,4,16,6.5465,32.19,53.46,3.1
Mumbai,2018,4,17,6.5081,33.83,48.99,2.61
Mumbai,2018,4,18,6.6713,33.16,48.97,2.96
Mumbai,2018,4,19,6.8203,32.34,50.51,2.8
Mumbai,2018,4,20,7.4978,30.89,57,3.27
Mumbai,2018,4,21,7.423,31.66,49.11,3.19
Mumbai,2018,4,22,7.6356,31.31,47.3,3.57
Mumbai,2018,4,23,7.5833,31.16,48.66,2.7
Mumbai,2018,4,24,7.8053,31.44,45.07,2.64
Mumbai,2018,4,25,7.7791,30.6,48.96,2.76
Mumbai,2018,4,26,7.5228,30.26,52.69,2.49
Mumbai,2018,4,27,7.5338,30.65,53.75,2.74
Mumbai,2018,4,28,7.0003,31.03,57.95,2.81
Mumbai,2018,4,29,6.9766,30.71,60.49,2.79
Mumbai,2018,4,30,7.3678,30.6,61.05,3.09
Mumbai,2018,5,1,7.5732,30.64,60.28,2.89
Mumbai,2018,5,2,7.6186,30.09,62.63,2.77
Mumbai,2018,5,3,7.3087,30.96,57.49,2.46
Mumbai,2018,5,4,7.2869,31.15,55.46,2.47
Mumbai,2018,5,5,7.0066,31.02,56.85,2.48
Mumbai,2018,5,6,7.0318,31.48,56.66,2.59
Mumbai,2018,5,7,6.9533,31,56.41,2.86
Mumbai,2018,5,8,7.1786,31.12,55.36,3.17
Mumbai,2018,5,9,7.4554,32.11,54.33,3.88
Mumbai,2018,5,10,7.0399,32.16,53.47,2.82
Mumbai,2018,5,11,7.1544,32.03,54.48,3.38
Mumbai,2018,5,12,7.1129,30.77,58.01,2.92
Mumbai,2018,5,13,7.0418,31.41,57.6,2.89
Mumbai,2018,5,14,7.151,31.88,57.47,3.3
Mumbai,2018,5,15,7.0836,31.11,59.91,2.88
Mumbai,2018,5,16,6.5904,31.73,59.11,3.21
Mumbai,2018,5,17,6.3974,32.76,57.42,3.13
Mumbai,2018,5,18,6.3456,32.06,57.41,3.73
Mumbai,2018,5,19,6.9178,31.28,59.59,3.12
Mumbai,2018,5,20,6.9113,31.56,59.54,2.97
Mumbai,2018,5,21,6.8141,30.89,60.41,2.68
Mumbai,2018,5,22,5.8054,31.44,54.05,2.86
Mumbai,2018,5,23,5.0942,31.57,53.91,2.62
Mumbai,2018,5,24,5.6134,31.05,60.09,3.5
Mumbai,2018,5,25,5.4274,31.11,59.37,4.01
Mumbai,2018,5,26,6.7284,32.26,60.21,4.1
Mumbai,2018,5,27,6.3811,31.33,70.02,2.88
Mumbai,2018,5,28,5.3402,31.33,67.71,4.48
Mumbai,2018,5,29,5.5219,30.85,68.47,4.62
Mumbai,2018,5,30,6.4985,31.12,66.76,4.3
Mumbai,2018,5,31,6.5813,31.61,65.16,4.06
Mumbai,2018,6,1,6.558,31.71,64.48,2.45
Mumbai,2018,6,2,6.0002,31.66,64.99,2.8
Mumbai,2018,6,3,5.7821,29.64,73.14,3.17
Mumbai,2018,6,4,6.0566,28.81,77.57,2.71
Mumbai,2018,6,5,5.0604,29.35,74.04,2.02
Mumbai,2018,6,6,5.5241,29.33,75.13,2.47
Mumbai,2018,6,7,1.0414,29.33,81.2,4.01
Mumbai,2018,6,8,4.1892,28.73,84.09,5.23
Mumbai,2018,6,9,0.9322,28.2,86.15,5.66
Mumbai,2018,6,10,4.2614,28.99,82.62,6.21
Mumbai,2018,6,11,5.1722,29.03,82.46,6.17
Mumbai,2018,6,12,5.5231,29.35,79.61,6.35
Mumbai,2018,6,13,5.4962,29.5,77.47,5.87
Mumbai,2018,6,14,5.4643,29.3,77.51,4.93
Mumbai,2018,6,15,6.0655,29.04,80.81,5.21
Mumbai,2018,6,16,5.3314,28.95,79.67,5.3
Mumbai,2018,6,17,3.7166,28.37,82.43,5.94
Mumbai,2018,6,18,3.7666,28.1,84.71,4.43
Mumbai,2018,6,19,4.6886,28.36,84.19,3.3
Mumbai,2018,6,20,4.9548,28.35,83.91,3.5
Mumbai,2018,6,21,2.3765,28.01,85.95,4.48
Mumbai,2018,6,22,4.5166,27.97,85.2,3.68
Mumbai,2018,6,23,1.4774,27.48,87.76,4.03
Mumbai,2018,6,24,1.8358,26.87,88.68,5.1
Mumbai,2018,6,25,1.1662,26.96,90.09,5.2
Mumbai,2018,6,26,3.7745,27.3,87.93,6.5
Mumbai,2018,6,27,4.7964,27.51,86.39,5.77
Mumbai,2018,6,28,3.4742,27.54,86.34,5.03
Mumbai,2018,6,29,5.3947,26.96,89.02,4.61
Mumbai,2018,6,30,4.7885,26.95,89.07,4.84
Mumbai,2018,7,1,5.9978,27.37,87.57,4.92
Mumbai,2018,7,2,2.1718,27.11,90.08,5.7
Mumbai,2018,7,3,2.0398,26.77,90.97,6.43
Mumbai,2018,7,4,2.3326,26.7,91.07,6.35
Mumbai,2018,7,5,4.003,26.73,90.73,5.42
Mumbai,2018,7,6,5.3467,27.01,90.09,4.54
Mumbai,2018,7,7,1.7266,26.46,92.88,4.79
Mumbai,2018,7,8,1.3591,26.46,91.8,4.5
Mumbai,2018,7,9,1.1947,25.9,93.56,3.92
Mumbai,2018,7,10,1.8761,25.99,92.8,4.98
Mumbai,2018,7,11,3.7471,26.53,91.3,5.63
Mumbai,2018,7,12,3.1843,26.34,92.33,6.03
Mumbai,2018,7,13,2.7674,26.32,91.62,5.12
Mumbai,2018,7,14,3.709,26.45,90.83,6.24
Mumbai,2018,7,15,1.8739,26.14,93.86,6.97
Mumbai,2018,7,16,2.7341,26.4,93.21,7.54
Mumbai,2018,7,17,2.899,26.31,91.88,7.79
Mumbai,2018,7,18,4.0162,26.21,91.46,6.5
Mumbai,2018,7,19,5.125,26.14,90.73,6.26
Mumbai,2018,7,20,3.7692,26.01,92.6,6.1
Mumbai,2018,7,21,3.1716,26.03,90.86,6.73
Mumbai,2018,7,22,1.7923,26.12,90.22,6.21
Mumbai,2018,7,23,2.3402,25.92,90.01,6.11
Mumbai,2018,7,24,2.3398,25.89,90.64,5.92
Mumbai,2018,7,25,4.6253,25.92,90.42,5.76
Mumbai,2018,7,26,2.4967,26,90.15,6.33
Mumbai,2018,7,27,2.2954,25.9,89.37,6.16
Mumbai,2018,7,28,4.3793,26.11,89.69,5.51
Mumbai,2018,7,29,4.2576,26.09,89.79,5.15
Mumbai,2018,7,30,3.7433,25.92,89.07,4.96
Mumbai,2018,7,31,4.213,26.07,89.43,4.95
Mumbai,2018,8,1,3.6444,26,89.6,5.57
Mumbai,2018,8,2,3.6485,26,89.12,5.33
Mumbai,2018,8,3,4.2199,25.94,89.05,5.36
Mumbai,2018,8,4,2.8944,25.58,89.96,5.87
Mumbai,2018,8,5,3.9019,25.88,87.94,5.87
Mumbai,2018,8,6,3.3811,25.86,87.89,6.49
Mumbai,2018,8,7,3.7447,26.05,87.78,6.01
Mumbai,2018,8,8,3.834,25.88,89.61,5.39
Mumbai,2018,8,9,4.1978,25.97,89.23,5.93
Mumbai,2018,8,10,4.8029,26.1,88.71,5.45
Mumbai,2018,8,11,4.3625,26.03,89.22,6.04
Mumbai,2018,8,12,3.7142,25.83,88.86,7
Mumbai,2018,8,13,3.588,25.67,90.23,6.83
Mumbai,2018,8,14,3.0156,26.02,90.32,5.54
Mumbai,2018,8,15,2.316,25.72,91.04,5.39
Mumbai,2018,8,16,2.135,25.61,90.95,6.52
Mumbai,2018,8,17,2.2181,25.28,92.01,6.36
Mumbai,2018,8,18,3.6758,25.54,90.38,5.93
Mumbai,2018,8,19,5.1182,25.77,90.36,5.83
Mumbai,2018,8,20,3.8976,25.52,91.04,5.24
Mumbai,2018,8,21,2.2555,25.24,93.15,4.72
Mumbai,2018,8,22,4.1215,25.72,91.4,5.62
Mumbai,2018,8,23,5.0734,25.65,90.96,4.93
Mumbai,2018,8,24,5.1259,25.69,90.07,4.92
Mumbai,2018,8,25,5.4893,25.61,89.73,5.1
Mumbai,2018,8,26,4.0997,25.58,90.13,5.15
Mumbai,2018,8,27,4.4782,25.61,90.92,4.6
Mumbai,2018,8,28,4.051,25.52,90.23,3.77
Mumbai,2018,8,29,4.8989,25.8,89.5,3.54
Mumbai,2018,8,30,5.2946,25.55,89.74,3.94
Mumbai,2018,8,31,5.8164,25.58,88.94,3.42
Mumbai,2018,9,1,5.7672,25.59,89.31,3.94
Mumbai,2018,9,2,4.811,25.51,88.91,4.96
Mumbai,2018,9,3,5.4175,25.34,89.28,4.72
Mumbai,2018,9,4,4.5559,25.05,89.01,4.39
Mumbai,2018,9,5,5.4113,25.33,87.73,4.35
Mumbai,2018,9,6,6.0482,25.28,87.22,3.6
Mumbai,2018,9,7,4.9877,25.14,87.14,3.24
Mumbai,2018,9,8,6.3134,25.09,86.94,3.18
Mumbai,2018,9,9,6.5585,25.04,86,2.93
Mumbai,2018,9,10,6.3218,25.34,82.72,1.98
Mumbai,2018,9,11,6.6792,25.32,83.9,2.1
Mumbai,2018,9,12,6.7006,25.16,85.41,2.22
Mumbai,2018,9,13,6.3266,25.26,85.5,2.46
Mumbai,2018,9,14,5.4996,25.66,86.85,2.45
Mumbai,2018,9,15,4.957,26.33,85.69,2.08
Mumbai,2018,9,16,6.0586,25.56,87.24,2.66
Mumbai,2018,9,17,6.383,25.28,85.8,2.64
Mumbai,2018,9,18,6.5242,25.48,83.8,2.16
Mumbai,2018,9,19,3.8446,25.58,87.33,2.42
Mumbai,2018,9,20,4.7597,26.2,88.19,2.87
Mumbai,2018,9,21,3.8616,26.96,87.26,2.69
Mumbai,2018,9,22,3.845,26.36,89.36,3.51
Mumbai,2018,9,23,5.3347,26.32,85.87,2.77
Mumbai,2018,9,24,5.9294,26.19,84.93,1.92
Mumbai,2018,9,25,5.995,26.19,84.79,2.28
Mumbai,2018,9,26,6.0235,27,84.81,2.16
Mumbai,2018,9,27,4.991,27.41,80.7,1.7
Mumbai,2018,9,28,4.2538,27.7,79.51,2.09
Mumbai,2018,9,29,3.702,27.81,79.63,2.65
Mumbai,2018,9,30,5.286,27.84,74.61,2.95
Mumbai,2018,10,1,5.6887,28.03,74.39,2.61
Mumbai,2018,10,2,5.5253,28.42,75.18,2.19
Mumbai,2018,10,3,5.6429,28.2,79.01,1.89
Mumbai,2018,10,4,5.3491,28.29,77.73,1.53
Mumbai,2018,10,5,4.5636,27.95,78.88,2.66
Mumbai,2018,10,6,5.917,27.39,73.61,3.02
Mumbai,2018,10,7,5.3076,27.69,71.61,3.25
Mumbai,2018,10,8,5.3201,28.27,73.8,2.52
Mumbai,2018,10,9,5.2843,27.39,71.84,2.05
Mumbai,2018,10,10,5.1715,26.96,72.98,1.95
Mumbai,2018,10,11,5.4245,27.09,74.43,2.27
Mumbai,2018,10,12,5.1168,27.81,72.78,2.01
Mumbai,2018,10,13,4.6966,27.45,66.23,2.72
Mumbai,2018,10,14,5.6047,27.17,65.28,2.56
Mumbai,2018,10,15,5.5577,26.91,64.82,2.78
Mumbai,2018,10,16,5.6138,26.95,66.22,2.73
Mumbai,2018,10,17,4.62,27.28,73.2,1.71
Mumbai,2018,10,18,4.7664,26.38,79.8,1.32
Mumbai,2018,10,19,5.3203,27.46,74.54,1.51
Mumbai,2018,10,20,5.243,27.4,72.97,2.11
Mumbai,2018,10,21,5.1802,26.91,71.37,2.08
Mumbai,2018,10,22,5.1055,27.22,68.63,2.13
Mumbai,2018,10,23,5.5838,26.35,58.98,2.58
Mumbai,2018,10,24,5.8584,25.86,58.91,2.73
Mumbai,2018,10,25,4.9138,26.13,71.23,3.58
Mumbai,2018,10,26,4.9817,26.55,67.27,2.87
Mumbai,2018,10,27,5.1259,25.81,64.16,3.35
Mumbai,2018,10,28,5.6693,25.6,59.5,3.73
Mumbai,2018,10,29,5.7557,24.76,53.87,4.12
Mumbai,2018,10,30,5.6861,24.2,54.79,3.77
Mumbai,2018,10,31,5.5994,24.5,63.71,3.72
Mumbai,2018,11,1,5.597,25.27,63.87,3.33
Mumbai,2018,11,2,5.333,25.91,67.59,3.05
Mumbai,2018,11,3,5.2001,27.1,73.04,2.98
Mumbai,2018,11,4,5.2738,27.92,74.79,1.83
Mumbai,2018,11,5,4.6822,27.41,77.77,1.62
Mumbai,2018,11,6,5.0657,27.5,70.21,2.29
Mumbai,2018,11,7,5.2718,26.33,60.38,3.17
Mumbai,2018,11,8,5.3239,25.53,58.79,2.99
Mumbai,2018,11,9,5.2901,25.96,59.58,2.55
Mumbai,2018,11,10,5.147,25.56,57.83,2.65
Mumbai,2018,11,11,5.3177,25,55.89,2.64
Mumbai,2018,11,12,5.4293,24.67,55.92,2.74
Mumbai,2018,11,13,5.1816,24.85,58.1,2.01
Mumbai,2018,11,14,4.9008,24.63,65.98,2.12
Mumbai,2018,11,15,5.0988,24.97,56.1,2.91
Mumbai,2018,11,16,5.3345,24.89,50.07,3.69
Mumbai,2018,11,17,5.3477,25.19,50.22,3.09
Mumbai,2018,11,18,4.7366,26.02,56.7,2.4
Mumbai,2018,11,19,4.1369,26.53,57.52,2.34
Mumbai,2018,11,20,4.3464,26.79,61.3,2.14
Mumbai,2018,11,21,4.6217,27.18,66.05,2.08
Mumbai,2018,11,22,4.553,27.06,61.22,2.92
Mumbai,2018,11,23,4.9608,26.33,52.5,4.03
Mumbai,2018,11,24,4.963,25.83,53.01,3.49
Mumbai,2018,11,25,3.9842,25.7,56.2,2.77
Mumbai,2018,11,26,4.2689,25.43,55.73,2.61
Mumbai,2018,11,27,4.7278,24.94,47.95,3.64
Mumbai,2018,11,28,4.7484,24.85,47.26,3.19
Mumbai,2018,11,29,4.8886,24.42,46.64,3.23
Mumbai,2018,11,30,4.6574,24.44,47.85,3.37
Mumbai,2018,12,1,4.086,24.18,47.89,3.11
Mumbai,2018,12,2,4.2331,24.47,51.32,2.95
Mumbai,2018,12,3,3.9948,24.83,56.48,2.82
Mumbai,2018,12,4,3.9912,24.72,57.77,2.97
Mumbai,2018,12,5,4.2396,25.21,54.71,2.69
Mumbai,2018,12,6,4.5703,24.56,57.09,2.68
Mumbai,2018,12,7,4.6034,24.4,53.05,2.66
Mumbai,2018,12,8,4.7702,24.42,53.24,2.68
Mumbai,2018,12,9,4.6056,23.97,52.85,2.63
Mumbai,2018,12,10,4.5972,22.74,50.67,2.84
Mumbai,2018,12,11,4.7616,22.14,50.94,3.23
Mumbai,2018,12,12,4.5833,22.56,62.34,2.89
Mumbai,2018,12,13,4.8602,22.55,50.64,3.88
Mumbai,2018,12,14,3.9062,22.98,45.84,4.56
Mumbai,2018,12,15,3.4951,24.59,48.71,5.13
Mumbai,2018,12,16,3.7466,23.78,44.72,4.51
Mumbai,2018,12,17,4.4153,22.53,43.49,4.16
Mumbai,2018,12,18,4.6766,23.3,53.33,3.44
Mumbai,2018,12,19,5.0758,21.98,41.29,3.7
Mumbai,2018,12,20,5.1691,22.17,44.71,3.63
Mumbai,2018,12,21,4.9318,23.19,52.25,2.95
Mumbai,2018,12,22,4.8182,23.65,46.37,2.65
Mumbai,2018,12,23,4.2101,24.61,44.86,2.77
Mumbai,2018,12,24,4.1026,25.46,47.33,2.99
Mumbai,2018,12,25,4.5799,25.23,47.11,2.51
Mumbai,2018,12,26,4.5581,23.14,41.17,3.46
Mumbai,2018,12,27,5.076,20.76,29.87,3.85
Mumbai,2018,12,28,5.0926,20.78,26.67,3.81
Mumbai,2018,12,29,4.9385,21.29,25.43,4.06
Mumbai,2018,12,30,4.7333,22.05,27.07,3.97
Mumbai,2018,12,31,4.327,22.7,29.08,3.58
Mumbai,2019,1,1,4.8449,22.99,28.82,3.48
Mumbai,2019,1,2,4.9502,23.28,28.92,2.88
Mumbai,2019,1,3,4.7964,23.45,31.22,2.71
Mumbai,2019,1,4,4.8497,23.6,31.3,3.22
Mumbai,2019,1,5,4.7602,23.53,35.35,2.65
Mumbai,2019,1,6,4.8914,23.07,34.39,3.39
Mumbai,2019,1,7,4.8785,23,30.35,3.64
Mumbai,2019,1,8,4.9502,22.81,27.21,4.04
Mumbai,2019,1,9,5.094,22.59,29.19,2.71
Mumbai,2019,1,10,4.9116,22.81,29.65,3.43
Mumbai,2019,1,11,4.8487,22.83,33.32,2.68
Mumbai,2019,1,12,4.9543,22.79,34.45,2.37
Mumbai,2019,1,13,5.0033,22.55,37.12,2.91
Mumbai,2019,1,14,4.7172,24.38,30.12,3.72
Mumbai,2019,1,15,4.5826,24.99,32.28,4.06
Mumbai,2019,1,16,4.6865,25.21,39.07,3.41
Mumbai,2019,1,17,4.7472,25.32,30.35,3.08
Mumbai,2019,1,18,4.9426,25.21,27.24,3.05
Mumbai,2019,1,19,4.7921,25.3,32.69,3.41
Mumbai,2019,1,20,4.7662,25.79,36.05,2.66
Mumbai,2019,1,21,4.9798,24.52,49,2.35
Mumbai,2019,1,22,5.0038,22.58,71.05,2.47
Mumbai,2019,1,23,5.119,22.1,67.62,3.17
Mumbai,2019,1,24,5.2889,21.66,42.99,3.51
Mumbai,2019,1,25,5.3522,21.1,31.03,4.52
Mumbai,2019,1,26,5.1317,21.68,30.84,3.6
Mumbai,2019,1,27,4.8634,23.41,37.84,4.59
Mumbai,2019,1,28,5.1043,23,27.57,5.29
Mumbai,2019,1,29,5.2459,23.02,21.57,4.67
Mumbai,2019,1,30,5.4576,22.87,23.41,4
Mumbai,2019,1,31,5.2414,23.24,30.24,2.85
Mumbai,2019,2,1,5.3338,24.09,33.9,3.12
Mumbai,2019,2,2,5.0947,24.39,34.29,3.05
Mumbai,2019,2,3,4.9246,25.73,37.16,2.77
Mumbai,2019,2,4,5.2116,26.79,41.78,4.12
Mumbai,2019,2,5,5.0429,26.63,43.3,2.52
Mumbai,2019,2,6,5.5927,24.19,50.15,3
Mumbai,2019,2,7,5.5068,21.52,63.45,3.98
Mumbai,2019,2,8,5.8666,19.61,51.86,3.98
Mumbai,2019,2,9,6.1795,20.96,27.79,3.53
Mumbai,2019,2,10,6.025,23.09,19.49,4.44
Mumbai,2019,2,11,5.9074,25.33,24.25,3.07
Mumbai,2019,2,12,5.3762,28.03,27.98,3.28
Mumbai,2019,2,13,5.2591,28.18,37.01,2.67
Mumbai,2019,2,14,5.7101,26.54,42.92,3.25
Mumbai,2019,2,15,6.0456,24.77,51.02,2.9
Mumbai,2019,2,16,6.2417,23.98,45.52,3.23
Mumbai,2019,2,17,6.0641,24.18,33.34,2.85
Mumbai,2019,2,18,5.9429,25.14,35.45,2.85
Mumbai,2019,2,19,5.9304,26.25,37.61,2.91
Mumbai,2019,2,20,5.8044,26.8,43.06,3.04
Mumbai,2019,2,21,5.766,26.03,60.73,2.73
Mumbai,2019,2,22,5.814,27.51,48.11,3.41
Mumbai,2019,2,23,5.8531,29.41,31.43,3.72
Mumbai,2019,2,24,6.2182,28.33,24.77,3.65
Mumbai,2019,2,25,6.3828,27.02,35.84,3.54
Mumbai,2019,2,26,6.1464,25.56,49.45,3.5
Mumbai,2019,2,27,6.0242,24.61,58.79,3.21
Mumbai,2019,2,28,6.4934,25.03,43.29,2.93
Mumbai,2019,3,1,6.6096,25.92,28.96,2.73
Mumbai,2019,3,2,6.5081,26.61,47.38,3.43
Mumbai,2019,3,3,6.4238,25.47,65.57,2.77
Mumbai,2019,3,4,6.2664,25.13,69.31,2.97
Mumbai,2019,3,5,6.485,25.39,61.08,2.76
Mumbai,2019,3,6,6.6439,24.45,52.92,3.25
Mumbai,2019,3,7,6.6185,25.54,50.12,3.4
Mumbai,2019,3,8,6.504,26.96,39.9,3.28
Mumbai,2019,3,9,6.522,27.64,37.07,3.38
Mumbai,2019,3,10,6.7154,28.04,33.7,3.3
Mumbai,2019,3,11,6.5707,26.08,53.63,3.31
Mumbai,2019,3,12,6.4421,26.44,52.21,2.94
Mumbai,2019,3,13,6.5945,26.16,50.69,3.59
Mumbai,2019,3,14,6.576,26.11,46.95,4.17
Mumbai,2019,3,15,6.7378,27.92,34.74,3.46
Mumbai,2019,3,16,6.709,28.57,31.48,2.81
Mumbai,2019,3,17,6.913,27.72,40.11,2.39
Mumbai,2019,3,18,6.881,28.36,35.4,3.12
Mumbai,2019,3,19,7.0738,28.73,35.51,2.82
Mumbai,2019,3,20,6.9682,27.34,51.89,2.75
Mumbai,2019,3,21,7.1062,27.14,53.83,2.86
Mumbai,2019,3,22,7.11,27.44,48.66,3.01
Mumbai,2019,3,23,6.99,30.19,30.39,3.46
Mumbai,2019,3,24,6.8062,31.54,21.66,3.56
Mumbai,2019,3,25,6.5146,32.64,21.56,3.87
Mumbai,2019,3,26,6.925,32.59,25.02,3.75
Mumbai,2019,3,27,6.8453,30.82,41.37,2.25
Mumbai,2019,3,28,7.0939,30.81,41.41,2.4
Mumbai,2019,3,29,6.9468,30.83,51.59,2.51
Mumbai,2019,3,30,6.7205,30.6,50.2,2.67
Mumbai,2019,3,31,6.8736,29.91,54.86,2.46
Mumbai,2019,4,1,7.5564,29.06,55.8,2.43
Mumbai,2019,4,2,7.6387,29.13,55.44,2.01
Mumbai,2019,4,3,7.1599,30.75,53.49,2.5
Mumbai,2019,4,4,6.9307,30.82,53.19,2.83
Mumbai,2019,4,5,6.708,29.89,58.79,2.82
Mumbai,2019,4,6,7.0781,30.31,53.19,2.71
Mumbai,2019,4,7,7.2653,30.37,53.54,2.39
Mumbai,2019,4,8,7.3164,30.88,55.1,3.15
Mumbai,2019,4,9,7.3709,30.42,51.82,2.65
Mumbai,2019,4,10,7.4124,30.23,53.15,2.97
Mumbai,2019,4,11,7.2895,30.3,56.41,2.83
Mumbai,2019,4,12,7.0162,31.02,54.4,2.41
Mumbai,2019,4,13,6.8587,32.32,42.86,3.38
Mumbai,2019,4,14,6.8215,32.53,48.93,2.58
Mumbai,2019,4,15,6.6847,30.85,49.74,2.14
Mumbai,2019,4,16,6.5844,30,55.17,3.02
Mumbai,2019,4,17,7.6838,28.94,48.4,3.64
Mumbai,2019,4,18,7.5955,28.67,51.46,3.96
Mumbai,2019,4,19,7.6774,30.18,50.45,2.97
Mumbai,2019,4,20,7.8499,30.18,51.22,2.68
Mumbai,2019,4,21,7.8295,30.48,52.21,2.61
Mumbai,2019,4,22,7.8101,30.26,51.84,3.4
Mumbai,2019,4,23,7.548,30.64,53.37,3.52
Mumbai,2019,4,24,7.1443,31.4,53.88,3.76
Mumbai,2019,4,25,6.7126,32.09,52.88,3.82
Mumbai,2019,4,26,6.7502,33.01,52.75,3.52
Mumbai,2019,4,27,6.5734,34.35,49.98,3.43
Mumbai,2019,4,28,6.6084,34.14,50.4,3.62
Mumbai,2019,4,29,6.6761,32.1,56.2,3.52
Mumbai,2019,4,30,6.8314,31.13,58.02,3.14
Mumbai,2019,5,1,6.5357,29.94,60.16,3.24
Mumbai,2019,5,2,7.3555,29.3,56.88,3.15
Mumbai,2019,5,3,7.3099,29.24,61.54,3.58
Mumbai,2019,5,4,7.3289,29.57,62.02,3.74
Mumbai,2019,5,5,7.5552,30.05,58.07,3.22
Mumbai,2019,5,6,7.3596,30.98,56.28,3.23
Mumbai,2019,5,7,7.1165,30.8,58.57,3.26
Mumbai,2019,5,8,7.315,30.27,60.29,3.96
Mumbai,2019,5,9,7.4587,29.67,58.28,3.9
Mumbai,2019,5,10,7.5708,29.76,58.69,3.55
Mumbai,2019,5,11,7.5504,30.37,57.75,3.76
Mumbai,2019,5,12,7.5962,30.79,59.96,3.47
Mumbai,2019,5,13,7.5835,30.8,59.31,3.39
Mumbai,2019,5,14,7.8355,30.43,58.6,2.98
Mumbai,2019,5,15,7.7849,30.79,56.86,3.11
Mumbai,2019,5,16,7.6255,30.81,54.9,3.03
Mumbai,2019,5,17,7.3747,31.01,55.41,3.59
Mumbai,2019,5,18,7.2864,32.22,52.53,4.02
Mumbai,2019,5,19,7.6418,33.45,46.16,4.65
Mumbai,2019,5,20,7.4962,32.71,55.09,3.89
Mumbai,2019,5,21,7.0874,32.27,59.54,3.81
Mumbai,2019,5,22,7.3183,31.78,61.87,3.26
Mumbai,2019,5,23,7.3248,31.68,60.25,3.57
Mumbai,2019,5,24,7.3162,31.27,62.43,3.11
Mumbai,2019,5,25,7.4148,31.4,58.93,3.07
Mumbai,2019,5,26,7.3598,31.21,57.9,2.93
Mumbai,2019,5,27,6.9835,31.7,57.02,3.3
Mumbai,2019,5,28,7.3738,32.01,58.95,3.78
Mumbai,2019,5,29,7.1057,32.02,59.05,3.51
Mumbai,2019,5,30,7.1551,31.66,62.33,3.65
Mumbai,2019,5,31,7.1162,31.92,61.12,3.42
Mumbai,2019,6,1,6.8938,31.95,59.96,3.9
Mumbai,2019,6,2,7.1585,32.19,62.15,3.65
Mumbai,2019,6,3,6.725,31.52,62.29,3.97
Mumbai,2019,6,4,6.1802,31.62,62.79,4.15
Mumbai,2019,6,5,6.7248,32.05,59.66,3.44
Mumbai,2019,6,6,5.441,31.53,60.32,3.49
Mumbai,2019,6,7,6.2534,32.05,60.66,3.45
Mumbai,2019,6,8,6.4346,32.32,62.09,2.41
Mumbai,2019,6,9,6.4546,31.43,65.08,2.58
Mumbai,2019,6,10,4.9284,30.42,71.2,2.2
Mumbai,2019,6,11,6.2076,29.49,79.83,2.04
Mumbai,2019,6,12,3.2196,29.16,76.37,8.16
Mumbai,2019,6,13,4.8542,29.51,72.65,8.92
Mumbai,2019,6,14,4.6848,29.34,73.98,7.25
Mumbai,2019,6,15,5.7355,29.33,76.95,6.95
Mumbai,2019,6,16,6.0737,29.84,76.59,5.99
Mumbai,2019,6,17,6.0754,29.6,77.02,5.79
Mumbai,2019,6,18,3.6854,29.42,76.27,6.07
Mumbai,2019,6,19,4.7897,29.26,77.8,4.43
Mumbai,2019,6,20,6.2419,29.1,76.73,3.72
Mumbai,2019,6,21,6.672,29.34,73.67,3.19
Mumbai,2019,6,22,6.276,29.46,72.45,2.79
Mumbai,2019,6,23,5.455,29.17,75.41,3.19
Mumbai,2019,6,24,4.1179,27.92,80.86,2.76
Mumbai,2019,6,25,5.939,29.15,76.79,3.06
Mumbai,2019,6,26,5.4103,29.07,78.97,2.7
Mumbai,2019,6,27,2.4542,28.59,83.74,4.22
Mumbai,2019,6,28,1.2679,27.24,89.52,5.71
Mumbai,2019,6,29,1.9217,26.94,92.32,4.88
Mumbai,2019,6,30,2.9206,27.24,89.03,4.03
Mumbai,2019,7,1,1.2953,26.96,91.98,4.15
Mumbai,2019,7,2,4.3538,26.95,90.32,3.63
Mumbai,2019,7,3,2.8944,26.66,91.9,3.31
Mumbai,2019,7,4,5.1257,26.38,86.18,4.09
Mumbai,2019,7,5,3.4853,27.23,89.74,5.91
Mumbai,2019,7,6,2.8572,26.95,91.3,6.8
Mumbai,2019,7,7,4.0896,26.88,91.99,6.11
Mumbai,2019,7,8,1.859,27.2,91.36,6.19
Mumbai,2019,7,9,4.4465,27.28,91.63,6.01
Mumbai,2019,7,10,1.2346,27.23,91.49,6.17
Mumbai,2019,7,11,3.7382,27.04,91.6,5.97
Mumbai,2019,7,12,5.7194,27.23,90.69,4.87
Mumbai,2019,7,13,5.5332,27.21,91.05,4.94
Mumbai,2019,7,14,5.329,27.06,91.2,4.99
Mumbai,2019,7,15,4.1566,27.02,89.96,4.77
Mumbai,2019,7,16,5.4893,26.81,91.41,4.78
Mumbai,2019,7,17,4.9428,27.03,90.49,3.49
Mumbai,2019,7,18,6.4702,27.18,88.35,2.7
Mumbai,2019,7,19,6.5441,27.53,86.69,2.12
Mumbai,2019,7,20,4.9462,27.53,87.92,2.07
Mumbai,2019,7,21,4.9946,27.04,89.49,2.17
Mumbai,2019,7,22,6.223,27.32,91.94,3.17
Mumbai,2019,7,23,4.9709,27.38,89.8,3.67
Mumbai,2019,7,24,1.9949,26.81,93,5.91
Mumbai,2019,7,25,2.0321,27.08,91.25,5.55
Mumbai,2019,7,26,2.179,26.76,91.65,5.99
Mumbai,2019,7,27,1.8643,26.38,92.45,6.35
Mumbai,2019,7,28,3.6182,26.49,91.48,6.24
Mumbai,2019,7,29,1.9164,26.21,92.27,6.44
Mumbai,2019,7,30,1.3478,25.88,93.3,6.28
Mumbai,2019,7,31,2.179,26.26,91.57,6.21
Mumbai,2019,8,1,3.7687,26.55,89.73,6.81
Mumbai,2019,8,2,2.4622,26.23,91.09,7.47
Mumbai,2019,8,3,1.1249,26.03,94.82,7.45
Mumbai,2019,8,4,1.3606,26.1,94.5,6.96
Mumbai,2019,8,5,2.1581,26.37,92.98,7.13
Mumbai,2019,8,6,2.6911,26.3,92.99,6.89
Mumbai,2019,8,7,2.8553,26.3,93.33,6.69
Mumbai,2019,8,8,2.1396,26.26,92.2,6.91
Mumbai,2019,8,9,2.411,26.04,92.88,7.49
Mumbai,2019,8,10,3.7562,26.15,90.93,8.15
Mumbai,2019,8,11,4.0164,26.03,90.35,6.24
Mumbai,2019,8,12,4.369,26.18,90.75,4.26
Mumbai,2019,8,13,3.2189,26.45,91.39,4.55
Mumbai,2019,8,14,4.6483,26.14,92.97,3.72
Mumbai,2019,8,15,4.6423,26.47,91.09,4.62
Mumbai,2019,8,16,5.6167,26.5,90.4,4.94
Mumbai,2019,8,17,5.7336,26.38,89.18,4.24
Mumbai,2019,8,18,5.9558,26.29,89.65,3.47
Mumbai,2019,8,19,5.7674,26.13,90.11,2.91
Mumbai,2019,8,20,5.6261,26.06,89.47,2.36
Mumbai,2019,8,21,6.0989,26.38,89.38,3.26
Mumbai,2019,8,22,6.2484,26.27,89.11,2.89
Mumbai,2019,8,23,5.953,26.12,88.7,2.33
Mumbai,2019,8,24,6.0108,26.28,89.46,2.97
Mumbai,2019,8,25,5.9386,25.63,89.51,2.6
Mumbai,2019,8,26,6.3538,25.7,89.4,3.05
Mumbai,2019,8,27,5.9064,26.09,88.65,3.33
Mumbai,2019,8,28,6.1546,26.56,88.49,3.17
Mumbai,2019,8,29,5.9822,27,88.49,3.12
Mumbai,2019,8,30,3.4531,26.84,89.54,3.72
Mumbai,2019,8,31,3.8798,26.61,91.59,4.33
Mumbai,2019,9,1,2.2411,26.03,92.5,3.52
Mumbai,2019,9,2,3.9905,26.59,90.81,4.56
Mumbai,2019,9,3,2.2848,26.4,91.7,4.98
Mumbai,2019,9,4,0.9461,25.95,93.44,4.79
Mumbai,2019,9,5,1.8674,26.3,93.02,5.38
Mumbai,2019,9,6,2.6287,26.23,91.95,5.62
Mumbai,2019,9,7,2.0436,26.26,91.39,6.03
Mumbai,2019,9,8,3.1394,26.24,91.85,5.41
Mumbai,2019,9,9,4.02,26.26,92.64,5.17
Mumbai,2019,9,10,4.009,26.39,92.06,5.05
Mumbai,2019,9,11,3.2374,26.11,92.18,4.57
Mumbai,2019,9,12,2.5229,25.76,93.32,3.95
Mumbai,2019,9,13,3.8659,26.22,91.96,4.57
Mumbai,2019,9,14,5.023,26.51,92.34,4.27
Mumbai,2019,9,15,4.4494,26.21,91.3,2.83
Mumbai,2019,9,16,5.6772,26.08,91.31,3.68
Mumbai,2019,9,17,4.8936,26.3,91.82,3.48
Mumbai,2019,9,18,3.1034,26.67,93.34,3.43
Mumbai,2019,9,19,3.1946,26.83,90.13,2
Mumbai,2019,9,20,3.5131,25.94,94.65,5.12
Mumbai,2019,9,21,4.939,26.45,89.59,4.32
Mumbai,2019,9,22,4.8852,26.69,90.48,3.69
Mumbai,2019,9,23,6.2263,26.8,88.3,2.1
Mumbai,2019,9,24,5.741,27.06,88.26,2.15
Mumbai,2019,9,25,3.0619,27.29,88.55,2.29
Mumbai,2019,9,26,4.4119,26.32,91.94,3.06
Mumbai,2019,9,27,4.1738,25.79,91.32,4.68
Mumbai,2019,9,28,5.2186,26.08,89.64,3.5
Mumbai,2019,9,29,5.2308,25.82,90.62,3.53
Mumbai,2019,9,30,5.6729,26.11,90.09,3.22
Mumbai,2019,10,1,6.1495,26.61,86.97,2.5
Mumbai,2019,10,2,6.3391,26.76,84.29,1.79
Mumbai,2019,10,3,5.9035,26.78,86.04,1.95
Mumbai,2019,10,4,5.7739,26.15,88.49,1.8
Mumbai,2019,10,5,5.9486,26.59,84.48,1.7
Mumbai,2019,10,6,5.4989,27.15,81.07,1.6
Mumbai,2019,10,7,5.7346,26.99,83.64,1.88
Mumbai,2019,10,8,4.6378,27.6,83.07,2.39
Mumbai,2019,10,9,3.7872,27.24,83.21,2.31
Mumbai,2019,10,10,5.0645,27.6,80.4,1.91
Mumbai,2019,10,11,5.4521,27.77,79.14,1.47
Mumbai,2019,10,12,5.5908,27.14,81.85,1.81
Mumbai,2019,10,13,4.9978,27.3,83.18,2.14
Mumbai,2019,10,14,5.1598,27.9,80.22,2.8
Mumbai,2019,10,15,5.4358,26.65,76.07,3.91
Mumbai,2019,10,16,5.7492,25.6,77.65,4.06
Mumbai,2019,10,17,5.2894,26.26,78.06,3.33
Mumbai,2019,10,18,1.8,25.98,83.47,2.78
Mumbai,2019,10,19,0.9986,24.89,90.36,3.46
Mumbai,2019,10,20,1.5989,25.11,88.93,3.19
Mumbai,2019,10,21,4.4813,25.12,89.95,2.83
Mumbai,2019,10,22,2.8207,25.17,92.12,2.57
Mumbai,2019,10,23,2.3918,25.46,89.44,2.05
Mumbai,2019,10,24,1.4789,25.9,88.41,2.64
Mumbai,2019,10,25,1.7477,24.99,90.02,4.97
Mumbai,2019,10,26,1.356,25.78,87.62,4.65
Mumbai,2019,10,27,4.9829,25.34,81.53,3.15
Mumbai,2019,10,28,5.4079,25.87,82.06,2.48
Mumbai,2019,10,29,5.5087,26.63,85.88,2.05
Mumbai,2019,10,30,5.5147,27.15,85.9,2.85
Mumbai,2019,10,31,4.7868,26.5,84.24,3.18
Mumbai,2019,11,1,4.0519,25.67,89.08,2.98
Mumbai,2019,11,2,4.7412,25.8,86.05,2.47
Mumbai,2019,11,3,5.3191,26.17,83.21,1.77
Mumbai,2019,11,4,5.0006,26.36,84.16,2.12
Mumbai,2019,11,5,4.927,25.92,79.5,2.35
Mumbai,2019,11,6,4.806,25.36,82.29,2.14
Mumbai,2019,11,7,4.9162,25.16,88.54,2.73
Mumbai,2019,11,8,4.8598,25.42,85.71,2.56
Mumbai,2019,11,9,5.1298,25.4,79.92,1.38
Mumbai,2019,11,10,5.0299,25.36,81.37,1.86
Mumbai,2019,11,11,5.052,25.73,77.48,2.21
Mumbai,2019,11,12,4.5847,25.79,76.94,2.41
Mumbai,2019,11,13,4.7016,24.7,80.34,3.37
Mumbai,2019,11,14,4.8847,24.21,76.25,3.19
Mumbai,2019,11,15,3.9958,25.22,81.39,2.57
Mumbai,2019,11,16,4.2962,26.06,79.83,2.51
Mumbai,2019,11,17,4.469,25.91,80.07,3.19
Mumbai,2019,11,18,4.9488,24.76,75.43,3.26
Mumbai,2019,11,19,4.2883,24.48,72.89,3.2
Mumbai,2019,11,20,4.1957,24.26,74.69,2.77
Mumbai,2019,11,21,4.0414,25.17,77.74,2.84
Mumbai,2019,11,22,4.1544,24.88,76.31,3.07
Mumbai,2019,11,23,4.7242,24.77,74.79,3.07
Mumbai,2019,11,24,4.603,24.57,71.28,3.12
Mumbai,2019,11,25,4.5994,24.19,69.34,2.87
Mumbai,2019,11,26,4.7923,24.44,72.47,2.97
Mumbai,2019,11,27,4.5094,24.32,74.62,3.21
Mumbai,2019,11,28,4.6978,24.42,73.75,2.92
Mumbai,2019,11,29,4.291,25.23,75.7,2.71
Mumbai,2019,11,30,3.8222,25.59,75.8,3.05
Mumbai,2019,12,1,3.7846,25.77,78.97,2.76
Mumbai,2019,12,2,4.6195,26.23,75.4,3.19
Mumbai,2019,12,3,4.1638,25.75,76.01,3.24
Mumbai,2019,12,4,3.0773,25.82,79.61,2.69
Mumbai,2019,12,5,3.1757,25.12,83.64,2.66
Mumbai,2019,12,6,3.8366,24.04,77.18,3.55
Mumbai,2019,12,7,3.9943,24.25,74.6,3.48
Mumbai,2019,12,8,3.9053,23.91,73.07,3.1
Mumbai,2019,12,9,4.5542,24.77,77.14,3.13
Mumbai,2019,12,10,4.3954,24.93,77.84,2.65
Mumbai,2019,12,11,4.1594,24.47,76.87,2.09
Mumbai,2019,12,12,3.9605,23.4,78.71,2.21
Mumbai,2019,12,13,4.4294,22.3,78.19,2.6
Mumbai,2019,12,14,4.7518,22.3,77.32,2.91
Mumbai,2019,12,15,4.3754,21.71,76.02,2.49
Mumbai,2019,12,16,4.2722,23.4,78.84,2.57
Mumbai,2019,12,17,4.5286,23.87,75.75,3.85
Mumbai,2019,12,18,4.5972,23.77,74.18,3.68
Mumbai,2019,12,19,4.134,23.69,72.88,3.17
Mumbai,2019,12,20,3.8467,23.86,72.49,2.71
Mumbai,2019,12,21,3.2806,24.28,69.46,2.68
Mumbai,2019,12,22,2.6122,24.49,72.22,3.5
Mumbai,2019,12,23,3.5753,25.11,75.36,2.75
Mumbai,2019,12,24,3.2988,25.06,79.88,2.5
Mumbai,2019,12,25,2.7238,24.5,83.79,2.18
Mumbai,2019,12,26,4.0387,23.64,77.23,2.27
Mumbai,2019,12,27,4.5072,22.77,74.42,2.7
Mumbai,2019,12,28,3.9953,23.05,72.23,3.94
Mumbai,2019,12,29,3.7829,22.8,77.95,3.69
Mumbai,2019,12,30,4.2641,22.35,82.75,2.36
Mumbai,2019,12,31,4.2362,19.94,79.39,2.31
Mumbai,2020,1,1,4.927,19.39,77.27,2.21
Mumbai,2020,1,2,4.5893,20.29,81,2.33
Mumbai,2020,1,3,4.427,19.84,78.36,2.81
Mumbai,2020,1,4,4.5041,19.41,71.24,2.53
Mumbai,2020,1,5,4.6891,20.86,71.04,4.66
Mumbai,2020,1,6,4.5187,22.83,68.83,4.75
Mumbai,2020,1,7,4.1009,23.42,75.85,3.7
Mumbai,2020,1,8,4.2115,22.38,83.18,2.65
Mumbai,2020,1,9,4.9961,20.25,68.66,2.83
Mumbai,2020,1,10,4.6378,22.23,70.68,4.2
Mumbai,2020,1,11,4.2694,23.27,66.14,4.29
Mumbai,2020,1,12,4.2485,22.99,64.62,3.19
Mumbai,2020,1,13,4.2439,22.67,79.11,2.22
Mumbai,2020,1,14,4.8451,21.81,80.46,2.78
Mumbai,2020,1,15,4.5439,19.85,75.92,3.08
Mumbai,2020,1,16,5.1569,18.86,66.39,3.05
Mumbai,2020,1,17,5.2908,17.25,60.12,3.01
Mumbai,2020,1,18,4.933,19.59,60.64,2.9
Mumbai,2020,1,19,5.0894,21.51,63.04,2.6
Mumbai,2020,1,20,4.9277,23.08,66.98,2.88
Mumbai,2020,1,21,5.0954,23.23,63.07,2.35
Mumbai,2020,1,22,5.0165,23.73,62.57,2.73
Mumbai,2020,1,23,5.0911,24.22,60.25,3.37
Mumbai,2020,1,24,5.2334,24.57,62.58,3.35
Mumbai,2020,1,25,5.0563,24.86,55.99,2.94
Mumbai,2020,1,26,4.9872,24.51,54.4,2.78
Mumbai,2020,1,27,5.215,23.5,59.93,2.37
Mumbai,2020,1,28,5.3021,22.11,77.46,2.23
Mumbai,2020,1,29,5.4149,20.4,67.05,3.4
Mumbai,2020,1,30,5.7134,19.28,54.28,2.92
Mumbai,2020,1,31,5.4744,19.64,52.55,2.93
Mumbai,2020,2,1,5.459,21,53.74,2.75
Mumbai,2020,2,2,5.6815,22.57,64.09,3.73
Mumbai,2020,2,3,4.9318,22.95,70.32,2.2
Mumbai,2020,2,4,5.1233,22.61,61.68,2.84
Mumbai,2020,2,5,5.3033,22.22,50.84,3.08
Mumbai,2020,2,6,5.8802,21.75,52.47,2.73
Mumbai,2020,2,7,5.8471,20.82,50.92,2.89
Mumbai,2020,2,8,4.855,21.98,59.2,3.26
Mumbai,2020,2,9,5.3287,23.85,57.36,4.36
Mumbai,2020,2,10,5.3522,25.4,58.81,3.97
Mumbai,2020,2,11,4.9884,26.13,60.77,3.74
Mumbai,2020,2,12,4.7525,26.9,57.29,3.58
Mumbai,2020,2,13,5.0354,26.44,53.76,3.42
Mumbai,2020,2,14,5.4432,25.75,48.38,3.24
Mumbai,2020,2,15,5.875,25.28,45.4,2.98
Mumbai,2020,2,16,5.7439,25.72,49.18,2.65
Mumbai,2020,2,17,5.3978,26.84,48.4,3.11
Mumbai,2020,2,18,5.6594,27.1,46.14,3.38
Mumbai,2020,2,19,5.5841,26.96,49.52,2.23
Mumbai,2020,2,20,5.7235,26.63,51.62,2.34
Mumbai,2020,2,21,5.424,26.1,55.08,2.78
Mumbai,2020,2,22,5.9006,26.87,45.39,2.68
Mumbai,2020,2,23,6.1411,27.07,41.2,2.71
Mumbai,2020,2,24,6.0998,26.68,39.48,3.17
Mumbai,2020,2,25,6.2818,26.54,33.59,4.08
Mumbai,2020,2,26,6.3425,26.5,34.25,4.01
Mumbai,2020,2,27,6.5573,26.99,31.62,3.78
Mumbai,2020,2,28,6.4178,27.15,35.18,3.27
Mumbai,2020,2,29,5.8668,27.14,40.97,2.85
Mumbai,2020,3,1,6.0708,26.82,48.66,2.75
Mumbai,2020,3,2,6.4627,26.89,54.32,2.47
Mumbai,2020,3,3,6.607,25.3,62.8,2.51
Mumbai,2020,3,4,6.3139,25.02,61.72,2.44
Mumbai,2020,3,5,6.4291,24.73,64.01,2.58
Mumbai,2020,3,6,6.3523,24.76,65.33,3.36
Mumbai,2020,3,7,6.6931,24.64,55.41,2.83
Mumbai,2020,3,8,6.7975,24.62,52.05,2.98
Mumbai,2020,3,9,6.6624,25.22,57.32,2.58
Mumbai,2020,3,10,6.239,25.52,64.39,3.24
Mumbai,2020,3,11,6.9034,24.68,59.97,3.15
Mumbai,2020,3,12,6.4039,23.81,63.61,2.86
Mumbai,2020,3,13,6.7596,23.36,51.14,3.56
Mumbai,2020,3,14,7.105,25.04,28.44,3.99
Mumbai,2020,3,15,6.8765,27.42,26.19,3.76
Mumbai,2020,3,16,6.7241,29.76,28.35,3.83
Mumbai,2020,3,17,6.6631,30.6,28.56,2.67
Mumbai,2020,3,18,6.5299,30.41,30.04,3.5
Mumbai,2020,3,19,7.2242,28.37,44.08,3.12
Mumbai,2020,3,20,7.0567,27.38,57.4,2.73
Mumbai,2020,3,21,7.0435,27.31,56.38,2.42
Mumbai,2020,3,22,6.8808,28.81,52.78,3.09
Mumbai,2020,3,23,6.9583,29.98,48.77,2.9
Mumbai,2020,3,24,6.5362,30.81,49.14,2.65
Mumbai,2020,3,25,5.9772,31.32,47.94,2.11
Mumbai,2020,3,26,6.0576,30.64,53.88,2.86
Mumbai,2020,3,27,6.1003,30.39,52.23,2.77
Mumbai,2020,3,28,6.3674,30.63,45.11,3.75
Mumbai,2020,3,29,6.6878,31.31,37.03,3.42
Mumbai,2020,3,30,6.7577,30.81,36.55,2.77
Mumbai,2020,3,31,6.5585,29.73,45.98,3.07
Mumbai,2020,4,1,7.0886,30.08,47.01,3.41
Mumbai,2020,4,2,6.9672,31.18,38.2,3.81
Mumbai,2020,4,3,6.8371,31.03,45.94,3.25
Mumbai,2020,4,4,6.997,30.47,48.54,3.06
Mumbai,2020,4,5,7.0022,30.33,49.29,2.46
Mumbai,2020,4,6,7.2019,29.48,57.42,2.61
Mumbai,2020,4,7,6.9295,29.33,53.74,2.99
Mumbai,2020,4,8,7.409,28.63,53.93,2.73
Mumbai,2020,4,9,7.3358,28.94,57.28,2.95
Mumbai,2020,4,10,7.0651,30.82,52.17,2.88
Mumbai,2020,4,11,6.8345,32.64,45.96,2.99
Mumbai,2020,4,12,6.5762,33.06,44.12,2.59
Mumbai,2020,4,13,6.6012,32.68,51.5,2.56
Mumbai,2020,4,14,6.5126,32.97,53.57,2.55
Mumbai,2020,4,15,6.7538,33.34,47.87,3.18
Mumbai,2020,4,16,6.6058,32.41,56.54,2.84
Mumbai,2020,4,17,6.8729,32.09,53.31,2.73
Mumbai,2020,4,18,6.822,32.59,48.87,3.17
Mumbai,2020,4,19,7.013,33.08,47.58,2.93
Mumbai,2020,4,20,7.2727,33.14,41.35,3.21
Mumbai,2020,4,21,7.6728,31.75,43.96,3.46
Mumbai,2020,4,22,7.4371,31.95,54.52,3.08
Mumbai,2020,4,23,7.2962,32.04,54.66,2.99
Mumbai,2020,4,24,7.5684,31.38,57.91,3.37
Mumbai,2020,4,25,7.6642,30.84,53.97,3.44
Mumbai,2020,4,26,7.7429,31.06,53.66,3.19
Mumbai,2020,4,27,7.3937,31.34,57.95,3.19
Mumbai,2020,4,28,7.1647,32.92,53.44,3.74
Mumbai,2020,4,29,6.7342,33.07,53.55,2.9
Mumbai,2020,4,30,6.7651,32.11,56.84,2.95
Mumbai,2020,5,1,6.9398,31.5,60.91,3.29
Mumbai,2020,5,2,7.1611,31.76,61.02,3.53
Mumbai,2020,5,3,7.2542,32.24,57.59,3.78
Mumbai,2020,5,4,7.5792,31.63,56.51,3.26
Mumbai,2020,5,5,7.5686,32.39,60.42,4.02
Mumbai,2020,5,6,7.5881,33.02,55.6,3.35
Mumbai,2020,5,7,7.7693,32.52,52.7,3.49
Mumbai,2020,5,8,7.6039,32,53.47,2.89
Mumbai,2020,5,9,7.8662,32.31,53.36,3.13
Mumbai,2020,5,10,7.0435,32.27,54.65,3.39
Mumbai,2020,5,11,7.5936,32.51,49.66,3.02
Mumbai,2020,5,12,7.645,32.02,52.25,3.24
Mumbai,2020,5,13,7.1599,31.89,58.52,3.33
Mumbai,2020,5,14,7.0622,33.32,55.36,3.56
Mumbai,2020,5,15,5.9206,32.91,51.15,3.67
Mumbai,2020,5,16,5.9074,32.33,54.15,3.67
Mumbai,2020,5,17,6.6708,32.18,56.3,4.88
Mumbai,2020,5,18,6.4133,32.13,56.93,5.28
Mumbai,2020,5,19,6.8767,31.71,57.97,4.46
Mumbai,2020,5,20,7.5007,31.8,58.45,3.77
Mumbai,2020,5,21,6.941,32.21,59,3.72
Mumbai,2020,5,22,7.3858,32.42,56.44,4.1
Mumbai,2020,5,23,7.4011,32.5,57.2,4.04
Mumbai,2020,5,24,7.3066,32.72,57.55,3.5
Mumbai,2020,5,25,7.1789,32.74,58.56,3.47
Mumbai,2020,5,26,7.1242,32.17,60.14,3.36
Mumbai,2020,5,27,7.3985,31.7,60.88,3.76
Mumbai,2020,5,28,7.5504,31.75,62.09,4.49
Mumbai,2020,5,29,7.2324,31.95,61.8,4.2
Mumbai,2020,5,30,7.4986,31.94,62.19,3.62
Mumbai,2020,5,31,6.7176,31.52,62.9,3.75
Mumbai,2020,6,1,2.3446,31.31,58.28,1.28
Mumbai,2020,6,2,1.2451,29.82,62.21,2.75
Mumbai,2020,6,3,0.9617,27.43,83.91,6.49
Mumbai,2020,6,4,4.1976,27.52,86.55,4.68
Mumbai,2020,6,5,6.5606,28.31,76.93,3.56
Mumbai,2020,6,6,5.6114,28.56,81.92,4.34
Mumbai,2020,6,7,6.1248,28.16,86.05,3.02
Mumbai,2020,6,8,3.8148,28.03,71.22,2.9
Mumbai,2020,6,9,5.8699,27.18,77.16,3.48
Mumbai,2020,6,10,5.4456,27.66,80.35,3.27
Mumbai,2020,6,11,6.0708,28.43,82.36,3.23
Mumbai,2020,6,12,4.9709,28.2,84.66,3.13
Mumbai,2020,6,13,4.3082,27.44,86.42,2.72
Mumbai,2020,6,14,4.6877,28.01,86.01,2.95
Mumbai,2020,6,15,4.6361,27.91,89.08,3.52
Mumbai,2020,6,16,2.7869,27.3,88.45,3.05
Mumbai,2020,6,17,2.2639,28,87.97,3.92
Mumbai,2020,6,18,3.1937,27.89,89.35,5.33
Mumbai,2020,6,19,5.6719,28.42,86.48,3.94
Mumbai,2020,6,20,6.1754,28.22,86.23,4.09
Mumbai,2020,6,21,5.8586,27.89,86.94,3.9
Mumbai,2020,6,22,5.9184,28.34,83.01,4.31
Mumbai,2020,6,23,5.4648,28.27,83.62,4.67
Mumbai,2020,6,24,6.3178,28.29,82.83,3.96
Mumbai,2020,6,25,6.7486,28.64,84.3,2.86
Mumbai,2020,6,26,5.6921,27.52,86.53,2.34
Mumbai,2020,6,27,5.8262,27.8,85.26,2.57
Mumbai,2020,6,28,3.6432,28.14,85.23,2.24
Mumbai,2020,6,29,4.5854,28.24,87.13,2.74
Mumbai,2020,6,30,3.8023,27.09,89.18,2.79
Mumbai,2020,7,1,5.2759,27.28,85.97,4.02
Mumbai,2020,7,2,5.46,27.92,86.44,4.53
Mumbai,2020,7,3,2.6628,27.1,91.29,5.95
Mumbai,2020,7,4,1.009,27.12,91.44,5.84
Mumbai,2020,7,5,2.4638,26.79,91.21,7.32
Mumbai,2020,7,6,4.567,27.61,89.34,8.25
Mumbai,2020,7,7,2.2476,27.3,90.92,7.73
Mumbai,2020,7,8,4.1045,27.44,88.53,5.63
Mumbai,2020,7,9,4.1182,27.39,88.93,5.04
Mumbai,2020,7,10,5.2447,27.4,89.56,5.03
Mumbai,2020,7,11,5.7113,27.37,90.89,4.78
Mumbai,2020,7,12,2.509,26.69,92.15,4.42
Mumbai,2020,7,13,2.8332,26.73,91.91,3.6
Mumbai,2020,7,14,2.441,27.29,91.03,4.23
Mumbai,2020,7,15,1.0829,26.28,94.07,4.22
Mumbai,2020,7,16,3.6667,26.02,92.16,5.76
Mumbai,2020,7,17,4.4429,26.64,90.45,6.27
Mumbai,2020,7,18,5.879,27.08,90.71,5.4
Mumbai,2020,7,19,6.2218,27.19,89.65,3.94
Mumbai,2020,7,20,6.0838,26.64,90.92,2.75
Mumbai,2020,7,21,4.4074,26.81,89.93,2.98
Mumbai,2020,7,22,5.1466,27.01,89.31,2.12
Mumbai,2020,7,23,3.6547,27.07,89.76,2.24
Mumbai,2020,7,24,3.1658,26.44,90.24,2.36
Mumbai,2020,7,25,4.1177,26.11,89.64,3.03
Mumbai,2020,7,26,5.6549,26.56,88.39,3.57
Mumbai,2020,7,27,4.0618,26.74,90.23,3.77
Mumbai,2020,7,28,3.371,26.68,91.02,2.98
Mumbai,2020,7,29,3.1565,26.67,92.91,2.84
Mumbai,2020,7,30,4.6291,27.03,86.36,2.41
Mumbai,2020,7,31,3.9451,26.58,90.12,2.15
Mumbai,2020,8,1,5.1074,26.9,91.65,2.77
Mumbai,2020,8,2,5.7672,27.18,91.61,3.48
Mumbai,2020,8,3,4.4866,27.08,92.7,4.45
Mumbai,2020,8,4,1.3013,26.91,92.92,6.92
Mumbai,2020,8,5,0.5414,26.78,94.1,8.01
Mumbai,2020,8,6,1.9666,26.34,91.88,7.68
Mumbai,2020,8,7,3.8225,27.03,91.1,7.23
Mumbai,2020,8,8,4.1465,26.85,90.36,6
Mumbai,2020,8,9,4.8617,26.71,90.62,5.07
Mumbai,2020,8,10,3.4898,26.44,92.3,4.84
Mumbai,2020,8,11,2.7401,26.44,91.07,5.54
Mumbai,2020,8,12,2.19,26.13,92.01,6.04
Mumbai,2020,8,13,2.1454,25.89,94.32,6
Mumbai,2020,8,14,1.8478,26.06,93.28,6.86
Mumbai,2020,8,15,2.5394,26.1,93.59,6.47
Mumbai,2020,8,16,2.8577,26.02,93.98,6.28
Mumbai,2020,8,17,2.2366,25.88,93.98,5.28
Mumbai,2020,8,18,4.001,26.06,92.5,5.32
Mumbai,2020,8,19,5.2788,26.33,91.58,4.82
Mumbai,2020,8,20,3.7534,25.79,95.05,4.84
Mumbai,2020,8,21,1.429,26.08,94.06,5.77
Mumbai,2020,8,22,4.1642,26.5,93.33,5.86
Mumbai,2020,8,23,4.4033,26.4,92.67,5.99
Mumbai,2020,8,24,5.0546,26.45,90.9,5.74
Mumbai,2020,8,25,5.7854,26.41,89.39,4.49
Mumbai,2020,8,26,5.6909,26.25,88.56,3.43
Mumbai,2020,8,27,5.0789,25.99,89.63,3.9
Mumbai,2020,8,28,2.1154,25.99,92.03,3.88
Mumbai,2020,8,29,1.3894,25.61,94.38,4.03
Mumbai,2020,8,30,2.6702,25.89,93.57,4.55
Mumbai,2020,8,31,4.4472,26.29,92.04,4.53
Mumbai,2020,9,1,5.5442,26.29,90.84,3.01
Mumbai,2020,9,2,5.6275,26.33,89.25,2.6
Mumbai,2020,9,3,4.8629,26.68,88.46,2.04
Mumbai,2020,9,4,6.1634,27.74,85.22,1.91
Mumbai,2020,9,5,6.5033,28.23,87.67,1.77
Mumbai,2020,9,6,5.3088,28.66,86.16,1.79
Mumbai,2020,9,7,4.9291,27.93,87.45,1.99
Mumbai,2020,9,8,5.2274,27.1,90.82,2.54
Mumbai,2020,9,9,5.2882,26.11,90.74,1.99
Mumbai,2020,9,10,5.4058,26.57,93.42,1.99
Mumbai,2020,9,11,5.2925,26.72,91.77,1.82
Mumbai,2020,9,12,3.8666,27.06,90.58,3.66
Mumbai,2020,9,13,4.6265,26.37,91.14,4.23
Mumbai,2020,9,14,3.9204,25.41,92.4,3.02
Mumbai,2020,9,15,3.949,25.17,93.09,2.4
Mumbai,2020,9,16,3.7445,25.49,92.91,2.65
Mumbai,2020,9,17,3.5057,25.94,92.46,2.84
Mumbai,2020,9,18,2.9594,25.93,92.23,2.69
Mumbai,2020,9,19,3.3499,26.38,90,2.98
Mumbai,2020,9,20,4.248,26.7,93.46,3.52
Mumbai,2020,9,21,3.947,26.47,93.87,4.15
Mumbai,2020,9,22,1.2197,26.51,94.16,3.46
Mumbai,2020,9,23,1.9754,25.94,95.47,3.98
Mumbai,2020,9,24,4.1952,26.79,91.99,2.73
Mumbai,2020,9,25,4.6049,26.22,92.7,2.98
Mumbai,2020,9,26,4.9596,26.05,87.45,2.57
Mumbai,2020,9,27,5.8008,26.07,85.83,2.29
Mumbai,2020,9,28,5.6035,26.42,83.63,1.67
Mumbai,2020,9,29,5.9215,26.12,84.66,2.15
Mumbai,2020,9,30,5.9489,26.14,85.5,2.47
Mumbai,2020,10,1,5.6561,26.02,86.88,2.28
Mumbai,2020,10,2,5.3434,26.73,87.11,2.25
Mumbai,2020,10,3,2.7245,27.37,87.85,2.1
Mumbai,2020,10,4,2.2855,26.78,89.45,2.74
Mumbai,2020,10,5,5.0561,26.83,86.64,2.27
Mumbai,2020,10,6,5.8274,26.18,86.77,1.98
Mumbai,2020,10,7,5.4122,27.54,83.67,1.84
Mumbai,2020,10,8,4.7006,27.61,81.41,2.09
Mumbai,2020,10,9,5.035,27.93,78.41,1.59
Mumbai,2020,10,10,4.571,28.3,79.14,1.2
Mumbai,2020,10,11,2.0592,27.88,80.26,1.47
Mumbai,2020,10,12,2.4607,27.27,84.74,1.86
Mumbai,2020,10,13,4.5785,28.16,81.18,1.33
Mumbai,2020,10,14,3.2453,27.78,86.27,1.91
Mumbai,2020,10,15,2.4965,26.77,93.48,4.54
Mumbai,2020,10,16,3.2561,27.29,88.21,4.97
Mumbai,2020,10,17,4.147,26.7,88.53,3.63
Mumbai,2020,10,18,5.4262,26.28,89.57,2.64
Mumbai,2020,10,19,3.6362,25.74,89.65,2.24
Mumbai,2020,10,20,4.2994,27.01,90.42,1.77
Mumbai,2020,10,21,4.5725,27.55,89.21,1.77
Mumbai,2020,10,22,3.4843,27.08,90.39,2.28
Mumbai,2020,10,23,4.8341,26.77,83.22,2.31
Mumbai,2020,10,24,4.068,27.32,77.31,1.27
Mumbai,2020,10,25,4.3781,27.27,74.29,1.36
Mumbai,2020,10,26,3.8986,26.99,77.67,2
Mumbai,2020,10,27,5.3352,26.66,77.24,2.1
Mumbai,2020,10,28,5.525,26.22,70.26,1.87
Mumbai,2020,10,29,5.3287,25.85,69.46,2.19
Mumbai,2020,10,30,5.4547,25.9,68.36,2.19
Mumbai,2020,10,31,5.6131,25.41,69.13,2.31
Mumbai,2020,11,1,4.7412,25.78,74.35,2.21
Mumbai,2020,11,2,4.4402,26.55,78.13,2.11
Mumbai,2020,11,3,4.8094,26.45,74.55,2.93
Mumbai,2020,11,4,4.8814,25.46,72.37,2.89
Mumbai,2020,11,5,4.7779,24.84,72.04,2.71
Mumbai,2020,11,6,5.3508,23.71,69.18,3.51
Mumbai,2020,11,7,5.1576,23.75,73.03,3.87
Mumbai,2020,11,8,4.7042,24.75,74.98,3.78
Mumbai,2020,11,9,5.1727,23.71,69.01,3.3
Mumbai,2020,11,10,5.2428,22.15,69.05,4.14
Mumbai,2020,11,11,5.0784,21.35,68.86,4.25
Mumbai,2020,11,12,5.3345,22.08,70.07,3.76
Mumbai,2020,11,13,5.4178,25.1,80.54,2.8
Mumbai,2020,11,14,5.381,26.39,81.27,2.6
Mumbai,2020,11,15,5.005,26.36,77.47,2.08
Mumbai,2020,11,16,5.1194,26.18,75.6,2.73
Mumbai,2020,11,17,4.7554,26.83,79.65,2.23
Mumbai,2020,11,18,4.6104,25.82,82.39,2.47
Mumbai,2020,11,19,4.7712,25.95,81.33,1.99
Mumbai,2020,11,20,4.5888,26.16,80.64,1.79
Mumbai,2020,11,21,4.9114,25.76,78.5,2.14
Mumbai,2020,11,22,4.9536,24.66,80.6,2.54
Mumbai,2020,11,23,4.9094,24.76,79.07,2.12
Mumbai,2020,11,24,4.1657,24.77,74.64,1.77
Mumbai,2020,11,25,4.2499,24.11,72.87,3.1
Mumbai,2020,11,26,4.3301,23.63,71.13,3.17
Mumbai,2020,11,27,4.6874,23.25,76.28,4.75
Mumbai,2020,11,28,3.5174,23.77,79.88,3.91
Mumbai,2020,11,29,4.895,25.18,80.16,2.94
Mumbai,2020,11,30,4.7285,25.84,82.13,2.14
Mumbai,2020,12,1,4.4506,26.51,79.48,1.84
Mumbai,2020,12,2,4.2379,25.27,73.78,2.65
Mumbai,2020,12,3,4.753,23.79,66.77,3.14
Mumbai,2020,12,4,4.668,23.63,65.49,3.09
Mumbai,2020,12,5,4.8144,23.45,63.02,3.2
Mumbai,2020,12,6,5.034,22.73,65.03,3.96
Mumbai,2020,12,7,5.0326,22.42,63.97,4.06
Mumbai,2020,12,8,4.9706,22.86,64.14,3.94
Mumbai,2020,12,9,3.8683,23.89,69.45,3.05
Mumbai,2020,12,10,3.4711,25.17,71.92,2.23
Mumbai,2020,12,11,2.5682,24.8,79.62,1.45
Mumbai,2020,12,12,2.5558,24.67,82.68,2.05
Mumbai,2020,12,13,1.5511,24.41,82.78,1.64
Mumbai,2020,12,14,2.5066,24.29,82,1.83
Mumbai,2020,12,15,4.3178,23.81,80.13,2.21
Mumbai,2020,12,16,4.1827,23.82,78.92,2.39
Mumbai,2020,12,17,4.146,23.84,75.04,2.45
Mumbai,2020,12,18,4.5305,23.59,71.5,2.92
Mumbai,2020,12,19,4.2898,22.68,71.57,3.77
Mumbai,2020,12,20,4.6452,21.55,67.85,4.19
Mumbai,2020,12,21,4.8077,21.04,58.45,4.13
Mumbai,2020,12,22,4.2161,20.86,54.33,3.17
Mumbai,2020,12,23,4.6649,21.04,57.95,2.55
Mumbai,2020,12,24,4.5869,22.25,58.74,2.55
Mumbai,2020,12,25,4.4182,23.26,64.45,3.46
Mumbai,2020,12,26,4.2857,23.4,65.28,3.21
Mumbai,2020,12,27,4.1551,23.3,71.22,2.82
Mumbai,2020,12,28,4.8593,21.27,65.09,2.54
Mumbai,2020,12,29,4.8739,20.81,64.44,2.35
Mumbai,2020,12,30,4.2166,22.19,68.7,2.3
Mumbai,2020,12,31,4.0807,23.74,68.4,3.51
Mumbai,2021,1,1,3.5918,24.52,73.72,3.03
Mumbai,2021,1,2,3.4584,23.85,76.92,2.01
Mumbai,2021,1,3,3.7963,23.59,71.22,1.91
Mumbai,2021,1,4,3.3168,23.68,71.52,1.94
Mumbai,2021,1,5,3.6293,23.33,71.57,2.04
Mumbai,2021,1,6,4.0627,23.69,68.91,2.43
Mumbai,2021,1,7,3.7709,24.45,75.7,1.89
Mumbai,2021,1,8,2.5838,25,81.37,1.84
Mumbai,2021,1,9,3.6432,25.53,79.22,1.88
Mumbai,2021,1,10,4.2031,26.17,76.34,2.47
Mumbai,2021,1,11,3.996,26.9,68.57,2.36
Mumbai,2021,1,12,4.4702,27.02,60.23,3.09
Mumbai,2021,1,13,4.5674,26.35,60.54,2.74
Mumbai,2021,1,14,4.8401,25.32,61.05,2
Mumbai,2021,1,15,5.0081,24.75,61.77,2.64
Mumbai,2021,1,16,5.1262,24.72,59.34,2.04
Mumbai,2021,1,17,4.8048,25.22,63.81,2.07
Mumbai,2021,1,18,4.4964,25.17,63.03,2.23
Mumbai,2021,1,19,4.487,25.09,59.8,2.15
Mumbai,2021,1,20,4.6961,24.38,55.82,2.37
Mumbai,2021,1,21,5.0923,22.98,53.2,2.31
Mumbai,2021,1,22,4.6178,23.7,55.84,2.12
Mumbai,2021,1,23,4.9418,23.92,58.23,2.1
Mumbai,2021,1,24,5.0674,23.25,59.11,2.52
Mumbai,2021,1,25,4.7611,22.63,50.99,2.91
Mumbai,2021,1,26,5.3746,22.36,47.57,2.5
Mumbai,2021,1,27,5.4763,22.04,46.51,2.64
Mumbai,2021,1,28,5.4526,21.96,47.9,2.58
Mumbai,2021,1,29,5.215,22.34,44.85,2.84
Mumbai,2021,1,30,5.0364,23.41,43.98,2.52
Mumbai,2021,1,31,5.0239,23.95,45.92,2.62
Mumbai,2021,2,1,4.727,24.54,49.67,3.46
Mumbai,2021,2,2,4.9714,24.89,39.95,3.73
Mumbai,2021,2,3,4.9534,23.91,41.43,3.02
Mumbai,2021,2,4,5.2186,23.69,46.78,2.68
Mumbai,2021,2,5,5.1799,22.95,52.49,3.32
Mumbai,2021,2,6,5.3988,23.35,42.33,3.38
Mumbai,2021,2,7,5.3875,24.14,41.54,3.99
Mumbai,2021,2,8,5.6321,24.25,40.12,3.44
Mumbai,2021,2,9,5.7187,24.01,39.1,3.46
Mumbai,2021,2,10,5.6662,24.15,40.48,2.64
Mumbai,2021,2,11,5.5154,24.64,41.42,2.78
Mumbai,2021,2,12,5.3995,24.72,43.49,2.73
Mumbai,2021,2,13,5.243,24.96,45.39,2.57
Mumbai,2021,2,14,4.9726,25.01,54.19,2.34
Mumbai,2021,2,15,5.3258,24.44,56.93,2.43
Mumbai,2021,2,16,5.3676,24.01,64.84,2.73
Mumbai,2021,2,17,5.5178,24.9,62.56,2.49
Mumbai,2021,2,18,5.1209,26.01,59.29,2.13
Mumbai,2021,2,19,4.8787,25.78,60.75,2.79
Mumbai,2021,2,20,5.8762,25.37,51.27,3.42
Mumbai,2021,2,21,5.328,26.75,49.5,4.1
Mumbai,2021,2,22,5.7197,27.47,53.24,2.87
Mumbai,2021,2,23,5.6045,27.63,50.79,2.42
Mumbai,2021,2,24,5.6191,27.53,43.82,2.76
Mumbai,2021,2,25,5.4509,27.34,44.9,3.02
Mumbai,2021,2,26,5.9311,27.1,48.2,2.97
Mumbai,2021,2,27,6.0792,27.29,47.23,3.26
Mumbai,2021,2,28,6.1848,29.01,40.16,2.89
Mumbai,2021,3,1,6.3341,29.82,35.17,3.95
Mumbai,2021,3,2,6.3456,29.2,30.13,3.63
Mumbai,2021,3,3,6.4044,29.44,25.65,3.23
Mumbai,2021,3,4,6.1344,29.38,23.08,3.49
Mumbai,2021,3,5,6.3055,29.86,26.28,3.29
Mumbai,2021,3,6,6.3478,28.84,40.86,2.23
Mumbai,2021,3,7,6.4051,28.28,46.2,2.85
Mumbai,2021,3,8,6.535,28.34,43.26,3.07
Mumbai,2021,3,9,6.2062,28.78,45.88,3
Mumbai,2021,3,10,6.264,28.69,46.96,2.64
Mumbai,2021,3,11,6.1608,28.55,45.42,2.89
Mumbai,2021,3,12,6.4476,28.86,46.46,2.94
Mumbai,2021,3,13,6.3192,30.55,33.35,3.51
Mumbai,2021,3,14,6.1507,29.97,33.56,2.86
Mumbai,2021,3,15,6.2258,29.89,30.65,2.83
Mumbai,2021,3,16,6.1759,30.42,35.27,2.86
Mumbai,2021,3,17,5.5891,30.44,32.96,3.16
Mumbai,2021,3,18,5.561,30.44,36,2.91
Mumbai,2021,3,19,6.3739,28.84,47.33,3.22
Mumbai,2021,3,20,6.1454,28.48,47.56,2.68
Mumbai,2021,3,21,6.5254,29,44.62,2.23
Mumbai,2021,3,22,6.3744,29.7,46.26,2.28
Mumbai,2021,3,23,5.6575,30.59,41.87,2.95
Mumbai,2021,3,24,6.2131,32.07,32.95,3.18
Mumbai,2021,3,25,6.2141,31.93,23.66,4.73
Mumbai,2021,3,26,6.3691,31.51,23.36,3.36
Mumbai,2021,3,27,6.516,32.4,21.81,3.51
Mumbai,2021,3,28,6.5549,31.83,30.15,2.7
Mumbai,2021,3,29,6.7306,31.31,36.77,2.75
Mumbai,2021,3,30,6.9643,29.89,49.63,2.26
Mumbai,2021,3,31,7.5624,29,53.94,2.43
Mumbai,2021,4,1,7.1153,29.12,61.81,2.4
Mumbai,2021,4,2,7.2024,28.99,60.38,2.32
Mumbai,2021,4,3,7.1998,28.9,58.85,2.45
Mumbai,2021,4,4,7.2228,29.79,57.26,2.8
Mumbai,2021,4,5,6.9977,30.38,53.4,3
Mumbai,2021,4,6,7.05,31.32,44.66,3.42
Mumbai,2021,4,7,6.6065,31.36,44.59,3.21
Mumbai,2021,4,8,5.0453,30.37,54.42,2.63
Mumbai,2021,4,9,6.1685,30.81,50.59,2.45
Mumbai,2021,4,10,6.1092,31.36,46.12,2.62
Mumbai,2021,4,11,6.3288,32.31,43.46,1.94
Mumbai,2021,4,12,6.3367,32.07,46.5,2.32
Mumbai,2021,4,13,6.24,32.59,41.6,2.01
Mumbai,2021,4,14,6.6583,32.16,42.23,2.61
Mumbai,2021,4,15,6.9086,31.34,44.26,2.63
Mumbai,2021,4,16,7.1033,30.92,49.28,3.11
Mumbai,2021,4,17,6.7224,31.08,51.25,3.67
Mumbai,2021,4,18,7.0517,31.9,50.25,3.39
Mumbai,2021,4,19,7.4198,31.11,53.61,2.54
Mumbai,2021,4,20,7.1758,30.81,55.28,2.79
Mumbai,2021,4,21,6.7591,29.69,58,2.57
Mumbai,2021,4,22,6.558,30.91,56.25,2.97
Mumbai,2021,4,23,6.5232,30.81,50.32,2.89
Mumbai,2021,4,24,7.2775,30.95,47.07,2.73
Mumbai,2021,4,25,7.0322,32.01,48.9,2.92
Mumbai,2021,4,26,6.4351,31.41,59.41,2.48
Mumbai,2021,4,27,6.821,31.83,51.28,2.25
Mumbai,2021,4,28,7.1136,31.64,47.91,2.36
Mumbai,2021,4,29,6.9826,31.47,54.07,2.83
Mumbai,2021,4,30,6.739,32.26,48.16,2.65
Mumbai,2021,5,1,5.5735,32.85,45.33,2.66
Mumbai,2021,5,2,6.3348,32.43,47.71,2.25
Mumbai,2021,5,3,6.6763,32.52,49.4,2.49
Mumbai,2021,5,4,7.1119,32.7,47.92,2.91
Mumbai,2021,5,5,6.9509,32.69,48.73,2.83
Mumbai,2021,5,6,6.4798,32.3,53.84,2.54
Mumbai,2021,5,7,6.7087,32.49,51.87,2.5
Mumbai,2021,5,8,6.9775,32.84,49.81,2.6
Mumbai,2021,5,9,7.0915,32.61,53.27,2.64
Mumbai,2021,5,10,7.1683,32.34,52.71,3.12
Mumbai,2021,5,11,7.1532,32.04,51.96,3.19
Mumbai,2021,5,12,7.1273,31.36,56.32,3.45
Mumbai,2021,5,13,5.8778,30.99,53.38,2.71
Mumbai,2021,5,14,6.5618,32.43,50.16,3.12
Mumbai,2021,5,15,4.0262,34.65,46.23,3.82
Mumbai,2021,5,16,3.0895,32.75,54.63,8.89
Mumbai,2021,5,17,0.3245,28.09,82.99,14.62
Mumbai,2021,5,18,3.845,28.38,86.49,9.2
Mumbai,2021,5,19,4.4568,28.52,83.65,4.58
Mumbai,2021,5,20,6.7291,28.88,77,2.11
Mumbai,2021,5,21,7.0776,29.12,76.76,2.12
Mumbai,2021,5,22,5.7058,28.74,79.58,2.52
Mumbai,2021,5,23,6.5287,28.31,79.42,2.81
Mumbai,2021,5,24,6.913,28.87,78.5,3.23
Mumbai,2021,5,25,6.2167,29.01,79.47,3.74
Mumbai,2021,5,26,6.6228,28.75,78.96,4.04
Mumbai,2021,5,27,6.7582,29.23,75.87,4.05
Mumbai,2021,5,28,6.4421,29.44,78.37,3.72
Mumbai,2021,5,29,6.2141,29.4,80.43,2.66
Mumbai,2021,5,30,5.9414,28.93,83.18,2.2
Mumbai,2021,5,31,6.3125,28.69,83.1,2.17
Mumbai,2021,6,1,6.3254,28.6,83.43,2.43
Mumbai,2021,6,2,5.7293,28.78,80.86,1.86
Mumbai,2021,6,3,6.7663,29.15,77.64,1.78
Mumbai,2021,6,4,6.9348,29.08,77.88,1.37
Mumbai,2021,6,5,4.2528,27.91,83.37,2
Mumbai,2021,6,6,6.3082,28.29,80.94,2.75
Mumbai,2021,6,7,4.7186,28.48,80.52,3.52
Mumbai,2021,6,8,3.1733,28.27,84.22,3.51
Mumbai,2021,6,9,1.0418,28.19,85.73,4.97
Mumbai,2021,6,10,3.5933,27.56,89.85,5.42
Mumbai,2021,6,11,3.0451,28.05,87.86,5.06
Mumbai,2021,6,12,3.8822,28.24,90.49,4.84
Mumbai,2021,6,13,5.9626,28.07,90.32,4.58
Mumbai,2021,6,14,6.113,28.55,87.04,4.59
Mumbai,2021,6,15,2.8313,28.13,88.22,5.65
Mumbai,2021,6,16,1.536,27.79,90.12,5.36
Mumbai,2021,6,17,4.0891,27.81,88.08,6.21
Mumbai,2021,6,18,5.5908,27.82,87.82,6.73
Mumbai,2021,6,19,4.1921,27.48,88.26,5.81
Mumbai,2021,6,20,5.6453,27.5,87.53,5.1
Mumbai,2021,6,21,5.9887,27.28,88,4.03
Mumbai,2021,6,22,6.2465,27.48,86.22,3.79
Mumbai,2021,6,23,5.9964,27.28,86.95,3.8
Mumbai,2021,6,24,2.999,27.29,87.78,3.84
Mumbai,2021,6,25,3.1637,27.02,88.61,4.08
Mumbai,2021,6,26,6.317,27.18,86.91,4.08
Mumbai,2021,6,27,3.5962,26.79,86.35,2.96
Mumbai,2021,6,28,3.7406,26.25,91.42,3.39
Mumbai,2021,6,29,5.2229,27.3,89.09,2.95
Mumbai,2021,6,30,5.3119,27.11,89.75,3.11
Mumbai,2021,7,1,6.7061,27.43,87.89,3.95
Mumbai,2021,7,2,6.5561,27.59,85.97,4.4
Mumbai,2021,7,3,6.6338,27.58,86.79,3.45
Mumbai,2021,7,4,6.6569,27.53,85.69,2.47
Mumbai,2021,7,5,6.4234,27.41,85.4,1.98
Mumbai,2021,7,6,5.9474,27.52,84.77,2.07
Mumbai,2021,7,7,6.0934,27.66,85.77,2.46
Mumbai,2021,7,8,4.1906,27.64,87.7,2.83
Mumbai,2021,7,9,3.6005,27.24,87.92,2.09
Mumbai,2021,7,10,2.4917,26.93,85.02,2.25
Mumbai,2021,7,11,2.7802,26.74,91.29,4.75
Mumbai,2021,7,12,1.8374,26.58,93.27,6.83
Mumbai,2021,7,13,2.7806,26.83,89.9,5.05
Mumbai,2021,7,14,1.62,26.64,92.04,4.74
Mumbai,2021,7,15,3.0598,26.84,94,5.68
Mumbai,2021,7,16,4.2648,26.99,90.86,4.78
Mumbai,2021,7,17,4.2108,26.86,92.18,4.26
Mumbai,2021,7,18,1.8314,26.9,92.76,5.94
Mumbai,2021,7,19,1.3615,26.65,92.5,6.63
Mumbai,2021,7,20,5.0585,26.52,92.2,5.88
Mumbai,2021,7,21,1.1818,26.32,92.08,7.32
Mumbai,2021,7,22,1.8878,26.47,90.55,6.99
Mumbai,2021,7,23,1.9135,26.33,92.32,5.77
Mumbai,2021,7,24,5.411,27.16,90.69,4.82
Mumbai,2021,7,25,4.9022,26.85,92.11,5.66
Mumbai,2021,7,26,5.8159,26.76,90.04,7.07
Mumbai,2021,7,27,5.3398,26.45,88.75,6.86
Mumbai,2021,7,28,5.0717,26.37,88.95,7.08
Mumbai,2021,7,29,3.0113,25.88,90.99,6.6
Mumbai,2021,7,30,2.419,25.68,91.43,6.43
Mumbai,2021,7,31,4.8108,26.16,89.28,6.44
Mumbai,2021,8,1,3.8134,26.09,88.05,5.85
Mumbai,2021,8,2,4.8362,26.32,88.37,5.73
Mumbai,2021,8,3,4.8996,26.5,89.65,5.83
Mumbai,2021,8,4,5.0942,26.3,90.23,5.72
Mumbai,2021,8,5,4.7484,26.33,89.26,5.52
Mumbai,2021,8,6,4.5982,26.48,88.97,4.54
Mumbai,2021,8,7,5.6009,26.6,88.3,3.23
Mumbai,2021,8,8,3.5906,26.58,88.93,2.81
Mumbai,2021,8,9,5.7418,26.84,87.98,2.85
Mumbai,2021,8,10,4.8209,26.44,88.85,2.78
Mumbai,2021,8,11,4.9673,26.61,88.49,2.92
Mumbai,2021,8,12,5.4463,26.5,88.06,3.47
Mumbai,2021,8,13,4.2516,26.36,88.64,3.64
Mumbai,2021,8,14,3.8071,26.1,88.96,3.87
Mumbai,2021,8,15,4.5415,26.27,88.53,3.63
Mumbai,2021,8,16,3.5839,26.3,88.76,2.51
Mumbai,2021,8,17,2.6693,25.72,90.55,2.38
Mumbai,2021,8,18,2.0078,25.06,92,2.36
Mumbai,2021,8,19,2.3993,25.31,91.78,2.28
Mumbai,2021,8,20,2.1221,25.65,90.44,2.97
Mumbai,2021,8,21,2.7317,25.69,90.67,2.8
Mumbai,2021,8,22,3.9967,25.14,90.99,2.29
Mumbai,2021,8,23,6.4824,25.91,85.7,2.24
Mumbai,2021,8,24,6.2045,26.44,86.82,1.91
Mumbai,2021,8,25,5.9549,26.6,86.99,2.35
Mumbai,2021,8,26,4.3706,26.72,87.91,2.47
Mumbai,2021,8,27,4.6848,26.88,86.81,2.59
Mumbai,2021,8,28,6.3962,26.64,85.95,2.1
Mumbai,2021,8,29,5.5534,26.79,84.79,2.01
Mumbai,2021,8,30,4.0133,25.87,89.8,3.48
Mumbai,2021,8,31,1.0188,25.24,93.65,5.47
Mumbai,2021,9,1,3.7219,25.89,91.89,4.31
Mumbai,2021,9,2,4.488,25.83,91.81,3.74
Mumbai,2021,9,3,3.5479,26.31,89.79,3.92
Mumbai,2021,9,4,3.9283,26.32,90.24,3.19
Mumbai,2021,9,5,4.98,26.32,90.33,2.94
Mumbai,2021,9,6,3.4637,26.19,92.02,3.69
Mumbai,2021,9,7,2.2939,26.24,94.91,4.28
Mumbai,2021,9,8,3.8945,26.15,94.63,5.31
Mumbai,2021,9,9,5.2817,26.41,91.28,5.9
Mumbai,2021,9,10,4.6949,26.61,90.56,5.98
Mumbai,2021,9,11,3.9221,26.73,91.63,6.01
Mumbai,2021,9,12,3.3972,26.7,93.04,4.85
Mumbai,2021,9,13,2.5301,26.44,93.46,4.97
Mumbai,2021,9,14,4.7369,26.37,91.42,5.06
Mumbai,2021,9,15,4.6906,26.07,90.29,4.48
Mumbai,2021,9,16,5.2769,26.15,90.44,4.23
Mumbai,2021,9,17,5.7566,25.85,90.19,3.14
Mumbai,2021,9,18,5.7113,25.93,90.85,3.28
Mumbai,2021,9,19,4.5727,26.47,90.84,3.39
Mumbai,2021,9,20,5.4331,26.44,91.22,3
Mumbai,2021,9,21,3.1502,26.29,91.58,3.57
Mumbai,2021,9,22,3.3895,26.13,91.92,3.46
Mumbai,2021,9,23,4.6224,26.41,89.67,2.84
Mumbai,2021,9,24,5.8195,26.25,87.68,2.17
Mumbai,2021,9,25,5.7314,26.46,86.81,1.94
Mumbai,2021,9,26,5.3143,26.26,88.03,2.01
Mumbai,2021,9,27,2.251,25.83,89.88,2.22
Mumbai,2021,9,28,2.8046,24.93,94.04,5.04
Mumbai,2021,9,29,4.5934,25.72,92.24,4.93
Mumbai,2021,9,30,5.2152,26.8,90.81,3.8
Mumbai,2021,10,1,5.6378,26.67,88.65,2.08
Mumbai,2021,10,2,5.2598,27.34,88.66,2.1
Mumbai,2021,10,3,5.525,27.53,87.51,2.25
Mumbai,2021,10,4,5.7605,27.51,89.44,2.74
Mumbai,2021,10,5,5.6544,27.65,89.66,2.6
Mumbai,2021,10,6,5.053,28.22,84.61,1.45
Mumbai,2021,10,7,4.8929,28.5,85.64,1.85
Mumbai,2021,10,8,5.1864,27.01,92.55,2.15
Mumbai,2021,10,9,4.9754,26.85,90.71,2.11
Mumbai,2021,10,10,5.5632,27.16,85.29,1.35
Mumbai,2021,10,11,4.8509,27.32,85.62,1.43
Mumbai,2021,10,12,5.335,27.95,83.29,1.6
Mumbai,2021,10,13,5.5049,28.03,80.65,1.99
Mumbai,2021,10,14,5.1744,28.12,75.65,1.9
Mumbai,2021,10,15,5.6513,27.66,78.49,2.78
Mumbai,2021,10,16,5.6071,26.1,75.9,2.63
Mumbai,2021,10,17,4.7626,27.1,80.61,1.88
Mumbai,2021,10,18,5.5942,26.5,79.02,2.55
Mumbai,2021,10,19,5.7574,25.74,78.25,1.88
Mumbai,2021,10,20,5.6153,24.75,80.78,2.29
Mumbai,2021,10,21,5.5975,25.28,74.52,2.35
Mumbai,2021,10,22,5.5423,25.06,73.98,2.22
Mumbai,2021,10,23,5.7218,24.3,78.43,2.34
Mumbai,2021,10,24,5.8058,23.69,85.98,2.59
Mumbai,2021,10,25,5.7936,24.32,82.03,2.6
Mumbai,2021,10,26,5.0563,24.81,75.96,2.34
Mumbai,2021,10,27,5.5526,24.81,72.12,3.02
Mumbai,2021,10,28,5.1696,24.61,75.87,3.55
Mumbai,2021,10,29,5.1355,24.49,74.47,3.89
Mumbai,2021,10,30,5.2418,24.23,73.91,3.9
Mumbai,2021,10,31,4.8924,25.19,75.29,3.12
Mumbai,2021,11,1,4.6745,25.25,76.44,2.88
Mumbai,2021,11,2,4.8626,25.79,73.19,2.75
Mumbai,2021,11,3,4.8912,25.35,76.57,3.2
Mumbai,2021,11,4,4.7647,26.53,78.66,2.13
Mumbai,2021,11,5,4.8744,26.98,79.93,2.31
Mumbai,2021,11,6,3.1255,26.09,83.01,1.72
Mumbai,2021,11,7,2.9861,25.35,83.65,1.96
Mumbai,2021,11,8,4.7837,24.8,74.16,3.17
Mumbai,2021,11,9,5.2879,22.97,71,3.92
Mumbai,2021,11,10,4.8238,22.97,66.96,3.58
Mumbai,2021,11,11,4.62,22.49,70.15,3.84
Mumbai,2021,11,12,4.9622,23.06,68.81,3.7
Mumbai,2021,11,13,4.7201,25.46,79.35,3.12
Mumbai,2021,11,14,4.5031,26.3,81.33,3.01
Mumbai,2021,11,15,4.0802,26.48,85.35,2.04
Mumbai,2021,11,16,3.5033,27.1,83.12,2.78
Mumbai,2021,11,17,3.8688,26.94,84.4,2.69
Mumbai,2021,11,18,4.7191,26.66,85.24,2.61
Mumbai,2021,11,19,4.7206,26.74,83.43,1.92
Mumbai,2021,11,20,4.513,27.22,82.79,2.2
Mumbai,2021,11,21,4.0171,27.46,83.62,2.6
Mumbai,2021,11,22,3.6996,26.07,89.31,2.77
Mumbai,2021,11,23,4.8962,26.91,86.58,1.69
Mumbai,2021,11,24,4.585,27.04,82.78,2.78
Mumbai,2021,11,25,4.4393,26.11,77.75,2.12
Mumbai,2021,11,26,4.6442,25.32,76.17,2.69
Mumbai,2021,11,27,4.7314,24.75,71.67,2.49
Mumbai,2021,11,28,4.429,22.18,75.8,4.11
Mumbai,2021,11,29,4.722,22.98,72.38,4.24
Mumbai,2021,11,30,2.9184,23.36,83.38,4.03
Mumbai,2021,12,1,0.6031,21.92,90.21,3.6
Mumbai,2021,12,2,3.0144,22.43,82.78,4.38
Mumbai,2021,12,3,4.032,23.72,84.12,2.1
Mumbai,2021,12,4,4.6908,24.37,80.28,2.08
Mumbai,2021,12,5,4.9634,23.22,80.49,1.86
Mumbai,2021,12,6,4.7892,23.08,80.91,2.44
Mumbai,2021,12,7,4.0882,23.47,75.17,3.28
Mumbai,2021,12,8,4.0289,23.34,73.8,3.7
Mumbai,2021,12,9,4.2298,23.67,72.09,2.76
Mumbai,2021,12,10,4.2775,23.73,75.92,3.55
Mumbai,2021,12,11,4.0752,24.02,76.93,3.24
Mumbai,2021,12,12,4.2499,24.34,72.77,2.87
Mumbai,2021,12,13,4.236,23.38,76.54,2.22
Mumbai,2021,12,14,4.5746,22.59,75.81,2.16
Mumbai,2021,12,15,3.7015,22.7,78.08,2.32
Mumbai,2021,12,16,3.5364,22.73,79.15,2.39
Mumbai,2021,12,17,4.4395,22.33,78.75,2.21
Mumbai,2021,12,18,4.2898,22.41,74.19,3.13
Mumbai,2021,12,19,4.6207,21.9,70.03,3.49
Mumbai,2021,12,20,4.2694,21.16,70.16,3.1
Mumbai,2021,12,21,4.339,20.96,68.61,2.72
Mumbai,2021,12,22,4.2343,20.87,70.82,2.18
Mumbai,2021,12,23,4.5994,21.08,69.55,2.35
Mumbai,2021,12,24,4.3123,20.35,74.84,2.18
Mumbai,2021,12,25,4.4162,20.39,75.66,2.07
Mumbai,2021,12,26,4.4268,21.05,73.38,2.6
Mumbai,2021,12,27,4.5266,22.21,64.51,2.43
Mumbai,2021,12,28,4.2794,22.07,68.91,2.02
Mumbai,2021,12,29,4.8307,20.91,72.4,3.19
Mumbai,2021,12,30,4.1978,21.48,74.9,4.1
Mumbai,2021,12,31,4.3469,23,72.8,4.24
Mumbai,2022,1,1,4.405,23.09,74.41,3.03
Mumbai,2022,1,2,4.2895,23.3,74.94,2.59
Mumbai,2022,1,3,4.2737,23.4,75.51,2.79
Mumbai,2022,1,4,4.4042,24.25,67.61,2.33
Mumbai,2022,1,5,3.9931,23.05,70.5,2.66
Mumbai,2022,1,6,4.1465,22.38,80.65,2.23
Mumbai,2022,1,7,4.3085,22.15,79.52,2.55
Mumbai,2022,1,8,2.453,22.41,79.95,2.09
Mumbai,2022,1,9,4.6613,20.22,76.65,3.07
Mumbai,2022,1,10,5.2022,18.08,68.16,2.92
Mumbai,2022,1,11,5.0546,17.87,71.33,2.37
Mumbai,2022,1,12,4.7995,18.36,75.72,2.79
Mumbai,2022,1,13,3.8414,18.95,75.56,2.59
Mumbai,2022,1,14,4.2727,20.25,80.04,1.96
Mumbai,2022,1,15,4.4479,21.79,74.81,2.92
Mumbai,2022,1,16,4.8998,23.09,68.21,3.21
Mumbai,2022,1,17,4.4014,23.56,70.76,2.75
Mumbai,2022,1,18,4.9498,23.45,67.99,2.65
Mumbai,2022,1,19,5.3186,22.88,62.79,2.98
Mumbai,2022,1,20,5.4468,22.54,61.19,2.63
Mumbai,2022,1,21,5.0911,22.22,75.18,2.13
Mumbai,2022,1,22,4.7842,22.75,82.71,2.84
Mumbai,2022,1,23,3.4922,19.77,70.54,3.68
Mumbai,2022,1,24,4.7666,16.59,56.47,3.07
Mumbai,2022,1,25,4.9697,17.06,51.67,3.12
Mumbai,2022,1,26,5.0431,18.84,53.89,2.78
Mumbai,2022,1,27,5.2462,20.31,53.18,3.41
Mumbai,2022,1,28,5.1936,21.28,51.74,3.94
Mumbai,2022,1,29,5.5534,21.92,49.9,3.39
Mumbai,2022,1,30,5.6054,21.91,54.42,2.5
Mumbai,2022,1,31,5.9021,21.91,50.88,2.64
Mumbai,2022,2,1,5.7017,22.19,51.89,2.89
Mumbai,2022,2,2,5.6052,22.61,57.04,2.43
Mumbai,2022,2,3,5.7998,21.65,75.37,2.47
Mumbai,2022,2,4,5.6774,21.7,67.61,1.81
Mumbai,2022,2,5,5.657,21.12,54.14,2.64
Mumbai,2022,2,6,5.4072,22.04,55.18,3.01
Mumbai,2022,2,7,5.3618,21.52,70,2.4
Mumbai,2022,2,8,5.5939,21.12,76.52,2.59
Mumbai,2022,2,9,5.6208,21.69,73.77,2.72
Mumbai,2022,2,10,5.7026,22.84,54.01,3.07
Mumbai,2022,2,11,5.6093,24.06,46.98,3.89
Mumbai,2022,2,12,5.4379,23.92,44.31,3.76
Mumbai,2022,2,13,5.4367,24.06,47.62,2.91
Mumbai,2022,2,14,5.9546,22.75,59.92,3.02
Mumbai,2022,2,15,5.8776,21.81,65.51,2.52
Mumbai,2022,2,16,6.0554,22,68.18,2.07
Mumbai,2022,2,17,6.2676,23.02,64.2,2.33
Mumbai,2022,2,18,6.1332,23.6,60.59,2.47
Mumbai,2022,2,19,5.8651,24.8,60.12,2.4
Mumbai,2022,2,20,6.1099,25.09,53.08,2.65
Mumbai,2022,2,21,6.3946,24.48,46.69,2.59
Mumbai,2022,2,22,6.2904,25.06,49.3,2.31
Mumbai,2022,2,23,6.1572,25.99,50.89,2.41
Mumbai,2022,2,24,5.8387,26.18,52.07,2.01
Mumbai,2022,2,25,5.9131,26.16,50.76,2.26
Mumbai,2022,2,26,5.803,26.11,49.22,2.77
Mumbai,2022,2,27,6.0598,25.93,46.02,2.95
Mumbai,2022,2,28,6.1546,26.29,37.08,3.06
Mumbai,2022,3,1,5.9405,27.09,36.97,3.16
Mumbai,2022,3,2,5.9158,27.82,36.04,3.51
Mumbai,2022,3,3,5.9676,28.44,32.24,4.53
Mumbai,2022,3,4,6.1742,28.43,31.08,4.43
Mumbai,2022,3,5,5.856,28.52,31.74,3.75
Mumbai,2022,3,6,5.6467,28.51,35.15,3.19
Mumbai,2022,3,7,5.347,28.98,37.29,3.27
Mumbai,2022,3,8,5.0122,30.09,40.64,3.08
Mumbai,2022,3,9,5.365,30.59,43.33,2.82
Mumbai,2022,3,10,5.159,29.74,38.59,3.47
Mumbai,2022,3,11,5.5994,29.76,39.37,2.59
Mumbai,2022,3,12,6.1702,30.09,40.86,3.12
Mumbai,2022,3,13,6.2165,30.02,32.93,3.68
Mumbai,2022,3,14,6.4956,30.49,24.32,3.86
Mumbai,2022,3,15,6.8078,30.71,33.22,3.43
Mumbai,2022,3,16,6.6576,31.03,34,3.51
Mumbai,2022,3,17,6.6343,31.45,32.54,3.36
Mumbai,2022,3,18,6.5722,30.82,39.2,3.15
Mumbai,2022,3,19,5.6042,29.82,55.26,2.89
Mumbai,2022,3,20,4.8934,29.01,56.27,2.55
Mumbai,2022,3,21,5.7746,29.54,54.65,3.12
Mumbai,2022,3,22,3.839,30.49,42.13,3.07
Mumbai,2022,3,23,4.8007,30.97,38.79,2.79
Mumbai,2022,3,24,3.4519,30.43,42.53,2.82
Mumbai,2022,3,25,5.3186,29.71,54.55,2.16
Mumbai,2022,3,26,5.3309,29.66,50.98,2.23
Mumbai,2022,3,27,6.2299,30.29,53.99,2.12
Mumbai,2022,3,28,6.2839,30.58,55.45,2.48
Mumbai,2022,3,29,6.8854,30.89,47.88,3.01
Mumbai,2022,3,30,7.3356,30.78,48.97,3.11
Mumbai,2022,3,31,7.4177,29.92,51.74,2.85
Mumbai,2022,4,1,7.3157,29.76,41.07,2.97
Mumbai,2022,4,2,6.9878,30.04,47.83,2.51
Mumbai,2022,4,3,6.6684,30.48,51.69,3.14
Mumbai,2022,4,4,6.2129,31.41,47.13,2.53
Mumbai,2022,4,5,6.151,31.25,57.87,2.87
Mumbai,2022,4,6,6.3826,31.59,58.25,2.79
Mumbai,2022,4,7,6.7087,31.99,53.12,3.36
Mumbai,2022,4,8,6.6782,31.91,50.55,2.81
Mumbai,2022,4,9,5.7494,31.23,59.55,3.02
Mumbai,2022,4,10,6.2095,30.79,59.2,2.4
Mumbai,2022,4,11,5.8548,31.63,50.07,2.39
Mumbai,2022,4,12,5.8586,32.37,42.96,2.53
Mumbai,2022,4,13,6.167,31.9,42.52,2.32
Mumbai,2022,4,14,6.2407,30.87,51.02,2.7
Mumbai,2022,4,15,7.093,30.45,56.52,2.68
Mumbai,2022,4,16,7.3879,30.24,55.78,2.51
Mumbai,2022,4,17,7.285,30.45,55.98,2.52
Mumbai,2022,4,18,7.182,30.9,54.88,2.71
Mumbai,2022,4,19,6.0682,30.13,58.33,2.76
Mumbai,2022,4,20,5.845,30.44,57.24,3.03
Mumbai,2022,4,21,6.1034,33.63,37.13,3.86
Mumbai,2022,4,22,6.486,34.12,39.62,3.33
Mumbai,2022,4,23,6.467,33.68,51.6,2.35
Mumbai,2022,4,24,5.1298,32.49,56.67,2.89
Mumbai,2022,4,25,7.1522,33.26,47.34,3.09
Mumbai,2022,4,26,7.0073,32.67,45.35,2.65
Mumbai,2022,4,27,7.2374,34.07,41.18,3.89
Mumbai,2022,4,28,6.9415,34.34,39.55,3.61
Mumbai,2022,4,29,6.9319,32.31,56.85,2.65
Mumbai,2022,4,30,7.6502,31.93,53.78,2.87
Mumbai,2022,5,1,7.566,31.19,61.94,2.93
Mumbai,2022,5,2,7.4957,30.74,64.58,2.76
Mumbai,2022,5,3,7.344,30.43,66.04,2.73
Mumbai,2022,5,4,7.3212,31.05,59.01,2.83
Mumbai,2022,5,5,7.2343,31.34,57.67,3.72
Mumbai,2022,5,6,7.1448,31.5,59.43,3.6
Mumbai,2022,5,7,6.9072,31.72,60.29,3.93
Mumbai,2022,5,8,6.8698,31.98,60.13,3.34
Mumbai,2022,5,9,5.1898,32.15,59.93,4.38
Mumbai,2022,5,10,5.5668,31.48,62.65,4.78
Mumbai,2022,5,11,4.8271,31.55,64.26,4.3
Mumbai,2022,5,12,4.4638,31.58,64.53,4.69
Mumbai,2022,5,13,6.3338,31.42,62.99,4.79
Mumbai,2022,5,14,6.493,31.39,62.45,4.86
Mumbai,2022,5,15,6.937,31.57,60.42,4.48
Mumbai,2022,5,16,6.883,31.8,61.34,3.99
Mumbai,2022,5,17,6.0413,31.46,61.59,3.93
Mumbai,2022,5,18,6.1805,31.35,61.28,3.8
Mumbai,2022,5,19,5.6494,31.18,59.54,3.36
Mumbai,2022,5,20,4.4868,30.86,62.3,4.27
Mumbai,2022,5,21,6.3898,30.49,64.67,5.65
Mumbai,2022,5,22,6.9226,30.44,65.44,6.13
Mumbai,2022,5,23,6.8078,30.85,66.47,5.78
Mumbai,2022,5,24,6.6703,30.77,66.9,4.82
Mumbai,2022,5,25,6.9919,30.5,63.9,3.71
Mumbai,2022,5,26,7.2427,30.53,59.8,3.97
Mumbai,2022,5,27,7.3423,31.25,57.55,4.76
Mumbai,2022,5,28,7.2031,31.32,58.19,4.94
Mumbai,2022,5,29,6.787,30.86,60.54,4.96
Mumbai,2022,5,30,6.8671,30.93,60.97,4.58
Mumbai,2022,5,31,6.8911,30.9,59.31,4.6
Mumbai,2022,6,1,5.1389,30.76,61.91,4.12
Mumbai,2022,6,2,6.2062,30.98,60.14,4.34
Mumbai,2022,6,3,6.6533,30.87,62.25,4.51
Mumbai,2022,6,4,6.6886,30.99,61.11,4.22
Mumbai,2022,6,5,6.5419,31,60.92,3.67
Mumbai,2022,6,6,6.0617,31.06,60.3,3.87
Mumbai,2022,6,7,5.6573,30.48,64.42,4.05
Mumbai,2022,6,8,6.3485,30.34,68.62,4.06
Mumbai,2022,6,9,5.9645,30.24,70.23,3.65
Mumbai,2022,6,10,5.1307,29.33,75.9,3.27
Mumbai,2022,6,11,2.496,27.84,83.6,4.4
Mumbai,2022,6,12,3.7814,28.33,77.7,4.66
Mumbai,2022,6,13,6.2376,29.16,74.91,4.85
Mumbai,2022,6,14,6.7073,29.41,73.74,4.86
Mumbai,2022,6,15,6.2866,29.06,77.59,4.59
Mumbai,2022,6,16,6.1114,29.08,77.28,4.28
Mumbai,2022,6,17,5.0515,28.35,81.25,3.81
Mumbai,2022,6,18,4.6673,28.68,77.67,4.72
Mumbai,2022,6,19,3.2285,28.68,81.66,5.65
Mumbai,2022,6,20,1.3248,28.24,82.69,5.72
Mumbai,2022,6,21,1.6008,27.9,84.32,5.42
Mumbai,2022,6,22,4.5372,27.52,86.91,2.72
Mumbai,2022,6,23,5.7948,27.72,80.51,2.62
Mumbai,2022,6,24,4.1227,26.87,87.58,2.79
Mumbai,2022,6,25,4.5295,26.86,88.22,4.02
Mumbai,2022,6,26,3.528,27.11,88.07,3.73
Mumbai,2022,6,27,3.2148,27.15,88.01,5.58
Mumbai,2022,6,28,2.6138,27.7,85.27,4.79
Mumbai,2022,6,29,4.6985,27.8,87.56,5.11
Mumbai,2022,6,30,1.5953,27.27,88.66,5.46
Mumbai,2022,7,1,1.8353,27.13,89.84,4.93
Mumbai,2022,7,2,5.6597,27.47,86.86,5.97
Mumbai,2022,7,3,6.2546,27.41,86.22,6.44
Mumbai,2022,7,4,4.2886,26.89,89.93,6.42
Mumbai,2022,7,5,1.3253,26.48,90.69,6.04
Mumbai,2022,7,6,2.4744,26.8,90.02,6.17
Mumbai,2022,7,7,2.1096,26.53,90.45,6.26
Mumbai,2022,7,8,2.9947,26.34,91.81,6.47
Mumbai,2022,7,9,2.3191,26.34,91.43,6.49
Mumbai,2022,7,10,3.7483,25.82,93.19,6.17
Mumbai,2022,7,11,2.1725,25.85,93.53,6.71
Mumbai,2022,7,12,2.5145,25.62,93.02,6.95
Mumbai,2022,7,13,1.0507,25.67,93.37,7.34
Mumbai,2022,7,14,2.2555,25.48,94.02,7.19
Mumbai,2022,7,15,3.5338,25.9,91.81,7.26
Mumbai,2022,7,16,3.8712,26.4,91.31,7.44
Mumbai,2022,7,17,5.3911,26.57,90.85,5.85
Mumbai,2022,7,18,3.4051,25.68,92.51,4.46
Mumbai,2022,7,19,5.8615,26.24,90.9,5.37
Mumbai,2022,7,20,5.3038,26.26,89.77,5.27
Mumbai,2022,7,21,4.6867,26.26,89.85,4.63
Mumbai,2022,7,22,5.2094,26.22,89.48,4.08
Mumbai,2022,7,23,4.8187,26.09,91.03,5
Mumbai,2022,7,24,3.9797,26.13,90.7,5.38
Mumbai,2022,7,25,5.5858,26.1,89.2,4.79
Mumbai,2022,7,26,4.157,26.25,88.74,3.73
Mumbai,2022,7,27,3.1675,26.21,89.38,2.46
Mumbai,2022,7,28,6.0564,26.63,88.77,2.12
Mumbai,2022,7,29,5.3496,26.65,89.76,2.55
Mumbai,2022,7,30,6.2537,26.76,88.82,2.57
Mumbai,2022,7,31,6.6439,26.8,88.01,3.04
Mumbai,2022,8,1,6.1387,27.03,86.25,3.45
Mumbai,2022,8,2,4.8797,26.58,89.38,3.41
Mumbai,2022,8,3,3.6348,26.63,90.06,3.35
Mumbai,2022,8,4,4.9858,26.5,90.79,2.44
Mumbai,2022,8,5,3.6746,26.64,90.78,3.43
Mumbai,2022,8,6,4.4038,26.63,90.06,4.83
Mumbai,2022,8,7,2.2834,26.32,92.71,3.94
Mumbai,2022,8,8,1.1654,26.27,93.49,6.25
Mumbai,2022,8,9,2.6275,25.74,93.27,8.53
Mumbai,2022,8,10,3.5705,26.01,92.37,8.83
Mumbai,2022,8,11,4.421,25.82,91.06,9.7
Mumbai,2022,8,12,4.391,26.11,90.03,8.83
Mumbai,2022,8,13,4.7868,26.06,89.71,6.92
Mumbai,2022,8,14,4.9433,25.89,89.21,6.61
Mumbai,2022,8,15,3.6041,25.24,92.04,5.81
Mumbai,2022,8,16,2.8574,25.29,91.8,6.65
Mumbai,2022,8,17,4.3668,25.86,90.81,6.85
Mumbai,2022,8,18,5.0599,25.91,90.61,5.3
Mumbai,2022,8,19,4.8319,25.97,90.66,5.06
Mumbai,2022,8,20,4.4258,25.95,90.22,5
Mumbai,2022,8,21,4.0094,25.55,90.88,4.7
Mumbai,2022,8,22,3.6926,25.77,90.81,5.62
Mumbai,2022,8,23,3.8522,26.15,90.83,5.81
Mumbai,2022,8,24,4.0529,26.1,89.84,4.87
Mumbai,2022,8,25,5.034,25.9,89.34,3.85
Mumbai,2022,8,26,6.1963,25.72,88.57,2.82
Mumbai,2022,8,27,6.2484,25.88,86.9,2.5
Mumbai,2022,8,28,6.0034,25.74,88.09,2.32
Mumbai,2022,8,29,5.2075,26.2,86.31,2.26
Mumbai,2022,8,30,4.6126,26.28,87.97,2.66
Mumbai,2022,8,31,5.628,26.91,90.17,2.86
Mumbai,2022,9,1,4.7866,26.45,92.6,2.98
Mumbai,2022,9,2,5.7432,27.25,89.86,1.91
Mumbai,2022,9,3,5.9815,27.71,88.27,2.41
Mumbai,2022,9,4,3.8309,26.81,91.41,2.33
Mumbai,2022,9,5,5.7859,26.52,89.75,2.62
Mumbai,2022,9,6,5.3388,26.48,89.04,2.22
Mumbai,2022,9,7,4.5576,26.59,89.75,3.02
Mumbai,2022,9,8,4.1419,27.61,87.4,2.01
Mumbai,2022,9,9,5.141,28.05,87.22,2.04
Mumbai,2022,9,10,5.5169,27.36,88.48,1.69
Mumbai,2022,9,11,4.626,26.92,91.65,3.71
Mumbai,2022,9,12,3.5134,25.74,93.33,3.81
Mumbai,2022,9,13,1.5814,26.11,91.93,5.01
Mumbai,2022,9,14,4.4738,26.25,91.35,6.05
Mumbai,2022,9,15,4.1796,26.61,91.66,6.9
Mumbai,2022,9,16,1.9102,26.2,94.07,4.81
Mumbai,2022,9,17,5.3071,26.35,90.95,4.57
Mumbai,2022,9,18,2.9395,25.86,88.84,3.06
Mumbai,2022,9,19,3.5798,25.67,87.09,3.29
Mumbai,2022,9,20,3.3917,25.23,88.87,3.21
Mumbai,2022,9,21,2.4022,25.02,89.68,3.27
Mumbai,2022,9,22,2.8198,24.93,89.49,2.84
Mumbai,2022,9,23,5.0693,24.83,92.24,3.15
Mumbai,2022,9,24,5.0551,25.36,90.48,2.93
Mumbai,2022,9,25,5.2457,25.53,89.59,2.63
Mumbai,2022,9,26,5.5106,25.63,87.47,2.3
Mumbai,2022,9,27,5.3064,25.24,88.02,2.37
Mumbai,2022,9,28,5.3054,25.37,90.34,2.89
Mumbai,2022,9,29,3.3535,25.74,89.79,2.97
Mumbai,2022,9,30,4.5782,26.45,89.73,2.79
Mumbai,2022,10,1,5.1821,26.27,89.43,2.84
Mumbai,2022,10,2,5.8937,25.69,88.86,2.59
Mumbai,2022,10,3,6.0055,25.6,86.64,2.65
Mumbai,2022,10,4,5.6688,26,87.88,2.86
Mumbai,2022,10,5,4.9022,26.39,87.09,3.27
Mumbai,2022,10,6,3.173,25.34,89.29,2.75
Mumbai,2022,10,7,1.548,25.62,92.95,4.57
Mumbai,2022,10,8,3.1975,25.48,92.31,3.31
Mumbai,2022,10,9,6.055,26.17,87.78,2.75
Mumbai,2022,10,10,5.2397,26.45,86.88,1.95
Mumbai,2022,10,11,5.1643,26.43,89.19,1.97
Mumbai,2022,10,12,4.9411,26.3,91.07,2.1
Mumbai,2022,10,13,3.7618,25.84,86.62,3.21
Mumbai,2022,10,14,4.8739,26.43,86.42,2.74
Mumbai,2022,10,15,5.1619,25.98,83.23,3.48
Mumbai,2022,10,16,5.5222,25.71,79.8,3.67
Mumbai,2022,10,17,5.1264,27.15,87.36,2.59
Mumbai,2022,10,18,4.3992,26.12,89.27,1.58
Mumbai,2022,10,19,5.0597,26.61,86.83,1.9
Mumbai,2022,10,20,5.5298,26.62,83.33,2.18
Mumbai,2022,10,21,5.2874,27.04,84.86,3.06
Mumbai,2022,10,22,5.5673,25.68,80.62,3.84
Mumbai,2022,10,23,5.8238,23.69,73.62,3.99
Mumbai,2022,10,24,5.8282,23.86,70.77,2.7
Mumbai,2022,10,25,5.821,23.93,68.13,2.25
Mumbai,2022,10,26,5.7326,23.73,71.45,2.84
Mumbai,2022,10,27,5.5882,23.8,71.25,3.06
Mumbai,2022,10,28,5.4588,23.39,71.09,3.45
Mumbai,2022,10,29,5.6285,23.02,70.61,4.11
Mumbai,2022,10,30,5.8404,23.43,73.53,4.02
Mumbai,2022,10,31,5.345,23.84,73.71,3.65
Mumbai,2022,11,1,5.2517,23.16,73.36,3.69
Mumbai,2022,11,2,5.0208,23.33,74.5,3.61
Mumbai,2022,11,3,5.4706,23.42,72.35,4.14
Mumbai,2022,11,4,5.4521,23.32,70.4,3.89
Mumbai,2022,11,5,5.2963,23.81,65.34,4.05
Mumbai,2022,11,6,5.2152,24.19,64.19,3.77
Mumbai,2022,11,7,5.0074,24.29,67.23,2.91
Mumbai,2022,11,8,4.987,24.52,72.17,2.61
Mumbai,2022,11,9,4.6399,24.71,70.99,2.24
Mumbai,2022,11,10,5.1046,23.74,74.49,3.78
Mumbai,2022,11,11,4.9466,23.31,76.4,4.14
Mumbai,2022,11,12,4.8641,23.67,77.02,4.2
Mumbai,2022,11,13,4.8718,23.47,75.02,3.85
Mumbai,2022,11,14,4.5967,23.84,75.93,2.91
Mumbai,2022,11,15,4.6003,23.7,74.1,2.84
Mumbai,2022,11,16,4.951,22.94,73.12,2.98
Mumbai,2022,11,17,4.8994,22.3,72.28,3.85
Mumbai,2022,11,18,5.0959,21.78,70.73,4.06
Mumbai,2022,11,19,4.8005,21.74,70.07,4.3
Mumbai,2022,11,20,5.1986,20.25,68.97,4.2
Mumbai,2022,11,21,5.1384,20.47,66.35,3.57
Mumbai,2022,11,22,4.699,21.81,70.34,3.25
Mumbai,2022,11,23,4.5322,23.24,73.28,3.25
Mumbai,2022,11,24,4.5012,23.4,72.95,3.2
Mumbai,2022,11,25,3.9084,24.42,77.58,3.24
Mumbai,2022,11,26,3.8261,24.65,78.95,2.74
Mumbai,2022,11,27,4.2967,24.02,78.18,2.67
Mumbai,2022,11,28,4.7558,23.55,72.9,2.24
Mumbai,2022,11,29,4.763,22.78,68.11,2.56
Mumbai,2022,11,30,4.2542,23.2,72.18,3.14
Mumbai,2022,12,1,4.7909,22.89,65.19,3.32
Mumbai,2022,12,2,4.5871,22.96,64.95,2.91
Mumbai,2022,12,3,4.1719,24.24,69.27,2.49
Mumbai,2022,12,4,3.5573,25.5,77.46,2.33
Mumbai,2022,12,5,3.8263,25.81,77.54,2.3
Mumbai,2022,12,6,3.8383,24.84,75.12,2.87
Mumbai,2022,12,7,3.8959,24.1,73.83,3.18
Mumbai,2022,12,8,3.7114,22.06,68.79,3.93
Mumbai,2022,12,9,4.8876,20.37,64.82,4.12
Mumbai,2022,12,10,5.1038,21.19,65.05,3.37
Mumbai,2022,12,11,4.6637,23.98,77.25,2.92
Mumbai,2022,12,12,3.8897,25.69,78.62,2.66
Mumbai,2022,12,13,3.9982,26.21,77.97,2.94
Mumbai,2022,12,14,3.6334,24.88,82.69,3.22
Mumbai,2022,12,15,3.6221,25.27,80.7,2.85
Mumbai,2022,12,16,4.6855,26.2,76.92,2.93
Mumbai,2022,12,17,4.3582,26.32,73.85,2.97
Mumbai,2022,12,18,4.2396,25.77,71.8,3.27
Mumbai,2022,12,19,4.8994,24.42,63.93,3.41
Mumbai,2022,12,20,4.9039,23.82,60.95,3.34
Mumbai,2022,12,21,4.5874,23.84,62.99,3.34
Mumbai,2022,12,22,4.4366,23.93,64.21,2.81
Mumbai,2022,12,23,4.6872,22.57,64.57,2.82
Mumbai,2022,12,24,5.0326,21.04,57.21,2.76
Mumbai,2022,12,25,4.7623,20.7,59.94,2.17
Mumbai,2022,12,26,4.6387,21.98,70.31,2.22
Mumbai,2022,12,27,4.7059,23.67,69.43,2.8
Mumbai,2022,12,28,4.7534,24.05,58.48,2.71
Mumbai,2022,12,29,4.8072,23.72,57.39,2.48
Mumbai,2022,12,30,4.6814,23.19,59.22,2.81
Mumbai,2022,12,31,4.8218,22.37,58.99,3.2
Mumbai,2023,1,1,5.022,21.71,58.82,2.82
Mumbai,2023,1,2,4.9126,22.37,61.81,3.26
Mumbai,2023,1,3,4.7527,22.26,59.42,3.41
Mumbai,2023,1,4,4.4743,22.41,60.06,3.04
Mumbai,2023,1,5,3.7906,23.5,67.65,3.98
Mumbai,2023,1,6,4.489,24.58,68.62,3.9
Mumbai,2023,1,7,3.3336,24.68,65.82,3.56
Mumbai,2023,1,8,3.9209,23.39,59.31,3.53
Mumbai,2023,1,9,4.8756,22.02,47.87,3.69
Mumbai,2023,1,10,5.2042,22.6,43.96,3.34
Mumbai,2023,1,11,5.0189,22.18,49.22,3.18
Mumbai,2023,1,12,5.2447,21.14,50.19,2.65
Mumbai,2023,1,13,4.9123,20.43,70.41,2.74
Mumbai,2023,1,14,5.1866,19.58,57.29,2.94
Mumbai,2023,1,15,5.1828,19.92,53.69,2.69
Mumbai,2023,1,16,5.281,20.62,52.86,2.28
Mumbai,2023,1,17,5.3412,20.51,52.31,2.34
Mumbai,2023,1,18,5.513,21.96,51.62,2.57
Mumbai,2023,1,19,5.3177,22.82,52.91,2.94
Mumbai,2023,1,20,5.2318,23.03,55.57,2.06
Mumbai,2023,1,21,5.0933,22.08,61.8,2.4
Mumbai,2023,1,22,4.9464,20.79,59.27,2.7
Mumbai,2023,1,23,4.7726,20.24,55.66,3.01
Mumbai,2023,1,24,4.0937,19.56,58.97,2.82
Mumbai,2023,1,25,4.7434,20,53.08,3.38
Mumbai,2023,1,26,4.8221,21.83,56.78,2.93
Mumbai,2023,1,27,4.5554,25.15,60.04,3.24
Mumbai,2023,1,28,5.1866,24.97,58.91,3.85
Mumbai,2023,1,29,3.929,23.98,79.7,2.06
Mumbai,2023,1,30,4.5761,23.32,73.76,2.58
Mumbai,2023,1,31,4.487,24.44,56.37,3.66
Mumbai,2023,2,1,4.0632,25.45,54.2,4.37
Mumbai,2023,2,2,4.3498,25.3,51.16,4.19
Mumbai,2023,2,3,5.053,24.33,42.21,3.74
Mumbai,2023,2,4,5.4701,24.42,41.77,3
Mumbai,2023,2,5,5.6496,24.39,40.27,3.16
Mumbai,2023,2,6,5.7852,23.83,38.86,3.14
Mumbai,2023,2,7,5.8644,23.56,44.8,3.3
Mumbai,2023,2,8,5.6614,24.91,41.16,3.26
Mumbai,2023,2,9,5.8562,25.9,34.55,3.73
Mumbai,2023,2,10,6.0965,25.86,36.02,3.17
Mumbai,2023,2,11,6.1817,25.24,33.81,3.4
Mumbai,2023,2,12,6.2011,26.34,30.28,4.19
Mumbai,2023,2,13,6.1397,26.4,31.1,4.31
Mumbai,2023,2,14,6.2918,26.53,26.8,4.07
Mumbai,2023,2,15,6.371,26.88,26.95,3.54
Mumbai,2023,2,16,6.4205,27.73,26.54,4.11
Mumbai,2023,2,17,6.4138,28.16,26.14,4.1
Mumbai,2023,2,18,6.5306,28.17,27.61,3.92
Mumbai,2023,2,19,6.515,28.19,28.08,3.68
Mumbai,2023,2,20,6.3713,27.13,29.22,2.87
Mumbai,2023,2,21,6.3586,26.74,30,3.14
Mumbai,2023,2,22,6.0317,26.76,32.41,3.26
Mumbai,2023,2,23,6.2767,27.61,27.93,3.19
Mumbai,2023,2,24,6.2426,28.38,24.65,3.53
Mumbai,2023,2,25,6.1306,28.21,24.79,3.45
Mumbai,2023,2,26,6.167,28.29,21.77,3.8
Mumbai,2023,2,27,6.1627,28.1,21.92,3.62
Mumbai,2023,2,28,6.1111,28.02,25.94,3.13
Mumbai,2023,3,1,6.1613,28.53,28.07,2.74
Mumbai,2023,3,2,5.825,29.63,29.48,2.94
Mumbai,2023,3,3,5.556,30.26,31.1,2.63
Mumbai,2023,3,4,5.1336,30.39,33.89,2.68
Mumbai,2023,3,5,4.9186,30.13,36.74,2.63
Mumbai,2023,3,6,5.167,30.05,37.3,2.97
Mumbai,2023,3,7,4.0858,29.31,34.9,3.51
Mumbai,2023,3,8,5.7266,29.41,33.52,3.1
Mumbai,2023,3,9,5.8346,29.78,28.94,4.03
Mumbai,2023,3,10,5.9954,29.38,23.9,4.12
Mumbai,2023,3,11,5.76,30.16,24.43,3.44
Mumbai,2023,3,12,5.4353,31.17,30.49,2.86
Mumbai,2023,3,13,5.2452,30.93,30.16,3.13
Mumbai,2023,3,14,5.5819,30.79,29.83,2.57
Mumbai,2023,3,15,3.9314,30.23,34.95,2.45
Mumbai,2023,3,16,4.9183,28.38,47.94,2.38
Mumbai,2023,3,17,5.7413,28.37,54.07,2.85
Mumbai,2023,3,18,6.4342,27.81,51.64,2.75
Mumbai,2023,3,19,6.749,26.5,56.7,2.79
Mumbai,2023,3,20,6.9574,26.23,59.62,3.24
Mumbai,2023,3,21,5.9875,26.27,60.63,2.62
Mumbai,2023,3,22,7.026,26.16,60.69,2.87
Mumbai,2023,3,23,6.7975,26.17,61.6,3.27
Mumbai,2023,3,24,7.1582,26.68,60.3,3.52
Mumbai,2023,3,25,7.488,25.49,51.93,3.26
Mumbai,2023,3,26,7.1849,25.57,52.78,3.34
Mumbai,2023,3,27,7.1974,26.34,59.53,2.95
Mumbai,2023,3,28,7.1448,27.29,59.21,2.75
Mumbai,2023,3,29,7.1743,27.24,58.03,2.82
Mumbai,2023,3,30,7.0584,27.15,58.84,2.56
Mumbai,2023,3,31,6.9235,27.04,57.27,3.37
Mumbai,2023,4,1,7.6298,27.44,51.68,3.37
Mumbai,2023,4,2,7.3308,27.5,57.81,3.12
Mumbai,2023,4,3,7.3339,27.73,55.57,2.88
Mumbai,2023,4,4,7.2511,28.62,54.91,2.89
Mumbai,2023,4,5,7.1314,29.25,50.43,2.99
Mumbai,2023,4,6,6.911,30.05,48.92,3.58
Mumbai,2023,4,7,5.5598,31.86,35.04,3.13
Mumbai,2023,4,8,5.3105,32.67,35.68,3.05
Mumbai,2023,4,9,6.6089,32.36,38.74,2.84
Mumbai,2023,4,10,6.643,33.21,38.7,3.23
Mumbai,2023,4,11,6.7061,32.95,44.8,2.74
Mumbai,2023,4,12,6.7694,33.5,41.25,3.43
Mumbai,2023,4,13,4.158,34.17,35.01,3.4
Mumbai,2023,4,14,4.9044,31.44,45.28,2.34
Mumbai,2023,4,15,7.0843,31.65,44.99,2.61
Mumbai,2023,4,16,7.0351,31.59,43.45,2.63
Mumbai,2023,4,17,6.6946,31.14,43.44,2.95
Mumbai,2023,4,18,6.6034,32.98,39.31,3.56
Mumbai,2023,4,19,6.5033,33.59,35.5,3.64
Mumbai,2023,4,20,6.341,31.4,47,3.3
Mumbai,2023,4,21,7.5158,29.66,54.63,3.22
Mumbai,2023,4,22,7.4813,28.93,58.87,3.18
Mumbai,2023,4,23,7.4321,29.47,57.48,3.49
Mumbai,2023,4,24,7.2761,30.57,49.32,2.85
Mumbai,2023,4,25,7.2254,31.69,35.23,3.18
Mumbai,2023,4,26,6.3996,29.1,59.91,3.21
Mumbai,2023,4,27,6.7668,29.79,55.27,2.49
Mumbai,2023,4,28,6.7608,30.01,55.49,2.84
Mumbai,2023,4,29,7.2917,29.62,53.03,2.73
Mumbai,2023,4,30,7.2394,28.91,55.36,3.18
Mumbai,2023,5,1,6.6259,29.29,49.19,2.97
Mumbai,2023,5,2,7.4182,29.38,56.53,2.58
Mumbai,2023,5,3,7.3742,29.62,57.88,3.23
Mumbai,2023,5,4,7.2773,29.91,54.34,2.84
Mumbai,2023,5,5,7.531,30.04,55.04,2.92
Mumbai,2023,5,6,7.2091,30.51,56.88,3.42
Mumbai,2023,5,7,6.0509,30.57,58.97,3.2
Mumbai,2023,5,8,5.4055,31.35,58.26,3.25
Mumbai,2023,5,9,4.5197,32.44,54.97,3.09
Mumbai,2023,5,10,6.468,33.14,53.35,3.06
Mumbai,2023,5,11,6.5482,33,55.3,2.59
Mumbai,2023,5,12,7.2446,32.45,60.04,2.93
Mumbai,2023,5,13,7.3937,32.42,60.07,3.25
Mumbai,2023,5,14,7.6716,31.72,57.72,3.38
Mumbai,2023,5,15,7.4813,31.18,61.62,3.47
Mumbai,2023,5,16,7.4772,31.02,65.04,3.63
Mumbai,2023,5,17,7.6855,31.6,60.33,3.64
Mumbai,2023,5,18,7.638,31.76,58.1,3.39
Mumbai,2023,5,19,7.626,31.92,57.49,3.23
Mumbai,2023,5,20,7.4839,31.27,62.41,3.07
Mumbai,2023,5,21,7.2996,31.34,60.68,3.24
Mumbai,2023,5,22,7.2492,31.53,56.71,3.28
Mumbai,2023,5,23,7.3219,31.64,54.86,3.23
Mumbai,2023,5,24,7.2257,31.24,56.89,3.56
Mumbai,2023,5,25,7.2446,30.8,59.97,4.04
Mumbai,2023,5,26,7.0553,30.95,60.81,4.29
Mumbai,2023,5,27,7.0954,30.62,59.99,4.23
Mumbai,2023,5,28,7.4304,31.19,61.24,3.88
Mumbai,2023,5,29,7.3913,31.68,61.37,3.53
Mumbai,2023,5,30,7.1429,32.15,57.32,3.31
Mumbai,2023,5,31,7.3229,32.29,57.47,2.87
Mumbai,2023,6,1,7.4124,31.81,58.43,3.42
Mumbai,2023,6,2,7.2406,30.79,63.41,3.74
Mumbai,2023,6,3,7.2391,30.26,68.69,3.25
Mumbai,2023,6,4,6.5964,30.3,70.22,2.98
Mumbai,2023,6,5,6.9065,29.85,71.39,2.86
Mumbai,2023,6,6,7.1057,30.8,67.22,3.07
Mumbai,2023,6,7,7.4086,30.67,67.33,3.06
Mumbai,2023,6,8,7.1702,31.32,66.31,2.78
Mumbai,2023,6,9,6.9336,30.84,70.11,3.95
Mumbai,2023,6,10,7.1146,30.89,70.06,5.91
Mumbai,2023,6,11,5.765,31.08,65.9,7.59
Mumbai,2023,6,12,5.9561,31.06,65.33,8.72
Mumbai,2023,6,13,5.7149,30.41,68.85,7.81
Mumbai,2023,6,14,6.055,30.44,69.54,7.86
Mumbai,2023,6,15,6.2479,30.3,71.44,7.96
Mumbai,2023,6,16,5.0498,30.27,73.47,8.69
Mumbai,2023,6,17,5.5538,29.98,74.15,7.17
Mumbai,2023,6,18,5.7293,29.82,74.36,5.59
Mumbai,2023,6,19,5.7019,29.93,73.52,4.66
Mumbai,2023,6,20,5.6942,30.1,73.31,4.55
Mumbai,2023,6,21,5.929,29.99,72.87,4.09
Mumbai,2023,6,22,6.641,29.93,73.01,3.95
Mumbai,2023,6,23,6.3065,29.89,72.31,3.94
Mumbai,2023,6,24,3.2304,28.09,84.46,3.77
Mumbai,2023,6,25,2.9177,27.97,84.09,3.09
Mumbai,2023,6,26,3.3653,27.25,84.99,3.76
Mumbai,2023,6,27,2.8615,26.25,87.71,3.27
Mumbai,2023,6,28,0.9149,27.11,87.84,6.17
Mumbai,2023,6,29,2.6479,26.83,84.97,5.91
Mumbai,2023,6,30,2.6246,26.79,90.88,6.1
Mumbai,2023,7,1,2.1641,27,89.98,6.09
Mumbai,2023,7,2,4.1825,27.56,88.65,5.68
Mumbai,2023,7,3,4.9651,27.63,89.9,4.89
Mumbai,2023,7,4,1.8384,27.26,91.89,4.14
Mumbai,2023,7,5,2.3945,27.05,90.24,4.21
Mumbai,2023,7,6,3.0665,26.59,91.41,4.3
Mumbai,2023,7,7,3.1466,27.11,93.43,6.76
Mumbai,2023,7,8,5.5337,27.09,89.74,7.02
Mumbai,2023,7,9,5.0875,26.84,89.38,6.38
Mumbai,2023,7,10,5.2937,26.98,88.89,5.13
Mumbai,2023,7,11,4.1141,26.95,88.96,4.51
Mumbai,2023,7,12,3.2182,27.05,89.6,3.67
Mumbai,2023,7,13,4.5554,27.02,89.12,3.65
Mumbai,2023,7,14,1.5271,27.05,90.31,4.31
Mumbai,2023,7,15,5.6474,27.03,89.76,4.78
Mumbai,2023,7,16,5.3179,26.84,91.59,4.68
Mumbai,2023,7,17,1.6764,26.91,90.12,5.42
Mumbai,2023,7,18,1.735,26.62,92.45,6.63
Mumbai,2023,7,19,0.8602,26.36,92.73,6.88
Mumbai,2023,7,20,4.1695,26.23,92.97,6.94
Mumbai,2023,7,21,0.9434,25.9,93.01,5.6
Mumbai,2023,7,22,2.105,25.89,93.97,5.88
Mumbai,2023,7,23,3.3994,26.51,92.77,6.75
Mumbai,2023,7,24,4.0594,26.58,92.2,6.44
Mumbai,2023,7,25,1.9656,26.07,93.85,5.22
Mumbai,2023,7,26,1.0056,26.16,93.55,5.63
Mumbai,2023,7,27,1.0615,26.18,93.2,6.17
Mumbai,2023,7,28,2.4979,26.27,92.03,6.07
Mumbai,2023,7,29,4.4712,26.31,90.8,5.9
Mumbai,2023,7,30,5.4338,26.2,91.69,5.73
Mumbai,2023,7,31,3.6022,26.45,91.64,6.09
Mumbai,2023,8,1,4.1256,26.35,91.56,6.37
Mumbai,2023,8,2,3.8873,26.03,91.66,6.04
Mumbai,2023,8,3,3.2273,26.02,90.48,5.82
Mumbai,2023,8,4,3.5998,26.36,90.24,6.15
Mumbai,2023,8,5,4.5902,26.13,90.23,5.5
Mumbai,2023,8,6,4.9416,26.06,89.87,5.72
Mumbai,2023,8,7,4.0325,25.96,89.58,5.57
Mumbai,2023,8,8,4.5324,26.17,89.06,5.42
Mumbai,2023,8,9,4.4647,26.12,90.39,4.37
Mumbai,2023,8,10,5.7048,26,90.12,4.03
Mumbai,2023,8,11,5.6736,26.32,87.94,3.95
Mumbai,2023,8,12,5.2354,26.13,87.7,4.32
Mumbai,2023,8,13,5.5066,25.74,89.2,4.56
Mumbai,2023,8,14,5.4259,25.92,88.41,4.58
Mumbai,2023,8,15,4.5415,26.09,87.29,4.27
Mumbai,2023,8,16,5.935,26.13,87.73,3.86
Mumbai,2023,8,17,5.5457,26.2,87.82,3.97
Mumbai,2023,8,18,4.1719,26.09,88.29,4.17
Mumbai,2023,8,19,3.8914,26.44,88.07,4.59
Mumbai,2023,8,20,5.5246,26.32,88.64,4.53
Mumbai,2023,8,21,4.9366,26.13,87.58,3.74
Mumbai,2023,8,22,5.333,26.19,88.66,3.76
Mumbai,2023,8,23,5.7886,26.32,89.56,3.84
Mumbai,2023,8,24,5.8726,26.7,89.74,4.37
Mumbai,2023,8,25,5.0726,26.95,89.63,4.55
Mumbai,2023,8,26,4.9452,26.81,89.06,4.69
Mumbai,2023,8,27,5.585,26.79,88.54,4.35
Mumbai,2023,8,28,5.909,26.22,90.29,3.48
Mumbai,2023,8,29,6.5122,26.37,87.35,2.83
Mumbai,2023,8,30,6.6924,26.58,85.33,2.16
Mumbai,2023,8,31,6.629,26.63,86.41,2.25
Mumbai,2023,9,1,5.8202,26.94,87.1,2.43
Mumbai,2023,9,2,3.8424,25.86,90.45,2.87
Mumbai,2023,9,3,1.8586,26.19,87.68,2.85
Mumbai,2023,9,4,5.9026,26.06,87.53,3.21
Mumbai,2023,9,5,6.4003,26.16,86.33,2.97
Mumbai,2023,9,6,6.2018,26.25,88.92,3.69
Mumbai,2023,9,7,1.6442,25.75,92.71,4.84
Mumbai,2023,9,8,1.333,26.26,92.93,5.44
Mumbai,2023,9,9,4.9006,26.76,91.55,4.66
Mumbai,2023,9,10,5.0611,27.02,90.72,3.98
Mumbai,2023,9,11,6.2004,26.87,89.74,4.28
Mumbai,2023,9,12,5.8003,26.54,88.44,3.51
Mumbai,2023,9,13,5.7012,26.31,88.64,3.54
Mumbai,2023,9,14,5.8817,26.48,87.4,2.63
Mumbai,2023,9,15,5.8344,26.66,88.49,2.71
Mumbai,2023,9,16,3.4308,26.63,91.14,4.01
Mumbai,2023,9,17,4.7222,27.13,89.42,4.93
Mumbai,2023,9,18,5.0134,27.14,89.08,5.37
Mumbai,2023,9,19,5.3772,27.13,88.69,5.05
Mumbai,2023,9,20,4.417,27.19,90.8,4.59
Mumbai,2023,9,21,4.0541,26.93,92.2,2.91
Mumbai,2023,9,22,2.2058,26.7,91.06,2.32
Mumbai,2023,9,23,1.9106,26.13,93.22,2.54
Mumbai,2023,9,24,2.7307,25.92,91.28,2.63
Mumbai,2023,9,25,3.528,26.02,91.69,2.75
Mumbai,2023,9,26,5.2939,26.09,91.69,2.34
Mumbai,2023,9,27,2.7178,26.76,91.89,3.05
Mumbai,2023,9,28,3.0754,27.18,90.49,2.82
Mumbai,2023,9,29,4.0858,27.71,86.97,2.87
Mumbai,2023,9,30,3.2242,27.24,90.18,3.1
Mumbai,2023,10,1,1.187,26.72,92.56,3.25
Mumbai,2023,10,2,4.3838,26.33,88.89,2.64
Mumbai,2023,10,3,5.6357,26.24,85.85,2
Mumbai,2023,10,4,5.6148,26.26,86.57,2.06
Mumbai,2023,10,5,5.7425,25.82,87.03,2.34
Mumbai,2023,10,6,5.8711,26.09,85.84,2.11
Mumbai,2023,10,7,5.7881,26.49,86.21,2.29
Mumbai,2023,10,8,5.143,27.15,83.12,2.28
Mumbai,2023,10,9,5.4922,26.84,82.8,2.56
Mumbai,2023,10,10,5.6554,25.99,83.43,2.97
Mumbai,2023,10,11,5.4149,26.17,81.64,2.46
Mumbai,2023,10,12,5.2452,27.44,77.74,2.29
Mumbai,2023,10,13,5.3117,27.74,76.37,2.61
Mumbai,2023,10,14,5.4434,27.78,72.26,2.02
Mumbai,2023,10,15,4.9603,27.44,77.19,2.29
Mumbai,2023,10,16,4.6423,27.76,76.57,2.07
Mumbai,2023,10,17,5.0105,27.63,75.47,2.12
Mumbai,2023,10,18,5.0275,26.96,77.28,3.11
Mumbai,2023,10,19,5.3414,27.04,75.36,2.58
Mumbai,2023,10,20,4.3639,27.72,74.32,2.35
Mumbai,2023,10,21,4.3255,27.46,76.12,2.71
Mumbai,2023,10,22,4.6308,27.48,77.2,2.37
Mumbai,2023,10,23,5.165,26.83,73.63,2.67
Mumbai,2023,10,24,4.8938,26.68,73.59,2.82
Mumbai,2023,10,25,5.0561,25.92,71.17,3.3
Mumbai,2023,10,26,5.069,25.32,65.69,3.78
Mumbai,2023,10,27,5.227,24.73,64.9,3.47
Mumbai,2023,10,28,5.0894,25.12,64.73,3.03
Mumbai,2023,10,29,5.0294,25.26,63.93,2.77
Mumbai,2023,10,30,4.6774,25,65.25,3.46
Mumbai,2023,10,31,4.5528,24.78,67,3.43
Mumbai,2023,11,1,5.1125,24.59,70.12,3.46
Mumbai,2023,11,2,5.2879,24.93,69.93,3.06
Mumbai,2023,11,3,4.8199,25.31,69.14,3.31
Mumbai,2023,11,4,4.6608,25.78,66.62,3.85
Mumbai,2023,11,5,4.17,26.29,72.09,3.53
Mumbai,2023,11,6,3.7198,25.16,71.9,4.06
Mumbai,2023,11,7,4.3918,25.66,76.32,3.16
Mumbai,2023,11,8,4.2912,26.07,81.78,2.84
Mumbai,2023,11,9,4.7748,26.56,82.13,1.9
Mumbai,2023,11,10,4.7227,25.68,86.64,2.72
Mumbai,2023,11,11,4.597,26.08,74.28,3.29
Mumbai,2023,11,12,4.7136,25.8,70.49,3.97
Mumbai,2023,11,13,4.477,24.98,70.54,3.66
Mumbai,2023,11,14,4.2454,24.93,67.93,2.92
Mumbai,2023,11,15,4.2329,24.24,68,2.84
Mumbai,2023,11,16,4.2977,24.22,66.02,3.08
Mumbai,2023,11,17,4.267,23.92,66.33,3.35
Mumbai,2023,11,18,4.3651,24.09,68.25,2.99
Mumbai,2023,11,19,4.0262,25.35,72.54,2.57
Mumbai,2023,11,20,3.8016,26.39,70.45,3.05
Mumbai,2023,11,21,4.0426,25.02,69.59,3.38
Mumbai,2023,11,22,4.5067,23.82,67.69,3.59
Mumbai,2023,11,23,4.0877,24.2,68.09,3.02
Mumbai,2023,11,24,4.4974,26.14,72.67,3.15
Mumbai,2023,11,25,4.2941,26.83,70.86,3.28
Mumbai,2023,11,26,3.569,25.79,82.77,3.47
Mumbai,2023,11,27,3.5729,25.65,84.42,2.28
Mumbai,2023,11,28,4.488,24.31,83.86,2.14
Mumbai,2023,11,29,4.7239,23.3,81.23,2.07
Mumbai,2023,11,30,4.5703,23.86,82.04,2.13
Mumbai,2023,12,1,4.5986,23.68,83.39,2.07
Mumbai,2023,12,2,4.6982,24.91,78.83,2.65
Mumbai,2023,12,3,4.3488,25.47,75.05,3.13
Mumbai,2023,12,4,4.441,26.11,75.79,2.82
Mumbai,2023,12,5,4.2821,25.52,71.85,2.85
Mumbai,2023,12,6,3.9866,24.57,72.12,3.54
Mumbai,2023,12,7,4.1688,24.46,73,2.61
Mumbai,2023,12,8,4.5823,24.19,73.51,2.79
Mumbai,2023,12,9,4.7659,24.72,68.87,2.47
Mumbai,2023,12,10,4.6433,24.51,71.24,2.71
Mumbai,2023,12,11,4.6056,24.28,71.95,2.32
Mumbai,2023,12,12,4.6668,23.46,70.28,2.3
Mumbai,2023,12,13,4.5958,23.86,67.11,2.32
Mumbai,2023,12,14,4.3692,24.02,63.28,3.71
Mumbai,2023,12,15,4.4748,23.45,59.93,3.52
Mumbai,2023,12,16,4.4052,22.55,60.77,2.47
Mumbai,2023,12,17,3.5803,23.55,67.15,3.37
Mumbai,2023,12,18,3.1289,23.24,64.3,5.64
Mumbai,2023,12,19,3.8909,23.03,60.35,5.33
Mumbai,2023,12,20,3.5297,21.87,58.44,4.17
Mumbai,2023,12,21,3.5006,21.79,58.9,3.94
Mumbai,2023,12,22,2.8747,23.51,52.96,2.72
Mumbai,2023,12,23,4.3966,24.49,54.41,2.88
Mumbai,2023,12,24,4.2432,24.22,53.66,3.76
Mumbai,2023,12,25,4.5461,24.49,53.31,3.86
Mumbai,2023,12,26,4.6198,24.08,54.22,3.48
Mumbai,2023,12,27,4.2838,24.13,57.23,3.5
Mumbai,2023,12,28,4.4962,24.29,58.23,3.31
Mumbai,2023,12,29,4.657,25.22,54.61,2.75
Mumbai,2023,12,30,4.5413,24.94,59.36,3.12
Mumbai,2023,12,31,4.788,25.07,58.35,2.82
Mumbai,2024,1,1,4.2446,24.68,60.93,2.66
Mumbai,2024,1,2,3.961,24.09,59.98,2.65
Mumbai,2024,1,3,4.0306,23.56,58.83,3
Mumbai,2024,1,4,4.5782,22.72,56.52,2.48
Mumbai,2024,1,5,4.6265,21.44,58.2,2.6
Mumbai,2024,1,6,4.7196,23.06,59.31,3.3
Mumbai,2024,1,7,4.5134,24.34,66.73,3.41
Mumbai,2024,1,8,4.6082,26.04,59.62,3.81
Mumbai,2024,1,9,3.5892,25.73,64.74,3.23
Mumbai,2024,1,10,3.0257,25.92,61.47,2.77
Mumbai,2024,1,11,4.5377,26.68,60.29,2.71
Mumbai,2024,1,12,4.9308,26.46,54.63,3.59
Mumbai,2024,1,13,4.7959,26,56.25,3.44
Mumbai,2024,1,14,5.2942,24.57,51.18,3.51
Mumbai,2024,1,15,5.527,22.46,46.99,3.51
Mumbai,2024,1,16,5.4377,21.47,50.53,2.62
Mumbai,2024,1,17,4.6308,21.76,59.44,2.28
Mumbai,2024,1,18,4.7381,22,60.56,2.22
Mumbai,2024,1,19,5.0059,22.18,54.63,2.57
Mumbai,2024,1,20,4.9399,22.66,56.87,2.29
Mumbai,2024,1,21,5.2051,22.93,50.56,2.77
Mumbai,2024,1,22,5.1475,23.03,50.34,3.82
Mumbai,2024,1,23,5.4288,21.87,42.88,3.99
Mumbai,2024,1,24,5.4768,21.74,39.82,3.56
Mumbai,2024,1,25,5.4598,22.39,38.69,3.58
Mumbai,2024,1,26,5.0453,23.54,39.77,3.67
Mumbai,2024,1,27,4.8499,24.88,41.99,3.01
Mumbai,2024,1,28,4.8938,24.99,43.14,3.05
Mumbai,2024,1,29,4.7172,24.95,41.04,3.06
Mumbai,2024,1,30,4.7827,24.42,42.87,3.02
Mumbai,2024,1,31,5.3851,24.11,50.28,2.57
Mumbai,2024,2,1,5.0381,23.02,62.49,2.56
Mumbai,2024,2,2,5.441,23.82,58.78,3.05
Mumbai,2024,2,3,5.3964,26.23,43.6,3.65
Mumbai,2024,2,4,5.0582,27.23,43.02,3.05
Mumbai,2024,2,5,5.2404,27.02,44.68,2.72
Mumbai,2024,2,6,5.4994,26.68,45.82,2.72
Mumbai,2024,2,7,5.5884,26.43,48.38,3.33
Mumbai,2024,2,8,5.8289,26.32,41.94,3.45
Mumbai,2024,2,9,5.9467,26.04,42.83,2.97
Mumbai,2024,2,10,6.0535,25.17,39.59,3.22
Mumbai,2024,2,11,5.9822,24.96,36.76,2.93
Mumbai,2024,2,12,5.5726,25.42,39.34,2.69
Mumbai,2024,2,13,5.3011,25.08,41.39,2.84
Mumbai,2024,2,14,5.0141,25.71,32.14,3.8
Mumbai,2024,2,15,5.6323,26.63,33.67,3.33
Mumbai,2024,2,16,5.2003,28.04,41.09,3.37
Mumbai,2024,2,17,5.6561,28.61,38.58,2.65
Mumbai,2024,2,18,5.9251,28.23,38.04,2.33
Mumbai,2024,2,19,6.3281,27.57,39.26,2.29
Mumbai,2024,2,20,6.3972,26.05,55.65,3.05
Mumbai,2024,2,21,6.0806,25.18,67.66,2.79
Mumbai,2024,2,22,6.1342,25,65.1,2.85
Mumbai,2024,2,23,6.4937,24.63,54.44,2.97
Mumbai,2024,2,24,6.6821,24.68,28.2,3.7
Mumbai,2024,2,25,6.582,25.28,21.75,3.5
Mumbai,2024,2,26,5.7996,28,31.49,3.16
Mumbai,2024,2,27,5.5937,29.1,36.8,2.57
Mumbai,2024,2,28,5.7602,30.16,39.52,3.17
Mumbai,2024,2,29,5.8174,30.79,40.75,2.66
Mumbai,2024,3,1,5.7542,30.23,51.93,2.29
Mumbai,2024,3,2,6.1471,27.82,60.91,3.26
Mumbai,2024,3,3,6.2122,25.06,63.04,4.2
Mumbai,2024,3,4,6.9612,24.15,45.96,3.25
Mumbai,2024,3,5,7.0241,24.8,31.66,3.03
Mumbai,2024,3,6,6.9271,25.53,29.34,2.72
Mumbai,2024,3,7,6.7706,27.12,32.64,3.49
Mumbai,2024,3,8,6.871,28.4,29.81,4.14
Mumbai,2024,3,9,6.9382,28.74,29.07,3.55
Mumbai,2024,3,10,6.9118,28.33,31.3,2.99
Mumbai,2024,3,11,6.6787,28.96,33.83,3.44
Mumbai,2024,3,12,6.6782,28.98,42.17,3.42
Mumbai,2024,3,13,6.9686,27.69,54.48,3.39
Mumbai,2024,3,14,6.9106,26.78,53.52,3.2
Mumbai,2024,3,15,7.0363,25.92,50.69,2.59
Mumbai,2024,3,16,6.635,26.32,46.77,2.43
Mumbai,2024,3,17,6.6958,27.28,47.09,2.18
Mumbai,2024,3,18,6.858,27.84,50.8,2.36
Mumbai,2024,3,19,7.1383,28.27,53.7,3.05
Mumbai,2024,3,20,7.2778,29.79,29.75,3.74
Mumbai,2024,3,21,6.6389,30.21,22.3,3.35
Mumbai,2024,3,22,6.5376,29.91,37.13,2.38
Mumbai,2024,3,23,6.5362,29.45,45.86,3.04
Mumbai,2024,3,24,6.4046,29.98,49.81,2.78
Mumbai,2024,3,25,6.8292,30.2,50.83,3.05
Mumbai,2024,3,26,6.5309,30.35,55.7,2.38
Mumbai,2024,3,27,6.2758,30.76,56.82,2.52
Mumbai,2024,3,28,5.124,30.72,56.87,2.54
Mumbai,2024,3,29,5.771,31.67,52.97,2.63
Mumbai,2024,3,30,5.8471,31.01,53.24,3.1
Mumbai,2024,3,31,6.1474,31.52,46.06,3.16
Mumbai,2024,4,1,6.0362,30.76,45.94,3.11
Mumbai,2024,4,2,6.5501,30.07,47.34,2.78
Mumbai,2024,4,3,6.5263,30.32,48.47,2.58
Mumbai,2024,4,4,6.4788,30.61,48.91,3.27
Mumbai,2024,4,5,6.5383,31.18,53.18,3.32
Mumbai,2024,4,6,6.5856,31.6,45.42,3.78
Mumbai,2024,4,7,7.1047,30.77,48.07,3.49
Mumbai,2024,4,8,7.2233,30.63,52.42,2.6
Mumbai,2024,4,9,7.0435,30.93,53.32,2.2
Mumbai,2024,4,10,6.9353,31.09,52.2,2.66
Mumbai,2024,4,11,6.7075,31.32,46.27,2.79
Mumbai,2024,4,12,6.9072,31.09,45.51,2.47
Mumbai,2024,4,13,7.1321,29.92,50.14,2.51
Mumbai,2024,4,14,7.2415,30.47,54.24,2.67
Mumbai,2024,4,15,6.7529,33.32,50.75,2.96
Mumbai,2024,4,16,5.9827,36.44,32.35,4.05
Mumbai,2024,4,17,5.5106,35.49,35.53,3.08
Mumbai,2024,4,18,6.0415,33.91,50.19,2.99
Mumbai,2024,4,19,5.9825,33.06,50.15,3.67
Mumbai,2024,4,20,5.4761,32.52,49.89,3.29
Mumbai,2024,4,21,6.1162,31.63,49.78,3.79
Mumbai,2024,4,22,6.7594,31.65,51.33,3.35
Mumbai,2024,4,23,6.7471,31.49,50.13,3.31
Mumbai,2024,4,24,6.5779,31.55,52.67,2.84
Mumbai,2024,4,25,6.7678,32.35,50.83,2.93
Mumbai,2024,4,26,6.5213,32.9,50.29,3.72
Mumbai,2024,4,27,6.6082,33.98,47.74,3.24
Mumbai,2024,4,28,6.4858,34.83,46.03,3.52
Mumbai,2024,4,29,6.3139,34.4,41.45,3.87
Mumbai,2024,4,30,6.9228,33.84,44.3,3.4
Mumbai,2024,5,1,7.8115,32.15,48.07,3.18
Mumbai,2024,5,2,7.9169,31.45,49.75,2.67
Mumbai,2024,5,3,7.962,30.95,50.19,2.98
Mumbai,2024,5,4,7.7239,31.18,54.78,3.15
Mumbai,2024,5,5,7.5737,32.39,56.44,3.54
Mumbai,2024,5,6,7.6958,31.72,59.1,3.75
Mumbai,2024,5,7,7.5689,31.68,60.87,3.44
Mumbai,2024,5,8,7.7273,31.9,55.98,3.07
Mumbai,2024,5,9,7.5672,31.33,58.65,3.05
Mumbai,2024,5,10,7.1892,31.95,56.2,2.99
Mumbai,2024,5,11,6.7282,32.5,53.35,3.38
Mumbai,2024,5,12,6.2686,31.4,61.88,2.19
Mumbai,2024,5,13,6.0108,32.3,58.66,1.98
Mumbai,2024,5,14,7.0658,32.33,59.77,3.13
Mumbai,2024,5,15,7.4926,32.26,61.98,2.04
Mumbai,2024,5,16,6.7387,33.03,59.67,2.21
Mumbai,2024,5,17,6.504,32.1,64.63,2.19
Mumbai,2024,5,18,6.5738,32.94,61.18,2.21
Mumbai,2024,5,19,6.7632,33.15,58.77,2.48
Mumbai,2024,5,20,6.1718,32.85,61.37,2.81
Mumbai,2024,5,21,6.6672,32.49,64.86,3.03
Mumbai,2024,5,22,5.7197,33.21,64.65,2.93
Mumbai,2024,5,23,6.3816,33.46,58.74,2.93
Mumbai,2024,5,24,6.7658,32.49,63.89,3.4
Mumbai,2024,5,25,6.371,31.72,63.88,4.2
Mumbai,2024,5,26,6.4978,31.72,64.31,4.32
Mumbai,2024,5,27,3.6348,31.81,64.38,4.89
Mumbai,2024,5,28,6.6886,32.13,62.56,5.26
Mumbai,2024,5,29,6.977,31.96,66.32,4.91
Mumbai,2024,5,30,7.1172,32.05,65.76,4.36
Mumbai,2024,5,31,7.2204,32.31,64.91,3.82
Mumbai,2024,6,1,6.7452,32.53,62.81,4.04
Mumbai,2024,6,2,6.9451,32.38,59.97,3.5
Mumbai,2024,6,3,5.5901,31.6,64.97,3.3
Mumbai,2024,6,4,6.2604,30.87,72.2,2.58
Mumbai,2024,6,5,6.469,30.86,72.27,2.9
Mumbai,2024,6,6,6.7327,31.05,69.4,3.19
Mumbai,2024,6,7,5.2594,30.42,72.29,3.12
Mumbai,2024,6,8,5.6129,29.23,78.47,3.26
Mumbai,2024,6,9,3.043,28.34,85.79,2.74
Mumbai,2024,6,10,3.5081,28.59,80.76,2.85
Mumbai,2024,6,11,4.001,28.42,80.31,3.39
Mumbai,2024,6,12,6.1142,29.08,80.52,3.84
Mumbai,2024,6,13,4.4935,29.49,79,3.85
Mumbai,2024,6,14,3.4776,29.24,82.54,3.88
Mumbai,2024,6,15,6.281,29.6,79.56,3.5
Mumbai,2024,6,16,6.005,29.55,77.76,2.61
Mumbai,2024,6,17,3.9881,29.24,80.44,3.24
Mumbai,2024,6,18,4.2744,28.68,82.82,3.91
Mumbai,2024,6,19,4.4455,28.79,82.59,5.4
Mumbai,2024,6,20,3.6043,28.83,84.56,5.94
Mumbai,2024,6,21,4.991,29.34,84.46,5.12
Mumbai,2024,6,22,5.2975,29.62,82.99,3.31
Mumbai,2024,6,23,6.0418,28.7,83.23,2.82
Mumbai,2024,6,24,5.1199,29,79.69,2.81
Mumbai,2024,6,25,5.3162,28.36,82.67,3.33
Mumbai,2024,6,26,4.3627,27.95,87.6,3.81
Mumbai,2024,6,27,4.3498,27.85,91.26,8.18
Mumbai,2024,6,28,2.0069,27.41,92,8.29
Mumbai,2024,6,29,4.5566,28.45,87.34,6.36
Mumbai,2024,6,30,3.6533,28.24,87.47,6.79
Mumbai,2024,7,1,4.5619,28.34,86.08,8.88
Mumbai,2024,7,2,3.3574,28.15,88.01,8.8
Mumbai,2024,7,3,3.9905,28.36,85.66,7.05
Mumbai,2024,7,4,4.4117,28.05,87.24,6.02
Mumbai,2024,7,5,4.1695,28,88.6,6.63
Mumbai,2024,7,6,3.6475,28.03,88.61,7.35
Mumbai,2024,7,7,2.8469,27.82,90.24,5.6
Mumbai,2024,7,8,1.6675,27.57,90.94,4.57
Mumbai,2024,7,9,2.2274,26.81,89.86,3.69
Mumbai,2024,7,10,3.6545,26.64,88.75,3.5
Mumbai,2024,7,11,2.3573,27.37,90.23,4.36
Mumbai,2024,7,12,1.6368,27.18,92.96,5.13
Mumbai,2024,7,13,1.0474,27.02,93.15,7.05
Mumbai,2024,7,14,2.6909,27.19,93.61,5.78
Mumbai,2024,7,15,1.8852,27.1,90.44,3.11
Mumbai,2024,7,16,2.5829,25.83,89.18,3.16
Mumbai,2024,7,17,4.0505,26.79,92.55,6.19
Mumbai,2024,7,18,1.3445,26.76,93.73,7.07
Mumbai,2024,7,19,1.9466,26.71,93.1,6.85
Mumbai,2024,7,20,1.6901,26.47,94.34,6.74
Mumbai,2024,7,21,1.4292,26.69,94.25,5.95
Mumbai,2024,7,22,1.5794,26.29,94.02,6.19
Mumbai,2024,7,23,2.9954,26.54,93.88,6.66
Mumbai,2024,7,24,2.4826,26.42,93.67,6.73
Mumbai,2024,7,25,1.4554,25.95,92.44,7.29
Mumbai,2024,7,26,2.4883,26.44,92.1,7.28
Mumbai,2024,7,27,2.2169,26.48,92.19,6.52
Mumbai,2024,7,28,2.5925,26.18,93.55,6.02
Mumbai,2024,7,29,2.6546,26.35,93.76,5.69
Mumbai,2024,7,30,4.1107,26.82,92.31,5.39
Mumbai,2024,7,31,4.3598,27.03,92.2,4.83
Mumbai,2024,8,1,4.1894,26.74,92.64,5.88
Mumbai,2024,8,2,4.1047,26.3,93.4,6.56
Mumbai,2024,8,3,2.2562,26.01,93.59,7.56
Mumbai,2024,8,4,1.998,25.98,94.4,6.23
Mumbai,2024,8,5,3.8604,26.38,92.21,5.81
Mumbai,2024,8,6,3.9845,26.34,91.47,5.13
Mumbai,2024,8,7,4.1333,26.55,90.71,4.4
Mumbai,2024,8,8,4.1203,26.54,90.23,4.33
Mumbai,2024,8,9,3.6854,26.75,90.92,4.22
Mumbai,2024,8,10,4.2965,26.63,90.84,3.96
Mumbai,2024,8,11,5.0642,26.53,90.56,4.37
Mumbai,2024,8,12,5.7518,26.79,89.99,4.08
Mumbai,2024,8,13,5.833,26.97,89.53,3.33
Mumbai,2024,8,14,6.4147,27.08,88.25,2.64
Mumbai,2024,8,15,6.137,27.09,88.32,2.77
Mumbai,2024,8,16,6.0168,27.24,88.44,2.59
Mumbai,2024,8,17,5.6664,27.47,86.03,1.78
Mumbai,2024,8,18,5.7521,27.39,89.45,2.6
Mumbai,2024,8,19,5.2152,26.87,94.14,2.96
Mumbai,2024,8,20,2.8344,27.19,91.72,2.95
Mumbai,2024,8,21,5.7948,27.66,88.12,2.06
Mumbai,2024,8,22,5.5721,27.83,88.44,1.61
Mumbai,2024,8,23,3.6922,27.73,88.86,2.15
Mumbai,2024,8,24,1.4789,26.4,93.2,4.21
Mumbai,2024,8,25,2.6945,26.29,92.45,6.09
Mumbai,2024,8,26,3.6146,26.5,92.6,6.64
Mumbai,2024,8,27,4.3121,26.63,90.55,7.83
Mumbai,2024,8,28,3.7222,26.6,91.1,7.3
Mumbai,2024,8,29,3.804,26.75,90.64,6.48
Mumbai,2024,8,30,5.213,26.84,89.7,4.71
Mumbai,2024,8,31,5.7031,26.49,90.24,3.25
Mumbai,2024,9,1,3.6134,26.25,92.21,3.18
Mumbai,2024,9,2,1.5833,25.49,93.82,3.38
Mumbai,2024,9,3,4.367,25.13,92.46,2.3
Mumbai,2024,9,4,4.9094,26.79,91.26,5.05
Mumbai,2024,9,5,4.7604,26.82,91.2,5.19
Mumbai,2024,9,6,4.9634,26.79,89.96,5.07
Mumbai,2024,9,7,5.46,26.54,90.29,3.95
Mumbai,2024,9,8,6.2952,26.49,91.03,3.42
Mumbai,2024,9,9,5.4286,26.79,89.52,3.27
Mumbai,2024,9,10,4.5886,26.55,89.76,3.4
Mumbai,2024,9,11,4.891,26.4,90.24,3.77
Mumbai,2024,9,12,5.0006,26.39,89.71,4.13
Mumbai,2024,9,13,5.8459,25.8,89.37,3.6
Mumbai,2024,9,14,6.006,26.21,87.76,3.76
Mumbai,2024,9,15,5.3424,26.39,86.78,3.47
Mumbai,2024,9,16,4.7746,26.27,83.69,2.23
Mumbai,2024,9,17,6.3331,25.76,84.92,2.81
Mumbai,2024,9,18,6.1841,26,83.9,1.79
Mumbai,2024,9,19,6.1644,26.17,83.13,1.56
Mumbai,2024,9,20,5.2903,26.69,83.19,1.75
Mumbai,2024,9,21,4.4546,26.57,87.2,2.77
Mumbai,2024,9,22,5.2913,26.78,89.71,3.65
Mumbai,2024,9,23,3.8323,27.19,91.7,3.46
Mumbai,2024,9,24,2.5418,26.73,94.3,4.76
Mumbai,2024,9,25,2.2661,26.49,94.67,5.03
Mumbai,2024,9,26,1.6286,26.37,92.91,3.58
Mumbai,2024,9,27,2.3429,26.27,93.29,5.35
Mumbai,2024,9,28,4.2199,26.42,90.08,3.66
Mumbai,2024,9,29,5.8066,26.23,90.79,2.77
Mumbai,2024,9,30,6.3535,27.33,85.53,1.44
Mumbai,2024,10,1,5.9722,27.9,87.09,2
Mumbai,2024,10,2,5.1245,27.7,89.93,2.11
Mumbai,2024,10,3,5.7266,27.26,88.56,1.96
Mumbai,2024,10,4,6.0595,26.61,87.78,2.2
Mumbai,2024,10,5,6.3466,26.81,85.06,1.88
Mumbai,2024,10,6,5.7418,27.57,83.32,2.45
Mumbai,2024,10,7,5.4254,27.97,79.1,3.15
Mumbai,2024,10,8,5.0335,27.62,80.74,2.77
Mumbai,2024,10,9,2.2718,26.2,88.78,2.29
Mumbai,2024,10,10,1.9596,26.99,86.82,2.72
Mumbai,2024,10,11,4.5778,27.61,86.08,2.98
Mumbai,2024,10,12,5.3868,28.12,85.78,2.73
Mumbai,2024,10,13,5.8294,28.33,85.84,1.79
Mumbai,2024,10,14,5.5723,28.37,83.15,2.24
Mumbai,2024,10,15,3.8808,27.96,87.6,2.17
Mumbai,2024,10,16,3.905,28.32,85.22,2.07
Mumbai,2024,10,17,2.8932,27.86,86.8,2.5
Mumbai,2024,10,18,4.3764,27.45,87.62,3.02
Mumbai,2024,10,19,4.975,26.97,90.54,1.9
Mumbai,2024,10,20,5.4847,27.86,82.63,1.78
Mumbai,2024,10,21,5.3834,26.63,84.35,2.49
Mumbai,2024,10,22,5.4276,27.75,82.22,2.04
Mumbai,2024,10,23,5.3568,27.64,83.21,2.43
Mumbai,2024,10,24,5.359,27.14,77.82,2.78
Mumbai,2024,10,25,5.0047,26.19,73.8,3.02
Mumbai,2024,10,26,5.1989,25.64,76.57,3.25
Mumbai,2024,10,27,5.4046,25.39,78.1,2.66
Mumbai,2024,10,28,4.9447,26.2,80.14,2
Mumbai,2024,10,29,5.0335,26.55,80.71,2.19
Mumbai,2024,10,30,4.9466,26.81,76.92,2.26
Mumbai,2024,10,31,4.5312,26.97,76.86,3
Mumbai,2024,11,1,3.907,26.46,74.52,3.23
Mumbai,2024,11,2,4.5086,26,69.49,3.41
Mumbai,2024,11,3,4.9812,25.41,71.67,3.34
Mumbai,2024,11,4,4.7534,25.66,72.21,3.33
Mumbai,2024,11,5,4.7597,25.49,73.02,3.33
Mumbai,2024,11,6,4.8343,25.21,72.65,3.5
Mumbai,2024,11,7,4.9762,24.71,74.86,3.82
Mumbai,2024,11,8,4.6538,25.03,75.02,3.59
Mumbai,2024,11,9,4.3896,24.93,73.55,3.6
Mumbai,2024,11,10,4.0632,24.86,73.69,3.4
Mumbai,2024,11,11,3.9674,24.12,73.58,3.6
Mumbai,2024,11,12,4.1206,23.46,73.79,4.09
Mumbai,2024,11,13,4.6572,23.67,74.31,3.97
Mumbai,2024,11,14,4.9222,24.65,74.54,4.02
Mumbai,2024,11,15,3.115,25.4,81.1,3.08
Mumbai,2024,11,16,3.4793,26.6,76.46,2.16
Mumbai,2024,11,17,3.6139,25.51,75.89,3.65
Mumbai,2024,11,18,4.8103,23.24,69.04,4.27
Mumbai,2024,11,19,4.6054,22.21,71.65,4.19
Mumbai,2024,11,20,4.4513,22,71.79,4.08
Mumbai,2024,11,21,4.5098,22.25,70.82,3.17
Mumbai,2024,11,22,4.3591,22.62,70.06,2.84
Mumbai,2024,11,23,4.3044,22.92,67.02,2.44
Mumbai,2024,11,24,3.6425,22.82,69.37,2.6
Mumbai,2024,11,25,4.1724,22.2,70.94,3.75
Mumbai,2024,11,26,4.3034,21.17,70.21,4.63
Mumbai,2024,11,27,4.7177,20.93,68.4,4.74
Mumbai,2024,11,28,4.6812,20.65,68.97,5.04
Mumbai,2024,11,29,4.7825,20.11,65.87,4.47
Mumbai,2024,11,30,4.375,21.33,66.75,3.68
Mumbai,2024,12,1,3.7394,23.6,79.06,3.09
Mumbai,2024,12,2,3.9605,25.36,80.17,3.4
Mumbai,2024,12,3,3.6115,26.48,79.17,3.7
Mumbai,2024,12,4,4.3704,26.73,82,3.05
Mumbai,2024,12,5,4.2079,26.72,80.89,3.05
Mumbai,2024,12,6,4.3822,26.42,81.52,2.35
Mumbai,2024,12,7,4.7249,24.28,76.06,3.05
Mumbai,2024,12,8,4.9231,21.71,66.95,3.07
Mumbai,2024,12,9,4.7098,19.77,61.51,3.95
Mumbai,2024,12,10,4.8934,20.98,62.27,4.07
Mumbai,2024,12,11,4.5737,22.4,69.82,3.32
Mumbai,2024,12,12,4.4503,22.05,67.08,2.75
Mumbai,2024,12,13,4.6942,21.3,66.42,4.82
Mumbai,2024,12,14,4.6908,20.8,62.04,4.98
Mumbai,2024,12,15,4.662,21.25,58.84,4.42
Mumbai,2024,12,16,5.0537,21.04,53.07,4.01
Mumbai,2024,12,17,4.8528,21.06,54.29,3.12
Mumbai,2024,12,18,4.7491,21.49,53.8,2.83
Mumbai,2024,12,19,4.4436,21.43,62.33,3.05
Mumbai,2024,12,20,4.1047,21.72,74.79,2.13
Mumbai,2024,12,21,3.8693,21.95,77.32,2.23
Mumbai,2024,12,22,3.9331,22.25,84.68,2.31
Mumbai,2024,12,23,3.6434,22.07,86.32,2.57
Mumbai,2024,12,24,3.5098,21.69,79.18,2.83
Mumbai,2024,12,25,3.69,21.98,77.09,2.41
Mumbai,2024,12,26,3.9266,22.68,78.33,2.61
Mumbai,2024,12,27,4.391,23.32,81.35,2.68
Mumbai,2024,12,28,4.2732,23.93,79.1,2.44
Mumbai,2024,12,29,4.1333,24.68,73.57,2.69
Mumbai,2024,12,30,3.8921,24.62,69.71,3.09
Mumbai,2024,12,31,4.3627,24.68,65.9,3.18
Mumbai,2025,1,1,4.1767,24.25,68.91,3.17
Mumbai,2025,1,2,4.8665,24.18,59.35,3.56
Mumbai,2025,1,3,5.3321,22.78,51.64,4.12
Mumbai,2025,1,4,5.287,22.4,52.93,3.58
Mumbai,2025,1,5,4.4285,22.43,57.64,2.44
Mumbai,2025,1,6,4.7338,21.63,61.43,3.17
Mumbai,2025,1,7,4.511,22.27,58.15,3.26
Mumbai,2025,1,8,4.1887,22.38,55.6,3.96
Mumbai,2025,1,9,4.045,22.55,47.35,3.88
Mumbai,2025,1,10,3.8741,22.74,56.5,3.41
Mumbai,2025,1,11,3.804,22.49,64.19,2.57
Mumbai,2025,1,12,4.4246,22.18,64.08,2.99
Mumbai,2025,1,13,4.0366,23.7,63.03,3.8
Mumbai,2025,1,14,4.0814,24.32,61.74,3.35
Mumbai,2025,1,15,4.2245,24.73,66.68,2.91
Mumbai,2025,1,16,4.4642,24.19,66.17,2.55
Mumbai,2025,1,17,4.2396,24.94,56.29,4.23
Mumbai,2025,1,18,4.404,24.64,51.64,4.66
Mumbai,2025,1,19,4.4731,24.09,52.92,3.72
Mumbai,2025,1,20,4.5382,24.24,50.13,3.35
Mumbai,2025,1,21,4.6358,23.72,50.94,3.02
Mumbai,2025,1,22,4.2847,23.63,51.95,2.8
Mumbai,2025,1,23,4.5233,23.4,51.46,3.07
Mumbai,2025,1,24,4.7532,24.75,53.97,3.39
Mumbai,2025,1,25,4.9217,26.19,52.91,3.49
Mumbai,2025,1,26,5.1142,26.44,50.87,3.3
Mumbai,2025,1,27,5.0304,26.02,49.78,2.85
Mumbai,2025,1,28,4.6776,25.55,47.92,2.28
Mumbai,2025,1,29,5.2577,25.52,46.76,2.46
Mumbai,2025,1,30,4.9596,24.91,49.07,2.89
Mumbai,2025,1,31,5.4175,23.58,53.3,2.76
Mumbai,2025,2,1,5.2898,23.02,55.8,2.88
Mumbai,2025,2,2,5.2075,24.32,47.32,2.59
Mumbai,2025,2,3,5.0839,24.27,54.08,2.69
Mumbai,2025,2,4,5.2253,23.48,57.64,3.19
Mumbai,2025,2,5,5.509,23.93,46.89,3.45
Mumbai,2025,2,6,5.1862,25.5,48.34,2.88
Mumbai,2025,2,7,4.9284,26.73,49.26,3.51
Mumbai,2025,2,8,4.8194,27.08,47.38,2.7
Mumbai,2025,2,9,4.6824,27.21,46.35,2.82
Mumbai,2025,2,10,4.7602,26.69,42.53,3.3
Mumbai,2025,2,11,5.2325,25.99,40.72,3.19
Mumbai,2025,2,12,5.9412,25.88,37.42,3.33
Mumbai,2025,2,13,6.1058,26.87,32.54,3.57
Mumbai,2025,2,14,6.0269,27.32,32.27,4
Mumbai,2025,2,15,6.2261,27.51,30.96,3.89
Mumbai,2025,2,16,6.3206,27.19,33.64,3.64
Mumbai,2025,2,17,6.2266,27.19,40.96,3.35
Mumbai,2025,2,18,6.15,27.59,38.47,3.39
Mumbai,2025,2,19,6.2398,27.36,40.6,3.47
Mumbai,2025,2,20,6.1498,28.16,35.31,3.96
Mumbai,2025,2,21,6.0936,28.94,29.24,4.34
Mumbai,2025,2,22,6.1406,29.28,29.68,4
Mumbai,2025,2,23,6.2846,29.1,28.85,3.84
Mumbai,2025,2,24,6.2986,29.17,26.56,3.8
Mumbai,2025,2,25,5.5159,29.47,28.68,3.59
Mumbai,2025,2,26,6.1094,29.86,32.05,3.06
Mumbai,2025,2,27,6.1032,29.84,32.37,3.47
Mumbai,2025,2,28,5.7482,29.71,32.22,3.09
Mumbai,2025,3,1,5.7823,29.61,35.58,3.22
Mumbai,2025,3,2,5.801,29.43,34.91,3.75
Mumbai,2025,3,3,5.5927,29.92,31.6,4.4
Mumbai,2025,3,4,6.2395,29.9,27.22,4.99
Mumbai,2025,3,5,6.7766,29.34,18.57,4.05
Mumbai,2025,3,6,7.0903,28.67,17.61,4.34
Mumbai,2025,3,7,7.0589,29.04,21.5,3.85
Mumbai,2025,3,8,6.9307,29.14,31.87,3.26
Mumbai,2025,3,9,7.0054,30.18,39.44,3.17
Mumbai,2025,3,10,6.3295,31.55,29.08,3.38
Mumbai,2025,3,11,6.0708,31.97,35.49,3.24
Mumbai,2025,3,12,6.1728,31.63,40.79,2.58
Mumbai,2025,3,13,6.239,31.33,41.68,2.95
Mumbai,2025,3,14,6.5323,30.55,45.59,3.11
Mumbai,2025,3,15,6.0271,30.33,45.16,3.19
Mumbai,2025,3,16,6.1925,30.04,45.97,3.49
Mumbai,2025,3,17,6.3754,29.52,42.97,3.76
Mumbai,2025,3,18,6.936,29.41,43.21,2.74
Mumbai,2025,3,19,6.9518,28.73,48.4,2.61
Mumbai,2025,3,20,6.7411,29.23,40.1,3.98
Mumbai,2025,3,21,7.0534,27.68,48.31,3.25
Mumbai,2025,3,22,7.3548,28.84,44.3,2.81
Mumbai,2025,3,23,7.1842,30.07,43.43,2.45
Mumbai,2025,3,24,6.7661,30.72,46.84,2.38
Mumbai,2025,3,25,6.6094,30.67,39.7,2.96
Mumbai,2025,3,26,6.6917,29.33,51.77,2.76
Mumbai,2025,3,27,6.0914,28.63,52.73,3.23
Mumbai,2025,3,28,6.4853,29.84,46.97,3.04
Mumbai,2025,3,29,6.198,31.78,23.77,3.39
Mumbai,2025,3,30,5.3318,32.06,28.11,2.61
Mumbai,2025,3,31,5.1221,32.49,40.92,2.11
Mumbai,2025,4,1,3.6394,32.48,37.36,2.38
Mumbai,2025,4,2,5.3179,33,39.44,3.12
Mumbai,2025,4,3,5.6275,30.55,57.68,2.42
Mumbai,2025,4,4,6.144,30.67,53.09,2.65
Mumbai,2025,4,5,6.7056,31.68,39.45,3.51
Mumbai,2025,4,6,6.9881,32.01,42.12,3.32
Mumbai,2025,4,7,7.0464,32.6,40.05,3.42
Mumbai,2025,4,8,6.84,33.21,30.76,3.37
Mumbai,2025,4,9,6.7807,32.71,41.76,3.14
Mumbai,2025,4,10,6.6019,31.19,57.75,3.03
Mumbai,2025,4,11,7.0008,30.25,56.84,2.94
Mumbai,2025,4,12,7.2022,29.91,57.67,2.8
Mumbai,2025,4,13,7.4647,31.21,52.92,3.44
Mumbai,2025,4,14,7.481,31.71,47.64,4.35
Mumbai,2025,4,15,7.4683,31.08,51.84,3.66
Mumbai,2025,4,16,7.2936,30.8,60.95,3.09
Mumbai,2025,4,17,7.3195,30.89,58.98,2.74
Mumbai,2025,4,18,7.2,31.07,58.49,2.73
Mumbai,2025,4,19,7.0514,31.3,56.71,3.12
Mumbai,2025,4,20,7.0694,31.14,53.89,3.15
Mumbai,2025,4,21,6.6566,31.38,56.84,3.06
Mumbai,2025,4,22,6.8974,32.04,50.28,3.25
Mumbai,2025,4,23,6.4205,32.48,49.17,2.46
Mumbai,2025,4,24,6.81,32,49.69,2.34
Mumbai,2025,4,25,6.2556,31.43,46.44,2.46
Mumbai,2025,4,26,6.6146,31.63,48.24,2.33
Mumbai,2025,4,27,7.4554,32,50.96,3.01
Mumbai,2025,4,28,7.4234,32.22,52.29,2.78
Mumbai,2025,4,29,7.2,31.48,54.1,2.67
Mumbai,2025,4,30,7.0178,31.56,54.02,2.85
Mumbai,2025,5,1,7.2518,32.02,54.24,3.46
Mumbai,2025,5,2,7.3882,32.26,53.25,3.4
Mumbai,2025,5,3,7.3951,31.55,53.47,2.87
Mumbai,2025,5,4,7.116,29.54,59.54,2.93
Mumbai,2025,5,5,7.0265,30.58,61.88,2.62
Mumbai,2025,5,6,7.2283,29.53,61.27,2.41
Mumbai,2025,5,7,6.0617,28.52,69.58,3.66
Mumbai,2025,5,8,4.6008,27.9,78.09,3.56
Mumbai,2025,5,9,6.2153,28.68,75.34,3.56
Mumbai,2025,5,10,7.3814,29.46,68.94,2.79
Mumbai,2025,5,11,7.1705,30,63.86,2.62
Mumbai,2025,5,12,7.0356,30.54,64.26,2.48
Mumbai,2025,5,13,6.8035,30.67,65.33,2.04
Mumbai,2025,5,14,6.5796,30.94,65.6,2.08
Mumbai,2025,5,15,6.7138,30.49,69.38,2.05
Mumbai,2025,5,16,5.9405,30.02,72.07,2.54
Mumbai,2025,5,17,5.2997,29.98,72.55,2.7
Mumbai,2025,5,18,5.8342,30.03,72.92,2.4
Mumbai,2025,5,19,5.2433,28.93,80.02,2.65
Mumbai,2025,5,20,4.8043,29.61,81.77,2.31
Mumbai,2025,5,21,2.8922,29.1,83.04,2.14
Mumbai,2025,5,22,3.9977,28.57,83.3,1.66
Mumbai,2025,5,23,3.6982,29.62,77.21,2.25
Mumbai,2025,5,24,1.4138,28.48,84.38,2.37
Mumbai,2025,5,25,0.6958,27.79,86.53,4.43
Mumbai,2025,5,26,0.4721,28.04,86.8,5.49
Mumbai,2025,5,27,1.1218,27.43,89.56,3.84
Mumbai,2025,5,28,3.7099,28.25,88.13,3.98
Mumbai,2025,5,29,5.412,28.33,88.6,4.2
Mumbai,2025,5,30,5.9618,28.86,82.54,4.71
Mumbai,2025,5,31,6.0838,28.78,81.77,4.74
Mumbai,2025,6,1,6.1483,28.89,82.82,4.98
Mumbai,2025,6,2,6.15,28.41,84.43,5.08
Mumbai,2025,6,3,6.1651,28.28,84.52,4.94
Mumbai,2025,6,4,5.2361,27.98,83.16,3.62
Mumbai,2025,6,5,5.9544,28.16,81.56,2.43
Mumbai,2025,6,6,5.0954,28.17,82.59,2.44
Mumbai,2025,6,7,3.786,27.69,84.61,2.36
Mumbai,2025,6,8,6.0686,28.34,81.89,2.55
Mumbai,2025,6,9,5.9417,28.45,81.76,3.73
Mumbai,2025,6,10,5.9844,28.51,79.95,3.46
Mumbai,2025,6,11,5.4725,28.52,83.45,3.65
Mumbai,2025,6,12,4.2406,28.35,89,4.44
Mumbai,2025,6,13,3.1277,27.81,89.31,4.14
Mumbai,2025,6,14,2.5246,28.28,89.91,2.74
Mumbai,2025,6,15,1.0711,27.63,93.16,3.72
Mumbai,2025,6,16,0.9934,27.37,91.02,7.12
Mumbai,2025,6,17,5.749,28.04,86.35,7.82
Mumbai,2025,6,18,2.2822,27.91,88.7,7.05
Mumbai,2025,6,19,1.8607,27.38,90.74,6.72
Mumbai,2025,6,20,4.818,27.75,88.72,6.68
Mumbai,2025,6,21,5.6018,27.61,88.63,6.24
Mumbai,2025,6,22,5.7605,27.48,88.28,6.43
Mumbai,2025,6,23,3.648,27.38,88.5,7.24
Mumbai,2025,6,24,2.1413,27.29,89.75,6.63
Mumbai,2025,6,25,4.4669,27.45,88.88,6.8
Mumbai,2025,6,26,2.3414,27.23,89.04,6.57
Mumbai,2025,6,27,3.9024,27.11,89.33,6.92
Mumbai,2025,6,28,5.76,27.06,87.28,7.45
Mumbai,2025,6,29,4.7134,26.75,90.34,6.47
Mumbai,2025,6,30,5.2106,27.05,89.31,6.82
Mumbai,2025,7,1,4.7225,26.73,90,6.17
Mumbai,2025,7,2,3.2527,26.55,91.28,5.47
Mumbai,2025,7,3,4.7393,26.79,89.93,7.05
Mumbai,2025,7,4,5.0914,26.84,89.85,7.45
Mumbai,2025,7,5,4.1102,26.61,91.31,6.78
Mumbai,2025,7,6,2.815,26.55,90.09,6.96
Mumbai,2025,7,7,2.5051,26.54,89.8,6.04
Mumbai,2025,7,8,3.1217,26.49,90.65,5.59
Mumbai,2025,7,9,4.4074,26.44,90.84,5.13
Mumbai,2025,7,10,5.2241,26.73,90.55,4.52
Mumbai,2025,7,11,5.4732,26.77,90.09,4.19
Mumbai,2025,7,12,5.5958,26.73,89.88,4.49
Mumbai,2025,7,13,4.9044,26.8,89.74,4.95
Mumbai,2025,7,14,2.7648,26.91,90.52,6.1
Mumbai,2025,7,15,2.1943,26.94,90.66,5.14
Mumbai,2025,7,16,5.4569,26.83,90.72,4.05
Mumbai,2025,7,17,4.937,26.68,89.74,3.45
Mumbai,2025,7,18,4.9037,26.79,88.48,3.65
Mumbai,2025,7,19,4.6822,26.78,89.53,3.88
Mumbai,2025,7,20,2.9146,27.09,88.76,3.97
Mumbai,2025,7,21,1.7285,26.9,90.87,4.23
Mumbai,2025,7,22,2.832,26.74,90.66,4.37
Mumbai,2025,7,23,2.6966,26.48,91.73,5.03
Mumbai,2025,7,24,2.7473,26.71,91.19,5.59
Mumbai,2025,7,25,2.0174,26.5,91.9,6
Mumbai,2025,7,26,2.8318,26.1,92.51,6.68
Mumbai,2025,7,27,3.3048,26.1,90.58,7.33
Mumbai,2025,7,28,3.2938,26.02,89.98,7.51
Mumbai,2025,7,29,2.7547,25.77,90.45,7.48
Mumbai,2025,7,30,1.9308,25.87,91.19,5.72
Mumbai,2025,7,31,3.8683,26.15,90.38,5.73
Mumbai,2025,8,1,4.4033,26.1,90.25,4.75
Mumbai,2025,8,2,3.4716,25.9,90.73,3.78
Mumbai,2025,8,3,3.9571,26.26,89.67,3.4
Mumbai,2025,8,4,5.1768,26.3,89.53,3.18
Mumbai,2025,8,5,5.3462,26.35,89.21,2.74
Mumbai,2025,8,6,3.9458,26.58,88,2.42
Mumbai,2025,8,7,3.8602,26.54,88.8,2.54
Mumbai,2025,8,8,4.5869,26.47,88.25,2.11
Mumbai,2025,8,9,5.2918,26.35,87.62,2.29
Mumbai,2025,8,10,4.7635,26.23,87.57,2.17
Mumbai,2025,8,11,5.3815,26.28,89.3,3.09
Mumbai,2025,8,12,5.6383,26.26,88.8,2.82
Mumbai,2025,8,13,2.8694,26.16,90.4,3.02
Mumbai,2025,8,14,1.9961,26.1,90.64,3.59
Mumbai,2025,8,15,1.2758,25.72,92.22,3.1
Mumbai,2025,8,16,1.5101,25.75,92.74,3.79
Mumbai,2025,8,17,1.7186,26.08,93.43,4.75
Mumbai,2025,8,18,1.2919,25.64,93.61,7.01
Mumbai,2025,8,19,0.8789,25.59,93.58,7.22
Mumbai,2025,8,20,3.6566,25.55,92,7.65
Mumbai,2025,8,21,4.6543,25.99,90.71,6.35
Mumbai,2025,8,22,5.0472,25.99,89.86,5.83
Mumbai,2025,8,23,5.3618,25.82,89.15,6.25
Mumbai,2025,8,24,5.3167,25.88,88.07,6.3
Mumbai,2025,8,25,2.8063,25.55,90.68,5.72
Mumbai,2025,8,26,2.7372,25.64,91.85,4.79
Mumbai,2025,8,27,3.5347,25.81,92.52,2.87
Mumbai,2025,8,28,4.1364,25.98,92.99,3.31
Mumbai,2025,8,29,1.7021,26.18,91.01,2.67
Mumbai,2025,8,30,3.6792,26.36,91.58,3.52
Mumbai,2025,8,31,3.4829,26.32,91.56,4.21
Mumbai,2025,9,1,3.8234,25.99,91.3,5.23
Mumbai,2025,9,2,4.2343,25.98,91.22,4.44
Mumbai,2025,9,3,4.463,25.93,91.28,3.97
Mumbai,2025,9,4,3.3958,25.41,92.12,3.8
Mumbai,2025,9,5,3.3463,26.01,91.07,4.63
Mumbai,2025,9,6,2.9472,25.41,94.42,4.6
Mumbai,2025,9,7,3.3972,25.82,91.84,4.65
Mumbai,2025,9,8,4.9114,25.53,91.16,3.64
Mumbai,2025,9,9,5.8865,25.47,89.19,2.54
Mumbai,2025,9,10,6.3511,25.86,85.35,1.87
Mumbai,2025,9,11,5.8399,25.94,86.37,2.32
Mumbai,2025,9,12,4.9426,26,87.53,2.46
Mumbai,2025,9,13,2.6503,25.73,89.92,2.53
Mumbai,2025,9,14,2.9986,26.25,89.78,3.07
Mumbai,2025,9,15,1.2516,25.76,93.73,3.91
Mumbai,2025,9,16,2.6162,25.87,92.09,2.25
Mumbai,2025,9,17,3.3199,26.42,90.22,1.99
Mumbai,2025,9,18,3.1207,26.38,90.55,2.61
Mumbai,2025,9,19,3.5422,25.79,92.44,2.1
Mumbai,2025,9,20,5.0383,25.63,91.87,2.31
Mumbai,2025,9,21,3.4296,26.25,90.97,2.53
Mumbai,2025,9,22,2.6705,25.68,92.6,3.14
Mumbai,2025,9,23,3.4464,25.42,90.45,2.62
Mumbai,2025,9,24,5.7086,25.82,88.25,2.53
Mumbai,2025,9,25,5.9059,25.92,86.35,2.08
Mumbai,2025,9,26,4.2989,26.08,87.31,2.23
Mumbai,2025,9,27,1.2859,26.1,92.34,3.93
Mumbai,2025,9,28,0.5542,25.37,94.43,6.66
Mumbai,2025,9,29,3.7255,24.78,92.72,7.03
Mumbai,2025,9,30,4.7539,25.33,90.4,5.02
Mumbai,2025,10,1,5.0093,25.72,90.8,4.82
Mumbai,2025,10,2,4.9152,25.92,91.12,4.22
Mumbai,2025,10,3,5.4341,26.17,89.77,2.83
Mumbai,2025,10,4,5.4382,25.92,89.66,2.35
Mumbai,2025,10,5,5.303,25.83,89.41,2.5
Mumbai,2025,10,6,5.5884,25.44,88.65,2.35
Mumbai,2025,10,7,4.9901,25.81,87.87,2.09
Mumbai,2025,10,8,5.9028,25.96,86.85,2.56
Mumbai,2025,10,9,5.4835,25.77,80.73,2.7
Mumbai,2025,10,10,5.9237,25.57,78.47,2.91
Mumbai,2025,10,11,5.6894,25.47,76.56,3.05
Mumbai,2025,10,12,5.9352,25.36,76.05,3.32
Mumbai,2025,10,13,6.138,24.91,73.02,3.61
Mumbai,2025,10,14,6.0528,24.59,71.03,3.26
Mumbai,2025,10,15,4.8444,25.68,77.42,3
Mumbai,2025,10,16,5.8171,27.56,82.24,2.76
Mumbai,2025,10,17,5.713,27.43,78.6,3.52
Mumbai,2025,10,18,5.0371,27,77.9,3.06
Mumbai,2025,10,19,4.8754,27.04,77.34,3.32
Mumbai,2025,10,20,5.0374,25.95,79.17,3.9
Mumbai,2025,10,21,4.9142,26.49,80.08,3.44
Mumbai,2025,10,22,5.3496,27.43,81,3.08
Mumbai,2025,10,23,5.3978,27.39,81.19,3.97
Mumbai,2025,10,24,4.7496,27.37,83.16,3.37
Mumbai,2025,10,25,3.1582,26.22,87.82,3.02
Mumbai,2025,10,26,2.263,26.36,87.45,3.8
Mumbai,2025,10,27,3.1817,26.17,89.08,3.91
Mumbai,2025,10,28,3.4452,26.73,85.59,3.77
Mumbai,2025,10,29,4.159,26.18,89.67,2.81
Mumbai,2025,10,30,3.8386,26.13,89.54,4.39
Mumbai,2025,10,31,3.0948,25.75,88.87,4.96
Mumbai,2025,11,1,4.6673,25.87,89.49,4.02
Mumbai,2025,11,2,4.0742,25.89,90.26,3.37
Mumbai,2025,11,3,5.0998,25.78,88.94,2.56
Mumbai,2025,11,4,4.3128,25.66,85.58,2.51
Mumbai,2025,11,5,5.3868,24.74,80.19,1.48
Mumbai,2025,11,6,5.0018,24.01,81.01,1.98
Mumbai,2025,11,7,4.8758,24.35,74.69,2.87
Mumbai,2025,11,8,5.5073,22.91,66.3,3.6
Mumbai,2025,11,9,5.6222,22.17,67.14,2.54
Mumbai,2025,11,10,5.6383,22.58,64.72,2.1
Mumbai,2025,11,11,5.3669,22.51,66.34,2.08
Mumbai,2025,11,12,4.7501,22.04,68.08,3.24
Mumbai,2025,11,13,4.9058,21.84,67.8,3.71
Mumbai,2025,11,14,5.197,21.52,67.02,4.06
Mumbai,2025,11,15,5.3074,20.89,65.68,4.05
Mumbai,2025,11,16,5.2277,20.7,68.1,4.53
Mumbai,2025,11,17,5.1866,20.38,69.02,4.23
Mumbai,2025,11,18,5.1816,19.76,67.49,4.17
Mumbai,2025,11,19,5.2154,20.67,65.78,3.75
Mumbai,2025,11,20,5.1734,20.9,67.12,3.94
Mumbai,2025,11,21,4.8298,21.91,69.99,3.79
Mumbai,2025,11,22,4.7717,23.81,75.95,3.29
Mumbai,2025,11,23,4.4933,24.85,67.51,2.31
Mumbai,2025,11,24,4.4306,24.81,73.13,2.48
Mumbai,2025,11,25,4.0666,24.59,72.28,2.97
Mumbai,2025,11,26,4.051,24.09,72.07,3.14
Mumbai,2025,11,27,4.0397,24.03,73.31,3.28
Mumbai,2025,11,28,3.9562,23.7,75.06,3.5
Mumbai,2025,11,29,4.0783,22.38,68.2,4.1
Mumbai,2025,11,30,4.2715,21.3,67.89,3.8
Mumbai,2025,12,1,4.6505,22.03,67.25,3.45
Mumbai,2025,12,2,4.1172,22.29,66.96,2.75
Mumbai,2025,12,3,4.2778,22.51,72.25,3.64
Mumbai,2025,12,4,3.9814,23.12,71.61,4.01
Mumbai,2025,12,5,4.0049,23.94,73.26,4.13
Mumbai,2025,12,6,3.7226,23.27,69.22,4.13
Mumbai,2025,12,7,4.4988,22.21,67.97,3.75
Mumbai,2025,12,8,4.4851,21.68,64.98,3.8
Mumbai,2025,12,9,5.2622,21,61.6,4.67
Mumbai,2025,12,10,5.3546,21.05,57.8,4.38
Mumbai,2025,12,11,5.2927,21.05,57.23,3.91
Mumbai,2025,12,12,5.2174,20.9,60.47,3.76
Mumbai,2025,12,13,5.023,21.93,57.63,3.01
Mumbai,2025,12,14,4.9166,21.86,61.49,3.77
Mumbai,2025,12,15,5.0266,21.44,59.95,3.95
Mumbai,2025,12,16,4.7962,21.58,60.78,4.19
Mumbai,2025,12,17,4.5943,22.27,65.99,4.01
Mumbai,2025,12,18,4.8718,22.47,58.78,4.06
Mumbai,2025,12,19,5.2459,21.46,56.54,4.11
Mumbai,2025,12,20,5.2973,21.61,54.85,3.66
Mumbai,2025,12,21,4.4398,21.24,56.33,3.93
Mumbai,2025,12,22,4.4796,21.07,59.68,4.22
Mumbai,2025,12,23,4.781,22.28,56.09,4.1
Mumbai,2025,12,24,4.6826,21.84,60.59,3.93
Mumbai,2025,12,25,4.3735,22,55.45,3.61
Mumbai,2025,12,26,4.235,21.54,59.06,3.25
Mumbai,2025,12,27,4.2845,21.98,61.46,3.79
Mumbai,2025,12,28,4.3949,21.7,59.1,3.56
Mumbai,2025,12,29,4.4532,21.4,58.7,3.37
Mumbai,2025,12,30,4.3666,21.23,63.93,2.74
Mumbai,2025,12,31,4.4294,21.04,76.68,2.52
