City,YEAR,MO,DY,ALLSKY_SFC_SW_DWN,T2M,RH2M,WS10M
Visakhapatnam,2018,1,1,2.6642,21.05,79.17,7.72
Visakhapatnam,2018,1,2,4.2151,22.68,71.98,5.48
Visakhapatnam,2018,1,3,4.3037,23.18,65.64,3.75
Visakhapatnam,2018,1,4,4.2002,23,63.66,3.15
Visakhapatnam,2018,1,5,4.4542,22.51,64.12,3.87
Visakhapatnam,2018,1,6,4.5893,22.28,55.49,3.53
Visakhapatnam,2018,1,7,4.4201,22.49,58.13,3.59
Visakhapatnam,2018,1,8,4.3414,22.01,61.44,5.58
Visakhapatnam,2018,1,9,4.4825,21.79,64.9,5.54
Visakhapatnam,2018,1,10,4.6644,22.75,64.32,4.38
Visakhapatnam,2018,1,11,4.4597,23.4,65.57,3.03
Visakhapatnam,2018,1,12,4.4794,24.01,71.4,2.02
Visakhapatnam,2018,1,13,4.1933,24.07,76.64,2.21
Visakhapatnam,2018,1,14,4.356,23.88,64.97,3.15
Visakhapatnam,2018,1,15,4.212,24.3,63.96,2.59
Visakhapatnam,2018,1,16,4.8274,23.69,65.19,3.01
Visakhapatnam,2018,1,17,4.6493,23.27,65.65,2.4
Visakhapatnam,2018,1,18,4.981,23.27,61.01,2.54
Visakhapatnam,2018,1,19,4.9867,22.87,60.92,3.04
Visakhapatnam,2018,1,20,4.8461,22.63,60.81,3.24
Visakhapatnam,2018,1,21,5.1826,22.47,65.98,3.01
Visakhapatnam,2018,1,22,4.9524,22.24,71.01,2.98
Visakhapatnam,2018,1,23,4.8108,23.01,68.72,2.25
Visakhapatnam,2018,1,24,4.7858,23.98,66.74,1.78
Visakhapatnam,2018,1,25,4.2929,24.02,65.93,2.24
Visakhapatnam,2018,1,26,4.1923,23.75,76.46,2.92
Visakhapatnam,2018,1,27,4.6903,24.06,70.94,2.99
Visakhapatnam,2018,1,28,4.829,23.46,71.28,3.38
Visakhapatnam,2018,1,29,4.9908,23.3,68.5,3.41
Visakhapatnam,2018,1,30,5.3539,23.51,55.95,1.97
Visakhapatnam,2018,1,31,5.5718,24.28,53.64,2.55
Visakhapatnam,2018,2,1,5.8234,24.75,54.54,2.73
Visakhapatnam,2018,2,2,5.4761,24.45,55.32,2.52
Visakhapatnam,2018,2,3,5.7336,23.78,62.29,2.26
Visakhapatnam,2018,2,4,5.802,23.93,62.05,2.49
Visakhapatnam,2018,2,5,5.5795,24.33,61.19,2.41
Visakhapatnam,2018,2,6,5.6177,24.39,59.59,1.82
Visakhapatnam,2018,2,7,4.6548,24.71,59.74,2.65
Visakhapatnam,2018,2,8,3.9696,25.63,57.55,2.19
Visakhapatnam,2018,2,9,5.5421,25.52,60.59,2.84
Visakhapatnam,2018,2,10,4.9123,25.44,68.67,3
Visakhapatnam,2018,2,11,3.1867,25.48,71.13,2.49
Visakhapatnam,2018,2,12,4.6781,24.96,76.08,4.27
Visakhapatnam,2018,2,13,5.0458,24.25,65.08,4.61
Visakhapatnam,2018,2,14,5.929,24.45,62.39,4.74
Visakhapatnam,2018,2,15,5.5687,25.19,62.09,3.46
Visakhapatnam,2018,2,16,5.5337,24.99,68.65,2.83
Visakhapatnam,2018,2,17,5.4497,25,65.32,2.24
Visakhapatnam,2018,2,18,5.6335,24.73,70.89,2.76
Visakhapatnam,2018,2,19,5.1982,24.86,69.37,2.44
Visakhapatnam,2018,2,20,5.7756,25.06,66.27,2.18
Visakhapatnam,2018,2,21,5.7163,25.27,65.39,2.43
Visakhapatnam,2018,2,22,6.0864,25.57,67.91,3.31
Visakhapatnam,2018,2,23,6.0823,25.49,66.16,2.8
Visakhapatnam,2018,2,24,6.323,25.46,61.65,2.22
Visakhapatnam,2018,2,25,6.4394,26.19,51.63,1.88
Visakhapatnam,2018,2,26,6.0734,26.71,48.16,3.01
Visakhapatnam,2018,2,27,5.9179,26.83,56.21,3.47
Visakhapatnam,2018,2,28,5.8008,26.93,55.81,3.16
Visakhapatnam,2018,3,1,6.5465,27.04,58.93,2.94
Visakhapatnam,2018,3,2,6.3665,27.16,62.44,3.66
Visakhapatnam,2018,3,3,6.0317,27.75,62.52,4.97
Visakhapatnam,2018,3,4,5.7002,27.72,59.37,5.27
Visakhapatnam,2018,3,5,6.0907,27.69,60.64,4.62
Visakhapatnam,2018,3,6,5.6551,27.41,63.99,3.92
Visakhapatnam,2018,3,7,5.2354,27.5,63.73,3.21
Visakhapatnam,2018,3,8,5.1238,27.06,69.48,3.06
Visakhapatnam,2018,3,9,5.2745,27.24,67.53,3.22
Visakhapatnam,2018,3,10,5.5841,27.65,61.51,2.68
Visakhapatnam,2018,3,11,5.8514,27.51,62.01,2.69
Visakhapatnam,2018,3,12,5.3842,27.6,64.69,3.75
Visakhapatnam,2018,3,13,5.7684,28.45,61.36,4.72
Visakhapatnam,2018,3,14,5.8534,28.48,59.44,5.38
Visakhapatnam,2018,3,15,5.3909,28.38,66.31,5.38
Visakhapatnam,2018,3,16,4.3274,28.43,66.69,3.68
Visakhapatnam,2018,3,17,2.5387,27.59,64.89,2.82
Visakhapatnam,2018,3,18,6.4399,28.02,64.49,3.34
Visakhapatnam,2018,3,19,5.8529,28.26,61.6,3.15
Visakhapatnam,2018,3,20,5.4185,28.65,65.09,4.44
Visakhapatnam,2018,3,21,5.9616,29.09,65.73,5.5
Visakhapatnam,2018,3,22,5.7257,29.49,64.79,5.16
Visakhapatnam,2018,3,23,5.405,29.55,66.75,4.52
Visakhapatnam,2018,3,24,5.2574,28.46,76.9,3.28
Visakhapatnam,2018,3,25,5.543,28.22,74.07,3.78
Visakhapatnam,2018,3,26,5.509,28.7,66.81,4.75
Visakhapatnam,2018,3,27,5.3119,29.14,66.23,4.81
Visakhapatnam,2018,3,28,6.1373,28.63,74.02,5.16
Visakhapatnam,2018,3,29,5.753,28.9,76.44,5.69
Visakhapatnam,2018,3,30,5.5205,28.81,76,5.51
Visakhapatnam,2018,3,31,4.5538,28.46,75.31,5.23
Visakhapatnam,2018,4,1,5.9779,28.38,75.45,4.61
Visakhapatnam,2018,4,2,6.3528,27.51,76.19,2.99
Visakhapatnam,2018,4,3,5.915,28.09,75.78,4.49
Visakhapatnam,2018,4,4,5.9813,28.4,75.94,4.94
Visakhapatnam,2018,4,5,6.4226,28.47,74.69,5.01
Visakhapatnam,2018,4,6,6.0665,28.6,73.73,5.15
Visakhapatnam,2018,4,7,6.1747,27.72,79.77,3.18
Visakhapatnam,2018,4,8,6.15,27.49,77.15,2.44
Visakhapatnam,2018,4,9,6.4063,28.24,70.58,2.68
Visakhapatnam,2018,4,10,6.7361,28.53,69.8,2.84
Visakhapatnam,2018,4,11,6.7121,29.4,67.73,3.55
Visakhapatnam,2018,4,12,6.9322,29.64,68.36,4.01
Visakhapatnam,2018,4,13,7.0997,30,66.44,3.27
Visakhapatnam,2018,4,14,6.6655,30.19,69.42,4.49
Visakhapatnam,2018,4,15,6.6696,30.47,68.03,3.71
Visakhapatnam,2018,4,16,6.9101,31.13,65.07,4.45
Visakhapatnam,2018,4,17,6.9252,30.68,67.57,4.8
Visakhapatnam,2018,4,18,6.5078,30.88,67.7,5.83
Visakhapatnam,2018,4,19,6.8726,30.78,70.62,6.4
Visakhapatnam,2018,4,20,6.4438,30.43,73.11,6.28
Visakhapatnam,2018,4,21,6.5582,30.04,75.1,5.7
Visakhapatnam,2018,4,22,6.8844,30.38,74.33,6.45
Visakhapatnam,2018,4,23,6.4728,30.7,70.24,5.44
Visakhapatnam,2018,4,24,3.8945,30.13,71.78,4.71
Visakhapatnam,2018,4,25,6.481,29.87,72.94,5.29
Visakhapatnam,2018,4,26,7.0246,29.91,73.02,5.7
Visakhapatnam,2018,4,27,6.7039,29.94,72.53,4.86
Visakhapatnam,2018,4,28,6.7114,29.9,73.2,5.4
Visakhapatnam,2018,4,29,6.3108,30.11,72.6,6.25
Visakhapatnam,2018,4,30,6.1462,30.06,76.84,6.02
Visakhapatnam,2018,5,1,1.8055,29.17,83.16,4.59
Visakhapatnam,2018,5,2,6.7025,29.3,81.37,4.82
Visakhapatnam,2018,5,3,2.5334,28.93,83.07,4.14
Visakhapatnam,2018,5,4,6.3178,29.16,77.81,4.17
Visakhapatnam,2018,5,5,6.8746,30.04,76.85,5.42
Visakhapatnam,2018,5,6,6.5909,30.5,74.53,5.63
Visakhapatnam,2018,5,7,6.4406,30.53,74.21,5.4
Visakhapatnam,2018,5,8,6.6235,29.95,77.51,5.57
Visakhapatnam,2018,5,9,6.3281,30.18,75.23,5.33
Visakhapatnam,2018,5,10,6.6086,29.93,75.09,4.94
Visakhapatnam,2018,5,11,6.4519,30.29,74.78,5.3
Visakhapatnam,2018,5,12,6.827,30.07,76.48,5.26
Visakhapatnam,2018,5,13,5.3702,29.96,76.11,5.56
Visakhapatnam,2018,5,14,5.7636,29.33,77.58,4.14
Visakhapatnam,2018,5,15,5.9638,29.64,71.92,4.62
Visakhapatnam,2018,5,16,6.3646,29.66,72.86,5.32
Visakhapatnam,2018,5,17,6.2702,29.96,74.72,5.24
Visakhapatnam,2018,5,18,6.6895,30.75,69.35,5.25
Visakhapatnam,2018,5,19,5.7833,29.9,76.71,5.12
Visakhapatnam,2018,5,20,6.4044,29.84,77.32,4.92
Visakhapatnam,2018,5,21,4.0502,29.57,79.19,4.12
Visakhapatnam,2018,5,22,6.5141,30.25,72.24,4.69
Visakhapatnam,2018,5,23,4.6658,29.28,79.42,4.41
Visakhapatnam,2018,5,24,6.0406,29.84,75.55,4.64
Visakhapatnam,2018,5,25,6.4109,29.69,77.06,3.63
Visakhapatnam,2018,5,26,6.5359,29.9,79.23,3.72
Visakhapatnam,2018,5,27,6.786,30.3,78.34,4.14
Visakhapatnam,2018,5,28,5.2874,30.11,80.52,5.04
Visakhapatnam,2018,5,29,5.8435,30.86,76.99,5.63
Visakhapatnam,2018,5,30,6.1637,30.98,78.75,4.84
Visakhapatnam,2018,5,31,5.4838,30.6,81.87,3.7
Visakhapatnam,2018,6,1,5.741,30.12,80.89,2.73
Visakhapatnam,2018,6,2,5.0426,30.74,75.34,4.73
Visakhapatnam,2018,6,3,5.705,30.54,76.43,4.55
Visakhapatnam,2018,6,4,6.1301,30.88,77.19,3.67
Visakhapatnam,2018,6,5,3.6756,29.65,82.99,4.65
Visakhapatnam,2018,6,6,3.4315,29.96,78.8,5.14
Visakhapatnam,2018,6,7,4.6027,29.46,81.61,6.83
Visakhapatnam,2018,6,8,3.1493,29.2,79.28,8.13
Visakhapatnam,2018,6,9,4.2,29.35,80.09,6.4
Visakhapatnam,2018,6,10,5.0071,29.29,79.7,6.47
Visakhapatnam,2018,6,11,3.7344,29.47,79.65,6.56
Visakhapatnam,2018,6,12,1.6538,29.21,82.08,6.54
Visakhapatnam,2018,6,13,3.1946,30,78.87,6.41
Visakhapatnam,2018,6,14,6.1099,30.95,74.72,5.62
Visakhapatnam,2018,6,15,6.4709,31.29,71.91,5.24
Visakhapatnam,2018,6,16,6.2354,31.91,66.83,4.43
Visakhapatnam,2018,6,17,6.6305,32.22,63.62,4.61
Visakhapatnam,2018,6,18,6.4339,31.69,64.82,4.92
Visakhapatnam,2018,6,19,6.8206,30.93,71.12,4.41
Visakhapatnam,2018,6,20,5.9462,29.77,76.52,5.04
Visakhapatnam,2018,6,21,3.9238,29.6,79.24,5.68
Visakhapatnam,2018,6,22,2.4478,28.66,83.77,3.82
Visakhapatnam,2018,6,23,4.8055,29.03,80.67,3.51
Visakhapatnam,2018,6,24,4.8943,29.41,80.12,4.69
Visakhapatnam,2018,6,25,5.6626,29.52,75.08,5.2
Visakhapatnam,2018,6,26,3.3454,28.69,78.06,6.34
Visakhapatnam,2018,6,27,2.0102,28.56,80.37,5.4
Visakhapatnam,2018,6,28,2.6714,28.5,81.26,5.68
Visakhapatnam,2018,6,29,2.2915,28.02,83.28,5.17
Visakhapatnam,2018,6,30,5.6146,28.44,81.67,5.28
Visakhapatnam,2018,7,1,4.0548,28.19,83.22,5.53
Visakhapatnam,2018,7,2,6.3106,29.08,78.15,5.72
Visakhapatnam,2018,7,3,3.4308,28.42,82.57,5.72
Visakhapatnam,2018,7,4,4.0994,28.67,79.43,5.14
Visakhapatnam,2018,7,5,3.9545,29.17,80.09,4.12
Visakhapatnam,2018,7,6,5.004,28.54,83.35,4.84
Visakhapatnam,2018,7,7,3.5138,27.39,85.35,5.79
Visakhapatnam,2018,7,8,3.9134,27.9,82.92,6.75
Visakhapatnam,2018,7,9,3.4222,27.93,86.93,7.63
Visakhapatnam,2018,7,10,3.0307,28.86,82.44,6.73
Visakhapatnam,2018,7,11,2.7334,28.5,83.78,6.9
Visakhapatnam,2018,7,12,2.9664,27.96,85.6,6.55
Visakhapatnam,2018,7,13,3.9137,27.77,85.84,6.26
Visakhapatnam,2018,7,14,1.8672,27.92,85.81,6.73
Visakhapatnam,2018,7,15,1.9397,27.22,90.24,7.5
Visakhapatnam,2018,7,16,4.8826,27.73,87.01,8.02
Visakhapatnam,2018,7,17,6.0271,28.58,83.14,7.47
Visakhapatnam,2018,7,18,5.6724,28.75,84.58,4.88
Visakhapatnam,2018,7,19,2.1982,27.92,88.82,4.85
Visakhapatnam,2018,7,20,1.4155,27.15,88.3,6.87
Visakhapatnam,2018,7,21,1.691,27.42,87.64,8.2
Visakhapatnam,2018,7,22,3.9542,28.28,84.41,6.64
Visakhapatnam,2018,7,23,6.7068,28.41,84.52,5.17
Visakhapatnam,2018,7,24,6.2306,28.46,84.67,5.21
Visakhapatnam,2018,7,25,4.957,28.43,85.46,4.68
Visakhapatnam,2018,7,26,4.8648,28.52,84.38,4.51
Visakhapatnam,2018,7,27,4.062,28.09,84.18,4.57
Visakhapatnam,2018,7,28,5.2092,28.2,85.17,4
Visakhapatnam,2018,7,29,4.9531,28.17,86.18,3.9
Visakhapatnam,2018,7,30,3.5791,28.22,85.71,4.02
Visakhapatnam,2018,7,31,3.7226,28.09,86.54,4.87
Visakhapatnam,2018,8,1,5.6818,27.99,85.46,3.96
Visakhapatnam,2018,8,2,5.2726,28.11,85.1,3.92
Visakhapatnam,2018,8,3,3.275,27.8,85.09,3.76
Visakhapatnam,2018,8,4,5.334,28.43,82.95,4.1
Visakhapatnam,2018,8,5,5.1907,28.46,83.62,3.75
Visakhapatnam,2018,8,6,2.7012,27.54,86.63,4.49
Visakhapatnam,2018,8,7,1.9085,27.17,87.99,5.38
Visakhapatnam,2018,8,8,3.4834,27.66,86.01,6.51
Visakhapatnam,2018,8,9,5.5699,28.3,83.48,4.57
Visakhapatnam,2018,8,10,4.9862,28.59,84.44,4.03
Visakhapatnam,2018,8,11,3.9511,28.55,86.22,4.68
Visakhapatnam,2018,8,12,4.3925,27.12,89.55,6.57
Visakhapatnam,2018,8,13,1.2461,27.42,88.34,7.29
Visakhapatnam,2018,8,14,2.874,27.4,88.91,6.39
Visakhapatnam,2018,8,15,2.5891,27.45,91.29,6.37
Visakhapatnam,2018,8,16,4.8233,27.56,88.21,9.24
Visakhapatnam,2018,8,17,6.4994,27.81,85.17,7.43
Visakhapatnam,2018,8,18,2.6904,27.8,86.92,5.04
Visakhapatnam,2018,8,19,3.0778,27.75,87.64,5.81
Visakhapatnam,2018,8,20,4.3486,27.3,88.76,6.28
Visakhapatnam,2018,8,21,6.5515,28.13,84.31,6.63
Visakhapatnam,2018,8,22,6.6259,28.45,83.61,5.05
Visakhapatnam,2018,8,23,5.4506,28.58,85.65,4.49
Visakhapatnam,2018,8,24,3.8789,28.55,84.89,4.18
Visakhapatnam,2018,8,25,1.5058,27.96,87.45,4.88
Visakhapatnam,2018,8,26,2.0422,27.31,88.17,5.95
Visakhapatnam,2018,8,27,3.1567,27.29,85.68,6
Visakhapatnam,2018,8,28,4.1549,27.3,86.08,5.26
Visakhapatnam,2018,8,29,4.4213,28.11,84.04,4.49
Visakhapatnam,2018,8,30,5.922,28.16,85.74,4.35
Visakhapatnam,2018,8,31,5.153,28.2,85.11,4.09
Visakhapatnam,2018,9,1,4.4102,27.85,84.15,4.5
Visakhapatnam,2018,9,2,5.0213,28,83.71,4.19
Visakhapatnam,2018,9,3,5.2642,28.17,84.91,3.96
Visakhapatnam,2018,9,4,5.6098,28.16,84.86,4.22
Visakhapatnam,2018,9,5,4.0764,27.63,86.16,5.03
Visakhapatnam,2018,9,6,3.0317,27.11,84.67,5.67
Visakhapatnam,2018,9,7,2.8481,27.67,82.12,5.76
Visakhapatnam,2018,9,8,6.1382,28.29,76.94,2.83
Visakhapatnam,2018,9,9,4.7827,28.07,78.86,2.21
Visakhapatnam,2018,9,10,5.4617,28.68,77.49,2.73
Visakhapatnam,2018,9,11,5.8668,28.94,79.52,3.39
Visakhapatnam,2018,9,12,5.9232,28.52,83.77,4.04
Visakhapatnam,2018,9,13,5.4749,28.46,83.25,3.43
Visakhapatnam,2018,9,14,4.2607,29.24,78.9,2.2
Visakhapatnam,2018,9,15,5.766,28.62,82.84,2.44
Visakhapatnam,2018,9,16,3.0137,27.5,83.88,1.66
Visakhapatnam,2018,9,17,2.8627,27.29,81.96,1.06
Visakhapatnam,2018,9,18,4.9387,28.36,76.87,1.98
Visakhapatnam,2018,9,19,5.3285,28.03,83.2,2.23
Visakhapatnam,2018,9,20,0.9818,27.31,86.06,4.83
Visakhapatnam,2018,9,21,4.3212,27.59,86.19,8.42
Visakhapatnam,2018,9,22,5.1811,27.66,86.15,4.15
Visakhapatnam,2018,9,23,6.1171,27.48,84.94,2.03
Visakhapatnam,2018,9,24,6.3041,27.62,82.74,2.28
Visakhapatnam,2018,9,25,6.2443,28.56,82.83,3
Visakhapatnam,2018,9,26,6.287,28.54,82.37,2.69
Visakhapatnam,2018,9,27,6.2424,27.84,84.91,2.45
Visakhapatnam,2018,9,28,6.3912,28.23,79.85,2.02
Visakhapatnam,2018,9,29,6.2719,28.62,76.21,1.48
Visakhapatnam,2018,9,30,6.0094,29.1,75.83,1.87
Visakhapatnam,2018,10,1,5.9314,29.07,76.51,1.79
Visakhapatnam,2018,10,2,6.2278,28.82,75.5,1.79
Visakhapatnam,2018,10,3,5.9438,28.68,77.44,2.2
Visakhapatnam,2018,10,4,6.2614,28.31,76.69,2.86
Visakhapatnam,2018,10,5,5.7926,28.12,75.61,3.06
Visakhapatnam,2018,10,6,5.6302,28.36,77.18,2.55
Visakhapatnam,2018,10,7,5.6045,28.29,79.34,4.14
Visakhapatnam,2018,10,8,5.7643,27.91,77.84,5.11
Visakhapatnam,2018,10,9,5.3458,27.87,77.48,6.84
Visakhapatnam,2018,10,10,2.0964,26.52,80.71,7.66
Visakhapatnam,2018,10,11,1.3721,27.02,80.84,6.68
Visakhapatnam,2018,10,12,4.3126,28.01,83.91,5.75
Visakhapatnam,2018,10,13,4.8602,28.41,84.49,3.85
Visakhapatnam,2018,10,14,5.0407,28.49,82.2,3.01
Visakhapatnam,2018,10,15,3.4495,27.9,83.75,1.68
Visakhapatnam,2018,10,16,4.6385,27.26,83.43,2.94
Visakhapatnam,2018,10,17,5.5159,27.62,74.19,2.04
Visakhapatnam,2018,10,18,5.7079,27.7,66.25,1.62
Visakhapatnam,2018,10,19,5.443,27.48,65.08,1.73
Visakhapatnam,2018,10,20,5.657,27.41,71.23,2.15
Visakhapatnam,2018,10,21,5.2483,27.43,74.31,2.63
Visakhapatnam,2018,10,22,5.389,27.52,73.45,1.69
Visakhapatnam,2018,10,23,5.3429,27.76,71.12,1.53
Visakhapatnam,2018,10,24,4.9644,28.11,67.82,1.19
Visakhapatnam,2018,10,25,5.2591,27.55,70.58,2.84
Visakhapatnam,2018,10,26,5.6297,26.67,68.27,4.18
Visakhapatnam,2018,10,27,5.3618,26.02,70.98,5.34
Visakhapatnam,2018,10,28,4.0428,25.92,77.32,7.09
Visakhapatnam,2018,10,29,4.8007,25.54,86.63,7.14
Visakhapatnam,2018,10,30,5.4948,26.51,82.64,5.46
Visakhapatnam,2018,10,31,5.2253,26.17,83.73,4.63
Visakhapatnam,2018,11,1,4.5257,26.17,85.5,4.66
Visakhapatnam,2018,11,2,5.3198,26.58,83.7,3.92
Visakhapatnam,2018,11,3,5.5205,26.66,83.44,3.3
Visakhapatnam,2018,11,4,5.61,26.57,83.75,2.8
Visakhapatnam,2018,11,5,5.3525,27.03,79.87,1.77
Visakhapatnam,2018,11,6,5.2346,26.94,78.95,1.71
Visakhapatnam,2018,11,7,5.2274,26.72,75.59,1.8
Visakhapatnam,2018,11,8,4.8211,26.45,75.9,2.78
Visakhapatnam,2018,11,9,4.2238,26.38,78.62,2.36
Visakhapatnam,2018,11,10,4.5098,26.3,78.64,3.13
Visakhapatnam,2018,11,11,4.4028,25.88,72.79,4.91
Visakhapatnam,2018,11,12,3.9461,25.27,73.45,5.98
Visakhapatnam,2018,11,13,5.0911,25.98,74.08,6.27
Visakhapatnam,2018,11,14,4.4172,25.79,75.97,6.71
Visakhapatnam,2018,11,15,2.5423,26.26,76.31,6.57
Visakhapatnam,2018,11,16,4.2624,26.75,77.01,3.85
Visakhapatnam,2018,11,17,4.8055,26.94,79.54,2.57
Visakhapatnam,2018,11,18,4.7782,27.14,78.88,2.53
Visakhapatnam,2018,11,19,4.9097,26.83,78.15,3.99
Visakhapatnam,2018,11,20,4.7892,26.29,77.1,4.24
Visakhapatnam,2018,11,21,4.5439,26.17,75.65,4.83
Visakhapatnam,2018,11,22,4.0639,25.92,74.79,4.25
Visakhapatnam,2018,11,23,4.0524,26.09,74.93,3.21
Visakhapatnam,2018,11,24,4.5312,25.84,62.65,3.04
Visakhapatnam,2018,11,25,4.8794,24.67,56.23,3.77
Visakhapatnam,2018,11,26,4.8806,24.2,60.48,3.52
Visakhapatnam,2018,11,27,4.4011,24.18,68.94,3.8
Visakhapatnam,2018,11,28,4.3747,24.82,73.53,4.39
Visakhapatnam,2018,11,29,4.6567,25.22,68.72,4.05
Visakhapatnam,2018,11,30,4.4239,24.99,72.85,4.05
Visakhapatnam,2018,12,1,3.929,24.88,72.83,4.08
Visakhapatnam,2018,12,2,4.3512,24.56,73.29,4.85
Visakhapatnam,2018,12,3,3.8582,24.5,75.01,5.17
Visakhapatnam,2018,12,4,3.6557,24.92,74.75,5.49
Visakhapatnam,2018,12,5,3.3058,25.23,78.36,3.56
Visakhapatnam,2018,12,6,2.9844,25.59,80.01,2.73
Visakhapatnam,2018,12,7,3.6144,25.43,76.62,3.55
Visakhapatnam,2018,12,8,3.4272,25.1,76.1,3.59
Visakhapatnam,2018,12,9,3.6754,24.9,76.93,3.79
Visakhapatnam,2018,12,10,3.4385,24.76,73.15,3.63
Visakhapatnam,2018,12,11,4.1246,24.95,70.55,3.6
Visakhapatnam,2018,12,12,4.1162,24.98,75.92,4.21
Visakhapatnam,2018,12,13,3.805,25.19,76.9,4.38
Visakhapatnam,2018,12,14,4.0238,25.16,74.48,6.87
Visakhapatnam,2018,12,15,2.9532,24.37,67.63,8.77
Visakhapatnam,2018,12,16,1.6183,22.24,75.52,10.26
Visakhapatnam,2018,12,17,0.7697,23.38,91.86,10.24
Visakhapatnam,2018,12,18,1.8113,23.45,82.61,4.75
Visakhapatnam,2018,12,19,4.4323,22.13,82.64,6.15
Visakhapatnam,2018,12,20,4.7614,22.56,81.65,4.9
Visakhapatnam,2018,12,21,4.5814,22.92,79.61,4.21
Visakhapatnam,2018,12,22,3.9379,22.86,75.09,5.02
Visakhapatnam,2018,12,23,3.996,22.61,70.26,4.69
Visakhapatnam,2018,12,24,4.0462,22.57,69.2,3.9
Visakhapatnam,2018,12,25,4.3519,22.81,70.41,2.93
Visakhapatnam,2018,12,26,4.0111,23.14,67.86,2.39
Visakhapatnam,2018,12,27,3.5892,23.57,70.12,2.01
Visakhapatnam,2018,12,28,3.7272,23.44,75.14,2.55
Visakhapatnam,2018,12,29,4.145,22.32,68.43,5.24
Visakhapatnam,2018,12,30,5.0215,21.04,56.29,5.07
Visakhapatnam,2018,12,31,4.9459,20.9,52.51,3.65
Visakhapatnam,2019,1,1,4.944,21.06,57.36,3.34
Visakhapatnam,2019,1,2,4.4717,21.85,64.19,3.64
Visakhapatnam,2019,1,3,4.601,22.4,66.95,2.71
Visakhapatnam,2019,1,4,4.1892,22.1,67.47,4.28
Visakhapatnam,2019,1,5,4.1849,21.52,71.93,4.36
Visakhapatnam,2019,1,6,4.4302,21.98,69.99,4.16
Visakhapatnam,2019,1,7,4.6066,22.61,67.06,3.7
Visakhapatnam,2019,1,8,4.4023,23.18,60.77,2.21
Visakhapatnam,2019,1,9,4.0236,22.95,64.89,2.85
Visakhapatnam,2019,1,10,4.087,22.36,77.5,4.01
Visakhapatnam,2019,1,11,4.195,22.27,75,4.08
Visakhapatnam,2019,1,12,3.9475,22.4,75.7,4.01
Visakhapatnam,2019,1,13,4.2497,22.64,72.94,3.79
Visakhapatnam,2019,1,14,4.1592,23.16,69.13,2.89
Visakhapatnam,2019,1,15,4.1383,23.28,69.12,3.56
Visakhapatnam,2019,1,16,3.7622,22.73,76.97,4.21
Visakhapatnam,2019,1,17,4.0694,22.74,76.02,3.29
Visakhapatnam,2019,1,18,4.5631,23.37,72.95,2.7
Visakhapatnam,2019,1,19,4.6445,23.12,73.43,3.01
Visakhapatnam,2019,1,20,4.7666,23.22,71.14,2.8
Visakhapatnam,2019,1,21,4.9644,23.39,69.05,3.05
Visakhapatnam,2019,1,22,4.9111,23.43,71.69,2.88
Visakhapatnam,2019,1,23,5.2073,23.12,72.96,2.85
Visakhapatnam,2019,1,24,5.2966,23.13,75.6,2.96
Visakhapatnam,2019,1,25,5.3323,23.77,73.53,3.69
Visakhapatnam,2019,1,26,5.1259,24.5,69.79,3.92
Visakhapatnam,2019,1,27,3.8263,24.08,71.36,4.54
Visakhapatnam,2019,1,28,2.0719,23.81,71.83,5.1
Visakhapatnam,2019,1,29,4.9706,23.91,70.34,3.79
Visakhapatnam,2019,1,30,4.3901,22.96,56.44,4.68
Visakhapatnam,2019,1,31,5.2349,22.45,67.08,4.57
Visakhapatnam,2019,2,1,5.4278,22.78,66.32,3.65
Visakhapatnam,2019,2,2,5.4101,23.38,67.55,3.08
Visakhapatnam,2019,2,3,5.2726,23.84,64.51,4.26
Visakhapatnam,2019,2,4,5.3911,24.15,65.14,4.2
Visakhapatnam,2019,2,5,5.2798,24.52,65.57,3.19
Visakhapatnam,2019,2,6,5.371,24.57,60.64,2
Visakhapatnam,2019,2,7,5.681,24.6,61.62,2.2
Visakhapatnam,2019,2,8,5.201,25.12,69.02,2.88
Visakhapatnam,2019,2,9,4.9807,25.81,75.87,2.75
Visakhapatnam,2019,2,10,4.9651,24.93,72.14,4
Visakhapatnam,2019,2,11,4.9366,23.95,75.27,4.7
Visakhapatnam,2019,2,12,5.5531,23.94,72.78,4.55
Visakhapatnam,2019,2,13,5.7958,23.84,70.47,4.26
Visakhapatnam,2019,2,14,5.9933,24.19,69.93,2.73
Visakhapatnam,2019,2,15,5.7545,24.38,72.71,2.37
Visakhapatnam,2019,2,16,5.0474,25.07,71.61,3
Visakhapatnam,2019,2,17,5.2673,25.72,75.69,3.5
Visakhapatnam,2019,2,18,5.3335,26.13,75.33,2.58
Visakhapatnam,2019,2,19,5.49,26.11,80.59,2.56
Visakhapatnam,2019,2,20,5.9794,26.13,76.8,2.4
Visakhapatnam,2019,2,21,6.0487,26.28,68.84,2.09
Visakhapatnam,2019,2,22,6.0509,27.3,63.96,3.02
Visakhapatnam,2019,2,23,5.9026,27.79,64.89,4.37
Visakhapatnam,2019,2,24,5.9057,27.81,64.79,4.89
Visakhapatnam,2019,2,25,5.7353,27.09,72.2,4.8
Visakhapatnam,2019,2,26,5.8174,26.34,78.02,3.94
Visakhapatnam,2019,2,27,6.0828,26.11,77.32,4.49
Visakhapatnam,2019,2,28,5.7403,26.7,74.67,3.94
Visakhapatnam,2019,3,1,4.8353,26.21,79.69,3.52
Visakhapatnam,2019,3,2,5.1127,25.83,79.93,4.24
Visakhapatnam,2019,3,3,4.9817,26.44,75.84,3.56
Visakhapatnam,2019,3,4,5.7418,27.14,76.41,5.42
Visakhapatnam,2019,3,5,5.7857,27.67,77.5,6.17
Visakhapatnam,2019,3,6,5.6635,28.05,78.91,4.86
Visakhapatnam,2019,3,7,5.3832,28.05,76.43,3.43
Visakhapatnam,2019,3,8,4.357,27.51,77.6,2.49
Visakhapatnam,2019,3,9,5.7742,27.33,75.42,2.75
Visakhapatnam,2019,3,10,6.1164,27.56,75.82,4.62
Visakhapatnam,2019,3,11,6.5479,28.21,73.83,4.71
Visakhapatnam,2019,3,12,6.1891,28.87,69.1,4.23
Visakhapatnam,2019,3,13,6.0074,29.41,63.57,4.37
Visakhapatnam,2019,3,14,6.0818,29.51,59.37,3.88
Visakhapatnam,2019,3,15,6.348,28.87,64.55,2.39
Visakhapatnam,2019,3,16,5.9957,28.25,65.38,2.52
Visakhapatnam,2019,3,17,6.2611,28.29,65.05,3.01
Visakhapatnam,2019,3,18,5.9683,28.1,60.34,2.77
Visakhapatnam,2019,3,19,6.5611,27.94,68.14,3.96
Visakhapatnam,2019,3,20,6.305,28.14,72.87,4.11
Visakhapatnam,2019,3,21,6.3262,28.28,71.03,3.88
Visakhapatnam,2019,3,22,6.2904,28.62,66.72,5.01
Visakhapatnam,2019,3,23,6.4757,29.16,67.31,4.28
Visakhapatnam,2019,3,24,5.5704,29.12,66.82,3
Visakhapatnam,2019,3,25,6.655,29.07,63.43,2.75
Visakhapatnam,2019,3,26,6.7279,29,64.39,3.19
Visakhapatnam,2019,3,27,5.9302,28.91,67.59,3.98
Visakhapatnam,2019,3,28,6.2882,29.11,67.9,3.75
Visakhapatnam,2019,3,29,6.2974,28.85,68.65,4.19
Visakhapatnam,2019,3,30,6.7111,29.34,69.94,4.7
Visakhapatnam,2019,3,31,6.5299,29.76,67.88,6.42
Visakhapatnam,2019,4,1,5.3748,29.22,72.48,5.63
Visakhapatnam,2019,4,2,6.4056,29.14,69.88,5.2
Visakhapatnam,2019,4,3,6.4502,29.02,70.18,4.75
Visakhapatnam,2019,4,4,6.3365,29.02,68.29,4.84
Visakhapatnam,2019,4,5,6.2263,29.58,68.84,5.62
Visakhapatnam,2019,4,6,4.8713,29.96,66.08,5.87
Visakhapatnam,2019,4,7,6.1769,29.35,69.15,5.38
Visakhapatnam,2019,4,8,6.1594,29.13,73.62,5.79
Visakhapatnam,2019,4,9,6.2844,29.45,72.92,5.12
Visakhapatnam,2019,4,10,6.5842,29.74,71.48,4.77
Visakhapatnam,2019,4,11,6.9134,29.88,68.49,5.07
Visakhapatnam,2019,4,12,6.8189,30.3,65.42,4.63
Visakhapatnam,2019,4,13,6.7459,30.7,62.6,4.6
Visakhapatnam,2019,4,14,6.8388,30.81,61.37,5.2
Visakhapatnam,2019,4,15,6.5434,30.7,64.18,5.64
Visakhapatnam,2019,4,16,6.9919,30.74,59.61,5.23
Visakhapatnam,2019,4,17,7.3877,29.8,64.13,4.52
Visakhapatnam,2019,4,18,6.9605,29.48,68.93,4.22
Visakhapatnam,2019,4,19,6.7442,29.4,70.68,4.1
Visakhapatnam,2019,4,20,6.6919,29.47,72.79,4.21
Visakhapatnam,2019,4,21,6.4764,30.14,71.01,4.17
Visakhapatnam,2019,4,22,7.0253,30.7,64.87,2.97
Visakhapatnam,2019,4,23,6.9149,30.35,66.73,3.25
Visakhapatnam,2019,4,24,6.787,30.6,64.61,3.75
Visakhapatnam,2019,4,25,6.7474,30.79,64.21,4.92
Visakhapatnam,2019,4,26,6.6034,30.95,66.46,4.78
Visakhapatnam,2019,4,27,6.1392,31.12,68.7,5.32
Visakhapatnam,2019,4,28,6.4502,30.9,70.54,5.71
Visakhapatnam,2019,4,29,6.9084,30.76,71.23,5.14
Visakhapatnam,2019,4,30,5.8433,30.47,69.46,3.57
Visakhapatnam,2019,5,1,2.5567,29.57,78.06,7.3
Visakhapatnam,2019,5,2,1.1009,29.01,72.62,10.38
Visakhapatnam,2019,5,3,4.0272,30.54,67.31,4.37
Visakhapatnam,2019,5,4,6.1956,31.04,72.87,4.81
Visakhapatnam,2019,5,5,6.7726,30.84,72.05,4.8
Visakhapatnam,2019,5,6,6.3134,31.26,67.22,4.23
Visakhapatnam,2019,5,7,6.486,30.72,74.47,4.73
Visakhapatnam,2019,5,8,6.2849,30.66,75.77,4.53
Visakhapatnam,2019,5,9,6.2837,31.2,69.72,4.47
Visakhapatnam,2019,5,10,6.3854,31,72.58,5.26
Visakhapatnam,2019,5,11,6.3134,30.75,76.06,5.7
Visakhapatnam,2019,5,12,6.456,30.78,71.8,5.58
Visakhapatnam,2019,5,13,5.1065,30.4,75.58,5.9
Visakhapatnam,2019,5,14,6.5093,30.57,73.9,5.13
Visakhapatnam,2019,5,15,6.613,30.47,74.12,5.23
Visakhapatnam,2019,5,16,6.7001,30.24,74.36,4.88
Visakhapatnam,2019,5,17,6.1114,30.54,74.84,5.32
Visakhapatnam,2019,5,18,6.8052,31.33,70.97,6.01
Visakhapatnam,2019,5,19,6.6019,31.61,68.58,5.93
Visakhapatnam,2019,5,20,6.455,30.75,71.68,5.29
Visakhapatnam,2019,5,21,6.6874,30.18,74.71,5.58
Visakhapatnam,2019,5,22,6.7308,30.06,75.1,5.96
Visakhapatnam,2019,5,23,6.4351,29.62,80.51,6.04
Visakhapatnam,2019,5,24,6.6137,30.33,77.26,6.82
Visakhapatnam,2019,5,25,6.8748,31.16,75.05,6.77
Visakhapatnam,2019,5,26,6.6602,31.43,77.56,5.95
Visakhapatnam,2019,5,27,6.2738,30.5,81.82,4.67
Visakhapatnam,2019,5,28,6.4018,30.71,76.25,4.87
Visakhapatnam,2019,5,29,5.958,30.46,78.05,4.26
Visakhapatnam,2019,5,30,6.5482,30.71,77.01,5.23
Visakhapatnam,2019,5,31,6.425,30.33,80.96,5.65
Visakhapatnam,2019,6,1,5.5457,30.45,79.09,4.65
Visakhapatnam,2019,6,2,5.6743,30.42,79.93,4.96
Visakhapatnam,2019,6,3,2.8334,30.03,82.46,3.88
Visakhapatnam,2019,6,4,6.282,30.19,78.6,4.57
Visakhapatnam,2019,6,5,5.9642,30.39,80.02,5.99
Visakhapatnam,2019,6,6,2.8282,30.03,81.83,5.75
Visakhapatnam,2019,6,7,4.493,30.04,82.53,5.99
Visakhapatnam,2019,6,8,5.2236,31,77.01,5
Visakhapatnam,2019,6,9,4.5182,31.14,77.28,5.36
Visakhapatnam,2019,6,10,1.673,29.69,82.2,7.21
Visakhapatnam,2019,6,11,5.3822,30.69,77.63,6.68
Visakhapatnam,2019,6,12,6.4534,31.58,73.51,6.5
Visakhapatnam,2019,6,13,3.3218,31.16,72.85,3.89
Visakhapatnam,2019,6,14,5.2716,31.19,72.01,5.25
Visakhapatnam,2019,6,15,6.2244,31.99,70.23,5.02
Visakhapatnam,2019,6,16,3.2186,31.67,69.56,3.39
Visakhapatnam,2019,6,17,5.0023,29.25,80.68,4.08
Visakhapatnam,2019,6,18,5.0016,28.65,81.98,4.67
Visakhapatnam,2019,6,19,5.3928,30.26,78.38,3.03
Visakhapatnam,2019,6,20,3.0276,29.33,82.22,5.59
Visakhapatnam,2019,6,21,4.3711,28.65,84.84,3.36
Visakhapatnam,2019,6,22,0.9326,28.61,86.52,4.81
Visakhapatnam,2019,6,23,5.5646,28.79,84.75,4.86
Visakhapatnam,2019,6,24,6.685,28.76,84.11,2.87
Visakhapatnam,2019,6,25,6.7327,28.93,85.8,2.89
Visakhapatnam,2019,6,26,6.9881,29.31,83.09,4.08
Visakhapatnam,2019,6,27,6.7018,30.33,78.32,5.07
Visakhapatnam,2019,6,28,5.7766,30.29,79.55,5.9
Visakhapatnam,2019,6,29,4.1237,29.07,82.27,5.82
Visakhapatnam,2019,6,30,2.7653,28.68,79.21,7.24
Visakhapatnam,2019,7,1,2.7286,28.28,84.49,6.21
Visakhapatnam,2019,7,2,2.3383,29.31,77.8,6.58
Visakhapatnam,2019,7,3,3.7056,29.62,75.79,6.48
Visakhapatnam,2019,7,4,3.8407,29.7,77.16,5.8
Visakhapatnam,2019,7,5,1.6814,29.14,79.29,6.98
Visakhapatnam,2019,7,6,1.9224,29.13,81.77,7.5
Visakhapatnam,2019,7,7,4.2665,29.91,75.44,6.94
Visakhapatnam,2019,7,8,5.5822,29.21,81.34,6.82
Visakhapatnam,2019,7,9,3.7546,28.88,84.17,5.79
Visakhapatnam,2019,7,10,4.5547,28.63,84.86,5.97
Visakhapatnam,2019,7,11,6.1037,28.59,84.03,6.92
Visakhapatnam,2019,7,12,6.5868,28.88,83.11,5.57
Visakhapatnam,2019,7,13,5.7094,28.78,84.19,4.94
Visakhapatnam,2019,7,14,5.2126,28.47,85.54,4.95
Visakhapatnam,2019,7,15,5.5164,28.82,83.67,5.51
Visakhapatnam,2019,7,16,6.4387,28.55,83.78,3.86
Visakhapatnam,2019,7,17,5.5702,28.36,81.98,2.1
Visakhapatnam,2019,7,18,4.7126,28.4,83,1.53
Visakhapatnam,2019,7,19,2.3441,27.99,84.17,1.86
Visakhapatnam,2019,7,20,5.9258,28.17,85.19,3.87
Visakhapatnam,2019,7,21,6.4745,28.33,86.1,3.57
Visakhapatnam,2019,7,22,6.6396,28.58,84.64,2.68
Visakhapatnam,2019,7,23,6.4375,28.1,82.08,1.84
Visakhapatnam,2019,7,24,6.3893,28.83,83.64,5.14
Visakhapatnam,2019,7,25,1.6284,28.45,87.76,6.17
Visakhapatnam,2019,7,26,1.3618,27.86,89.22,7.61
Visakhapatnam,2019,7,27,3.4087,27.69,85.48,8.33
Visakhapatnam,2019,7,28,1.2634,27.46,89.85,8.58
Visakhapatnam,2019,7,29,2.0856,27.68,87.3,9.44
Visakhapatnam,2019,7,30,5.9059,27.97,84.85,7.97
Visakhapatnam,2019,7,31,6.3761,28.21,85.64,6.61
Visakhapatnam,2019,8,1,3.397,27.85,87.53,7.36
Visakhapatnam,2019,8,2,3.8292,27.31,88.76,9.19
Visakhapatnam,2019,8,3,1.9805,27.45,86.26,10.23
Visakhapatnam,2019,8,4,4.8434,27.18,84.79,9.28
Visakhapatnam,2019,8,5,2.9004,27.16,84.17,8.92
Visakhapatnam,2019,8,6,1.0277,27.16,91.08,9.75
Visakhapatnam,2019,8,7,1.3032,26.64,88.65,11.75
Visakhapatnam,2019,8,8,3.9166,27.47,89.43,9.63
Visakhapatnam,2019,8,9,6.5717,28.02,90.05,5.54
Visakhapatnam,2019,8,10,6.4087,28.32,87.7,4.47
Visakhapatnam,2019,8,11,4.9901,28.82,85.86,3.49
Visakhapatnam,2019,8,12,2.353,28.4,87.44,3.23
Visakhapatnam,2019,8,13,4.1374,27.7,90.63,5.85
Visakhapatnam,2019,8,14,5.8421,27.86,89.49,5.51
Visakhapatnam,2019,8,15,6.4538,27.92,89.65,3.75
Visakhapatnam,2019,8,16,6.4037,28.11,88.94,3.56
Visakhapatnam,2019,8,17,4.9874,28.26,88.57,1.54
Visakhapatnam,2019,8,18,4.031,27.52,89.19,3.44
Visakhapatnam,2019,8,19,6.3509,28.59,86.19,3.54
Visakhapatnam,2019,8,20,5.441,28.41,87.29,4.52
Visakhapatnam,2019,8,21,6.2131,28.91,84.41,3.43
Visakhapatnam,2019,8,22,5.5939,28.73,81.85,3.93
Visakhapatnam,2019,8,23,4.6606,28.19,84.48,4.28
Visakhapatnam,2019,8,24,3.8364,27.75,85.9,4.73
Visakhapatnam,2019,8,25,3.6516,28.16,83.09,5.02
Visakhapatnam,2019,8,26,3.7025,28.14,86.52,6.89
Visakhapatnam,2019,8,27,5.5423,28.61,84.64,5.19
Visakhapatnam,2019,8,28,4.8766,28.25,86.81,5.03
Visakhapatnam,2019,8,29,4.4681,27.92,86.43,4.36
Visakhapatnam,2019,8,30,3.3636,28.4,88.25,4.2
Visakhapatnam,2019,8,31,3.037,27.66,91.22,4.42
Visakhapatnam,2019,9,1,2.4422,27.84,87.43,5.23
Visakhapatnam,2019,9,2,3.6768,27.08,88.02,7.5
Visakhapatnam,2019,9,3,2.3683,28.03,86.24,6.24
Visakhapatnam,2019,9,4,2.159,27.59,87.69,8.11
Visakhapatnam,2019,9,5,1.7318,27.86,88.28,7.71
Visakhapatnam,2019,9,6,4.3109,27.52,89.85,9
Visakhapatnam,2019,9,7,4.0565,27.76,88.61,7.19
Visakhapatnam,2019,9,8,6.2839,28.03,88.19,7.29
Visakhapatnam,2019,9,9,5.975,28.07,88.39,6.29
Visakhapatnam,2019,9,10,1.8797,28.02,90.16,6.32
Visakhapatnam,2019,9,11,1.3066,27.74,91.7,5.83
Visakhapatnam,2019,9,12,3.1673,27.43,90.84,6.54
Visakhapatnam,2019,9,13,3.8844,27.56,89.85,5.35
Visakhapatnam,2019,9,14,6.2167,27.66,89.27,4.55
Visakhapatnam,2019,9,15,5.994,28,88.73,4.07
Visakhapatnam,2019,9,16,5.9688,28.57,86.66,2.91
Visakhapatnam,2019,9,17,5.6971,27.79,90.06,2.9
Visakhapatnam,2019,9,18,5.365,27.79,87.04,5.13
Visakhapatnam,2019,9,19,5.4787,27.81,85.36,3.78
Visakhapatnam,2019,9,20,5.807,27.64,87.14,2.46
Visakhapatnam,2019,9,21,6.335,27.82,85.8,2.63
Visakhapatnam,2019,9,22,5.9935,28.01,85.41,2.91
Visakhapatnam,2019,9,23,4.499,27.77,85.75,2.69
Visakhapatnam,2019,9,24,3.4193,27.21,90.12,3.37
Visakhapatnam,2019,9,25,2.8282,27.27,88.01,4.47
Visakhapatnam,2019,9,26,1.7438,27.38,88.46,4.02
Visakhapatnam,2019,9,27,4.4501,27.57,83.12,2.41
Visakhapatnam,2019,9,28,4.7765,27.58,83.34,2.76
Visakhapatnam,2019,9,29,4.4988,26.98,83.56,2.61
Visakhapatnam,2019,9,30,3.2734,27.57,82.38,3.42
Visakhapatnam,2019,10,1,5.5658,28.16,82.68,4.18
Visakhapatnam,2019,10,2,4.5029,28.13,85.84,3.77
Visakhapatnam,2019,10,3,4.5348,28.11,84.41,2.98
Visakhapatnam,2019,10,4,5.6292,27.99,85.02,3.35
Visakhapatnam,2019,10,5,5.6146,27.94,83.84,2.65
Visakhapatnam,2019,10,6,6.0058,27.59,85.22,3.5
Visakhapatnam,2019,10,7,5.8385,28.2,80.4,1.95
Visakhapatnam,2019,10,8,4.6008,27.46,82.38,2.27
Visakhapatnam,2019,10,9,4.2943,26.95,84.64,2.44
Visakhapatnam,2019,10,10,5.1072,27.54,81.78,2.14
Visakhapatnam,2019,10,11,5.8598,27.49,85.2,3.15
Visakhapatnam,2019,10,12,5.9407,27.81,84.7,3.28
Visakhapatnam,2019,10,13,5.543,27.18,86.81,2.75
Visakhapatnam,2019,10,14,5.5447,27.61,85.93,4.56
Visakhapatnam,2019,10,15,5.0206,27.58,86.09,5.85
Visakhapatnam,2019,10,16,1.9262,27.23,87.86,3.87
Visakhapatnam,2019,10,17,3.7394,27.2,85.98,3.37
Visakhapatnam,2019,10,18,4.9678,27.28,85.75,4.51
Visakhapatnam,2019,10,19,1.1676,27.1,87.83,4.89
Visakhapatnam,2019,10,20,5.3352,27.39,86.74,3.88
Visakhapatnam,2019,10,21,4.1234,26.88,86.05,3.91
Visakhapatnam,2019,10,22,0.9245,26.27,87.2,3.81
Visakhapatnam,2019,10,23,1.6142,26.81,89.62,4.52
Visakhapatnam,2019,10,24,2.5884,27.18,89.56,5.45
Visakhapatnam,2019,10,25,3.6667,26.83,89.27,4.73
Visakhapatnam,2019,10,26,5.4403,27.17,82.35,2.54
Visakhapatnam,2019,10,27,5.4528,27.3,83.92,2.25
Visakhapatnam,2019,10,28,5.4854,27.21,86.86,3.62
Visakhapatnam,2019,10,29,5.1322,27.21,88.25,4.26
Visakhapatnam,2019,10,30,5.2363,26.99,84.21,2.49
Visakhapatnam,2019,10,31,5.0076,27.23,80.95,1.49
Visakhapatnam,2019,11,1,4.8341,27.43,79.67,1.81
Visakhapatnam,2019,11,2,4.3716,27.23,81.99,3.43
Visakhapatnam,2019,11,3,4.7004,27.1,77.13,2.58
Visakhapatnam,2019,11,4,4.8749,27.2,70.77,2.61
Visakhapatnam,2019,11,5,4.0483,27.02,77.76,3.24
Visakhapatnam,2019,11,6,3.607,26.88,76.77,3.91
Visakhapatnam,2019,11,7,3.6185,26,77.62,4.49
Visakhapatnam,2019,11,8,3.2957,26.46,73.68,3.96
Visakhapatnam,2019,11,9,4.6925,26.94,71.28,1.96
Visakhapatnam,2019,11,10,5.4132,26.74,77.32,2.59
Visakhapatnam,2019,11,11,5.2956,26.41,77.81,2.66
Visakhapatnam,2019,11,12,4.5595,25.75,80.65,3.66
Visakhapatnam,2019,11,13,4.931,25.21,81.41,5.19
Visakhapatnam,2019,11,14,4.4366,24.97,80.92,5.16
Visakhapatnam,2019,11,15,5.0194,24.54,81.8,4.61
Visakhapatnam,2019,11,16,4.9315,24.7,82.95,4.58
Visakhapatnam,2019,11,17,4.4376,25.53,84.96,4.77
Visakhapatnam,2019,11,18,4.452,25.31,85.41,4.65
Visakhapatnam,2019,11,19,4.1587,24.53,83.36,4.79
Visakhapatnam,2019,11,20,4.3783,24.48,82.96,5.22
Visakhapatnam,2019,11,21,4.8278,24.67,79.9,5.08
Visakhapatnam,2019,11,22,4.2869,24.21,80.2,4.22
Visakhapatnam,2019,11,23,4.4038,24.22,80.65,3.69
Visakhapatnam,2019,11,24,4.1846,24.11,80.54,3.33
Visakhapatnam,2019,11,25,4.0704,24.27,82.36,4.37
Visakhapatnam,2019,11,26,4.1016,24.65,79.69,5.24
Visakhapatnam,2019,11,27,4.4544,24.96,80.08,5.4
Visakhapatnam,2019,11,28,4.7657,24.35,83.66,5.14
Visakhapatnam,2019,11,29,4.5833,24.14,85.76,4.34
Visakhapatnam,2019,11,30,4.5902,24.93,84.36,4.62
Visakhapatnam,2019,12,1,4.0286,24.89,84.34,4.86
Visakhapatnam,2019,12,2,2.43,24.83,83.07,5.5
Visakhapatnam,2019,12,3,3.9458,24.29,80.23,5.64
Visakhapatnam,2019,12,4,4.0615,23.61,79.23,5.79
Visakhapatnam,2019,12,5,3.4502,22.87,77.98,5.72
Visakhapatnam,2019,12,6,4.8283,22.55,77.15,5.12
Visakhapatnam,2019,12,7,4.6385,23.21,82.08,5.1
Visakhapatnam,2019,12,8,3.9226,24.01,83.57,4.49
Visakhapatnam,2019,12,9,4.0822,24.18,81.52,4.18
Visakhapatnam,2019,12,10,4.789,23.91,78.7,3.26
Visakhapatnam,2019,12,11,4.319,24.07,77.93,2.92
Visakhapatnam,2019,12,12,3.985,24.1,75.25,3.69
Visakhapatnam,2019,12,13,4.1731,23.72,82.69,3.96
Visakhapatnam,2019,12,14,4.1179,24.46,80.25,4.5
Visakhapatnam,2019,12,15,4.6354,23.96,79.96,4.72
Visakhapatnam,2019,12,16,4.1119,23.55,80.92,4.32
Visakhapatnam,2019,12,17,4.0949,23.67,83.67,5.06
Visakhapatnam,2019,12,18,3.6487,23.75,83.91,4.88
Visakhapatnam,2019,12,19,3.5225,23.34,79.58,4.5
Visakhapatnam,2019,12,20,3.7651,22.93,77.91,3.71
Visakhapatnam,2019,12,21,3.0934,23.09,80.37,3.41
Visakhapatnam,2019,12,22,4.176,22.8,79.83,3.84
Visakhapatnam,2019,12,23,3.4898,22.83,78.28,4.17
Visakhapatnam,2019,12,24,3.7524,22.74,79.96,5.23
Visakhapatnam,2019,12,25,4.554,23.06,74.87,3.56
Visakhapatnam,2019,12,26,3.6118,24.18,72.36,2.21
Visakhapatnam,2019,12,27,3.4891,24.41,74.2,1.64
Visakhapatnam,2019,12,28,2.8994,21.73,74.7,6.56
Visakhapatnam,2019,12,29,4.3987,21.08,70.98,5.43
Visakhapatnam,2019,12,30,4.5602,21.65,73.16,5.35
Visakhapatnam,2019,12,31,4.0944,21.87,79.52,5.55
Visakhapatnam,2020,1,1,2.7874,22.83,85.28,6.66
Visakhapatnam,2020,1,2,1.7554,23.51,86.95,6.13
Visakhapatnam,2020,1,3,3.7591,24.63,85.88,3.49
Visakhapatnam,2020,1,4,2.766,21.92,83.85,5.58
Visakhapatnam,2020,1,5,4.0313,22.74,83.35,5.48
Visakhapatnam,2020,1,6,4.1237,22.29,76.9,5.98
Visakhapatnam,2020,1,7,4.2967,21.5,78.4,4.59
Visakhapatnam,2020,1,8,4.8269,22.11,75.9,3.33
Visakhapatnam,2020,1,9,4.585,23.26,75.75,1.74
Visakhapatnam,2020,1,10,3.9341,23.03,84.28,4.38
Visakhapatnam,2020,1,11,3.8314,22.46,80.85,5.19
Visakhapatnam,2020,1,12,4.7981,21.26,69.84,4.44
Visakhapatnam,2020,1,13,4.9145,21.32,68.52,2.43
Visakhapatnam,2020,1,14,4.9301,21.94,69.81,2.4
Visakhapatnam,2020,1,15,4.915,22.48,73.78,3.13
Visakhapatnam,2020,1,16,4.9997,22.69,74.18,2.65
Visakhapatnam,2020,1,17,4.8226,23.5,74.34,3.07
Visakhapatnam,2020,1,18,5.0734,23.58,77.61,3.77
Visakhapatnam,2020,1,19,5.2661,24.05,73.76,3.33
Visakhapatnam,2020,1,20,5.0393,23.93,71.51,2.86
Visakhapatnam,2020,1,21,4.5518,23.67,78.09,4.28
Visakhapatnam,2020,1,22,4.3589,24.01,78.89,3.97
Visakhapatnam,2020,1,23,4.8211,23.97,75.33,2.76
Visakhapatnam,2020,1,24,4.8485,24.25,69.09,2.81
Visakhapatnam,2020,1,25,4.4316,24.17,77.76,3.22
Visakhapatnam,2020,1,26,4.8622,25.18,74.49,2.23
Visakhapatnam,2020,1,27,4.9627,24.41,70.28,2.61
Visakhapatnam,2020,1,28,4.4839,25.01,75.72,3.45
Visakhapatnam,2020,1,29,5.0494,25.48,76.41,4.02
Visakhapatnam,2020,1,30,4.8386,25.71,74.24,3.66
Visakhapatnam,2020,1,31,4.2564,24.7,76.33,2.9
Visakhapatnam,2020,2,1,2.6126,25.05,79.97,3.71
Visakhapatnam,2020,2,2,3.0653,24.41,82.94,4.75
Visakhapatnam,2020,2,3,3.4159,24.37,81.67,5.37
Visakhapatnam,2020,2,4,1.1059,24.62,78.78,3.88
Visakhapatnam,2020,2,5,4.733,25.42,75.88,3.56
Visakhapatnam,2020,2,6,4.434,25.47,74.23,2.64
Visakhapatnam,2020,2,7,5.1919,25.5,73.87,3.63
Visakhapatnam,2020,2,8,4.4623,24.87,77.36,3.23
Visakhapatnam,2020,2,9,3.8148,24.03,77.82,5.82
Visakhapatnam,2020,2,10,4.9308,23.86,77.01,5.91
Visakhapatnam,2020,2,11,4.9111,24.32,74.34,5.21
Visakhapatnam,2020,2,12,5.22,24.4,60.58,4.18
Visakhapatnam,2020,2,13,5.6568,24.95,58.49,2.5
Visakhapatnam,2020,2,14,5.9335,25.7,62.02,3.11
Visakhapatnam,2020,2,15,5.9386,26.1,65.91,3.04
Visakhapatnam,2020,2,16,5.772,25.93,67.53,2.39
Visakhapatnam,2020,2,17,5.6038,25.77,70.91,2.91
Visakhapatnam,2020,2,18,5.4523,25.64,71.43,2.39
Visakhapatnam,2020,2,19,4.9279,25.46,74.9,3.08
Visakhapatnam,2020,2,20,5.7103,25.41,69.6,3.25
Visakhapatnam,2020,2,21,6.3302,25.29,63.66,3.92
Visakhapatnam,2020,2,22,6.2249,24.95,64.59,4.51
Visakhapatnam,2020,2,23,6.2549,24.89,63.24,3.18
Visakhapatnam,2020,2,24,6.0674,26.24,67.92,2.86
Visakhapatnam,2020,2,25,4.5619,26.26,73.64,3.87
Visakhapatnam,2020,2,26,5.01,26.26,73.64,2.14
Visakhapatnam,2020,2,27,5.9172,25.64,62.77,4.52
Visakhapatnam,2020,2,28,5.9194,25.32,64.39,3.91
Visakhapatnam,2020,2,29,5.3818,25.35,69.2,3.16
Visakhapatnam,2020,3,1,5.773,25.79,67.03,2.93
Visakhapatnam,2020,3,2,5.5894,26.22,62.35,2.68
Visakhapatnam,2020,3,3,5.8205,26.48,64.96,2.92
Visakhapatnam,2020,3,4,5.5322,26.56,68.71,3.63
Visakhapatnam,2020,3,5,5.7593,26.55,71.86,3.87
Visakhapatnam,2020,3,6,5.1262,26.64,75.19,4
Visakhapatnam,2020,3,7,4.2034,27.05,75.89,4.94
Visakhapatnam,2020,3,8,6.0458,26.89,76.53,3.64
Visakhapatnam,2020,3,9,5.7098,27.24,73.02,2.26
Visakhapatnam,2020,3,10,5.9645,27.31,70.84,3.02
Visakhapatnam,2020,3,11,6.4277,27.28,74.84,4.15
Visakhapatnam,2020,3,12,6.3048,27.49,76.57,3.68
Visakhapatnam,2020,3,13,6.8563,27.67,70.49,2.43
Visakhapatnam,2020,3,14,6.8767,27.37,69.81,2.35
Visakhapatnam,2020,3,15,6.5825,27.33,71.8,3.09
Visakhapatnam,2020,3,16,6.6353,27.42,70.45,2.47
Visakhapatnam,2020,3,17,6.4178,27.64,70.67,2.52
Visakhapatnam,2020,3,18,6.1764,28.53,65.6,3.2
Visakhapatnam,2020,3,19,5.6957,28.81,68,2.03
Visakhapatnam,2020,3,20,5.9878,27.86,66.72,2.32
Visakhapatnam,2020,3,21,6.2899,28.09,66.34,3.66
Visakhapatnam,2020,3,22,6.1474,27.96,71.63,4.38
Visakhapatnam,2020,3,23,5.8865,27.81,72.81,2.71
Visakhapatnam,2020,3,24,6.3636,27.93,69.52,2.78
Visakhapatnam,2020,3,25,6.167,28.38,68.44,3.26
Visakhapatnam,2020,3,26,6.6343,29.01,62.64,3.31
Visakhapatnam,2020,3,27,6.5731,29.15,62.66,4.19
Visakhapatnam,2020,3,28,6.0864,29.84,62.66,3.81
Visakhapatnam,2020,3,29,6.18,30.26,59.48,3.54
Visakhapatnam,2020,3,30,5.8855,30.05,62.72,2.9
Visakhapatnam,2020,3,31,6.2904,30.33,60.89,3.01
Visakhapatnam,2020,4,1,6.571,30.09,65.06,3.8
Visakhapatnam,2020,4,2,6.5702,30.23,65.8,4.68
Visakhapatnam,2020,4,3,6.3012,29.91,66.47,4.52
Visakhapatnam,2020,4,4,5.9921,29.72,64.14,3.36
Visakhapatnam,2020,4,5,6.313,29.74,62.82,3.47
Visakhapatnam,2020,4,6,6.1824,29.98,65.79,3.36
Visakhapatnam,2020,4,7,5.9417,29.71,70.18,3.84
Visakhapatnam,2020,4,8,5.8147,30.19,67.63,4.46
Visakhapatnam,2020,4,9,3.7126,29.67,69.06,3.87
Visakhapatnam,2020,4,10,6.6194,29.77,66.52,3.57
Visakhapatnam,2020,4,11,6.445,29.82,65.99,2.99
Visakhapatnam,2020,4,12,6.9554,29.97,63.64,2.99
Visakhapatnam,2020,4,13,6.769,30.53,61.3,4.56
Visakhapatnam,2020,4,14,6.5933,30.38,60.04,4.46
Visakhapatnam,2020,4,15,6.4169,30.49,62.21,4.97
Visakhapatnam,2020,4,16,6.289,30.33,63.04,5.3
Visakhapatnam,2020,4,17,6.5798,30.04,67.2,6.03
Visakhapatnam,2020,4,18,6.0295,30.02,70.11,5.49
Visakhapatnam,2020,4,19,6.1325,30.11,68.7,4.73
Visakhapatnam,2020,4,20,6.3682,30.52,67.43,4.48
Visakhapatnam,2020,4,21,6.7843,30.5,65.31,4.86
Visakhapatnam,2020,4,22,6.8407,30.07,71.02,5.01
Visakhapatnam,2020,4,23,6.8904,30.19,74.98,5.15
Visakhapatnam,2020,4,24,7.0433,30.39,74.14,6.01
Visakhapatnam,2020,4,25,4.1866,30.15,77.02,5.88
Visakhapatnam,2020,4,26,6.4135,29.43,81.77,4.05
Visakhapatnam,2020,4,27,5.935,29.35,75.73,3.05
Visakhapatnam,2020,4,28,6.6648,29.52,69.86,2.62
Visakhapatnam,2020,4,29,6.6646,30.15,70.19,3.6
Visakhapatnam,2020,4,30,7.0524,30.05,73.41,4.09
Visakhapatnam,2020,5,1,6.9564,30.72,71.65,4.04
Visakhapatnam,2020,5,2,6.8621,30.62,71.47,4.21
Visakhapatnam,2020,5,3,6.7488,31.04,71.39,5.2
Visakhapatnam,2020,5,4,5.7031,30.8,73.51,4.68
Visakhapatnam,2020,5,5,6.9209,30.55,74.63,4.43
Visakhapatnam,2020,5,6,6.8038,30.53,74.04,4.66
Visakhapatnam,2020,5,7,6.9746,30.54,73.08,4.87
Visakhapatnam,2020,5,8,7.1482,31.11,70.28,4.58
Visakhapatnam,2020,5,9,6.948,31.43,67.27,3.69
Visakhapatnam,2020,5,10,6.5407,31.15,68.61,3.87
Visakhapatnam,2020,5,11,6.3823,30.31,69.41,2.51
Visakhapatnam,2020,5,12,6.9432,30.55,64.36,2.58
Visakhapatnam,2020,5,13,7.4806,30.43,65.09,2.77
Visakhapatnam,2020,5,14,7.4981,30.34,70.88,3.07
Visakhapatnam,2020,5,15,7.1858,30.45,69.7,2.92
Visakhapatnam,2020,5,16,6.4817,30.64,71.71,3.04
Visakhapatnam,2020,5,17,7.1695,30.78,69.81,5.23
Visakhapatnam,2020,5,18,2.3707,29.98,69.85,7.68
Visakhapatnam,2020,5,19,1.7004,31.5,58.06,6.51
Visakhapatnam,2020,5,20,4.4971,33.22,46.38,2.54
Visakhapatnam,2020,5,21,6.018,32.2,60.61,4.11
Visakhapatnam,2020,5,22,6.6132,31.8,63.79,3.55
Visakhapatnam,2020,5,23,6.8153,31.01,78.58,4.86
Visakhapatnam,2020,5,24,6.311,30.93,76.78,5.81
Visakhapatnam,2020,5,25,6.1716,30.6,76.77,6.6
Visakhapatnam,2020,5,26,6.4949,30.66,73.56,6.8
Visakhapatnam,2020,5,27,6.5976,30.92,73.63,6.78
Visakhapatnam,2020,5,28,6.2498,30.23,84.07,5.88
Visakhapatnam,2020,5,29,5.8841,30.71,81.9,4.37
Visakhapatnam,2020,5,30,4.2067,29.98,82.49,4.08
Visakhapatnam,2020,5,31,6.5206,29.98,82.37,4.02
Visakhapatnam,2020,6,1,6.4454,30.73,74.54,4.24
Visakhapatnam,2020,6,2,6.5386,30.86,69.5,5.55
Visakhapatnam,2020,6,3,6.2815,30.96,71.32,4.8
Visakhapatnam,2020,6,4,4.657,30.55,76.27,6.19
Visakhapatnam,2020,6,5,3.3046,30.08,77.61,5.05
Visakhapatnam,2020,6,6,6.6305,30.66,74.79,5.93
Visakhapatnam,2020,6,7,3.8952,31.1,72.27,5.76
Visakhapatnam,2020,6,8,3.9727,29.99,77.59,5.6
Visakhapatnam,2020,6,9,3.925,28.43,86.21,3.39
Visakhapatnam,2020,6,10,4.0546,28.93,79.9,1.64
Visakhapatnam,2020,6,11,1.9006,28.23,84.87,1.94
Visakhapatnam,2020,6,12,1.5833,28.58,84.39,4.76
Visakhapatnam,2020,6,13,5.7053,28.99,82.56,7.08
Visakhapatnam,2020,6,14,4.6538,29.14,80.48,7.43
Visakhapatnam,2020,6,15,5.1593,28.86,83.38,6.75
Visakhapatnam,2020,6,16,2.3928,29.15,85.93,6.86
Visakhapatnam,2020,6,17,3.3826,28.89,85.92,8.38
Visakhapatnam,2020,6,18,3.5566,28.83,83.82,6
Visakhapatnam,2020,6,19,5.5495,29.02,83.79,5.45
Visakhapatnam,2020,6,20,3.7565,29.17,81.94,4.24
Visakhapatnam,2020,6,21,3.1025,28.59,84.48,5.51
Visakhapatnam,2020,6,22,6.4778,29.19,82.16,5.72
Visakhapatnam,2020,6,23,6.7402,29.1,81.48,4.4
Visakhapatnam,2020,6,24,6.6466,28.79,86.01,2.98
Visakhapatnam,2020,6,25,7.128,28.63,86,2.8
Visakhapatnam,2020,6,26,6.1946,28.66,83.26,2.94
Visakhapatnam,2020,6,27,6.7068,28.96,83.65,3.7
Visakhapatnam,2020,6,28,5.2313,28.96,85.15,3.26
Visakhapatnam,2020,6,29,6.0864,28.69,86.95,2.63
Visakhapatnam,2020,6,30,6.8242,28.57,84.97,2.68
Visakhapatnam,2020,7,1,4.3519,29,81.64,3.44
Visakhapatnam,2020,7,2,6.301,29.01,84.58,5.86
Visakhapatnam,2020,7,3,3.1135,28.96,83.91,6.4
Visakhapatnam,2020,7,4,2.1182,28.05,88.12,6.87
Visakhapatnam,2020,7,5,3.725,28.64,82.51,7.96
Visakhapatnam,2020,7,6,1.9896,28.91,80.49,7.94
Visakhapatnam,2020,7,7,5.261,28.83,82.9,5.71
Visakhapatnam,2020,7,8,5.1362,28.77,84.75,4.89
Visakhapatnam,2020,7,9,5.9815,28.52,85.97,4.63
Visakhapatnam,2020,7,10,6.3007,28.41,86.03,7.05
Visakhapatnam,2020,7,11,5.6954,28.8,83.66,5.15
Visakhapatnam,2020,7,12,5.863,28.98,85.04,4.69
Visakhapatnam,2020,7,13,4.9159,28.25,86.42,4.29
Visakhapatnam,2020,7,14,3.3674,27.61,90.45,5.97
Visakhapatnam,2020,7,15,2.6122,27.84,88.14,6.67
Visakhapatnam,2020,7,16,4.907,28.01,83.84,7.3
Visakhapatnam,2020,7,17,2.8085,28.6,81.46,6.46
Visakhapatnam,2020,7,18,6.9096,28.46,83.58,4.63
Visakhapatnam,2020,7,19,6.5357,28.43,84.59,4.63
Visakhapatnam,2020,7,20,5.8502,28.7,87.36,6.04
Visakhapatnam,2020,7,21,6.2762,28.6,85.69,5.31
Visakhapatnam,2020,7,22,4.5245,28.52,85.15,4.77
Visakhapatnam,2020,7,23,2.6599,27.23,85.83,4.98
Visakhapatnam,2020,7,24,3.1673,27.65,85.39,4.53
Visakhapatnam,2020,7,25,6.5616,28,84.01,2.5
Visakhapatnam,2020,7,26,6.7051,28.88,80.69,3.29
Visakhapatnam,2020,7,27,6.2477,29.65,79.84,2.73
Visakhapatnam,2020,7,28,6.4217,29.04,84.04,2.27
Visakhapatnam,2020,7,29,6.3523,28.94,82.22,2.3
Visakhapatnam,2020,7,30,6.1874,29.33,76.74,1.46
Visakhapatnam,2020,7,31,6.6132,28.84,81.27,2.4
Visakhapatnam,2020,8,1,4.261,29.24,83.48,4.1
Visakhapatnam,2020,8,2,5.8092,29.19,83.87,5.21
Visakhapatnam,2020,8,3,3.2767,28.87,85.05,5.54
Visakhapatnam,2020,8,4,2.742,28.3,86.64,7.85
Visakhapatnam,2020,8,5,3.1097,27.87,88.13,9.25
Visakhapatnam,2020,8,6,3.6672,28.6,85.25,6.98
Visakhapatnam,2020,8,7,4.1438,28.88,86.21,5.55
Visakhapatnam,2020,8,8,4.8322,28.76,87.84,4.84
Visakhapatnam,2020,8,9,2.5094,28.06,89.47,5.57
Visakhapatnam,2020,8,10,3.6434,28.19,87.26,6.48
Visakhapatnam,2020,8,11,5.5397,28.56,85.29,6.53
Visakhapatnam,2020,8,12,2.0556,27.98,89.33,7.3
Visakhapatnam,2020,8,13,1.2576,27.61,89.79,8.09
Visakhapatnam,2020,8,14,1.6414,27.07,88.88,8.82
Visakhapatnam,2020,8,15,1.7242,27.15,87.26,10.36
Visakhapatnam,2020,8,16,3.3283,27.41,87.33,8.67
Visakhapatnam,2020,8,17,5.165,28.3,84.95,7.97
Visakhapatnam,2020,8,18,3.768,28.64,86.51,7.04
Visakhapatnam,2020,8,19,3.2074,27.84,90.45,6.82
Visakhapatnam,2020,8,20,3.593,27.68,89.06,8.7
Visakhapatnam,2020,8,21,4.903,27.88,87.59,8.67
Visakhapatnam,2020,8,22,4.2542,27.61,89.11,6.74
Visakhapatnam,2020,8,23,5.6258,27.52,91.22,5.74
Visakhapatnam,2020,8,24,4.5593,27.45,91.33,5.64
Visakhapatnam,2020,8,25,4.0164,27.47,91.16,4.9
Visakhapatnam,2020,8,26,3.1032,27.52,90.78,5.59
Visakhapatnam,2020,8,27,5.0486,27.46,88.28,6.54
Visakhapatnam,2020,8,28,6.1114,27.82,87.53,5.53
Visakhapatnam,2020,8,29,6.366,28.16,88.19,4.46
Visakhapatnam,2020,8,30,6.5052,28.35,87.29,3.9
Visakhapatnam,2020,8,31,5.934,29.23,82.14,1.82
Visakhapatnam,2020,9,1,5.1919,28.98,85.34,2.11
Visakhapatnam,2020,9,2,3.906,27.71,84.87,3.59
Visakhapatnam,2020,9,3,6.1918,27.94,84.32,2.09
Visakhapatnam,2020,9,4,6.7608,28.08,84.3,2.44
Visakhapatnam,2020,9,5,6.9427,28.4,83,2.06
Visakhapatnam,2020,9,6,6.4306,28.68,82.82,3.14
Visakhapatnam,2020,9,7,6.7774,28.61,83.44,3.14
Visakhapatnam,2020,9,8,6.4675,28.46,85.34,2.58
Visakhapatnam,2020,9,9,6.612,28.54,85.08,2.33
Visakhapatnam,2020,9,10,6.0002,28.51,84.93,2.45
Visakhapatnam,2020,9,11,6.5292,28.85,83.95,3.3
Visakhapatnam,2020,9,12,5.8358,28.74,77.89,1.89
Visakhapatnam,2020,9,13,5.5457,28.46,87.34,4
Visakhapatnam,2020,9,14,5.7041,28.11,86.96,3.72
Visakhapatnam,2020,9,15,5.5838,28.55,87.19,4.54
Visakhapatnam,2020,9,16,5.2615,28.38,86.83,5.14
Visakhapatnam,2020,9,17,4.3975,28.51,87.18,3.96
Visakhapatnam,2020,9,18,5.6398,29.2,83.95,1.81
Visakhapatnam,2020,9,19,5.611,28.76,84.43,1.66
Visakhapatnam,2020,9,20,3.5945,28.17,81.16,2.06
Visakhapatnam,2020,9,21,1.961,27.95,87.92,6.36
Visakhapatnam,2020,9,22,2.9095,28.03,84.68,8.07
Visakhapatnam,2020,9,23,4.9759,28.57,83.2,6.13
Visakhapatnam,2020,9,24,5.3359,28.59,82.52,5.24
Visakhapatnam,2020,9,25,2.5752,27.72,89.9,7.24
Visakhapatnam,2020,9,26,2.6196,27.67,87.15,6.72
Visakhapatnam,2020,9,27,4.4813,28.14,83.15,3.04
Visakhapatnam,2020,9,28,5.2987,28.95,78.03,1.66
Visakhapatnam,2020,9,29,3.5957,28.7,80.28,1.84
Visakhapatnam,2020,9,30,2.2073,28.08,84.56,3.12
Visakhapatnam,2020,10,1,2.1766,27.67,82.22,3.44
Visakhapatnam,2020,10,2,4.3457,28.42,74.71,1.94
Visakhapatnam,2020,10,3,4.8994,28.31,81.58,1.84
Visakhapatnam,2020,10,4,2.7785,28.17,86.68,3.01
Visakhapatnam,2020,10,5,4.8094,27.51,85.13,1.66
Visakhapatnam,2020,10,6,4.7916,27.83,83.36,1.79
Visakhapatnam,2020,10,7,4.2696,28,85.39,2.77
Visakhapatnam,2020,10,8,4.9639,28.13,86.59,3.16
Visakhapatnam,2020,10,9,5.1454,28.26,83.64,1.88
Visakhapatnam,2020,10,10,2.8692,27.55,82.41,1.97
Visakhapatnam,2020,10,11,3.5148,27.72,87.37,4.45
Visakhapatnam,2020,10,12,0.6775,27.73,90.6,8.46
Visakhapatnam,2020,10,13,4.7393,28.3,87.68,7.71
Visakhapatnam,2020,10,14,3.8035,27.95,87.05,3.4
Visakhapatnam,2020,10,15,2.917,27.76,83.74,2.73
Visakhapatnam,2020,10,16,4.9939,27.37,85.62,2.31
Visakhapatnam,2020,10,17,5.6602,27.78,86.9,3.97
Visakhapatnam,2020,10,18,5.699,27.84,86.98,4.03
Visakhapatnam,2020,10,19,4.3445,27.43,88.93,5.27
Visakhapatnam,2020,10,20,4.6819,27.39,87.39,5.59
Visakhapatnam,2020,10,21,1.8132,28.02,85.9,5.84
Visakhapatnam,2020,10,22,2.1396,28.34,82.1,3.34
Visakhapatnam,2020,10,23,3.9578,29.19,75.36,1.89
Visakhapatnam,2020,10,24,4.3836,28.33,79.55,1.81
Visakhapatnam,2020,10,25,4.6195,27.89,81.82,2.63
Visakhapatnam,2020,10,26,4.9015,27.13,85.5,3.66
Visakhapatnam,2020,10,27,4.2034,27.25,77.62,4.7
Visakhapatnam,2020,10,28,3.7618,26.94,75.71,5.06
Visakhapatnam,2020,10,29,5.0143,26.49,69.98,4.56
Visakhapatnam,2020,10,30,5.0688,26.98,71.61,4.12
Visakhapatnam,2020,10,31,4.6589,26.95,73.5,2.97
Visakhapatnam,2020,11,1,5.275,27.36,76.97,2.7
Visakhapatnam,2020,11,2,4.6435,27.46,81.41,2.43
Visakhapatnam,2020,11,3,5.0268,27.11,85.22,4.18
Visakhapatnam,2020,11,4,5.0131,26.93,88.18,4.03
Visakhapatnam,2020,11,5,4.6879,26.88,87.25,3.99
Visakhapatnam,2020,11,6,4.2912,26.61,82.24,5.6
Visakhapatnam,2020,11,7,4.5797,26.23,79.73,5.33
Visakhapatnam,2020,11,8,5.4631,25.04,71.52,5.45
Visakhapatnam,2020,11,9,5.5399,24.16,69.87,5.18
Visakhapatnam,2020,11,10,5.4768,24.58,81.86,6.3
Visakhapatnam,2020,11,11,1.3145,26.67,87.1,6.97
Visakhapatnam,2020,11,12,1.6478,26.83,86.78,6.32
Visakhapatnam,2020,11,13,5.5164,26.12,83.94,5.96
Visakhapatnam,2020,11,14,5.4223,25.91,83.91,6.17
Visakhapatnam,2020,11,15,5.0381,26.33,85.1,6.52
Visakhapatnam,2020,11,16,4.9723,26.2,83.21,5.28
Visakhapatnam,2020,11,17,5.0954,25.81,83.37,4.3
Visakhapatnam,2020,11,18,5.0863,26.14,80.55,3.18
Visakhapatnam,2020,11,19,4.9373,26.12,78.9,2.39
Visakhapatnam,2020,11,20,4.7119,26.4,76.15,1.67
Visakhapatnam,2020,11,21,5.0537,26.38,75.98,1.66
Visakhapatnam,2020,11,22,4.1844,25.68,84.19,3.93
Visakhapatnam,2020,11,23,3.0437,25.45,85.16,6.35
Visakhapatnam,2020,11,24,4.3174,24.81,79.75,6.46
Visakhapatnam,2020,11,25,2.4461,24.31,84.7,7.84
Visakhapatnam,2020,11,26,0.9494,23.92,89.57,7.53
Visakhapatnam,2020,11,27,2.1581,24.2,88.13,7.97
Visakhapatnam,2020,11,28,2.045,24.59,85.05,6.16
Visakhapatnam,2020,11,29,5.1499,24.29,80.99,5.89
Visakhapatnam,2020,11,30,4.9932,23.69,76.73,5.47
Visakhapatnam,2020,12,1,4.6697,23.76,78.97,5.49
Visakhapatnam,2020,12,2,4.7126,23.58,78.59,5.46
Visakhapatnam,2020,12,3,4.1868,23.85,82.1,5.45
Visakhapatnam,2020,12,4,4.3903,23.82,82.5,5.71
Visakhapatnam,2020,12,5,4.3308,23.85,84.01,6.1
Visakhapatnam,2020,12,6,4.4926,23.64,80.78,6.38
Visakhapatnam,2020,12,7,4.776,23.54,79.3,5.57
Visakhapatnam,2020,12,8,4.8958,23.61,76.15,4.38
Visakhapatnam,2020,12,9,4.8713,23.62,70.37,2.91
Visakhapatnam,2020,12,10,4.6706,23.51,74.41,2.77
Visakhapatnam,2020,12,11,3.9298,23.69,73,2.37
Visakhapatnam,2020,12,12,4.3133,23.98,76.01,2.3
Visakhapatnam,2020,12,13,4.0766,24.14,73.15,1.97
Visakhapatnam,2020,12,14,4.2233,23.91,76.88,3.08
Visakhapatnam,2020,12,15,3.841,23.99,83.65,4.99
Visakhapatnam,2020,12,16,4.0555,24.05,82.89,5.18
Visakhapatnam,2020,12,17,4.1621,24.22,81.38,4.76
Visakhapatnam,2020,12,18,2.916,24.03,84.17,4.87
Visakhapatnam,2020,12,19,3.751,23.24,76.51,5.19
Visakhapatnam,2020,12,20,4.6109,21.94,70.04,5.13
Visakhapatnam,2020,12,21,4.5994,21.3,64.21,4.25
Visakhapatnam,2020,12,22,4.465,21.4,64.87,3.75
Visakhapatnam,2020,12,23,4.2223,21.68,65.33,3.32
Visakhapatnam,2020,12,24,4.1292,22.02,70.71,3.41
Visakhapatnam,2020,12,25,3.8318,22.22,72.34,4.27
Visakhapatnam,2020,12,26,4.0174,22.02,73.38,4.58
Visakhapatnam,2020,12,27,3.8707,21.94,74.86,3.92
Visakhapatnam,2020,12,28,4.2442,22.06,74.83,3.65
Visakhapatnam,2020,12,29,3.8741,22.2,73.54,4.38
Visakhapatnam,2020,12,30,3.816,22.64,76.96,5.32
Visakhapatnam,2020,12,31,3.7464,22.69,76.54,5.39
Visakhapatnam,2021,1,1,3.8496,22.54,76.62,5.36
Visakhapatnam,2021,1,2,3.9569,22.19,75.7,4.89
Visakhapatnam,2021,1,3,4.4081,22.32,75.2,4.76
Visakhapatnam,2021,1,4,4.5242,22.68,80.72,4.52
Visakhapatnam,2021,1,5,4.386,24,79.52,3.98
Visakhapatnam,2021,1,6,3.4435,24.24,78.6,4.1
Visakhapatnam,2021,1,7,4.6226,24.13,78.94,3.67
Visakhapatnam,2021,1,8,5.2915,23.57,79.04,3.89
Visakhapatnam,2021,1,9,4.8655,23.91,79.16,4.31
Visakhapatnam,2021,1,10,4.7491,24.26,76.32,3.29
Visakhapatnam,2021,1,11,4.5048,24.84,75.47,2.59
Visakhapatnam,2021,1,12,4.4294,24.98,75.23,2.96
Visakhapatnam,2021,1,13,4.2989,24.96,78.86,2.7
Visakhapatnam,2021,1,14,4.1184,24.78,78.56,2.78
Visakhapatnam,2021,1,15,4.1366,24.25,80.71,2.43
Visakhapatnam,2021,1,16,4.4566,24.34,78.73,2.13
Visakhapatnam,2021,1,17,4.3044,24.56,75.92,2.64
Visakhapatnam,2021,1,18,3.5194,24.14,75.19,4.02
Visakhapatnam,2021,1,19,4.3668,24.32,69.92,2.12
Visakhapatnam,2021,1,20,4.5012,24.75,64.85,1.9
Visakhapatnam,2021,1,21,3.8232,24.93,68.46,2.16
Visakhapatnam,2021,1,22,3.7524,24.53,78.17,3.65
Visakhapatnam,2021,1,23,4.1789,24.4,74.28,2.72
Visakhapatnam,2021,1,24,4.6279,25.09,77.28,2.42
Visakhapatnam,2021,1,25,4.7376,25.2,78.57,2.7
Visakhapatnam,2021,1,26,4.2151,24.87,77.66,2.53
Visakhapatnam,2021,1,27,3.8722,25.12,72.44,2.16
Visakhapatnam,2021,1,28,3.2482,24.86,80.12,4.05
Visakhapatnam,2021,1,29,3.6307,25.04,75.85,3.06
Visakhapatnam,2021,1,30,3.9761,25.67,71.05,2.27
Visakhapatnam,2021,1,31,3.3691,24.69,75.97,3.67
Visakhapatnam,2021,2,1,3.1025,24.01,72.93,4.77
Visakhapatnam,2021,2,2,5.1948,23.65,59.33,4.37
Visakhapatnam,2021,2,3,5.5718,23.88,59.91,3.31
Visakhapatnam,2021,2,4,5.3825,24.01,59.48,2.99
Visakhapatnam,2021,2,5,5.5682,24.19,61.24,2.57
Visakhapatnam,2021,2,6,5.4888,24.4,61.82,3.06
Visakhapatnam,2021,2,7,5.455,24.58,63.75,3.54
Visakhapatnam,2021,2,8,5.3026,24.15,70.6,4.19
Visakhapatnam,2021,2,9,5.3873,23.93,66.74,2.89
Visakhapatnam,2021,2,10,5.5111,23.89,68.8,2.58
Visakhapatnam,2021,2,11,5.5111,24.4,65.64,2.45
Visakhapatnam,2021,2,12,5.7624,24.51,62.44,2.27
Visakhapatnam,2021,2,13,5.4526,24.8,59.45,2.22
Visakhapatnam,2021,2,14,5.5666,24.81,63,2.42
Visakhapatnam,2021,2,15,5.2975,25.48,65.24,2.88
Visakhapatnam,2021,2,16,5.2754,25.71,68.18,3.09
Visakhapatnam,2021,2,17,5.2279,25.2,71.53,2.69
Visakhapatnam,2021,2,18,5.1982,25.05,75.07,3.79
Visakhapatnam,2021,2,19,4.1071,24.97,73.73,5.12
Visakhapatnam,2021,2,20,2.0594,24.19,75.65,5.46
Visakhapatnam,2021,2,21,4.2422,24.98,73.5,4.66
Visakhapatnam,2021,2,22,5.801,25.67,64.84,3.52
Visakhapatnam,2021,2,23,5.7449,26.01,61.35,2.12
Visakhapatnam,2021,2,24,5.7876,26.19,64.86,3.05
Visakhapatnam,2021,2,25,5.8166,27.03,63.72,3.6
Visakhapatnam,2021,2,26,6.1109,27.61,58.16,3.35
Visakhapatnam,2021,2,27,5.533,27.91,63.57,3.09
Visakhapatnam,2021,2,28,5.6318,27.66,66.13,3.15
Visakhapatnam,2021,3,1,6.0278,27.27,71.2,4.39
Visakhapatnam,2021,3,2,6.145,27.61,65.51,4.38
Visakhapatnam,2021,3,3,6.2772,27.44,60.46,2.56
Visakhapatnam,2021,3,4,6.2587,26.88,65.03,2.78
Visakhapatnam,2021,3,5,6.3768,27.3,64.13,4.31
Visakhapatnam,2021,3,6,6.0912,27.9,63.48,4.67
Visakhapatnam,2021,3,7,5.2591,27.65,66.27,3.37
Visakhapatnam,2021,3,8,5.4682,26.96,75.3,2.92
Visakhapatnam,2021,3,9,6.0175,26.63,74.11,3.63
Visakhapatnam,2021,3,10,5.7751,27.15,72.14,4.62
Visakhapatnam,2021,3,11,5.4703,27.45,71.68,4.15
Visakhapatnam,2021,3,12,5.9198,27.01,68.86,3.15
Visakhapatnam,2021,3,13,6.4224,27,59.56,2.74
Visakhapatnam,2021,3,14,5.7643,27.11,62.22,2.26
Visakhapatnam,2021,3,15,5.4583,27.68,65.36,2.39
Visakhapatnam,2021,3,16,5.7696,28.11,68.32,2.83
Visakhapatnam,2021,3,17,6.0811,28.08,67.21,3.32
Visakhapatnam,2021,3,18,5.4509,28.08,64.76,3.57
Visakhapatnam,2021,3,19,4.9284,28.11,60.89,3.62
Visakhapatnam,2021,3,20,4.0481,28.88,58.8,3.61
Visakhapatnam,2021,3,21,4.4352,29.39,61.51,3.01
Visakhapatnam,2021,3,22,5.1811,29.07,65.53,2.3
Visakhapatnam,2021,3,23,6.3622,29.17,53.87,1.81
Visakhapatnam,2021,3,24,6.1502,29.38,49.02,2.27
Visakhapatnam,2021,3,25,5.4962,29.45,50.38,2.33
Visakhapatnam,2021,3,26,5.4082,29.64,54.32,2.74
Visakhapatnam,2021,3,27,4.5768,29.39,64.37,3.08
Visakhapatnam,2021,3,28,5.0246,29.2,68.79,3.79
Visakhapatnam,2021,3,29,6.09,29.72,68.98,5.22
Visakhapatnam,2021,3,30,5.9623,30.41,64.38,5.76
Visakhapatnam,2021,3,31,6.5494,31.06,56.81,5.65
Visakhapatnam,2021,4,1,6.1104,30.58,56.21,4.88
Visakhapatnam,2021,4,2,4.8506,30.27,73.19,4.02
Visakhapatnam,2021,4,3,4.7083,29.23,78.44,2.52
Visakhapatnam,2021,4,4,5.7454,29.1,74.48,2.37
Visakhapatnam,2021,4,5,5.815,28.83,73.76,2.82
Visakhapatnam,2021,4,6,6.209,28.84,71.33,3.4
Visakhapatnam,2021,4,7,6.2388,28.91,70.38,4.64
Visakhapatnam,2021,4,8,5.6004,29.16,70.25,5.4
Visakhapatnam,2021,4,9,5.3342,28.69,71.4,4.03
Visakhapatnam,2021,4,10,5.9628,28.46,72.75,3.15
Visakhapatnam,2021,4,11,6.8004,28.71,70.09,3.18
Visakhapatnam,2021,4,12,6.7265,29.59,66.12,2.84
Visakhapatnam,2021,4,13,6.7865,29.92,67.12,3.19
Visakhapatnam,2021,4,14,6.9602,29.77,68.63,3.1
Visakhapatnam,2021,4,15,3.4567,29.14,69.6,3.22
Visakhapatnam,2021,4,16,7.1165,29.46,66.46,3.96
Visakhapatnam,2021,4,17,7.1702,29.56,68.64,3.56
Visakhapatnam,2021,4,18,6.4322,29.7,70.06,3.28
Visakhapatnam,2021,4,19,6.3636,30.09,70.02,4.36
Visakhapatnam,2021,4,20,6.1022,29.82,72.44,4.97
Visakhapatnam,2021,4,21,6.1286,29.97,71.22,4.5
Visakhapatnam,2021,4,22,5.9102,29.92,70.29,4.06
Visakhapatnam,2021,4,23,4.8341,30.04,69.9,3.41
Visakhapatnam,2021,4,24,6.9497,30.13,69.34,3.2
Visakhapatnam,2021,4,25,7.0078,30.3,68.47,3.98
Visakhapatnam,2021,4,26,6.5074,29.94,68.79,4.59
Visakhapatnam,2021,4,27,6.2462,30.37,69.16,4.6
Visakhapatnam,2021,4,28,6.625,30.22,71.2,4.21
Visakhapatnam,2021,4,29,5.9818,29.43,73.91,3.27
Visakhapatnam,2021,4,30,6.2638,29.54,72.33,3.63
Visakhapatnam,2021,5,1,5.5442,29.65,71.89,3.7
Visakhapatnam,2021,5,2,6.1728,29.72,71.88,3.86
Visakhapatnam,2021,5,3,6.3866,29.76,70.77,3.38
Visakhapatnam,2021,5,4,5.9138,29.86,71.87,3.92
Visakhapatnam,2021,5,5,6.63,30.09,70.43,3.79
Visakhapatnam,2021,5,6,6.6516,29.89,71.84,3.43
Visakhapatnam,2021,5,7,7.2108,29.73,74.16,3.09
Visakhapatnam,2021,5,8,7.2103,30.15,70.43,2.84
Visakhapatnam,2021,5,9,6.9146,30.14,71.35,3.32
Visakhapatnam,2021,5,10,6.797,30.4,73.55,4.21
Visakhapatnam,2021,5,11,5.8406,30.5,75.59,4.67
Visakhapatnam,2021,5,12,6.9538,30.79,73.71,4.56
Visakhapatnam,2021,5,13,6.9048,31.49,73.28,5.53
Visakhapatnam,2021,5,14,6.5858,29.96,81.31,3.51
Visakhapatnam,2021,5,15,7.0853,30.15,78.87,3.11
Visakhapatnam,2021,5,16,7.0193,29.96,83.29,4.04
Visakhapatnam,2021,5,17,7.0819,30.3,81.84,3.67
Visakhapatnam,2021,5,18,7.3186,30.78,78.69,4.5
Visakhapatnam,2021,5,19,7.2574,30.92,77.61,5.58
Visakhapatnam,2021,5,20,7.2187,30.93,76.78,6.13
Visakhapatnam,2021,5,21,6.1846,30.54,78.05,4.49
Visakhapatnam,2021,5,22,4.4647,29.01,80.84,2.56
Visakhapatnam,2021,5,23,4.3572,30.64,69.86,3.63
Visakhapatnam,2021,5,24,1.1597,31.81,67.08,3.52
Visakhapatnam,2021,5,25,2.0023,31.27,53.1,3.85
Visakhapatnam,2021,5,26,5.8615,32.58,49.58,6.13
Visakhapatnam,2021,5,27,6.5858,33.47,54.38,4.05
Visakhapatnam,2021,5,28,6.3463,32.42,66.41,4.7
Visakhapatnam,2021,5,29,6.3041,31,78.22,3.05
Visakhapatnam,2021,5,30,6.1498,32.06,71.1,3.65
Visakhapatnam,2021,5,31,2.8733,31.28,77.71,3.63
Visakhapatnam,2021,6,1,6.1675,30.84,77.01,2.81
Visakhapatnam,2021,6,2,5.467,30.45,78.84,2.58
Visakhapatnam,2021,6,3,6.2417,29.99,78.31,2.82
Visakhapatnam,2021,6,4,6.9096,30.2,78.19,3.7
Visakhapatnam,2021,6,5,7.2718,30.72,75.34,5.32
Visakhapatnam,2021,6,6,7.2871,30.8,71.63,5.65
Visakhapatnam,2021,6,7,7.1434,30.94,73.22,5.65
Visakhapatnam,2021,6,8,5.6009,31.25,74.57,4.85
Visakhapatnam,2021,6,9,5.6191,29.5,81.4,5.9
Visakhapatnam,2021,6,10,2.6021,29.18,81.29,6.12
Visakhapatnam,2021,6,11,2.0777,29.52,77.12,6.48
Visakhapatnam,2021,6,12,2.0126,29.46,77.4,5.34
Visakhapatnam,2021,6,13,2.934,29.22,79.03,6.6
Visakhapatnam,2021,6,14,2.3551,29.55,75.7,6.75
Visakhapatnam,2021,6,15,3.8256,29.95,73.74,6.32
Visakhapatnam,2021,6,16,5.4804,30.46,71.56,6.66
Visakhapatnam,2021,6,17,4.6102,29.51,74.17,6.34
Visakhapatnam,2021,6,18,2.8865,29.66,74.61,5.4
Visakhapatnam,2021,6,19,4.758,30.25,73.11,6.49
Visakhapatnam,2021,6,20,5.1924,30.46,69.72,5.33
Visakhapatnam,2021,6,21,6.456,30.91,68.46,3.88
Visakhapatnam,2021,6,22,2.8512,29.9,74.1,4.46
Visakhapatnam,2021,6,23,2.3167,28.98,82.66,5.57
Visakhapatnam,2021,6,24,5.1098,28.74,81.01,6.13
Visakhapatnam,2021,6,25,5.4266,29.37,74.97,4.88
Visakhapatnam,2021,6,26,4.2727,29.59,75.54,2.98
Visakhapatnam,2021,6,27,5.7876,28.58,83.76,4.02
Visakhapatnam,2021,6,28,6.6379,28.92,78.69,5.62
Visakhapatnam,2021,6,29,6.7418,29.17,80.2,5.78
Visakhapatnam,2021,6,30,6.2431,29.57,81.03,6.44
Visakhapatnam,2021,7,1,5.521,29.11,86.31,5.15
Visakhapatnam,2021,7,2,1.3546,28.17,87.79,6.89
Visakhapatnam,2021,7,3,5.3918,28.57,82.94,4.83
Visakhapatnam,2021,7,4,5.0134,29.17,80.72,3.46
Visakhapatnam,2021,7,5,4.8048,29.26,80.82,3.61
Visakhapatnam,2021,7,6,5.0162,29.21,83.74,4.21
Visakhapatnam,2021,7,7,5.1878,28.47,89.25,5.28
Visakhapatnam,2021,7,8,1.2487,28.38,81.69,4.06
Visakhapatnam,2021,7,9,5.9873,29.13,79.93,3.75
Visakhapatnam,2021,7,10,5.3263,28.09,88.79,5.54
Visakhapatnam,2021,7,11,5.2279,27.9,85.12,3.19
Visakhapatnam,2021,7,12,5.4101,28.04,85.41,3.93
Visakhapatnam,2021,7,13,1.9234,27.53,87.48,5.37
Visakhapatnam,2021,7,14,4.1362,28.28,82.87,5.21
Visakhapatnam,2021,7,15,6.1553,28.21,85.21,4.33
Visakhapatnam,2021,7,16,6.071,28.32,83.75,4.64
Visakhapatnam,2021,7,17,5.7526,28.21,85.95,3.98
Visakhapatnam,2021,7,18,5.7785,28.37,86.84,3.69
Visakhapatnam,2021,7,19,5.8951,28.88,85.46,4.83
Visakhapatnam,2021,7,20,4.9483,28.48,84.66,6.86
Visakhapatnam,2021,7,21,2.1046,27.62,88.44,8.15
Visakhapatnam,2021,7,22,3.4793,26.86,88.55,6.97
Visakhapatnam,2021,7,23,2.9047,28.07,88.75,8.46
Visakhapatnam,2021,7,24,3.8213,28.84,82.28,6.62
Visakhapatnam,2021,7,25,4.4172,28.86,84.58,5.98
Visakhapatnam,2021,7,26,5.2445,28.47,88.34,6.73
Visakhapatnam,2021,7,27,4.2583,28.37,86.06,6.83
Visakhapatnam,2021,7,28,5.6309,28.7,83.79,6.15
Visakhapatnam,2021,7,29,1.9934,28.28,82.26,5.98
Visakhapatnam,2021,7,30,3.6041,28.36,82.66,6.03
Visakhapatnam,2021,7,31,5.5327,28.75,81.4,6.03
Visakhapatnam,2021,8,1,6.1879,28.6,82.38,6.35
Visakhapatnam,2021,8,2,6.3619,28.62,81.96,5.19
Visakhapatnam,2021,8,3,5.083,28.12,84.65,4.79
Visakhapatnam,2021,8,4,5.941,28,85.63,4.75
Visakhapatnam,2021,8,5,5.148,28.04,86.57,4.51
Visakhapatnam,2021,8,6,5.711,28.92,84.51,5
Visakhapatnam,2021,8,7,6.055,28.84,85.38,4.26
Visakhapatnam,2021,8,8,6.2777,29.01,86.32,4.81
Visakhapatnam,2021,8,9,6.408,28.92,86.45,4.3
Visakhapatnam,2021,8,10,5.8207,29.54,84.64,4.64
Visakhapatnam,2021,8,11,6.3713,29.95,78.48,2.46
Visakhapatnam,2021,8,12,5.7526,29.8,81.45,2.91
Visakhapatnam,2021,8,13,5.3738,29.34,83.3,3.6
Visakhapatnam,2021,8,14,5.5906,29.47,81.46,2.98
Visakhapatnam,2021,8,15,3.264,28.5,85.47,2.71
Visakhapatnam,2021,8,16,3.6108,28.02,86.72,3.35
Visakhapatnam,2021,8,17,1.992,28.07,85.73,7.59
Visakhapatnam,2021,8,18,2.8747,28.57,82.31,7.18
Visakhapatnam,2021,8,19,2.6592,28.36,83.92,5.85
Visakhapatnam,2021,8,20,2.8056,28.1,86.33,4.74
Visakhapatnam,2021,8,21,6.407,27.89,86.71,4.46
Visakhapatnam,2021,8,22,6.8033,27.73,84.35,3.96
Visakhapatnam,2021,8,23,6.7702,28.05,85.29,4.87
Visakhapatnam,2021,8,24,6.6084,28.3,84.69,4.7
Visakhapatnam,2021,8,25,6.1339,28.57,85.91,4.55
Visakhapatnam,2021,8,26,4.9349,28.43,85.58,2.94
Visakhapatnam,2021,8,27,1.0982,28.05,86.72,2.51
Visakhapatnam,2021,8,28,2.4226,28.72,80.72,2.62
Visakhapatnam,2021,8,29,4.3594,27.84,87.82,3.75
Visakhapatnam,2021,8,30,4.6334,27.75,86.06,2.84
Visakhapatnam,2021,8,31,3.3967,27.38,88.78,4.1
Visakhapatnam,2021,9,1,5.9093,27.33,87.11,2.76
Visakhapatnam,2021,9,2,6.5314,27.72,83.38,1.72
Visakhapatnam,2021,9,3,6.4457,27.78,83.12,1.68
Visakhapatnam,2021,9,4,6.4889,28.41,79.99,1.78
Visakhapatnam,2021,9,5,3.4526,28.2,87.9,3.99
Visakhapatnam,2021,9,6,1.4167,27.56,91.15,8.21
Visakhapatnam,2021,9,7,3.6756,27.83,86.75,8.37
Visakhapatnam,2021,9,8,5.4326,28.65,82.95,5.81
Visakhapatnam,2021,9,9,5.7643,28.65,84.43,4.25
Visakhapatnam,2021,9,10,1.4254,27.92,88.12,2.37
Visakhapatnam,2021,9,11,2.7067,28.63,83.23,2.78
Visakhapatnam,2021,9,12,1.5576,27.84,89.37,6.01
Visakhapatnam,2021,9,13,2.79,28.36,88.92,7.17
Visakhapatnam,2021,9,14,4.182,28.77,86.46,6.81
Visakhapatnam,2021,9,15,4.6195,28.72,87.48,5.56
Visakhapatnam,2021,9,16,5.0827,28.26,86.99,3.9
Visakhapatnam,2021,9,17,5.592,28.03,86.66,4.43
Visakhapatnam,2021,9,18,4.8588,27.94,86.84,3.49
Visakhapatnam,2021,9,19,4.1006,28.51,83.27,3.14
Visakhapatnam,2021,9,20,4.6548,28.31,84.61,2.31
Visakhapatnam,2021,9,21,4.7892,28.66,83.93,3.67
Visakhapatnam,2021,9,22,4.8245,28.29,85.24,3.59
Visakhapatnam,2021,9,23,4.3152,28.27,89.18,4.42
Visakhapatnam,2021,9,24,5.4514,27.65,89.44,3.01
Visakhapatnam,2021,9,25,5.3066,28.27,85.28,2.91
Visakhapatnam,2021,9,26,0.7092,28.4,84.18,2.5
Visakhapatnam,2021,9,27,0.8076,28.04,88.23,6.02
Visakhapatnam,2021,9,28,2.6695,28.07,83.33,4.56
Visakhapatnam,2021,9,29,5.6904,27.59,85.16,2.43
Visakhapatnam,2021,9,30,6.115,28.2,83.06,1.86
Visakhapatnam,2021,10,1,6.4721,27.93,85.25,2.54
Visakhapatnam,2021,10,2,6.5518,28.12,83.82,1.64
Visakhapatnam,2021,10,3,6.4646,28.36,79.67,1.58
Visakhapatnam,2021,10,4,6.1015,28.4,80.69,1.88
Visakhapatnam,2021,10,5,6.0845,28.46,83.88,3.77
Visakhapatnam,2021,10,6,5.9179,28.05,86.58,3.33
Visakhapatnam,2021,10,7,6.3859,28.3,83.02,1.91
Visakhapatnam,2021,10,8,5.9918,28.93,81.97,2.55
Visakhapatnam,2021,10,9,5.2138,29.49,81.24,2.07
Visakhapatnam,2021,10,10,4.8826,27.85,85.74,3.23
Visakhapatnam,2021,10,11,5.0263,28.41,78.81,2.55
Visakhapatnam,2021,10,12,3.3271,28.39,80.46,1.75
Visakhapatnam,2021,10,13,4.1422,28.33,83.17,2.15
Visakhapatnam,2021,10,14,2.5332,28.65,78.03,2.12
Visakhapatnam,2021,10,15,1.2422,27.96,87.24,4.36
Visakhapatnam,2021,10,16,3.6396,28.14,90.62,6.06
Visakhapatnam,2021,10,17,3.5011,27.47,87.56,2.8
Visakhapatnam,2021,10,18,3.852,28.44,83.82,2.8
Visakhapatnam,2021,10,19,3.4848,28.37,88.05,3.73
Visakhapatnam,2021,10,20,3.439,28.52,78.78,1.21
Visakhapatnam,2021,10,21,4.8487,28.13,80.58,1.43
Visakhapatnam,2021,10,22,4.2787,28.26,79.81,1.99
Visakhapatnam,2021,10,23,3.7406,27.2,84.24,3.31
Visakhapatnam,2021,10,24,4.3356,25.97,77.57,4.3
Visakhapatnam,2021,10,25,4.633,26.5,75.77,3.85
Visakhapatnam,2021,10,26,5.2358,26.41,77.32,4.38
Visakhapatnam,2021,10,27,5.3551,26.62,82.12,6.12
Visakhapatnam,2021,10,28,2.9441,26.97,88.25,5.83
Visakhapatnam,2021,10,29,3.809,26.8,89.28,4.25
Visakhapatnam,2021,10,30,4.8936,27.28,85.82,2.89
Visakhapatnam,2021,10,31,4.3589,27.34,83.33,3.64
Visakhapatnam,2021,11,1,4.5434,27.02,85.37,4.54
Visakhapatnam,2021,11,2,2.7079,26.67,89.16,5.2
Visakhapatnam,2021,11,3,2.5867,25.98,89.22,5.46
Visakhapatnam,2021,11,4,2.238,25.96,88.89,5.55
Visakhapatnam,2021,11,5,2.5274,26.17,86.86,5.8
Visakhapatnam,2021,11,6,3.4625,25.84,84.89,5.57
Visakhapatnam,2021,11,7,3.8422,25.25,80.89,5.72
Visakhapatnam,2021,11,8,4.8485,24.38,79.51,6.04
Visakhapatnam,2021,11,9,4.0198,24.19,80.43,6.16
Visakhapatnam,2021,11,10,4.1434,24.89,83.1,6.9
Visakhapatnam,2021,11,11,1.6231,25.15,89.99,8.03
Visakhapatnam,2021,11,12,1.4342,26.73,92.25,6.24
Visakhapatnam,2021,11,13,3.0888,26.74,90.3,4.39
Visakhapatnam,2021,11,14,3.8717,26.74,89.2,4.06
Visakhapatnam,2021,11,15,4.9109,26.66,89.21,3.7
Visakhapatnam,2021,11,16,3.8844,26.63,89.04,4.44
Visakhapatnam,2021,11,17,4.2778,26.75,87.52,6.67
Visakhapatnam,2021,11,18,1.0951,26.26,88,7.69
Visakhapatnam,2021,11,19,1.4014,26.33,91.47,6.32
Visakhapatnam,2021,11,20,3.1963,26.78,89.18,4.61
Visakhapatnam,2021,11,21,4.3968,26.93,88.03,3.91
Visakhapatnam,2021,11,22,5.1178,26.78,85.85,2.75
Visakhapatnam,2021,11,23,4.6874,26.7,85.93,2.4
Visakhapatnam,2021,11,24,4.7323,26.6,85.67,4.52
Visakhapatnam,2021,11,25,4.1422,26.21,84.66,4.97
Visakhapatnam,2021,11,26,4.35,25.71,84.76,5.55
Visakhapatnam,2021,11,27,3.1766,25.04,82.08,6.11
Visakhapatnam,2021,11,28,2.8135,24.84,82.47,7.03
Visakhapatnam,2021,11,29,3.7841,24.23,76.98,5.82
Visakhapatnam,2021,11,30,4.3733,23.5,75.29,5.73
Visakhapatnam,2021,12,1,4.5446,22.92,80.87,5.67
Visakhapatnam,2021,12,2,4.7405,23.51,82.76,4.99
Visakhapatnam,2021,12,3,1.009,23.6,89.23,7.51
Visakhapatnam,2021,12,4,1.3555,24.82,84.16,8.03
Visakhapatnam,2021,12,5,3.1958,24.99,84.24,4.57
Visakhapatnam,2021,12,6,2.7907,25.1,81.28,1.58
Visakhapatnam,2021,12,7,4.2542,24.93,87.41,5.12
Visakhapatnam,2021,12,8,3.3046,25.16,86.98,6.32
Visakhapatnam,2021,12,9,2.947,24.76,85.92,5.31
Visakhapatnam,2021,12,10,4.7909,24.84,84.29,4.76
Visakhapatnam,2021,12,11,4.8936,25,84.24,4.64
Visakhapatnam,2021,12,12,3.9185,24.45,84.75,6.2
Visakhapatnam,2021,12,13,3.8827,23.8,84.31,5.89
Visakhapatnam,2021,12,14,4.0423,23.32,82.33,5.11
Visakhapatnam,2021,12,15,3.7034,22.73,77.76,4.88
Visakhapatnam,2021,12,16,4.2521,22.5,76.07,5.05
Visakhapatnam,2021,12,17,4.5221,21.78,73.96,5.1
Visakhapatnam,2021,12,18,4.8007,21.98,73.43,5.3
Visakhapatnam,2021,12,19,3.7488,22.4,76.74,4.23
Visakhapatnam,2021,12,20,3.8575,21.78,73.12,3.83
Visakhapatnam,2021,12,21,4.4042,21.78,62.5,2.41
Visakhapatnam,2021,12,22,4.7244,22.52,59.86,1.65
Visakhapatnam,2021,12,23,4.5758,22.84,60.76,1.28
Visakhapatnam,2021,12,24,4.3622,22.52,66.23,1.58
Visakhapatnam,2021,12,25,4.1102,23.65,69.2,1.24
Visakhapatnam,2021,12,26,3.6802,23.97,73.08,1.4
Visakhapatnam,2021,12,27,3.3931,23.86,75.91,2.08
Visakhapatnam,2021,12,28,3.7553,23.47,84.54,3.4
Visakhapatnam,2021,12,29,2.9446,23.71,84.23,3.75
Visakhapatnam,2021,12,30,4.2703,23.84,82.35,5.96
Visakhapatnam,2021,12,31,4.5852,23.16,83.95,5.92
Visakhapatnam,2022,1,1,4.2494,23.13,83.62,5.12
Visakhapatnam,2022,1,2,4.0654,22.71,81.66,4.57
Visakhapatnam,2022,1,3,4.4354,22.09,81.17,4.49
Visakhapatnam,2022,1,4,4.7417,21.75,79.17,4.55
Visakhapatnam,2022,1,5,4.7371,22.37,78.11,3.51
Visakhapatnam,2022,1,6,4.5864,22.55,80.28,3.25
Visakhapatnam,2022,1,7,4.5226,22.84,79.46,4.12
Visakhapatnam,2022,1,8,4.5869,22.62,78.5,3.61
Visakhapatnam,2022,1,9,4.5427,22.57,79.29,3.27
Visakhapatnam,2022,1,10,4.8317,23.29,79.44,3.04
Visakhapatnam,2022,1,11,4.7266,23.38,81.56,3.29
Visakhapatnam,2022,1,12,4.2218,23.69,80.43,3.83
Visakhapatnam,2022,1,13,3.2345,24.56,80.59,3.84
Visakhapatnam,2022,1,14,3.8342,24.91,81.19,3.46
Visakhapatnam,2022,1,15,4.3306,23.53,85.32,5.17
Visakhapatnam,2022,1,16,4.7333,22.73,82.01,6.12
Visakhapatnam,2022,1,17,4.2427,22.71,80.62,5.14
Visakhapatnam,2022,1,18,4.5439,22.63,71.13,3.48
Visakhapatnam,2022,1,19,4.6625,22.68,64.55,2.37
Visakhapatnam,2022,1,20,4.3058,23.55,68.94,1.67
Visakhapatnam,2022,1,21,4.5475,24.04,79.53,3.69
Visakhapatnam,2022,1,22,5.1019,24.07,66.62,2.87
Visakhapatnam,2022,1,23,4.541,24.74,77.29,3.47
Visakhapatnam,2022,1,24,3.786,24.53,83.02,2.71
Visakhapatnam,2022,1,25,4.5722,24.64,79.21,1.9
Visakhapatnam,2022,1,26,4.3742,23.93,79.7,3.14
Visakhapatnam,2022,1,27,3.7793,23.12,68.14,5.17
Visakhapatnam,2022,1,28,4.8739,22.17,62.94,4.97
Visakhapatnam,2022,1,29,5.0731,21.54,60.26,5.04
Visakhapatnam,2022,1,30,5.621,22.61,61.56,2.24
Visakhapatnam,2022,1,31,5.3489,23.23,63.69,2.02
Visakhapatnam,2022,2,1,5.5416,24.21,68.61,2.71
Visakhapatnam,2022,2,2,5.2152,24.22,70.88,2.65
Visakhapatnam,2022,2,3,5.1067,23.95,76.18,3.56
Visakhapatnam,2022,2,4,4.6457,24.63,78.6,4.96
Visakhapatnam,2022,2,5,5.5231,23.98,58.91,3.48
Visakhapatnam,2022,2,6,5.5085,23.57,68.18,4.01
Visakhapatnam,2022,2,7,5.4852,24.54,64.54,2.28
Visakhapatnam,2022,2,8,5.5171,24.22,69.73,2.6
Visakhapatnam,2022,2,9,5.3064,24.12,72.37,3.09
Visakhapatnam,2022,2,10,5.4559,24.67,66.32,2.27
Visakhapatnam,2022,2,11,4.7359,24.87,70.93,3.71
Visakhapatnam,2022,2,12,4.6322,24.3,70.52,4.4
Visakhapatnam,2022,2,13,5.7485,23.81,64.11,4.42
Visakhapatnam,2022,2,14,5.551,23.51,69.31,4.36
Visakhapatnam,2022,2,15,5.8267,23.85,68.22,3.79
Visakhapatnam,2022,2,16,5.4271,24.51,66.03,3.06
Visakhapatnam,2022,2,17,4.945,25.46,65.64,2.9
Visakhapatnam,2022,2,18,4.2943,25.58,71.52,3.66
Visakhapatnam,2022,2,19,4.3522,25.76,72.73,2.8
Visakhapatnam,2022,2,20,4.7909,26.67,70.92,5.29
Visakhapatnam,2022,2,21,5.2975,27.08,66.29,4.53
Visakhapatnam,2022,2,22,5.3837,26.21,75.91,2.31
Visakhapatnam,2022,2,23,5.6412,26.04,74.67,2.98
Visakhapatnam,2022,2,24,6.1975,25.94,71.05,2.44
Visakhapatnam,2022,2,25,6.3989,25.72,66.6,2.45
Visakhapatnam,2022,2,26,6.6768,25.7,63.1,2.71
Visakhapatnam,2022,2,27,6.738,25.49,63.52,2.83
Visakhapatnam,2022,2,28,6.7066,26.14,57.12,2.17
Visakhapatnam,2022,3,1,6.6307,26.79,53.52,2.46
Visakhapatnam,2022,3,2,6.4322,26.85,61.01,3.56
Visakhapatnam,2022,3,3,5.9856,26.62,71.42,4.44
Visakhapatnam,2022,3,4,5.9933,26.78,66.77,4.48
Visakhapatnam,2022,3,5,5.1247,27.14,64.99,3.3
Visakhapatnam,2022,3,6,5.2603,27.44,62.34,3.02
Visakhapatnam,2022,3,7,6.0278,27.49,63.81,2.71
Visakhapatnam,2022,3,8,6.0614,27.76,64.03,2.27
Visakhapatnam,2022,3,9,6.054,27.72,62.04,2.27
Visakhapatnam,2022,3,10,6.2911,27.81,60.48,2.24
Visakhapatnam,2022,3,11,6.1942,28.03,58.75,2.29
Visakhapatnam,2022,3,12,6.0535,27.94,60,2.26
Visakhapatnam,2022,3,13,4.9135,28.4,56.99,1.95
Visakhapatnam,2022,3,14,6.4613,28.71,53.92,2.17
Visakhapatnam,2022,3,15,6.7538,28.35,57.65,2.72
Visakhapatnam,2022,3,16,6.4994,28.91,63.98,4.42
Visakhapatnam,2022,3,17,6.2746,28.54,72.02,4.56
Visakhapatnam,2022,3,18,6.1994,27.96,70.84,3.09
Visakhapatnam,2022,3,19,6.2206,27.83,66.78,2.56
Visakhapatnam,2022,3,20,5.8574,28.25,70.32,3.83
Visakhapatnam,2022,3,21,5.3803,28.8,72.6,3.07
Visakhapatnam,2022,3,22,5.2651,28.81,73.32,3.13
Visakhapatnam,2022,3,23,5.0138,28.79,72.44,3.21
Visakhapatnam,2022,3,24,4.2902,28.54,75.05,3.78
Visakhapatnam,2022,3,25,5.7953,28.72,74.55,4.79
Visakhapatnam,2022,3,26,5.6506,29.01,76.11,5.78
Visakhapatnam,2022,3,27,5.5673,29.74,72.48,6.03
Visakhapatnam,2022,3,28,5.9971,29.72,72.35,5.46
Visakhapatnam,2022,3,29,5.9237,29.54,73.68,5.83
Visakhapatnam,2022,3,30,5.9573,29.52,75.98,6.31
Visakhapatnam,2022,3,31,5.6942,29.19,78.54,5.74
Visakhapatnam,2022,4,1,6.1418,29.04,78.08,5.88
Visakhapatnam,2022,4,2,5.813,29.07,75.2,6.22
Visakhapatnam,2022,4,3,5.9278,29.12,72.94,6.09
Visakhapatnam,2022,4,4,5.76,28.93,73.6,5.32
Visakhapatnam,2022,4,5,6.2134,28.86,73.26,4.05
Visakhapatnam,2022,4,6,6.419,28.64,74.26,3.53
Visakhapatnam,2022,4,7,6.553,28.79,72.05,3.13
Visakhapatnam,2022,4,8,6.7505,28.91,72.42,3.04
Visakhapatnam,2022,4,9,6.3089,28.71,78.37,4.36
Visakhapatnam,2022,4,10,5.8344,28.94,76.11,4.97
Visakhapatnam,2022,4,11,6.3554,29.29,74.31,4.93
Visakhapatnam,2022,4,12,6.6662,29.16,74.07,4.69
Visakhapatnam,2022,4,13,6.5479,29.43,73.82,5.23
Visakhapatnam,2022,4,14,6.3115,29.32,77.3,5.68
Visakhapatnam,2022,4,15,6.0643,29.97,73.88,5.85
Visakhapatnam,2022,4,16,5.7658,29.94,72.25,5.29
Visakhapatnam,2022,4,17,4.9394,29.27,76.44,4.42
Visakhapatnam,2022,4,18,6.5386,30.15,71.38,5.14
Visakhapatnam,2022,4,19,6.7471,29.99,74.58,5.66
Visakhapatnam,2022,4,20,6.5014,30.11,73.56,5.38
Visakhapatnam,2022,4,21,5.8555,29.21,78.77,5.27
Visakhapatnam,2022,4,22,6.5837,29.74,74.68,5.09
Visakhapatnam,2022,4,23,6.5988,30.64,69.1,5.11
Visakhapatnam,2022,4,24,6.029,31.25,65.86,5.2
Visakhapatnam,2022,4,25,6.552,30.96,69.92,5.32
Visakhapatnam,2022,4,26,6.7176,30.77,69.48,5.81
Visakhapatnam,2022,4,27,6.7591,30.8,69.81,5.47
Visakhapatnam,2022,4,28,6.3571,31.15,68.32,5.46
Visakhapatnam,2022,4,29,5.8411,31.89,62.24,5.15
Visakhapatnam,2022,4,30,6.4219,31.28,68.48,5.64
Visakhapatnam,2022,5,1,6.0058,30.97,72.68,5.46
Visakhapatnam,2022,5,2,5.8973,30.85,71.57,4.71
Visakhapatnam,2022,5,3,6.5587,29.58,81.09,4.54
Visakhapatnam,2022,5,4,5.4413,29.74,77.67,4.33
Visakhapatnam,2022,5,5,6.2621,30.51,72.1,4.3
Visakhapatnam,2022,5,6,5.1946,30.38,71.17,3.15
Visakhapatnam,2022,5,7,6.3199,30.94,66.81,2.97
Visakhapatnam,2022,5,8,6.3842,30.35,70.29,3.9
Visakhapatnam,2022,5,9,4.8526,29.34,76.99,9.28
Visakhapatnam,2022,5,10,2.8898,29.03,80.69,10.72
Visakhapatnam,2022,5,11,2.8411,28.97,83.81,7.46
Visakhapatnam,2022,5,12,5.3131,29.04,82.35,4.34
Visakhapatnam,2022,5,13,6.3847,29.2,79.88,4.16
Visakhapatnam,2022,5,14,6.5693,30.28,78.15,3.98
Visakhapatnam,2022,5,15,6.4577,29.87,82.55,4.34
Visakhapatnam,2022,5,16,6.6847,29.92,81.47,3.74
Visakhapatnam,2022,5,17,6.7142,29.7,82.57,4.08
Visakhapatnam,2022,5,18,6.8429,30.03,78.25,3.8
Visakhapatnam,2022,5,19,6.5942,29.5,84.48,4.18
Visakhapatnam,2022,5,20,6.5803,29.7,82.81,4.99
Visakhapatnam,2022,5,21,6.9835,30.97,73.75,5.75
Visakhapatnam,2022,5,22,5.9165,32.26,68.16,3.63
Visakhapatnam,2022,5,23,6.3859,33.54,59.91,2.7
Visakhapatnam,2022,5,24,5.7317,31.69,67.62,2.44
Visakhapatnam,2022,5,25,5.1394,30.26,76.17,4.36
Visakhapatnam,2022,5,26,6.0413,30.43,72.71,4.79
Visakhapatnam,2022,5,27,2.9923,30.85,70.07,4.12
Visakhapatnam,2022,5,28,6.7224,31.56,65.96,4.94
Visakhapatnam,2022,5,29,6.5842,32.06,67.99,5.05
Visakhapatnam,2022,5,30,5.1122,31.16,72.32,4.78
Visakhapatnam,2022,5,31,5.556,29.95,75.58,4.2
Visakhapatnam,2022,6,1,4.921,29.22,80.29,3.69
Visakhapatnam,2022,6,2,5.8668,30.98,69.86,4.9
Visakhapatnam,2022,6,3,4.7479,30.92,69.88,4.98
Visakhapatnam,2022,6,4,5.1302,30.09,77.56,3.73
Visakhapatnam,2022,6,5,4.4846,30.1,77.52,4.27
Visakhapatnam,2022,6,6,1.5396,29.6,81.1,3.5
Visakhapatnam,2022,6,7,5.7746,29.7,79.96,5.16
Visakhapatnam,2022,6,8,4.7417,30.08,78.74,5.49
Visakhapatnam,2022,6,9,4.2665,30.06,80.66,5.82
Visakhapatnam,2022,6,10,1.7597,30.17,74.34,6.11
Visakhapatnam,2022,6,11,4.4434,30.15,76.65,5.02
Visakhapatnam,2022,6,12,5.1382,29.84,76.3,4.58
Visakhapatnam,2022,6,13,6.3182,30.09,74.68,3
Visakhapatnam,2022,6,14,6.5357,30.91,72.8,4.15
Visakhapatnam,2022,6,15,5.861,30,79.14,4.62
Visakhapatnam,2022,6,16,5.8874,29.53,80.44,3.89
Visakhapatnam,2022,6,17,6.3958,28.92,85.31,3.94
Visakhapatnam,2022,6,18,6.3173,29.09,82.21,4.27
Visakhapatnam,2022,6,19,6.4968,29.19,80.91,5.28
Visakhapatnam,2022,6,20,5.6894,29.3,82.28,4.69
Visakhapatnam,2022,6,21,1.297,28.11,86.01,5.02
Visakhapatnam,2022,6,22,4.3018,28.2,83.17,3.89
Visakhapatnam,2022,6,23,4.8936,28.61,80.84,4.66
Visakhapatnam,2022,6,24,1.2955,28.07,86.58,5.73
Visakhapatnam,2022,6,25,1.9378,28.37,85.92,5.15
Visakhapatnam,2022,6,26,4.3529,27.9,86.08,5.2
Visakhapatnam,2022,6,27,4.6562,28.67,82.95,4.49
Visakhapatnam,2022,6,28,3.889,28.79,80.85,4.64
Visakhapatnam,2022,6,29,5.1761,28.69,83.26,5.2
Visakhapatnam,2022,6,30,4.9344,28.89,85.19,5.05
Visakhapatnam,2022,7,1,6.126,29.33,81.29,2.83
Visakhapatnam,2022,7,2,1.95,29.11,83.24,4.33
Visakhapatnam,2022,7,3,3.6866,28.96,85.33,4.44
Visakhapatnam,2022,7,4,3.7106,28.48,83.75,6.04
Visakhapatnam,2022,7,5,2.4586,28.19,85.9,5.33
Visakhapatnam,2022,7,6,4.8456,28.32,87.13,4.55
Visakhapatnam,2022,7,7,2.1046,28.07,86.44,6.38
Visakhapatnam,2022,7,8,3.0245,27.64,88.94,7.41
Visakhapatnam,2022,7,9,4.5041,28.19,87.56,7.92
Visakhapatnam,2022,7,10,4.4743,28.27,87.45,7.14
Visakhapatnam,2022,7,11,1.2953,27.79,88.36,7.88
Visakhapatnam,2022,7,12,3.9722,27.71,84.16,9.56
Visakhapatnam,2022,7,13,4.002,26.71,85.06,12.67
Visakhapatnam,2022,7,14,4.5034,26.78,86.25,10.5
Visakhapatnam,2022,7,15,3.4963,27.59,84.47,7.85
Visakhapatnam,2022,7,16,2.0162,27.7,87.42,5.65
Visakhapatnam,2022,7,17,2.9503,27.25,91.58,6.61
Visakhapatnam,2022,7,18,3.5232,28,88.48,6.71
Visakhapatnam,2022,7,19,6.673,28.42,84.33,4.36
Visakhapatnam,2022,7,20,6.1217,28.62,88.34,5.06
Visakhapatnam,2022,7,21,4.6327,28.08,91.22,5.14
Visakhapatnam,2022,7,22,3.6182,27.94,88.4,5.66
Visakhapatnam,2022,7,23,6.1226,28.14,86.54,5.29
Visakhapatnam,2022,7,24,4.5026,27.88,86.51,4.99
Visakhapatnam,2022,7,25,6.0391,27.59,87.55,3.3
Visakhapatnam,2022,7,26,5.201,27.42,87.77,1.99
Visakhapatnam,2022,7,27,6.648,27.59,86.38,1.81
Visakhapatnam,2022,7,28,7.1899,28.25,80.68,1.29
Visakhapatnam,2022,7,29,6.835,28.51,82.9,3.06
Visakhapatnam,2022,7,30,6.3221,28.67,83.58,3.94
Visakhapatnam,2022,7,31,5.897,28.95,85.33,3.79
Visakhapatnam,2022,8,1,6.5688,29.14,86.44,3.45
Visakhapatnam,2022,8,2,6.6048,29.22,83.19,2.86
Visakhapatnam,2022,8,3,6.1906,28.89,79.25,3.16
Visakhapatnam,2022,8,4,3.8239,28.19,84.16,4.1
Visakhapatnam,2022,8,5,5.3345,27.91,86.31,4.5
Visakhapatnam,2022,8,6,2.8555,28.02,87.67,4.19
Visakhapatnam,2022,8,7,2.1415,27.91,87.15,6.22
Visakhapatnam,2022,8,8,1.3399,27.66,87.07,8.37
Visakhapatnam,2022,8,9,3.0602,27.9,86.16,10.12
Visakhapatnam,2022,8,10,3.3658,28.35,82.45,9.04
Visakhapatnam,2022,8,11,5.6868,28.75,83.75,6.86
Visakhapatnam,2022,8,12,4.1302,28.56,85.99,4.95
Visakhapatnam,2022,8,13,1.7081,27.8,87.45,6.39
Visakhapatnam,2022,8,14,1.668,27.31,87.33,8.12
Visakhapatnam,2022,8,15,3.7421,27.88,85.21,7.17
Visakhapatnam,2022,8,16,5.555,27.99,85.26,5.08
Visakhapatnam,2022,8,17,5.9671,27.89,87.59,4.38
Visakhapatnam,2022,8,18,3.7332,27.82,89.93,4.13
Visakhapatnam,2022,8,19,1.5744,28.48,84.71,2.93
Visakhapatnam,2022,8,20,4.6313,28.12,87.95,4.98
Visakhapatnam,2022,8,21,6.4906,28.38,87.53,5.09
Visakhapatnam,2022,8,22,5.9695,28,88.9,4.3
Visakhapatnam,2022,8,23,5.1809,28.05,86.12,2.35
Visakhapatnam,2022,8,24,3.3264,28.2,82.52,1.71
Visakhapatnam,2022,8,25,6.6506,28.78,76.51,1.62
Visakhapatnam,2022,8,26,6.2251,28.75,80.63,1.91
Visakhapatnam,2022,8,27,5.58,28.84,84.24,2.51
Visakhapatnam,2022,8,28,4.9898,28.75,79.3,2.12
Visakhapatnam,2022,8,29,5.2483,28.17,82.46,2.16
Visakhapatnam,2022,8,30,6.571,28.03,84.9,2.63
Visakhapatnam,2022,8,31,4.7155,28.06,83.18,1.61
Visakhapatnam,2022,9,1,6.6094,28.16,81.72,1.96
Visakhapatnam,2022,9,2,6.4481,28.38,83.02,2.07
Visakhapatnam,2022,9,3,6.7855,28.57,82.85,2.74
Visakhapatnam,2022,9,4,6.173,28.62,85.45,3.51
Visakhapatnam,2022,9,5,6.4793,28.97,85.12,3.93
Visakhapatnam,2022,9,6,6.3833,28.76,84.68,3.02
Visakhapatnam,2022,9,7,2.6472,27.78,81.91,2.77
Visakhapatnam,2022,9,8,3.6427,27.93,84.04,2.97
Visakhapatnam,2022,9,9,4.2566,28.47,86.43,3.92
Visakhapatnam,2022,9,10,1.3094,28.02,88.32,5.67
Visakhapatnam,2022,9,11,3.9962,28.39,87.48,9.61
Visakhapatnam,2022,9,12,2.2649,28.56,84.82,8.87
Visakhapatnam,2022,9,13,2.4655,28.42,86.58,7.32
Visakhapatnam,2022,9,14,2.5901,28.1,88.05,5.5
Visakhapatnam,2022,9,15,5.2819,27.99,88.82,5.16
Visakhapatnam,2022,9,16,5.6858,27.9,88.25,5.49
Visakhapatnam,2022,9,17,6.156,28.13,87.77,5.03
Visakhapatnam,2022,9,18,2.5198,28.46,83.22,3.47
Visakhapatnam,2022,9,19,1.6946,27.55,83.98,4.31
Visakhapatnam,2022,9,20,3.5707,27.4,84.7,5.58
Visakhapatnam,2022,9,21,4.891,27.52,83.19,4.73
Visakhapatnam,2022,9,22,3.5522,28.33,84.66,4.64
Visakhapatnam,2022,9,23,5.2814,28.03,79.93,3.47
Visakhapatnam,2022,9,24,4.8449,28.25,77.91,2.24
Visakhapatnam,2022,9,25,4.9728,28.07,81.97,2.14
Visakhapatnam,2022,9,26,5.7074,27.64,86.29,1.94
Visakhapatnam,2022,9,27,5.6304,27.73,86,2.37
Visakhapatnam,2022,9,28,6.0941,27.97,84.09,1.87
Visakhapatnam,2022,9,29,3.9542,28.03,84.6,2.27
Visakhapatnam,2022,9,30,4.2626,27.85,85.01,2.91
Visakhapatnam,2022,10,1,2.0522,27.93,87.03,5.04
Visakhapatnam,2022,10,2,3.725,28.54,82.12,3.72
Visakhapatnam,2022,10,3,2.2709,28.28,82.97,4.13
Visakhapatnam,2022,10,4,1.5053,28.07,88.51,4.77
Visakhapatnam,2022,10,5,4.5766,27.8,90.1,4.89
Visakhapatnam,2022,10,6,3.9583,27.25,88,5.53
Visakhapatnam,2022,10,7,4.345,27.06,88.92,4.63
Visakhapatnam,2022,10,8,4.2689,26.95,88.71,3.84
Visakhapatnam,2022,10,9,2.2205,27.27,88.47,5.17
Visakhapatnam,2022,10,10,2.6412,27.44,84.89,3.8
Visakhapatnam,2022,10,11,4.9056,27.19,84.72,2.46
Visakhapatnam,2022,10,12,5.9844,27.36,84.85,2.49
Visakhapatnam,2022,10,13,5.4698,27.39,84.3,2.58
Visakhapatnam,2022,10,14,2.5687,27.31,87.14,4.73
Visakhapatnam,2022,10,15,3.301,27.47,86.49,4.11
Visakhapatnam,2022,10,16,5.748,27.67,85.57,4.42
Visakhapatnam,2022,10,17,4.1177,27.28,84.81,3.86
Visakhapatnam,2022,10,18,5.2301,27.25,85.76,3.81
Visakhapatnam,2022,10,19,5.0854,27.03,83.14,4.57
Visakhapatnam,2022,10,20,4.3687,27.13,82.44,5.04
Visakhapatnam,2022,10,21,5.0892,27.24,81.26,6.31
Visakhapatnam,2022,10,22,5.0832,26.48,75.67,6.06
Visakhapatnam,2022,10,23,4.7155,26.36,77.3,6
Visakhapatnam,2022,10,24,5.1502,26.98,73.39,3.49
Visakhapatnam,2022,10,25,5.31,26.87,72.32,2.31
Visakhapatnam,2022,10,26,5.4977,27.16,73.07,2.6
Visakhapatnam,2022,10,27,5.4708,26.38,77.05,3.95
Visakhapatnam,2022,10,28,5.1576,25.97,74.84,4.88
Visakhapatnam,2022,10,29,5.1238,25.24,73.99,4.71
Visakhapatnam,2022,10,30,4.8022,25.18,76.46,4.72
Visakhapatnam,2022,10,31,4.3954,25.67,75.63,5.2
Visakhapatnam,2022,11,1,4.002,26.25,83.81,4.33
Visakhapatnam,2022,11,2,5.111,26.15,85.64,4.42
Visakhapatnam,2022,11,3,2.9539,26.05,86.64,3.67
Visakhapatnam,2022,11,4,4.267,26.14,85.47,3.5
Visakhapatnam,2022,11,5,4.6841,26.37,78.8,4.12
Visakhapatnam,2022,11,6,4.8811,25.54,75.65,3.88
Visakhapatnam,2022,11,7,4.885,25.21,75.83,3.69
Visakhapatnam,2022,11,8,4.477,25.38,76.59,3.75
Visakhapatnam,2022,11,9,3.2498,25.4,80.7,4.93
Visakhapatnam,2022,11,10,4.3255,25.3,79.41,6.04
Visakhapatnam,2022,11,11,3.7906,25.31,79.48,6.62
Visakhapatnam,2022,11,12,3.8539,25.41,78.23,5.98
Visakhapatnam,2022,11,13,4.5727,24.91,78.62,5.43
Visakhapatnam,2022,11,14,4.7993,23.96,77.48,4.95
Visakhapatnam,2022,11,15,4.9656,23.67,73.6,3.64
Visakhapatnam,2022,11,16,5.2435,23.53,70.69,4.01
Visakhapatnam,2022,11,17,4.8367,23.74,74.15,4.96
Visakhapatnam,2022,11,18,4.771,23.66,74.01,6.11
Visakhapatnam,2022,11,19,4.9452,23.26,74.1,6.44
Visakhapatnam,2022,11,20,2.4842,23.41,77.95,7.07
Visakhapatnam,2022,11,21,2.1396,24.54,82.46,7.01
Visakhapatnam,2022,11,22,2.8877,25.2,84.71,6.28
Visakhapatnam,2022,11,23,4.3961,25.33,83.63,4.42
Visakhapatnam,2022,11,24,2.9419,25.54,84.07,3.07
Visakhapatnam,2022,11,25,1.4107,25.04,82.82,4.2
Visakhapatnam,2022,11,26,4.3058,24.07,77.3,3.73
Visakhapatnam,2022,11,27,4.4402,24.07,71.72,2.84
Visakhapatnam,2022,11,28,4.1702,23.76,68.95,3.07
Visakhapatnam,2022,11,29,4.4393,23.43,73.12,4
Visakhapatnam,2022,11,30,4.4294,24.57,79.6,5.19
Visakhapatnam,2022,12,1,4.417,25.13,84.18,5.12
Visakhapatnam,2022,12,2,3.4939,25.26,85.61,4.98
Visakhapatnam,2022,12,3,3.6278,25,84.32,4.31
Visakhapatnam,2022,12,4,3.5249,25,82.8,4.22
Visakhapatnam,2022,12,5,4.0594,24.5,81.87,4.67
Visakhapatnam,2022,12,6,3.5282,23.54,76.45,5.39
Visakhapatnam,2022,12,7,3.4099,22.87,74.02,6.14
Visakhapatnam,2022,12,8,3.8424,22.78,71.67,8.12
Visakhapatnam,2022,12,9,1.2737,23.12,78.95,9.04
Visakhapatnam,2022,12,10,2.2498,24.38,87.43,7.6
Visakhapatnam,2022,12,11,1.758,25.23,89.39,6.11
Visakhapatnam,2022,12,12,3.713,24.97,85.84,4.36
Visakhapatnam,2022,12,13,4.5336,25.04,79.48,3.15
Visakhapatnam,2022,12,14,4.537,24.66,75.65,2.71
Visakhapatnam,2022,12,15,4.1333,24.66,74.57,2.81
Visakhapatnam,2022,12,16,4.0325,24.77,82.03,3.18
Visakhapatnam,2022,12,17,3.8767,24.69,82.58,4.32
Visakhapatnam,2022,12,18,4.2665,23.55,76.83,5.26
Visakhapatnam,2022,12,19,4.5835,22.64,71.59,4.7
Visakhapatnam,2022,12,20,4.6997,22.74,69.48,4.8
Visakhapatnam,2022,12,21,3.6929,23.03,74.55,4.9
Visakhapatnam,2022,12,22,3.1159,23.29,76.03,5.12
Visakhapatnam,2022,12,23,3.8546,23.22,75.42,5.8
Visakhapatnam,2022,12,24,4.5074,23.83,75.64,5.28
Visakhapatnam,2022,12,25,4.7904,24.53,74.74,4.25
Visakhapatnam,2022,12,26,4.6999,25.01,81.69,3.57
Visakhapatnam,2022,12,27,4.747,25.69,78.95,1.94
Visakhapatnam,2022,12,28,4.4045,25.9,80.27,2.29
Visakhapatnam,2022,12,29,4.0596,25.26,81.43,2.73
Visakhapatnam,2022,12,30,3.9643,24.86,82.66,3.04
Visakhapatnam,2022,12,31,3.9574,25.09,79.49,2.02
Visakhapatnam,2023,1,1,3.3521,25.19,77.33,2.31
Visakhapatnam,2023,1,2,3.0967,24.84,75.65,3.56
Visakhapatnam,2023,1,3,3.5465,24.41,78.5,3.98
Visakhapatnam,2023,1,4,2.963,24.3,80.75,4.95
Visakhapatnam,2023,1,5,3.3204,24.09,77.36,6.27
Visakhapatnam,2023,1,6,3.4596,23.73,72.78,5.36
Visakhapatnam,2023,1,7,4.3992,22.99,63.31,4.32
Visakhapatnam,2023,1,8,5.1643,22.21,52.5,3.69
Visakhapatnam,2023,1,9,5.0822,22.42,61.52,3.79
Visakhapatnam,2023,1,10,4.9582,23.26,61.12,3.42
Visakhapatnam,2023,1,11,4.9606,23.38,59.94,2.51
Visakhapatnam,2023,1,12,4.68,23.45,68.48,2.21
Visakhapatnam,2023,1,13,4.4371,23.68,74.51,2.23
Visakhapatnam,2023,1,14,4.5619,23.96,70.44,2.08
Visakhapatnam,2023,1,15,4.548,24.11,69.02,2.48
Visakhapatnam,2023,1,16,4.523,23.95,75.4,2.84
Visakhapatnam,2023,1,17,4.3452,24.31,75.69,2.5
Visakhapatnam,2023,1,18,4.3519,24.19,77.3,3.03
Visakhapatnam,2023,1,19,4.4851,24.26,75.78,2.24
Visakhapatnam,2023,1,20,3.7709,24.21,77.66,3.6
Visakhapatnam,2023,1,21,3.9442,24.33,78.77,3.42
Visakhapatnam,2023,1,22,4.4621,24.27,76.3,3.55
Visakhapatnam,2023,1,23,4.8482,23.91,71.09,4.09
Visakhapatnam,2023,1,24,4.9786,24.03,69.41,2.53
Visakhapatnam,2023,1,25,5.2205,24.03,70.32,3.21
Visakhapatnam,2023,1,26,5.4533,24.05,70.26,3.43
Visakhapatnam,2023,1,27,5.0875,24.48,67.92,2.8
Visakhapatnam,2023,1,28,4.7722,24.8,69.62,4.05
Visakhapatnam,2023,1,29,4.6795,25.09,78.7,5.49
Visakhapatnam,2023,1,30,4.5737,25.57,74.36,6.01
Visakhapatnam,2023,1,31,3.7646,25.23,64.73,4.54
Visakhapatnam,2023,2,1,3.9444,25.45,61.49,5.09
Visakhapatnam,2023,2,2,4.3032,25.4,61.62,5.38
Visakhapatnam,2023,2,3,5.562,24.55,55.01,5.1
Visakhapatnam,2023,2,4,5.5008,24.5,50.65,3.52
Visakhapatnam,2023,2,5,5.599,24.71,54.86,3.27
Visakhapatnam,2023,2,6,5.4473,24.73,62.35,2.14
Visakhapatnam,2023,2,7,5.2469,25.32,65,3.02
Visakhapatnam,2023,2,8,5.0323,25.82,68.11,2.57
Visakhapatnam,2023,2,9,5.2884,25.6,67.16,2.48
Visakhapatnam,2023,2,10,5.1331,25.67,67.07,2.91
Visakhapatnam,2023,2,11,5.6441,26.23,67.96,2.74
Visakhapatnam,2023,2,12,5.4794,27.02,62.73,2.67
Visakhapatnam,2023,2,13,6.0943,26.12,49.1,3.61
Visakhapatnam,2023,2,14,5.9654,25.92,50.92,2.27
Visakhapatnam,2023,2,15,5.9302,25.73,56.48,2.57
Visakhapatnam,2023,2,16,5.9366,25.84,66.24,3.02
Visakhapatnam,2023,2,17,5.2985,25.35,73.54,3.74
Visakhapatnam,2023,2,18,4.6126,25.49,73.69,3.06
Visakhapatnam,2023,2,19,4.7201,26,70.69,2.69
Visakhapatnam,2023,2,20,5.1307,26.46,67.69,2.83
Visakhapatnam,2023,2,21,5.6278,26.68,70.69,3.52
Visakhapatnam,2023,2,22,5.9714,26.55,71.25,3.48
Visakhapatnam,2023,2,23,5.7156,26.59,70.87,4.55
Visakhapatnam,2023,2,24,5.7034,26.85,68.99,3.35
Visakhapatnam,2023,2,25,5.5625,26.73,66.75,2.3
Visakhapatnam,2023,2,26,5.5754,26.58,67.22,2.16
Visakhapatnam,2023,2,27,6.0463,26.65,59.52,2.19
Visakhapatnam,2023,2,28,5.7473,26.87,55.33,2.04
Visakhapatnam,2023,3,1,5.9611,26.99,54.53,2.17
Visakhapatnam,2023,3,2,5.7722,27.17,54.15,2.43
Visakhapatnam,2023,3,3,5.501,27.55,53.78,2.36
Visakhapatnam,2023,3,4,5.7439,27.62,54.05,2.53
Visakhapatnam,2023,3,5,6.2909,27.52,54.43,2.81
Visakhapatnam,2023,3,6,5.7401,27.58,53.71,2.85
Visakhapatnam,2023,3,7,5.1778,27.54,54.72,2.52
Visakhapatnam,2023,3,8,4.9286,27.47,56.69,2.13
Visakhapatnam,2023,3,9,4.6342,27.38,58.52,2.57
Visakhapatnam,2023,3,10,5.0191,27.32,65.07,3.28
Visakhapatnam,2023,3,11,6.4534,27.09,67.04,3.93
Visakhapatnam,2023,3,12,6.343,27.29,61.05,2.36
Visakhapatnam,2023,3,13,6.228,27.72,56.67,2.44
Visakhapatnam,2023,3,14,5.5495,27.53,57.68,2.41
Visakhapatnam,2023,3,15,5.0566,27.28,71.37,3.13
Visakhapatnam,2023,3,16,5.0662,27.23,74.38,3.56
Visakhapatnam,2023,3,17,1.9435,26.82,71.55,1.73
Visakhapatnam,2023,3,18,3.8429,26.7,74.82,2.83
Visakhapatnam,2023,3,19,3.5393,25.08,84.74,3.78
Visakhapatnam,2023,3,20,6.1987,26.02,79.58,3.84
Visakhapatnam,2023,3,21,6.2626,26.89,78.56,3.36
Visakhapatnam,2023,3,22,5.7106,27.62,76.84,3.27
Visakhapatnam,2023,3,23,5.4218,27.76,74.67,3.33
Visakhapatnam,2023,3,24,6.3283,28.13,74.34,3.93
Visakhapatnam,2023,3,25,6.235,28.05,77.87,3.56
Visakhapatnam,2023,3,26,6.1123,28.45,75.14,3.84
Visakhapatnam,2023,3,27,5.9508,28.75,75.48,4.07
Visakhapatnam,2023,3,28,6.2165,28.75,75.48,3.95
Visakhapatnam,2023,3,29,6.5018,28.51,75.32,4.47
Visakhapatnam,2023,3,30,6.4176,28.3,76.12,4.38
Visakhapatnam,2023,3,31,6.6869,28.31,74.85,5.08
Visakhapatnam,2023,4,1,5.3578,27.96,77.23,4.3
Visakhapatnam,2023,4,2,5.7545,28.43,75.11,4.54
Visakhapatnam,2023,4,3,6.6686,28.75,75.91,4.82
Visakhapatnam,2023,4,4,6.103,28.59,76.26,5.05
Visakhapatnam,2023,4,5,6.5724,29.37,71.2,4.7
Visakhapatnam,2023,4,6,6.739,29.15,72.01,3.23
Visakhapatnam,2023,4,7,6.5621,29.07,69.07,1.9
Visakhapatnam,2023,4,8,6.6348,29.09,64.39,1.93
Visakhapatnam,2023,4,9,7.0992,29.48,60.89,2.96
Visakhapatnam,2023,4,10,6.5858,30.08,59.78,3.76
Visakhapatnam,2023,4,11,6.5285,30.55,57.6,3.43
Visakhapatnam,2023,4,12,6.451,31,57.11,3.53
Visakhapatnam,2023,4,13,6.7548,31.37,58.09,3.82
Visakhapatnam,2023,4,14,6.0422,31.16,63.52,4.32
Visakhapatnam,2023,4,15,5.7134,31.51,60.85,3.78
Visakhapatnam,2023,4,16,5.1055,31.49,61.66,2.95
Visakhapatnam,2023,4,17,5.712,30.95,64.53,3.88
Visakhapatnam,2023,4,18,5.7773,31.4,65.65,4.78
Visakhapatnam,2023,4,19,5.3352,31.84,59.58,4.89
Visakhapatnam,2023,4,20,5.7967,31.1,61.29,5.01
Visakhapatnam,2023,4,21,5.3746,30.44,65.07,2.75
Visakhapatnam,2023,4,22,5.8822,29.93,67.88,3.55
Visakhapatnam,2023,4,23,4.752,29.24,68.05,2.7
Visakhapatnam,2023,4,24,6.1829,28.76,74.72,2.95
Visakhapatnam,2023,4,25,6.4829,29.28,70.83,2.68
Visakhapatnam,2023,4,26,5.9563,29.58,69.35,2.84
Visakhapatnam,2023,4,27,6.6295,30.2,65.59,2.54
Visakhapatnam,2023,4,28,6.9799,30.45,67.23,3.74
Visakhapatnam,2023,4,29,6.3427,30.41,67.6,3.05
Visakhapatnam,2023,4,30,6.3595,30.14,65.9,3.05
Visakhapatnam,2023,5,1,1.1374,28.26,71.25,2.23
Visakhapatnam,2023,5,2,5.9249,28.99,69.59,2.48
Visakhapatnam,2023,5,3,3.1889,28.91,74.42,3.52
Visakhapatnam,2023,5,4,6.1548,28.83,73.83,3.09
Visakhapatnam,2023,5,5,5.9503,29.34,73.6,2.84
Visakhapatnam,2023,5,6,6.9295,30.08,71.8,3.12
Visakhapatnam,2023,5,7,5.2145,30.53,72.66,3.43
Visakhapatnam,2023,5,8,6.6792,30.78,72.35,2.49
Visakhapatnam,2023,5,9,5.8867,30.81,72.26,2.3
Visakhapatnam,2023,5,10,6.0389,30.58,71.14,1.95
Visakhapatnam,2023,5,11,5.4876,31.01,67.47,2.37
Visakhapatnam,2023,5,12,5.6705,31.1,65.8,3.76
Visakhapatnam,2023,5,13,5.3335,31.51,63.41,2.72
Visakhapatnam,2023,5,14,5.2853,32.19,64.6,2.54
Visakhapatnam,2023,5,15,6.5114,32.46,72.85,4.12
Visakhapatnam,2023,5,16,6.4058,32.53,71.18,3.16
Visakhapatnam,2023,5,17,6.2796,31.45,77.55,4.53
Visakhapatnam,2023,5,18,6.4687,30.89,78.19,4.75
Visakhapatnam,2023,5,19,6.0341,30.97,76.84,5.23
Visakhapatnam,2023,5,20,6.1805,30.9,74.71,5.14
Visakhapatnam,2023,5,21,6.4742,30.42,76.55,4.63
Visakhapatnam,2023,5,22,6.6768,30.73,72.88,5.12
Visakhapatnam,2023,5,23,5.3873,31.34,69.4,4.54
Visakhapatnam,2023,5,24,6.629,31.55,71.18,6.07
Visakhapatnam,2023,5,25,5.4362,31.32,74.75,5.44
Visakhapatnam,2023,5,26,3.1174,30.47,77.35,5.45
Visakhapatnam,2023,5,27,6.6816,31.83,68.68,3.69
Visakhapatnam,2023,5,28,6.253,30.92,71.11,2.27
Visakhapatnam,2023,5,29,6.7975,30.86,67.48,2.28
Visakhapatnam,2023,5,30,6.0912,31.18,71.58,3.97
Visakhapatnam,2023,5,31,4.7522,31.71,68.44,3.45
Visakhapatnam,2023,6,1,4.8053,31.42,74.03,4.34
Visakhapatnam,2023,6,2,6.2525,31.74,73.47,3.82
Visakhapatnam,2023,6,3,6.1387,32.14,73.55,3.38
Visakhapatnam,2023,6,4,5.6851,31.56,73.52,4.04
Visakhapatnam,2023,6,5,6.0233,31.23,70.97,4.62
Visakhapatnam,2023,6,6,5.0146,31.79,71.93,3.41
Visakhapatnam,2023,6,7,5.9376,31.75,73.54,4.16
Visakhapatnam,2023,6,8,4.9711,32.68,68.08,2.93
Visakhapatnam,2023,6,9,5.9731,31.67,78.15,5.14
Visakhapatnam,2023,6,10,5.6318,32.12,73.6,4.18
Visakhapatnam,2023,6,11,5.7053,31.9,72.43,5.55
Visakhapatnam,2023,6,12,5.0602,30.6,78.24,4.76
Visakhapatnam,2023,6,13,4.3541,30.7,76.15,5.14
Visakhapatnam,2023,6,14,5.7974,31.59,71.38,4.71
Visakhapatnam,2023,6,15,5.477,31.15,76.48,4.95
Visakhapatnam,2023,6,16,6.4553,32.35,75.08,4.6
Visakhapatnam,2023,6,17,5.3206,31.22,74.22,4.24
Visakhapatnam,2023,6,18,6.023,31.21,75.86,4.1
Visakhapatnam,2023,6,19,3.324,30.53,79.34,2.38
Visakhapatnam,2023,6,20,5.8949,30.37,78.18,3.02
Visakhapatnam,2023,6,21,6.0816,30.23,78.69,3.5
Visakhapatnam,2023,6,22,2.382,29.24,82.29,5.29
Visakhapatnam,2023,6,23,1.6248,28.52,85.42,6.24
Visakhapatnam,2023,6,24,1.3901,28.71,83.35,5.79
Visakhapatnam,2023,6,25,3.1121,28.69,84.95,6.37
Visakhapatnam,2023,6,26,3.906,29.39,73.77,6.13
Visakhapatnam,2023,6,27,6.1214,30.03,68.45,6.24
Visakhapatnam,2023,6,28,6.5033,30.14,73.25,6.08
Visakhapatnam,2023,6,29,6.3106,30.44,75.04,6.02
Visakhapatnam,2023,6,30,6.2275,30.54,70.27,5.4
Visakhapatnam,2023,7,1,6.3238,30.83,72.48,4.51
Visakhapatnam,2023,7,2,6.2885,30.44,77.17,2.41
Visakhapatnam,2023,7,3,6.3038,29.61,84.04,3.51
Visakhapatnam,2023,7,4,6.0514,29.34,83.75,4.19
Visakhapatnam,2023,7,5,2.2229,28.34,81.87,4.98
Visakhapatnam,2023,7,6,3.3115,29.19,78.07,6.65
Visakhapatnam,2023,7,7,4.0354,29.38,77.29,6.74
Visakhapatnam,2023,7,8,5.2524,29.62,77.61,5.29
Visakhapatnam,2023,7,9,6.5148,30.14,76.42,4.13
Visakhapatnam,2023,7,10,6.1735,29.13,79.33,2.97
Visakhapatnam,2023,7,11,5.351,28.64,83.57,3.19
Visakhapatnam,2023,7,12,5.0834,28.75,79.59,2.84
Visakhapatnam,2023,7,13,2.7475,28.24,83.45,4.97
Visakhapatnam,2023,7,14,6.0062,29.52,80.92,5.08
Visakhapatnam,2023,7,15,2.7108,29.06,85.68,4.35
Visakhapatnam,2023,7,16,3.6295,28.58,83.56,5.85
Visakhapatnam,2023,7,17,2.7221,28.3,80.07,7.83
Visakhapatnam,2023,7,18,1.6214,27.58,84.19,10.11
Visakhapatnam,2023,7,19,4.4921,27.32,87.8,10.86
Visakhapatnam,2023,7,20,3.8851,27.7,87.57,8.6
Visakhapatnam,2023,7,21,5.8822,27.4,86.98,8.27
Visakhapatnam,2023,7,22,2.4396,28.33,85.22,5.54
Visakhapatnam,2023,7,23,4.728,28.09,88.99,5.65
Visakhapatnam,2023,7,24,3.6341,28,88.99,3.43
Visakhapatnam,2023,7,25,3.1152,27.96,90.51,4.02
Visakhapatnam,2023,7,26,3.5858,28.77,88.7,5.94
Visakhapatnam,2023,7,27,4.4443,28.26,88.55,10.1
Visakhapatnam,2023,7,28,5.9986,28.16,88.14,9.35
Visakhapatnam,2023,7,29,4.7561,29.19,86.52,5.63
Visakhapatnam,2023,7,30,3.977,28.94,86.15,4.83
Visakhapatnam,2023,7,31,1.8833,28.12,89.48,5.55
Visakhapatnam,2023,8,1,2.7048,28.22,89.39,6.91
Visakhapatnam,2023,8,2,2.0604,28.35,86.71,7.44
Visakhapatnam,2023,8,3,5.7744,28.64,86.09,6.33
Visakhapatnam,2023,8,4,6.2107,28.94,84.98,5.31
Visakhapatnam,2023,8,5,5.8404,28.9,86.61,4.96
Visakhapatnam,2023,8,6,6.1488,28.88,85.95,5.29
Visakhapatnam,2023,8,7,4.8502,28,88.23,5.18
Visakhapatnam,2023,8,8,4.7472,28.58,83.53,4.45
Visakhapatnam,2023,8,9,4.7717,28.69,84.11,3.43
Visakhapatnam,2023,8,10,5.6172,28.76,82.77,3.29
Visakhapatnam,2023,8,11,6.0946,28.77,83.88,2.67
Visakhapatnam,2023,8,12,5.334,28.59,85.39,3.71
Visakhapatnam,2023,8,13,5.3292,28.86,83.61,2.71
Visakhapatnam,2023,8,14,4.1597,28.25,84.86,3.06
Visakhapatnam,2023,8,15,6.275,28.61,81.85,3.7
Visakhapatnam,2023,8,16,6.2909,28.6,84.41,3.86
Visakhapatnam,2023,8,17,2.7322,28.49,86.04,3.71
Visakhapatnam,2023,8,18,2.6597,27.61,89.61,6.03
Visakhapatnam,2023,8,19,3.9655,28.06,85.48,8.18
Visakhapatnam,2023,8,20,6.0084,28.17,83.77,5.03
Visakhapatnam,2023,8,21,5.8615,28.35,85.8,4.35
Visakhapatnam,2023,8,22,4.4117,28.6,85.99,4.16
Visakhapatnam,2023,8,23,4.6162,28.03,89.63,5.06
Visakhapatnam,2023,8,24,4.5086,27.99,89.99,5.29
Visakhapatnam,2023,8,25,5.459,27.89,89.1,4.87
Visakhapatnam,2023,8,26,1.1935,28.01,88.55,5.32
Visakhapatnam,2023,8,27,4.1614,28.46,86.63,5.05
Visakhapatnam,2023,8,28,6.3391,29.03,83.08,3.4
Visakhapatnam,2023,8,29,5.729,28.91,77.14,2.15
Visakhapatnam,2023,8,30,5.6645,28.72,77.4,2.3
Visakhapatnam,2023,8,31,5.676,28.57,81.02,2.02
Visakhapatnam,2023,9,1,5.5682,28.7,81.42,1.97
Visakhapatnam,2023,9,2,4.1472,28.3,88.72,3.28
Visakhapatnam,2023,9,3,4.6054,27.95,87.43,1.69
Visakhapatnam,2023,9,4,3.4913,28.52,82.11,1.79
Visakhapatnam,2023,9,5,3.7958,27.41,89.96,2.12
Visakhapatnam,2023,9,6,3.0216,27.79,90.31,2.2
Visakhapatnam,2023,9,7,1.5576,28.53,86.56,6.66
Visakhapatnam,2023,9,8,5.119,28.25,83.06,6.27
Visakhapatnam,2023,9,9,4.8744,28.53,85.92,6.04
Visakhapatnam,2023,9,10,4.9646,28.41,88.79,4.83
Visakhapatnam,2023,9,11,4.1938,28.85,85.83,2.78
Visakhapatnam,2023,9,12,2.5606,28.24,87.06,3.69
Visakhapatnam,2023,9,13,1.2955,27.5,88.92,7.19
Visakhapatnam,2023,9,14,3.3101,27.23,87.71,7.77
Visakhapatnam,2023,9,15,4.5518,28.07,86.58,5.78
Visakhapatnam,2023,9,16,5.9815,28.4,86.37,3.1
Visakhapatnam,2023,9,17,4.7419,28.57,81.13,1.84
Visakhapatnam,2023,9,18,4.123,28.76,83.5,2.55
Visakhapatnam,2023,9,19,2.1391,28.21,88.26,4.31
Visakhapatnam,2023,9,20,1.7818,28.16,87.69,4.09
Visakhapatnam,2023,9,21,4.9488,28.06,87.43,4.7
Visakhapatnam,2023,9,22,5.3011,27.96,89.34,5.55
Visakhapatnam,2023,9,23,5.2548,28.16,88.69,5.16
Visakhapatnam,2023,9,24,4.3865,27.77,90.91,3.68
Visakhapatnam,2023,9,25,5.1941,27.6,92.02,3.23
Visakhapatnam,2023,9,26,5.5699,27.97,87.23,1.93
Visakhapatnam,2023,9,27,5.8342,28.61,83.17,1.37
Visakhapatnam,2023,9,28,5.8169,28.9,83.09,2.45
Visakhapatnam,2023,9,29,4.6378,27.8,87.04,3.99
Visakhapatnam,2023,9,30,4.8619,28.38,84.12,4.73
Visakhapatnam,2023,10,1,4.0114,28.1,88.31,6.08
Visakhapatnam,2023,10,2,2.1948,27.8,90.84,5.94
Visakhapatnam,2023,10,3,4.789,29.05,86.65,4.93
Visakhapatnam,2023,10,4,5.6206,29.17,78.5,2.08
Visakhapatnam,2023,10,5,6.0756,28.76,75.26,2.35
Visakhapatnam,2023,10,6,6.0341,28.07,74.96,2.79
Visakhapatnam,2023,10,7,5.5416,28.35,78.17,1.78
Visakhapatnam,2023,10,8,5.1101,28.11,82.14,2.05
Visakhapatnam,2023,10,9,5.1989,28.85,81.64,2.92
Visakhapatnam,2023,10,10,5.0434,28.66,80.91,2.49
Visakhapatnam,2023,10,11,5.4293,28.14,77,2.35
Visakhapatnam,2023,10,12,5.4619,28.47,73.83,2.27
Visakhapatnam,2023,10,13,5.467,28.16,75.12,3.19
Visakhapatnam,2023,10,14,5.4446,28.01,75.68,3.25
Visakhapatnam,2023,10,15,5.257,27.98,71.9,3.01
Visakhapatnam,2023,10,16,5.6587,28.02,70.26,3.23
Visakhapatnam,2023,10,17,4.9634,28.1,69.12,2.94
Visakhapatnam,2023,10,18,4.9135,27.79,74.81,3.03
Visakhapatnam,2023,10,19,4.6774,27.51,80.01,4.22
Visakhapatnam,2023,10,20,5.0018,27.22,80.98,5.66
Visakhapatnam,2023,10,21,4.9498,26.75,79.71,6.49
Visakhapatnam,2023,10,22,4.5766,26.33,76.74,6.41
Visakhapatnam,2023,10,23,4.0342,26.79,76.85,5.7
Visakhapatnam,2023,10,24,5.2853,27.14,77.11,2.97
Visakhapatnam,2023,10,25,4.254,27.09,80.65,2.46
Visakhapatnam,2023,10,26,4.4381,26.77,80.61,3.68
Visakhapatnam,2023,10,27,4.1222,26.38,76.24,4.19
Visakhapatnam,2023,10,28,3.8652,26.31,77.83,4.33
Visakhapatnam,2023,10,29,4.5845,26.11,73.32,4.77
Visakhapatnam,2023,10,30,4.925,25.69,73.81,5.36
Visakhapatnam,2023,10,31,5.0597,25.66,77.65,5.32
Visakhapatnam,2023,11,1,3.8126,26.3,81.93,5.9
Visakhapatnam,2023,11,2,4.8055,26.94,85.07,5.26
Visakhapatnam,2023,11,3,4.9884,26.93,85.71,4.05
Visakhapatnam,2023,11,4,3.305,26.78,86.47,2.65
Visakhapatnam,2023,11,5,4.7299,26.77,86.32,4.12
Visakhapatnam,2023,11,6,4.4287,26.8,85.73,5.74
Visakhapatnam,2023,11,7,3.6792,26.71,80.58,5.17
Visakhapatnam,2023,11,8,4.5334,26.55,74.17,3.93
Visakhapatnam,2023,11,9,4.9162,25.59,70.36,4.61
Visakhapatnam,2023,11,10,4.8108,25.15,73.76,4.67
Visakhapatnam,2023,11,11,4.5674,25.42,70.21,4.29
Visakhapatnam,2023,11,12,4.3543,25.63,76.41,5.18
Visakhapatnam,2023,11,13,3.5563,25.52,77.54,6.05
Visakhapatnam,2023,11,14,4.4592,25.18,75.1,6.53
Visakhapatnam,2023,11,15,3.9283,24.83,74.37,7.44
Visakhapatnam,2023,11,16,5.0131,26.3,73.23,5.46
Visakhapatnam,2023,11,17,5.3292,25.36,77.51,4.75
Visakhapatnam,2023,11,18,5.0537,26.18,81.37,4.49
Visakhapatnam,2023,11,19,4.799,25.81,82.25,6.02
Visakhapatnam,2023,11,20,1.9697,25.37,81.5,6.75
Visakhapatnam,2023,11,21,2.436,25.48,83.21,5.45
Visakhapatnam,2023,11,22,3.8875,25.88,79.66,4.55
Visakhapatnam,2023,11,23,3.3734,25.92,78.8,5.03
Visakhapatnam,2023,11,24,2.831,25.61,78.26,5.62
Visakhapatnam,2023,11,25,3.0809,25.43,76,5.92
Visakhapatnam,2023,11,26,3.9583,25.51,74.62,5.96
Visakhapatnam,2023,11,27,3.6838,25.25,77.44,5.5
Visakhapatnam,2023,11,28,4.4813,25.3,79.29,4.99
Visakhapatnam,2023,11,29,4.3344,25.37,77.71,5.28
Visakhapatnam,2023,11,30,4.4326,25.4,76.67,5.73
Visakhapatnam,2023,12,1,4.3387,25.56,79.2,6.25
Visakhapatnam,2023,12,2,3.9043,25.77,81.11,7.66
Visakhapatnam,2023,12,3,2.328,25.95,84.3,8.73
Visakhapatnam,2023,12,4,0.575,25.53,88.23,8.69
Visakhapatnam,2023,12,5,1.0858,25.7,90.12,7.8
Visakhapatnam,2023,12,6,2.3086,26.13,90.55,6.01
Visakhapatnam,2023,12,7,3.1495,25.54,87.35,2.67
Visakhapatnam,2023,12,8,4.4947,25.49,80.95,2.09
Visakhapatnam,2023,12,9,4.451,24.8,79.89,3.88
Visakhapatnam,2023,12,10,4.4671,23.87,74.62,4.01
Visakhapatnam,2023,12,11,3.9194,23.47,75.83,3.76
Visakhapatnam,2023,12,12,4.213,23.15,76.99,3.43
Visakhapatnam,2023,12,13,3.9708,23.12,75.56,3.6
Visakhapatnam,2023,12,14,4.2982,22.27,75.78,4.79
Visakhapatnam,2023,12,15,3.9118,22.35,77,5.43
Visakhapatnam,2023,12,16,4.2737,22.23,72.02,5.25
Visakhapatnam,2023,12,17,3.5436,22.46,73.19,5.14
Visakhapatnam,2023,12,18,3.5712,22.26,70.32,5.18
Visakhapatnam,2023,12,19,3.8969,22.06,70.52,5.52
Visakhapatnam,2023,12,20,4.2024,21.42,71.62,5.16
Visakhapatnam,2023,12,21,4.3678,21.33,69.1,3.73
Visakhapatnam,2023,12,22,4.2936,21.96,71.11,3.32
Visakhapatnam,2023,12,23,3.8458,22.43,74.7,4.42
Visakhapatnam,2023,12,24,4.0798,22.27,80.04,4.81
Visakhapatnam,2023,12,25,4.3274,22.87,77.22,4.33
Visakhapatnam,2023,12,26,4.2905,23.1,81.12,4.26
Visakhapatnam,2023,12,27,4.2233,23.17,78.89,4.56
Visakhapatnam,2023,12,28,3.984,23.09,78.15,4.07
Visakhapatnam,2023,12,29,3.3238,22.96,79.29,4.1
Visakhapatnam,2023,12,30,3.509,22.85,77.39,3.67
Visakhapatnam,2023,12,31,3.5489,22.75,79.65,4.13
Visakhapatnam,2024,1,1,3.4884,22.59,78.67,4.01
Visakhapatnam,2024,1,2,3.5885,22.22,78.35,4.51
Visakhapatnam,2024,1,3,3.5546,22.05,79.9,4.98
Visakhapatnam,2024,1,4,4.3229,22.43,76.08,4.73
Visakhapatnam,2024,1,5,4.6769,22.6,76.57,5.53
Visakhapatnam,2024,1,6,4.5254,22.83,79.98,5.6
Visakhapatnam,2024,1,7,4.3296,22.83,76.38,6.09
Visakhapatnam,2024,1,8,3.9144,23.64,72.17,6.23
Visakhapatnam,2024,1,9,3.2602,23.46,75.8,5.48
Visakhapatnam,2024,1,10,4.2502,23.66,71.4,3.84
Visakhapatnam,2024,1,11,3.4222,24.66,70.42,2.75
Visakhapatnam,2024,1,12,3.637,23.92,82.26,4.12
Visakhapatnam,2024,1,13,4.0356,23.67,80.3,3.17
Visakhapatnam,2024,1,14,4.1352,23.41,77.36,2.93
Visakhapatnam,2024,1,15,3.7726,24.04,76.51,2.82
Visakhapatnam,2024,1,16,3.8465,24.24,77.37,2.39
Visakhapatnam,2024,1,17,4.1957,24.29,74.5,2.8
Visakhapatnam,2024,1,18,4.7484,23.8,74.5,2.46
Visakhapatnam,2024,1,19,4.5314,23.95,75.08,2.99
Visakhapatnam,2024,1,20,4.0423,23.92,79.21,3.55
Visakhapatnam,2024,1,21,4.5432,24.59,75.33,2.59
Visakhapatnam,2024,1,22,4.0706,24.23,79.92,2.95
Visakhapatnam,2024,1,23,3.685,24.32,80.78,3.44
Visakhapatnam,2024,1,24,3.9283,24.81,79.77,3.65
Visakhapatnam,2024,1,25,3.3252,23,80.15,4.46
Visakhapatnam,2024,1,26,4.1086,23.54,77.79,4.58
Visakhapatnam,2024,1,27,4.2463,23.69,75.4,4.22
Visakhapatnam,2024,1,28,4.8432,23.09,67.03,4.05
Visakhapatnam,2024,1,29,4.4726,22.94,66.01,3.72
Visakhapatnam,2024,1,30,5.3407,23.86,65.55,2.36
Visakhapatnam,2024,1,31,5.3674,24.38,66.75,1.99
Visakhapatnam,2024,2,1,5.0647,24.8,66.58,1.7
Visakhapatnam,2024,2,2,4.6464,25.23,70.6,1.82
Visakhapatnam,2024,2,3,4.4482,25.09,74.57,2.78
Visakhapatnam,2024,2,4,4.5787,24.65,77.61,3.38
Visakhapatnam,2024,2,5,5.0328,24.82,73.28,2.4
Visakhapatnam,2024,2,6,5.1998,25.52,73.63,2.82
Visakhapatnam,2024,2,7,4.8614,26.41,69.19,2.1
Visakhapatnam,2024,2,8,3.6235,25.47,77.74,3.03
Visakhapatnam,2024,2,9,3.6355,24.95,71.32,4.61
Visakhapatnam,2024,2,10,4.7873,24.42,73.88,4.31
Visakhapatnam,2024,2,11,5.1727,24.76,70.02,4.14
Visakhapatnam,2024,2,12,5.5162,25.05,69.8,3.89
Visakhapatnam,2024,2,13,5.3825,25.15,70.41,3.51
Visakhapatnam,2024,2,14,5.5831,25.1,71.2,2.67
Visakhapatnam,2024,2,15,5.8721,25.62,65.42,2.54
Visakhapatnam,2024,2,16,6.0427,25.6,63.86,4
Visakhapatnam,2024,2,17,5.6004,25.95,64.73,3.17
Visakhapatnam,2024,2,18,4.8816,26.24,63.35,2.41
Visakhapatnam,2024,2,19,4.8636,26.36,65.02,3.78
Visakhapatnam,2024,2,20,5.4257,27.16,65.36,4.62
Visakhapatnam,2024,2,21,5.3472,27.25,67.58,5.54
Visakhapatnam,2024,2,22,5.375,27.22,70.92,5.53
Visakhapatnam,2024,2,23,5.3645,26.94,74.04,3.9
Visakhapatnam,2024,2,24,5.3215,26.74,75.98,3.21
Visakhapatnam,2024,2,25,5.2594,26.81,69.44,2.99
Visakhapatnam,2024,2,26,5.3546,26.52,73.56,4.64
Visakhapatnam,2024,2,27,5.5001,26.72,74.06,4.38
Visakhapatnam,2024,2,28,5.436,26.88,70.33,3.04
Visakhapatnam,2024,2,29,5.369,27.74,66.93,2.5
Visakhapatnam,2024,3,1,5.4581,27.54,69.56,2.87
Visakhapatnam,2024,3,2,6.2393,27.6,67.87,3.19
Visakhapatnam,2024,3,3,5.9472,27.66,68.37,3.97
Visakhapatnam,2024,3,4,5.5075,27.81,67.28,3.72
Visakhapatnam,2024,3,5,5.4888,28.24,65.04,3.32
Visakhapatnam,2024,3,6,5.5975,28.55,63.52,3.13
Visakhapatnam,2024,3,7,5.3239,28.13,67.05,3.22
Visakhapatnam,2024,3,8,5.5843,28.5,66.51,3
Visakhapatnam,2024,3,9,5.0762,28.21,68.78,2.94
Visakhapatnam,2024,3,10,5.2356,27.81,71.65,2.84
Visakhapatnam,2024,3,11,5.4948,28.12,66.44,3.17
Visakhapatnam,2024,3,12,5.4646,28.9,69.71,4.94
Visakhapatnam,2024,3,13,5.5219,29.01,72.29,5.35
Visakhapatnam,2024,3,14,4.513,29.08,71.26,5.25
Visakhapatnam,2024,3,15,5.2025,28.87,66.41,4.07
Visakhapatnam,2024,3,16,5.3278,28.45,70.47,3.25
Visakhapatnam,2024,3,17,5.3153,28.73,67.74,2.38
Visakhapatnam,2024,3,18,5.2865,28.99,64.41,3.2
Visakhapatnam,2024,3,19,4.8247,29,64.88,2.64
Visakhapatnam,2024,3,20,3.6749,26.54,75.99,5.03
Visakhapatnam,2024,3,21,6.5784,26.21,64.14,2.82
Visakhapatnam,2024,3,22,6.365,27.82,70.13,4.26
Visakhapatnam,2024,3,23,6.2899,28.35,72.65,4.68
Visakhapatnam,2024,3,24,6.0677,28.48,72.77,4.72
Visakhapatnam,2024,3,25,6.1406,28.73,68.92,4.17
Visakhapatnam,2024,3,26,6.1092,28.77,65.45,4.36
Visakhapatnam,2024,3,27,5.9018,28.97,63.59,4.33
Visakhapatnam,2024,3,28,5.983,29.67,64.63,4.87
Visakhapatnam,2024,3,29,6.1447,29.68,67.83,5.21
Visakhapatnam,2024,3,30,6.1817,29.84,64.11,5.27
Visakhapatnam,2024,3,31,5.724,30.08,62.13,5.09
Visakhapatnam,2024,4,1,5.7065,30.25,64.74,5.68
Visakhapatnam,2024,4,2,6.2309,30.28,68.02,5.89
Visakhapatnam,2024,4,3,5.4055,30.19,71.11,5.7
Visakhapatnam,2024,4,4,5.3662,30.71,67.82,5.79
Visakhapatnam,2024,4,5,5.7905,31.52,62.4,5.61
Visakhapatnam,2024,4,6,5.5044,31.72,60.29,5.27
Visakhapatnam,2024,4,7,5.1233,31.08,67.75,5.01
Visakhapatnam,2024,4,8,5.0143,29.82,73.78,4.5
Visakhapatnam,2024,4,9,6.7234,29.83,67.44,2.85
Visakhapatnam,2024,4,10,6.4855,30.1,59.69,2.43
Visakhapatnam,2024,4,11,5.9844,30.4,57.77,2.15
Visakhapatnam,2024,4,12,6.3226,30.06,63.41,2.98
Visakhapatnam,2024,4,13,6.7798,30.4,60.61,2.57
Visakhapatnam,2024,4,14,6.601,30.67,60.01,2.41
Visakhapatnam,2024,4,15,6.324,31.37,58.09,3.74
Visakhapatnam,2024,4,16,6.2539,31.71,61.71,5.59
Visakhapatnam,2024,4,17,6.3346,32.28,62.21,6.03
Visakhapatnam,2024,4,18,6.637,32.14,63.54,5.13
Visakhapatnam,2024,4,19,6.7015,31.64,68.51,5.36
Visakhapatnam,2024,4,20,5.9678,31.85,66.97,5.72
Visakhapatnam,2024,4,21,5.6009,31.95,64.48,4.92
Visakhapatnam,2024,4,22,6.1526,31.73,64.16,3.79
Visakhapatnam,2024,4,23,6.8352,31.67,60.99,2.89
Visakhapatnam,2024,4,24,6.5155,31.82,60.92,3.84
Visakhapatnam,2024,4,25,6.5318,31.55,64.85,3.91
Visakhapatnam,2024,4,26,6.5647,31.83,63.94,4.82
Visakhapatnam,2024,4,27,6.5575,32.35,60.89,4.52
Visakhapatnam,2024,4,28,6.2035,32.24,62.87,4.86
Visakhapatnam,2024,4,29,6.6144,32.04,62.66,5.27
Visakhapatnam,2024,4,30,6.3612,32.64,59.35,6.08
Visakhapatnam,2024,5,1,6.595,32.42,63.92,6.67
Visakhapatnam,2024,5,2,6.317,31.84,71.64,6.23
Visakhapatnam,2024,5,3,5.551,32.04,72.34,5.54
Visakhapatnam,2024,5,4,6.6763,31.82,71.42,5.88
Visakhapatnam,2024,5,5,6.137,31.58,73.63,6.64
Visakhapatnam,2024,5,6,5.7547,31.43,76.1,6.26
Visakhapatnam,2024,5,7,3.553,30.31,78.4,4
Visakhapatnam,2024,5,8,6.4606,29.99,71.13,3.08
Visakhapatnam,2024,5,9,6.6271,29.96,73.7,3.81
Visakhapatnam,2024,5,10,6.3907,29.54,76.94,3.9
Visakhapatnam,2024,5,11,6.8506,30.29,77,4.84
Visakhapatnam,2024,5,12,5.8543,30.47,75.19,4.35
Visakhapatnam,2024,5,13,6.684,30.94,68.2,2.92
Visakhapatnam,2024,5,14,6.8486,30.55,68.86,2.34
Visakhapatnam,2024,5,15,6.5599,30.33,72.2,3.09
Visakhapatnam,2024,5,16,3.2112,28.74,77.7,2.86
Visakhapatnam,2024,5,17,6.3238,29.52,73.03,2.18
Visakhapatnam,2024,5,18,7.4774,30.24,74.42,2.94
Visakhapatnam,2024,5,19,7.0531,30.52,76.64,3.45
Visakhapatnam,2024,5,20,5.4122,30.82,76.11,3.78
Visakhapatnam,2024,5,21,6.678,30.68,75.95,2.8
Visakhapatnam,2024,5,22,7.128,31.08,71.93,3.19
Visakhapatnam,2024,5,23,6.3926,31.08,70.39,4.44
Visakhapatnam,2024,5,24,5.1341,30.93,66.78,2.86
Visakhapatnam,2024,5,25,0.9418,30.69,75.21,3.29
Visakhapatnam,2024,5,26,3.3617,31.79,73.02,5.46
Visakhapatnam,2024,5,27,3.911,32.59,73.13,5.72
Visakhapatnam,2024,5,28,5.8102,33.39,69.57,5.75
Visakhapatnam,2024,5,29,6.0523,32.25,73.27,5.04
Visakhapatnam,2024,5,30,6.2026,31.15,82.48,4.27
Visakhapatnam,2024,5,31,6.1061,30.87,85.41,4.22
Visakhapatnam,2024,6,1,5.2709,30.6,85.66,4.02
Visakhapatnam,2024,6,2,2.6782,30.47,83.1,4.89
Visakhapatnam,2024,6,3,4.9884,30.65,76.12,2.85
Visakhapatnam,2024,6,4,5.7734,31.32,74.81,4.83
Visakhapatnam,2024,6,5,4.9934,30.83,79.36,4.88
Visakhapatnam,2024,6,6,5.7398,30.87,75.14,5.2
Visakhapatnam,2024,6,7,5.7557,30.3,77.89,5.72
Visakhapatnam,2024,6,8,4.2643,29.44,80.28,6.97
Visakhapatnam,2024,6,9,6.2822,29.32,80.48,6.89
Visakhapatnam,2024,6,10,5.7871,30.1,77.51,5.4
Visakhapatnam,2024,6,11,4.53,30.42,74.58,5.45
Visakhapatnam,2024,6,12,1.6214,30.52,73.44,3.19
Visakhapatnam,2024,6,13,2.2375,29.15,77.69,5.1
Visakhapatnam,2024,6,14,5.3141,30.19,74.68,2.48
Visakhapatnam,2024,6,15,5.6237,30.64,76.96,1.73
Visakhapatnam,2024,6,16,5.94,30.53,75.1,2.88
Visakhapatnam,2024,6,17,5.97,30.56,79.32,4.55
Visakhapatnam,2024,6,18,6.1783,30.49,79.26,4.57
Visakhapatnam,2024,6,19,5.4912,30.51,75.37,5.23
Visakhapatnam,2024,6,20,5.7761,30.08,76.73,6.61
Visakhapatnam,2024,6,21,3.3497,29.41,83.5,4.18
Visakhapatnam,2024,6,22,5.4636,29.64,80.3,3.57
Visakhapatnam,2024,6,23,3.8292,28.79,82.84,5.96
Visakhapatnam,2024,6,24,6.1562,29.37,80.45,4.68
Visakhapatnam,2024,6,25,6.1262,29.48,81.63,5.43
Visakhapatnam,2024,6,26,1.944,29.11,83.27,5.23
Visakhapatnam,2024,6,27,1.4664,27.69,84.22,7.98
Visakhapatnam,2024,6,28,3.7315,27.95,79.91,7.57
Visakhapatnam,2024,6,29,2.2154,29.29,80.08,5.66
Visakhapatnam,2024,6,30,2.9542,28.97,84.62,7.5
Visakhapatnam,2024,7,1,2.2891,28.64,82.95,7.41
Visakhapatnam,2024,7,2,4.2101,29.5,79.36,6.76
Visakhapatnam,2024,7,3,4.3409,29.55,80.87,5.39
Visakhapatnam,2024,7,4,4.3678,28.75,86.05,5.47
Visakhapatnam,2024,7,5,5.5531,28.04,88.97,6.89
Visakhapatnam,2024,7,6,4.465,28.51,83.21,7.02
Visakhapatnam,2024,7,7,2.2522,28.35,84.36,5.04
Visakhapatnam,2024,7,8,2.2339,28,86.36,4.23
Visakhapatnam,2024,7,9,2.6628,28.29,85.25,5.23
Visakhapatnam,2024,7,10,4.1621,28.37,84.67,5.67
Visakhapatnam,2024,7,11,4.4813,28.71,84.48,5.64
Visakhapatnam,2024,7,12,5.2253,28.65,86.61,6.14
Visakhapatnam,2024,7,13,3.996,28.69,83.69,6.19
Visakhapatnam,2024,7,14,2.0662,28,88.08,6.19
Visakhapatnam,2024,7,15,3.8299,27.05,89.88,7.68
Visakhapatnam,2024,7,16,3.2069,28.72,84.46,6.31
Visakhapatnam,2024,7,17,2.8195,28.92,83.03,5.63
Visakhapatnam,2024,7,18,0.8246,27.61,90.3,5.83
Visakhapatnam,2024,7,19,0.7723,27.46,91.17,8.36
Visakhapatnam,2024,7,20,2.3774,27.2,89.08,11.91
Visakhapatnam,2024,7,21,2.2908,27.56,89.15,10.48
Visakhapatnam,2024,7,22,1.9111,28.57,86.33,7.99
Visakhapatnam,2024,7,23,3.2813,28.4,85.14,7.64
Visakhapatnam,2024,7,24,3.3166,28.2,86.09,8.32
Visakhapatnam,2024,7,25,3.6482,28.11,87.47,7.89
Visakhapatnam,2024,7,26,3.4675,27.56,86.59,8.61
Visakhapatnam,2024,7,27,3.7313,28.18,86.19,8.15
Visakhapatnam,2024,7,28,4.7309,28.28,86.3,7.24
Visakhapatnam,2024,7,29,6.1224,28.46,87.25,5.11
Visakhapatnam,2024,7,30,5.8471,28.43,90.26,6.17
Visakhapatnam,2024,7,31,5.8865,28.46,90.37,5.32
Visakhapatnam,2024,8,1,4.409,28.19,91.17,5.82
Visakhapatnam,2024,8,2,4.2266,28.29,88.73,6.38
Visakhapatnam,2024,8,3,5.7478,27.96,89.56,6.41
Visakhapatnam,2024,8,4,6.2971,27.95,88.84,5.74
Visakhapatnam,2024,8,5,5.4295,27.86,90.47,4.68
Visakhapatnam,2024,8,6,2.3861,27.66,92.31,5.94
Visakhapatnam,2024,8,7,2.9208,27.38,91.67,6.13
Visakhapatnam,2024,8,8,4.5718,28.15,86.03,5.03
Visakhapatnam,2024,8,9,4.6349,28.61,86.5,4.34
Visakhapatnam,2024,8,10,5.6551,28.95,84.54,3.71
Visakhapatnam,2024,8,11,5.5675,28.58,88.64,3.84
Visakhapatnam,2024,8,12,5.6995,29.38,84.3,3.06
Visakhapatnam,2024,8,13,6.0871,29.24,86.98,3.56
Visakhapatnam,2024,8,14,4.7107,28.56,89.44,3.06
Visakhapatnam,2024,8,15,5.7259,28.34,90.1,3.02
Visakhapatnam,2024,8,16,4.6598,28.46,89.71,3.26
Visakhapatnam,2024,8,17,5.2738,28.56,89.46,3.89
Visakhapatnam,2024,8,18,5.9942,28.88,86.58,3.51
Visakhapatnam,2024,8,19,4.6488,28.91,88.68,4.39
Visakhapatnam,2024,8,20,6.3725,28.97,87.71,4.33
Visakhapatnam,2024,8,21,6.4673,29.01,85.78,4.57
Visakhapatnam,2024,8,22,2.3657,28.16,87.81,4.93
Visakhapatnam,2024,8,23,2.2829,28.15,88.38,5.35
Visakhapatnam,2024,8,24,2.3126,27.91,88.87,6.9
Visakhapatnam,2024,8,25,4.32,28.19,86.97,6.66
Visakhapatnam,2024,8,26,2.5282,28.48,85.84,6.22
Visakhapatnam,2024,8,27,5.2584,28.2,87.83,5.48
Visakhapatnam,2024,8,28,2.9791,27.58,90.57,5.22
Visakhapatnam,2024,8,29,0.9202,27.13,88.93,4.27
Visakhapatnam,2024,8,30,0.8218,28.05,86.8,3.46
Visakhapatnam,2024,8,31,3.1529,28.27,91.08,4.32
Visakhapatnam,2024,9,1,3.7966,28.19,89.9,5.75
Visakhapatnam,2024,9,2,4.2533,27.47,86.63,6.9
Visakhapatnam,2024,9,3,3.9125,27.98,85.46,5.17
Visakhapatnam,2024,9,4,4.0817,28.2,86.93,2.43
Visakhapatnam,2024,9,5,5.4852,28.3,86.32,1.99
Visakhapatnam,2024,9,6,6.2441,28.2,88.88,2.24
Visakhapatnam,2024,9,7,1.771,29,85.7,2.92
Visakhapatnam,2024,9,8,0.5126,28.47,90.13,5.77
Visakhapatnam,2024,9,9,3.0523,27.68,90.15,7.75
Visakhapatnam,2024,9,10,5.8039,28.11,87.85,9.08
Visakhapatnam,2024,9,11,6.3389,28.39,86.24,5.45
Visakhapatnam,2024,9,12,5.8392,28.56,84.38,4.22
Visakhapatnam,2024,9,13,5.1391,29.03,85.49,4.36
Visakhapatnam,2024,9,14,4.9068,29.12,83.87,4.09
Visakhapatnam,2024,9,15,5.3179,28.74,81.99,4.66
Visakhapatnam,2024,9,16,5.3011,28.71,83.27,4.88
Visakhapatnam,2024,9,17,4.9517,28.75,84.11,4.03
Visakhapatnam,2024,9,18,6.0826,28.87,79.36,2.97
Visakhapatnam,2024,9,19,5.2891,28.49,79.05,1.95
Visakhapatnam,2024,9,20,4.8005,28.21,84.07,1.78
Visakhapatnam,2024,9,21,5.8853,28.86,81.45,2.3
Visakhapatnam,2024,9,22,5.6153,28.83,84.75,3.42
Visakhapatnam,2024,9,23,3.0967,28.9,78.59,1.91
Visakhapatnam,2024,9,24,3.9725,28.28,82.37,1.82
Visakhapatnam,2024,9,25,1.4623,28.36,89.2,4.48
Visakhapatnam,2024,9,26,1.3109,28.35,88.44,6.09
Visakhapatnam,2024,9,27,2.9712,27.92,89.06,5.26
Visakhapatnam,2024,9,28,5.9491,28.26,86.27,3.89
Visakhapatnam,2024,9,29,6.0206,28.42,86.12,4.23
Visakhapatnam,2024,9,30,5.8963,28.65,86.9,4.48
Visakhapatnam,2024,10,1,6.1176,29.26,85.3,3.89
Visakhapatnam,2024,10,2,4.4064,28.88,87.38,3.75
Visakhapatnam,2024,10,3,4.957,29.22,86.6,3.68
Visakhapatnam,2024,10,4,5.9304,29.74,79.94,2.35
Visakhapatnam,2024,10,5,5.0923,29.57,78.7,1.79
Visakhapatnam,2024,10,6,4.8749,28.63,79.44,1.87
Visakhapatnam,2024,10,7,5.0314,27.75,82.9,2.69
Visakhapatnam,2024,10,8,5.8133,28.3,80.77,2.34
Visakhapatnam,2024,10,9,5.959,28.3,82.86,3.07
Visakhapatnam,2024,10,10,6.0535,28,86.2,3.33
Visakhapatnam,2024,10,11,5.9424,28.26,84.15,2.84
Visakhapatnam,2024,10,12,5.737,28.44,81.99,2.6
Visakhapatnam,2024,10,13,6.0247,28.48,83.2,3.92
Visakhapatnam,2024,10,14,4.2151,28.61,85.4,5.45
Visakhapatnam,2024,10,15,4.6277,28.58,86.41,4.97
Visakhapatnam,2024,10,16,4.5473,28.86,85.6,5.91
Visakhapatnam,2024,10,17,3.8834,28.6,88.65,5.12
Visakhapatnam,2024,10,18,5.3849,28.51,87.81,3.34
Visakhapatnam,2024,10,19,5.3208,28.46,87.2,3.76
Visakhapatnam,2024,10,20,5.4576,28.53,82.43,3.58
Visakhapatnam,2024,10,21,5.2219,28.22,81,3.34
Visakhapatnam,2024,10,22,5.0546,28.09,77.16,3.54
Visakhapatnam,2024,10,23,4.3042,27.72,73.96,4.47
Visakhapatnam,2024,10,24,3.2467,27.68,74.46,3.95
Visakhapatnam,2024,10,25,3.8407,28.06,77.87,2.58
Visakhapatnam,2024,10,26,4.5948,28.02,84.69,3.23
Visakhapatnam,2024,10,27,4.6246,28.59,78.63,2.29
Visakhapatnam,2024,10,28,4.8504,27.9,81.23,1.72
Visakhapatnam,2024,10,29,4.5528,27.77,78.12,2.07
Visakhapatnam,2024,10,30,4.8187,27.75,77.33,1.73
Visakhapatnam,2024,10,31,5.1991,27.71,75.47,1.59
Visakhapatnam,2024,11,1,5.1785,27.1,79.15,1.48
Visakhapatnam,2024,11,2,4.6625,27.56,79.58,2.52
Visakhapatnam,2024,11,3,5.0338,27.08,83.09,4.34
Visakhapatnam,2024,11,4,4.8732,26.86,75.94,4.01
Visakhapatnam,2024,11,5,4.7818,26.49,79.7,5.05
Visakhapatnam,2024,11,6,5.1338,26.89,84.18,5.34
Visakhapatnam,2024,11,7,5.081,26.99,84.89,5.38
Visakhapatnam,2024,11,8,5.0551,26.74,82.01,5.12
Visakhapatnam,2024,11,9,4.9181,26.57,80.57,5.59
Visakhapatnam,2024,11,10,4.7969,26.24,76.64,6.02
Visakhapatnam,2024,11,11,3.7711,25.95,80.93,7.33
Visakhapatnam,2024,11,12,3.5033,26.29,86.92,5.91
Visakhapatnam,2024,11,13,4.9891,26.94,84.72,5.12
Visakhapatnam,2024,11,14,3.2707,26.49,86.54,6.25
Visakhapatnam,2024,11,15,4.2278,26.35,82.14,5.08
Visakhapatnam,2024,11,16,3.9756,25.4,80.69,4.65
Visakhapatnam,2024,11,17,4.141,24.45,78.24,5.1
Visakhapatnam,2024,11,18,4.44,23.81,76.77,5.06
Visakhapatnam,2024,11,19,4.6246,23.76,74.6,3.96
Visakhapatnam,2024,11,20,4.4962,23.69,73.8,3.93
Visakhapatnam,2024,11,21,4.211,23.58,75.92,4.05
Visakhapatnam,2024,11,22,4.2922,23.79,76.29,4.02
Visakhapatnam,2024,11,23,4.3646,24.26,76.97,3.91
Visakhapatnam,2024,11,24,3.5074,24.28,78.31,4.51
Visakhapatnam,2024,11,25,3.437,24,80.59,5.72
Visakhapatnam,2024,11,26,4.1119,24.17,77.19,6.91
Visakhapatnam,2024,11,27,3.5462,23.56,76.4,7.58
Visakhapatnam,2024,11,28,3.1063,24.23,82.59,8.4
Visakhapatnam,2024,11,29,2.2351,25.03,89.85,7.57
Visakhapatnam,2024,11,30,1.2449,26.22,88.29,7.76
Visakhapatnam,2024,12,1,1.4642,26.07,91.43,7.62
Visakhapatnam,2024,12,2,1.8101,25.52,91.4,4.7
Visakhapatnam,2024,12,3,2.9462,26.21,90.07,5.58
Visakhapatnam,2024,12,4,2.7646,25.59,86.72,5.2
Visakhapatnam,2024,12,5,4.3898,25.74,82.98,4.06
Visakhapatnam,2024,12,6,3.6178,25.73,77.45,2.03
Visakhapatnam,2024,12,7,3.9871,25.7,74.18,1.64
Visakhapatnam,2024,12,8,3.39,25.43,81.98,1.99
Visakhapatnam,2024,12,9,3.7217,25.72,82.6,1.8
Visakhapatnam,2024,12,10,3.9,25.66,84.69,4.04
Visakhapatnam,2024,12,11,3.4795,24.34,81.99,6.23
Visakhapatnam,2024,12,12,3.385,23.77,78.64,4.99
Visakhapatnam,2024,12,13,4.391,22.97,73.38,4.99
Visakhapatnam,2024,12,14,4.3733,22.34,70.2,5.43
Visakhapatnam,2024,12,15,4.8173,22.03,70.32,5.27
Visakhapatnam,2024,12,16,4.9099,21.91,68.66,5.53
Visakhapatnam,2024,12,17,2.0249,22.96,74.67,6.46
Visakhapatnam,2024,12,18,1.7165,23.52,87.05,7.65
Visakhapatnam,2024,12,19,1.997,24.42,91.18,7.35
Visakhapatnam,2024,12,20,1.127,24.79,91.29,6.75
Visakhapatnam,2024,12,21,1.799,24.78,88.34,6.54
Visakhapatnam,2024,12,22,4.2744,23.47,85.51,7.53
Visakhapatnam,2024,12,23,1.1371,23.6,87.27,7.65
Visakhapatnam,2024,12,24,1.5749,22.94,88.62,8.44
Visakhapatnam,2024,12,25,1.2816,24.28,90.16,7.01
Visakhapatnam,2024,12,26,3.0866,24.28,85.24,6.49
Visakhapatnam,2024,12,27,4.2422,23.85,81.13,5.89
Visakhapatnam,2024,12,28,4.547,23.82,79.32,4.79
Visakhapatnam,2024,12,29,4.6195,23.73,80.23,4.01
Visakhapatnam,2024,12,30,4.4081,24.07,78.99,4.18
Visakhapatnam,2024,12,31,3.708,23.76,83.56,4.05
Visakhapatnam,2025,1,1,4.0793,23.17,76.86,3.67
Visakhapatnam,2025,1,2,4.1431,22.18,67.99,4.18
Visakhapatnam,2025,1,3,4.1762,21.84,69.59,3.73
Visakhapatnam,2025,1,4,4.0519,22.08,70.2,3.14
Visakhapatnam,2025,1,5,3.5952,22.61,77.84,2.51
Visakhapatnam,2025,1,6,3.9106,23.35,74.05,2.32
Visakhapatnam,2025,1,7,4.0603,23.66,69.41,1.58
Visakhapatnam,2025,1,8,3.8234,23.4,70.78,2.85
Visakhapatnam,2025,1,9,4.3546,22.75,74.55,4.82
Visakhapatnam,2025,1,10,4.2677,22.39,73.94,5.33
Visakhapatnam,2025,1,11,4.344,22.41,77.55,5.34
Visakhapatnam,2025,1,12,4.7026,22.91,76.11,4.53
Visakhapatnam,2025,1,13,4.8108,23.42,76.97,3.96
Visakhapatnam,2025,1,14,4.3517,23.75,78.84,4.73
Visakhapatnam,2025,1,15,3.707,23.62,76.78,5.74
Visakhapatnam,2025,1,16,3.6014,23.27,74.87,5.16
Visakhapatnam,2025,1,17,4.3481,22.98,71.16,5.46
Visakhapatnam,2025,1,18,4.6478,22.59,70.37,5.34
Visakhapatnam,2025,1,19,4.7071,23.11,69.69,5.32
Visakhapatnam,2025,1,20,5.1408,23.57,62.46,3.19
Visakhapatnam,2025,1,21,5.2265,23.7,60.49,2.86
Visakhapatnam,2025,1,22,5.1802,23.74,66.32,2.68
Visakhapatnam,2025,1,23,5.0374,24.09,71.34,1.81
Visakhapatnam,2025,1,24,4.8218,24.06,68.77,1.8
Visakhapatnam,2025,1,25,4.7594,24.34,66.42,1.84
Visakhapatnam,2025,1,26,4.5482,24.29,74.16,2.78
Visakhapatnam,2025,1,27,4.5442,24.15,75.35,2.23
Visakhapatnam,2025,1,28,4.5257,24.22,78.69,2.65
Visakhapatnam,2025,1,29,4.409,24.34,77.26,2.43
Visakhapatnam,2025,1,30,3.6074,24.28,76.77,2.12
Visakhapatnam,2025,1,31,4.8833,24.98,73.87,2.59
Visakhapatnam,2025,2,1,4.7863,25.42,73.24,2.13
Visakhapatnam,2025,2,2,5.1228,25.46,70.99,2.46
Visakhapatnam,2025,2,3,5.3162,26.2,64.14,2.2
Visakhapatnam,2025,2,4,4.9644,26.45,66.2,1.82
Visakhapatnam,2025,2,5,4.4875,26.69,72.3,2.16
Visakhapatnam,2025,2,6,4.7069,26.81,71,2.74
Visakhapatnam,2025,2,7,3.9823,26.7,64.39,2.69
Visakhapatnam,2025,2,8,4.4222,26.15,69.77,3.26
Visakhapatnam,2025,2,9,4.8737,25.58,76.34,2.62
Visakhapatnam,2025,2,10,5.1149,25.64,70.99,2.07
Visakhapatnam,2025,2,11,5.2774,25.94,66.13,3.06
Visakhapatnam,2025,2,12,5.0496,26.51,65.92,3.68
Visakhapatnam,2025,2,13,5.2003,27.06,65.63,3.69
Visakhapatnam,2025,2,14,5.4691,26.36,65.77,2.88
Visakhapatnam,2025,2,15,5.5826,26.08,64.36,2.62
Visakhapatnam,2025,2,16,5.5944,26.18,70.73,2.56
Visakhapatnam,2025,2,17,5.6774,26.28,72.61,2.81
Visakhapatnam,2025,2,18,5.4768,26.63,73.09,4.19
Visakhapatnam,2025,2,19,5.2807,26.69,71.96,3.81
Visakhapatnam,2025,2,20,5.3561,26.65,71.02,3.24
Visakhapatnam,2025,2,21,5.3954,26.71,69.79,2.48
Visakhapatnam,2025,2,22,4.999,27.25,69.16,3.06
Visakhapatnam,2025,2,23,5.8442,27.55,66.38,2.46
Visakhapatnam,2025,2,24,5.5802,26.92,69.41,3.72
Visakhapatnam,2025,2,25,5.6215,26.94,70.97,3.88
Visakhapatnam,2025,2,26,5.4672,26.98,69.73,4.36
Visakhapatnam,2025,2,27,5.5982,26.91,67.59,3.4
Visakhapatnam,2025,2,28,5.7372,26.94,63.83,2.77
Visakhapatnam,2025,3,1,6.2311,26.98,63.68,2.15
Visakhapatnam,2025,3,2,5.7586,27.66,66.22,3.07
Visakhapatnam,2025,3,3,5.5654,28.68,65.51,3.77
Visakhapatnam,2025,3,4,5.7391,28.9,66.93,2.42
Visakhapatnam,2025,3,5,5.8032,28.83,69.11,2.74
Visakhapatnam,2025,3,6,6.6612,28.06,44.45,4.2
Visakhapatnam,2025,3,7,6.2822,26.89,54.33,2.66
Visakhapatnam,2025,3,8,5.7691,27.04,72.24,3.84
Visakhapatnam,2025,3,9,5.8723,27.13,70.92,3.01
Visakhapatnam,2025,3,10,6.312,27.07,69.22,4.41
Visakhapatnam,2025,3,11,6.2458,26.95,65.2,3.23
Visakhapatnam,2025,3,12,6.3266,28,66,3.85
Visakhapatnam,2025,3,13,6.2376,29.18,67.81,4.96
Visakhapatnam,2025,3,14,5.6561,29.22,71.79,5.15
Visakhapatnam,2025,3,15,6.2429,29.05,68.51,5.04
Visakhapatnam,2025,3,16,6.4498,29.02,65.08,4.52
Visakhapatnam,2025,3,17,6.2638,28.88,64.53,5.32
Visakhapatnam,2025,3,18,5.8133,28.71,67.61,4.46
Visakhapatnam,2025,3,19,6.5292,28.23,75.14,4.56
Visakhapatnam,2025,3,20,7.0315,27.87,72.16,3.89
Visakhapatnam,2025,3,21,7.1551,28.29,67,4.74
Visakhapatnam,2025,3,22,6.4356,27.95,74.75,3.56
Visakhapatnam,2025,3,23,6.4985,27.99,71.15,3.08
Visakhapatnam,2025,3,24,6.0266,28.27,68.23,2.6
Visakhapatnam,2025,3,25,6.12,28.56,63.94,2.74
Visakhapatnam,2025,3,26,6.3751,29.07,67.89,4.05
Visakhapatnam,2025,3,27,6.4622,30.19,66.35,4.57
Visakhapatnam,2025,3,28,6.1349,30.54,67.55,4.98
Visakhapatnam,2025,3,29,5.9467,30.37,68.2,4.85
Visakhapatnam,2025,3,30,5.5586,29.75,71.7,4.23
Visakhapatnam,2025,3,31,5.9575,29.04,71.67,4.39
Visakhapatnam,2025,4,1,7.0082,28.53,69.06,4.16
Visakhapatnam,2025,4,2,6.9305,28.67,67.67,3.72
Visakhapatnam,2025,4,3,6.7469,28.69,73.32,3.09
Visakhapatnam,2025,4,4,6.4224,29.64,68.01,3.03
Visakhapatnam,2025,4,5,6.1433,30,66.06,3.25
Visakhapatnam,2025,4,6,6.2189,30.03,67.6,4.34
Visakhapatnam,2025,4,7,6.565,29.81,67.89,3.28
Visakhapatnam,2025,4,8,6.7193,29.13,73.52,5.22
Visakhapatnam,2025,4,9,6.7824,29.17,71.04,5.91
Visakhapatnam,2025,4,10,6.8455,28.97,72.16,3.49
Visakhapatnam,2025,4,11,5.6566,29.32,75.07,3.18
Visakhapatnam,2025,4,12,6.3074,30.53,71.69,3.59
Visakhapatnam,2025,4,13,6.0547,30.06,71.04,2.42
Visakhapatnam,2025,4,14,6.2011,29.97,65.32,2.92
Visakhapatnam,2025,4,15,5.9676,29.6,67.76,3
Visakhapatnam,2025,4,16,6.1973,29.32,72.68,4.37
Visakhapatnam,2025,4,17,6.5381,30,70.72,5.27
Visakhapatnam,2025,4,18,6.0624,30.35,70.85,5.84
Visakhapatnam,2025,4,19,6.0158,30.84,70.53,5.81
Visakhapatnam,2025,4,20,6.0862,31.1,70.73,5.44
Visakhapatnam,2025,4,21,6.3785,31.18,70.41,5.11
Visakhapatnam,2025,4,22,6.336,30.89,71.43,5.83
Visakhapatnam,2025,4,23,6.607,31.35,68.08,6.01
Visakhapatnam,2025,4,24,6.6559,31.04,69.85,6.85
Visakhapatnam,2025,4,25,6.4853,30.72,72.38,6.49
Visakhapatnam,2025,4,26,6.5191,30.5,71.1,5.86
Visakhapatnam,2025,4,27,6.6192,29.99,71.36,4.22
Visakhapatnam,2025,4,28,6.5794,29.85,70.48,4.2
Visakhapatnam,2025,4,29,6.9665,29.75,74.2,4.62
Visakhapatnam,2025,4,30,4.2432,28.96,78.16,2.87
Visakhapatnam,2025,5,1,6.6694,29.35,73.65,3.05
Visakhapatnam,2025,5,2,6.5849,29.43,74.57,3.18
Visakhapatnam,2025,5,3,6.0247,30.07,76.19,4.41
Visakhapatnam,2025,5,4,1.7335,29.16,77.93,3.77
Visakhapatnam,2025,5,5,6.9341,29.54,71.86,3.81
Visakhapatnam,2025,5,6,6.9365,30.23,72.83,4.04
Visakhapatnam,2025,5,7,5.838,30.53,69.26,4.09
Visakhapatnam,2025,5,8,6.7308,30.3,71.6,4.14
Visakhapatnam,2025,5,9,7.1213,30.33,72.87,3.25
Visakhapatnam,2025,5,10,7.1256,30.22,74.4,3.23
Visakhapatnam,2025,5,11,6.8014,30.71,72.51,3.75
Visakhapatnam,2025,5,12,6.2206,31.16,74.66,3.85
Visakhapatnam,2025,5,13,5.713,31.1,74.04,3.23
Visakhapatnam,2025,5,14,5.1353,30.76,74.6,3.14
Visakhapatnam,2025,5,15,5.4638,30.69,75.4,3.34
Visakhapatnam,2025,5,16,6.2959,30.68,76.15,2.83
Visakhapatnam,2025,5,17,5.1583,30.05,77.42,2.1
Visakhapatnam,2025,5,18,4.2276,29.85,78.62,3.02
Visakhapatnam,2025,5,19,4.7388,30.01,79.59,5.23
Visakhapatnam,2025,5,20,2.4307,29.63,86.3,4.25
Visakhapatnam,2025,5,21,3.4908,29.48,86.36,2.33
Visakhapatnam,2025,5,22,1.8835,29.73,78.22,1.89
Visakhapatnam,2025,5,23,4.0678,30.13,78.31,5.28
Visakhapatnam,2025,5,24,5.2229,29.65,82.16,4.14
Visakhapatnam,2025,5,25,3.2846,29.72,80.91,5.96
Visakhapatnam,2025,5,26,3.0761,28.84,84.95,4.73
Visakhapatnam,2025,5,27,5.9923,29.1,81.21,4.35
Visakhapatnam,2025,5,28,1.4038,29.26,85.32,4.25
Visakhapatnam,2025,5,29,1.9658,29.8,82.62,4.31
Visakhapatnam,2025,5,30,4.9164,29.88,84.33,5.49
Visakhapatnam,2025,5,31,4.8499,30.39,80.19,3.85
Visakhapatnam,2025,6,1,5.9834,31.18,71.98,4.07
Visakhapatnam,2025,6,2,6.5242,30.95,71.81,5.78
Visakhapatnam,2025,6,3,6.2045,31.11,72.81,5.87
Visakhapatnam,2025,6,4,6.647,31,74.66,4.53
Visakhapatnam,2025,6,5,6.4118,31.08,74.14,3.19
Visakhapatnam,2025,6,6,5.9839,30.84,75.48,3.01
Visakhapatnam,2025,6,7,6.127,30.33,78.66,3.75
Visakhapatnam,2025,6,8,4.8766,31,74.08,3.76
Visakhapatnam,2025,6,9,5.3818,31.13,74.52,3.92
Visakhapatnam,2025,6,10,1.0493,30.36,76.41,2.59
Visakhapatnam,2025,6,11,2.9827,28.77,80.36,2.46
Visakhapatnam,2025,6,12,5.3971,29.11,76.57,2.06
Visakhapatnam,2025,6,13,5.2142,28.92,81.72,2.17
Visakhapatnam,2025,6,14,5.1425,28.89,86.55,4.91
Visakhapatnam,2025,6,15,2.6962,28.67,86.19,5.98
Visakhapatnam,2025,6,16,5.0062,29.36,79.2,7.59
Visakhapatnam,2025,6,17,3.3708,29.46,78.35,6.88
Visakhapatnam,2025,6,18,4.3651,30.33,77.33,6.74
Visakhapatnam,2025,6,19,3.6578,30.01,78.53,7.49
Visakhapatnam,2025,6,20,6.0262,30.17,77.09,5.66
Visakhapatnam,2025,6,21,6.5743,30.35,77.76,5.24
Visakhapatnam,2025,6,22,2.8685,29.44,80.83,4.31
Visakhapatnam,2025,6,23,1.5343,28.81,82.36,6.03
Visakhapatnam,2025,6,24,2.0839,28.84,79.7,7.43
Visakhapatnam,2025,6,25,0.7409,28.36,84.31,7.12
Visakhapatnam,2025,6,26,3.0149,28.44,83.79,7.3
Visakhapatnam,2025,6,27,2.9004,29.22,81.83,5.62
Visakhapatnam,2025,6,28,4.6824,29.01,83.33,6
Visakhapatnam,2025,6,29,1.9805,29.15,80.5,5.61
Visakhapatnam,2025,6,30,2.8812,28.4,79.98,7.08
Visakhapatnam,2025,7,1,1.3596,27.77,84.55,8.81
Visakhapatnam,2025,7,2,1.8379,27.46,87.03,7.98
Visakhapatnam,2025,7,3,3.0545,28.45,83.94,6.41
Visakhapatnam,2025,7,4,4.0661,28.79,83.11,6.93
Visakhapatnam,2025,7,5,3.2724,29,83.35,6.49
Visakhapatnam,2025,7,6,3.1798,28.63,84.63,6.19
Visakhapatnam,2025,7,7,5.4912,28.6,82.43,6.75
Visakhapatnam,2025,7,8,5.8416,28.9,77.53,7.01
Visakhapatnam,2025,7,9,6.1874,28.22,80.31,6.15
Visakhapatnam,2025,7,10,6.5731,28.9,80.55,5.43
Visakhapatnam,2025,7,11,6.0144,29.33,78.05,4.6
Visakhapatnam,2025,7,12,6.3898,29.26,81.72,4.4
Visakhapatnam,2025,7,13,5.2529,29.02,83.65,3.39
Visakhapatnam,2025,7,14,5.3472,29.23,82.38,3.77
Visakhapatnam,2025,7,15,6.1666,29.41,81.22,4.03
Visakhapatnam,2025,7,16,6.0449,29.05,83.89,3.7
Visakhapatnam,2025,7,17,6.3408,28.65,85.74,3.31
Visakhapatnam,2025,7,18,6.0698,28.33,84.81,1.67
Visakhapatnam,2025,7,19,6.6838,28.94,82.18,2.28
Visakhapatnam,2025,7,20,4.733,29.2,83.7,2.6
Visakhapatnam,2025,7,21,5.3729,28.25,87.68,3.1
Visakhapatnam,2025,7,22,4.6332,28.83,85.88,3.17
Visakhapatnam,2025,7,23,1.3337,28.42,90.49,7.04
Visakhapatnam,2025,7,24,1.8864,28.14,87.21,7.28
Visakhapatnam,2025,7,25,2.2622,27.56,88.49,8.6
Visakhapatnam,2025,7,26,3.5959,27.88,87.63,9.02
Visakhapatnam,2025,7,27,6.5873,28.7,83.04,7.24
Visakhapatnam,2025,7,28,5.5702,28.81,82.05,5.76
Visakhapatnam,2025,7,29,5.423,28.73,81.99,5.81
Visakhapatnam,2025,7,30,5.9093,28.66,82.92,5.59
Visakhapatnam,2025,7,31,5.2243,28.94,82.34,4.32
Visakhapatnam,2025,8,1,5.8522,28.98,83.12,3.39
Visakhapatnam,2025,8,2,6.031,29.09,84.51,3.28
Visakhapatnam,2025,8,3,6.2717,29.48,84.92,2.99
Visakhapatnam,2025,8,4,5.874,29.68,82.5,2.72
Visakhapatnam,2025,8,5,6.4603,28.92,86.5,2.89
Visakhapatnam,2025,8,6,6.565,28.68,83.83,2.6
Visakhapatnam,2025,8,7,5.9971,28.55,86.43,3.37
Visakhapatnam,2025,8,8,4.5202,28.43,81.55,2.09
Visakhapatnam,2025,8,9,5.6042,28.21,84.6,2.49
Visakhapatnam,2025,8,10,4.2542,28.21,85.14,3.88
Visakhapatnam,2025,8,11,6.4582,28.72,82.78,4.23
Visakhapatnam,2025,8,12,6.3389,29.33,81.58,2.41
Visakhapatnam,2025,8,13,5.4857,28.49,85.02,2.22
Visakhapatnam,2025,8,14,4.7712,28.13,85.88,5.33
Visakhapatnam,2025,8,15,5.6045,28.25,85.01,7.09
Visakhapatnam,2025,8,16,3.0722,28.25,84.45,3.12
Visakhapatnam,2025,8,17,1.2598,27.99,88.54,3.08
Visakhapatnam,2025,8,18,1.3457,27.51,90.03,8.23
Visakhapatnam,2025,8,19,4.4232,27.51,87.92,9.49
Visakhapatnam,2025,8,20,5.1979,28.28,85.46,7.76
Visakhapatnam,2025,8,21,4.4002,28.5,86.46,5.11
Visakhapatnam,2025,8,22,4.2809,28.06,89.04,5.66
Visakhapatnam,2025,8,23,4.6008,28.01,86.81,6.27
Visakhapatnam,2025,8,24,2.694,28.08,83.98,5.85
Visakhapatnam,2025,8,25,2.3364,27.84,84.18,3.83
Visakhapatnam,2025,8,26,0.617,26.95,90.23,5.43
Visakhapatnam,2025,8,27,3.1049,27.31,90.37,4.46
Visakhapatnam,2025,8,28,4.619,27.56,89.02,6.19
Visakhapatnam,2025,8,29,4.8996,28.09,86.18,6.51
Visakhapatnam,2025,8,30,5.5087,28.01,87.51,4.89
Visakhapatnam,2025,8,31,3.1092,28.97,84.41,3.26
Visakhapatnam,2025,9,1,5.5049,28.86,85.02,2.96
Visakhapatnam,2025,9,2,3.5479,28.44,86.91,3.89
Visakhapatnam,2025,9,3,4.3951,28.22,84.46,3.01
Visakhapatnam,2025,9,4,5.0282,28.5,83.99,4.19
Visakhapatnam,2025,9,5,5.089,28.61,83.34,3.45
Visakhapatnam,2025,9,6,4.524,28.74,82.41,3.15
Visakhapatnam,2025,9,7,3.827,29.08,79.99,2.18
Visakhapatnam,2025,9,8,4.9246,28.7,84.18,2.11
Visakhapatnam,2025,9,9,3.9134,29.15,81.31,2.97
Visakhapatnam,2025,9,10,4.9063,28.92,85.61,3.96
Visakhapatnam,2025,9,11,3.7075,28.48,82.82,2.67
Visakhapatnam,2025,9,12,1.6013,27.71,86.46,2.92
Visakhapatnam,2025,9,13,5.1701,27.77,85.42,2
Visakhapatnam,2025,9,14,6.1106,28.03,87.75,4
Visakhapatnam,2025,9,15,3.4466,28.29,87.72,4.12
Visakhapatnam,2025,9,16,4.4688,28.15,87.88,3.92
Visakhapatnam,2025,9,17,6.0638,27.73,87.85,2.96
Visakhapatnam,2025,9,18,6.4279,28.01,84.3,2.32
Visakhapatnam,2025,9,19,6.4248,28.45,81.68,2.34
Visakhapatnam,2025,9,20,5.6527,28.8,84.3,2.24
Visakhapatnam,2025,9,21,4.9135,28.93,81.6,1.92
Visakhapatnam,2025,9,22,3.1255,28.65,82.5,2.93
Visakhapatnam,2025,9,23,3.2657,28.12,87.62,3.98
Visakhapatnam,2025,9,24,3.606,28.19,87.86,5.33
Visakhapatnam,2025,9,25,3.259,28.51,83.54,4.32
Visakhapatnam,2025,9,26,1.1376,27.85,86.98,3.34
Visakhapatnam,2025,9,27,4.3418,27.87,86.51,6.61
Visakhapatnam,2025,9,28,5.761,28.01,85.49,4.51
Visakhapatnam,2025,9,29,4.512,28.24,85.27,3.42
Visakhapatnam,2025,9,30,5.0203,28.3,87.19,2.23
Visakhapatnam,2025,10,1,2.0086,28.78,85.56,3.68
Visakhapatnam,2025,10,2,0.6614,28.43,86.56,7.3
Visakhapatnam,2025,10,3,4.9277,28.46,87.52,5.26
Visakhapatnam,2025,10,4,4.0913,28.49,86.69,4.45
Visakhapatnam,2025,10,5,5.4122,28.22,83.83,3.52
Visakhapatnam,2025,10,6,5.5519,28.37,85.82,2.72
Visakhapatnam,2025,10,7,5.5464,28.94,80.2,1.5
Visakhapatnam,2025,10,8,5.0345,28.32,84.96,1.79
Visakhapatnam,2025,10,9,4.5982,28.27,82.86,1.8
Visakhapatnam,2025,10,10,3.6924,27.64,85.11,1.94
Visakhapatnam,2025,10,11,4.6526,27.53,84.79,2.39
Visakhapatnam,2025,10,12,4.782,27.48,85.83,4.34
Visakhapatnam,2025,10,13,1.9505,27.35,88.48,4.77
Visakhapatnam,2025,10,14,5.5457,27.7,83.89,4.87
Visakhapatnam,2025,10,15,5.5306,27.6,82.19,6.04
Visakhapatnam,2025,10,16,5.2154,27.68,82.76,5.39
Visakhapatnam,2025,10,17,5.1756,27.22,80.83,5.75
Visakhapatnam,2025,10,18,4.2722,27.1,83.57,5.26
Visakhapatnam,2025,10,19,3.8402,26.81,87.43,3.6
Visakhapatnam,2025,10,20,5.7874,27.14,88.42,4.66
Visakhapatnam,2025,10,21,5.4706,27.75,87.07,6.44
Visakhapatnam,2025,10,22,4.4086,28.02,87.57,6.44
Visakhapatnam,2025,10,23,4.3097,27.66,89.27,4.57
Visakhapatnam,2025,10,24,4.1414,27.5,87.33,4.49
Visakhapatnam,2025,10,25,5.6959,27.47,85.45,4.35
Visakhapatnam,2025,10,26,5.2274,27.71,85.06,5.49
Visakhapatnam,2025,10,27,1.099,27.78,89.23,8.29
Visakhapatnam,2025,10,28,2.7854,27.99,88.39,11.68
Visakhapatnam,2025,10,29,2.089,26.92,87.24,10.15
Visakhapatnam,2025,10,30,4.3114,27.66,84.09,5.94
Visakhapatnam,2025,10,31,5.5853,27.51,82.51,4.4
Visakhapatnam,2025,11,1,5.3755,28.16,76.06,3.17
Visakhapatnam,2025,11,2,5.0369,28.78,79.33,1.89
Visakhapatnam,2025,11,3,4.6001,27.98,84.3,2.92
Visakhapatnam,2025,11,4,4.291,27.64,81.01,2.94
Visakhapatnam,2025,11,5,4.7789,27.63,76.02,1.57
Visakhapatnam,2025,11,6,4.8689,27.91,70.65,1.8
Visakhapatnam,2025,11,7,3.8455,26.66,73.9,3.75
Visakhapatnam,2025,11,8,4.8401,25.95,74.01,4.48
Visakhapatnam,2025,11,9,4.667,24.7,74.88,4.38
Visakhapatnam,2025,11,10,4.5391,25.08,73.32,3.44
Visakhapatnam,2025,11,11,4.8218,25.6,75.97,3.36
Visakhapatnam,2025,11,12,4.8307,25.04,73.7,4.37
Visakhapatnam,2025,11,13,5.0923,23.08,68.2,4.71
Visakhapatnam,2025,11,14,4.7069,23.02,75.14,4.29
Visakhapatnam,2025,11,15,4.7299,22.9,75.01,4.98
Visakhapatnam,2025,11,16,4.8446,22.58,76.08,6.06
Visakhapatnam,2025,11,17,4.5096,22.17,76.34,6
Visakhapatnam,2025,11,18,5.0638,22.64,77.75,5.44
Visakhapatnam,2025,11,19,5.2008,22.94,77.53,4.84
Visakhapatnam,2025,11,20,5.0179,24.69,86.05,5.67
Visakhapatnam,2025,11,21,4.889,25.74,87.17,6.21
Visakhapatnam,2025,11,22,4.8478,25.4,85.66,4.93
Visakhapatnam,2025,11,23,4.271,25.36,84.53,4.4
Visakhapatnam,2025,11,24,3.7507,24.88,82.43,4.88
Visakhapatnam,2025,11,25,3.9216,23.74,80.69,4.97
Visakhapatnam,2025,11,26,3.737,23.39,81.17,5.24
Visakhapatnam,2025,11,27,4.3726,22.53,75.48,5.67
Visakhapatnam,2025,11,28,4.591,22.67,81.48,5.49
Visakhapatnam,2025,11,29,3.6396,24.47,83.79,5.59
Visakhapatnam,2025,11,30,2.7276,24.27,87.16,6.11
Visakhapatnam,2025,12,1,1.8202,22.62,87.9,6.89
Visakhapatnam,2025,12,2,1.8691,22.98,86.6,5.05
Visakhapatnam,2025,12,3,2.6138,23.91,84.99,5.49
Visakhapatnam,2025,12,4,4.0126,23.62,83.08,5.71
Visakhapatnam,2025,12,5,4.1285,22.93,78.94,5.9
Visakhapatnam,2025,12,6,4.6022,22.25,78.61,5.24
Visakhapatnam,2025,12,7,4.7465,21.42,78.91,4.87
Visakhapatnam,2025,12,8,4.7414,21.8,76.41,4.7
Visakhapatnam,2025,12,9,4.301,21.83,72.21,5.01
Visakhapatnam,2025,12,10,4.0898,21.91,74.89,5.41
Visakhapatnam,2025,12,11,4.7009,21.37,70.37,4.78
Visakhapatnam,2025,12,12,4.607,21.5,71.25,3.91
Visakhapatnam,2025,12,13,4.6346,21.68,74.25,3.98
Visakhapatnam,2025,12,14,4.0958,21.83,79.42,4.3
Visakhapatnam,2025,12,15,4.2115,21.95,78.73,4.71
Visakhapatnam,2025,12,16,4.3692,22,77.76,4.45
Visakhapatnam,2025,12,17,4.0205,21.93,79.24,3.6
Visakhapatnam,2025,12,18,3.7937,21.51,72.62,3.76
Visakhapatnam,2025,12,19,3.7174,21.42,70.24,3.04
Visakhapatnam,2025,12,20,3.9622,21.37,74.18,3.51
Visakhapatnam,2025,12,21,3.6982,21.86,78.09,3.72
Visakhapatnam,2025,12,22,3.781,21.43,79.17,4.44
Visakhapatnam,2025,12,23,3.8016,21.32,76.77,3.77
Visakhapatnam,2025,12,24,4.1405,21.4,77.28,3.88
Visakhapatnam,2025,12,25,3.7058,21.39,75.72,4.03
Visakhapatnam,2025,12,26,3.5786,21.45,79.78,4.05
Visakhapatnam,2025,12,27,3.5851,21.66,77.97,3.18
Visakhapatnam,2025,12,28,3.8592,21.38,75.57,3.56
Visakhapatnam,2025,12,29,3.8222,21.14,77.29,4.3
Visakhapatnam,2025,12,30,3.5933,21.41,80.3,3.84
Visakhapatnam,2025,12,31,3.407,22.17,83.55,3.44
